block_id,peg_id,family,split,regime,position,cand_id,kind,role,label,margin_mm,sim_to_mate,is_mate,peg_v1,peg_v2,socket_v1,socket_v2
circle_01_present_easy,circle_01,circle,test,present_easy,0,obround_01,catalog,E1,incompatible,-0.7002,0.4703,0,data/renders/procedural/circle_01_peg_v1.png,data/renders/procedural/circle_01_peg_v2.png,data/renders/procedural/obround_01_socket_v1.png,data/renders/procedural/obround_01_socket_v2.png
circle_01_present_easy,circle_01,circle,test,present_easy,1,obround_02,catalog,E2,incompatible,-0.7002,0.5898,0,data/renders/procedural/circle_01_peg_v1.png,data/renders/procedural/circle_01_peg_v2.png,data/renders/procedural/obround_02_socket_v1.png,data/renders/procedural/obround_02_socket_v2.png
circle_01_present_easy,circle_01,circle,test,present_easy,2,circle_01,catalog,M,compatible,0.2999,1.0,1,data/renders/procedural/circle_01_peg_v1.png,data/renders/procedural/circle_01_peg_v2.png,data/renders/procedural/circle_01_socket_v1.png,data/renders/procedural/circle_01_socket_v2.png
circle_01_present_hard,circle_01,circle,test,present_hard,0,circle_01,catalog,M,compatible,0.2999,1.0,1,data/renders/procedural/circle_01_peg_v1.png,data/renders/procedural/circle_01_peg_v2.png,data/renders/procedural/circle_01_socket_v1.png,data/renders/procedural/circle_01_socket_v2.png
circle_01_present_hard,circle_01,circle,test,present_hard,1,circle_01_shrunk0.20,shrunk,H,incompatible,-0.2002,0.8202,0,data/renders/procedural/circle_01_peg_v1.png,data/renders/procedural/circle_01_peg_v2.png,data/renders/blocks/circle_01_shrunk0.20_socket_v1.png,data/renders/blocks/circle_01_shrunk0.20_socket_v2.png
circle_01_present_hard,circle_01,circle,test,present_hard,2,obround_02,catalog,E2,incompatible,-0.7002,0.5898,0,data/renders/procedural/circle_01_peg_v1.png,data/renders/procedural/circle_01_peg_v2.png,data/renders/procedural/obround_02_socket_v1.png,data/renders/procedural/obround_02_socket_v2.png
circle_01_absent_easy,circle_01,circle,test,absent_easy,0,obround_02,catalog,E2,incompatible,-0.7002,0.5898,0,data/renders/procedural/circle_01_peg_v1.png,data/renders/procedural/circle_01_peg_v2.png,data/renders/procedural/obround_02_socket_v1.png,data/renders/procedural/obround_02_socket_v2.png
circle_01_absent_easy,circle_01,circle,test,absent_easy,1,obround_01,catalog,E1,incompatible,-0.7002,0.4703,0,data/renders/procedural/circle_01_peg_v1.png,data/renders/procedural/circle_01_peg_v2.png,data/renders/procedural/obround_01_socket_v1.png,data/renders/procedural/obround_01_socket_v2.png
circle_01_absent_easy,circle_01,circle,test,absent_easy,2,obround_04,catalog,E3,incompatible,-1.7002,0.5914,0,data/renders/procedural/circle_01_peg_v1.png,data/renders/procedural/circle_01_peg_v2.png,data/renders/procedural/obround_04_socket_v1.png,data/renders/procedural/obround_04_socket_v2.png
circle_01_absent_hard,circle_01,circle,test,absent_hard,0,circle_01_shrunk0.20,shrunk,H,incompatible,-0.2002,0.8202,0,data/renders/procedural/circle_01_peg_v1.png,data/renders/procedural/circle_01_peg_v2.png,data/renders/blocks/circle_01_shrunk0.20_socket_v1.png,data/renders/blocks/circle_01_shrunk0.20_socket_v2.png
circle_01_absent_hard,circle_01,circle,test,absent_hard,1,obround_02,catalog,E2,incompatible,-0.7002,0.5898,0,data/renders/procedural/circle_01_peg_v1.png,data/renders/procedural/circle_01_peg_v2.png,data/renders/procedural/obround_02_socket_v1.png,data/renders/procedural/obround_02_socket_v2.png
circle_01_absent_hard,circle_01,circle,test,absent_hard,2,obround_04,catalog,E3,incompatible,-1.7002,0.5914,0,data/renders/procedural/circle_01_peg_v1.png,data/renders/procedural/circle_01_peg_v2.png,data/renders/procedural/obround_04_socket_v1.png,data/renders/procedural/obround_04_socket_v2.png
circle_02_present_easy,circle_02,circle,test,present_easy,0,obround_01,catalog,E1,incompatible,-2.0,0.5487,0,data/renders/procedural/circle_02_peg_v1.png,data/renders/procedural/circle_02_peg_v2.png,data/renders/procedural/obround_01_socket_v1.png,data/renders/procedural/obround_01_socket_v2.png
circle_02_present_easy,circle_02,circle,test,present_easy,1,obround_03,catalog,E2,incompatible,-1.2002,0.503,0,data/renders/procedural/circle_02_peg_v1.png,data/renders/procedural/circle_02_peg_v2.png,data/renders/procedural/obround_03_socket_v1.png,data/renders/procedural/obround_03_socket_v2.png
circle_02_present_easy,circle_02,circle,test,present_easy,2,circle_02,catalog,M,compatible,0.2999,1.0,1,data/renders/procedural/circle_02_peg_v1.png,data/renders/procedural/circle_02_peg_v2.png,data/renders/procedural/circle_02_socket_v1.png,data/renders/procedural/circle_02_socket_v2.png
circle_02_present_hard,circle_02,circle,test,present_hard,0,circle_02_shrunk0.20,shrunk,H,incompatible,-0.2002,0.8583,0,data/renders/procedural/circle_02_peg_v1.png,data/renders/procedural/circle_02_peg_v2.png,data/renders/blocks/circle_02_shrunk0.20_socket_v1.png,data/renders/blocks/circle_02_shrunk0.20_socket_v2.png
circle_02_present_hard,circle_02,circle,test,present_hard,1,obround_03,catalog,E2,incompatible,-1.2002,0.503,0,data/renders/procedural/circle_02_peg_v1.png,data/renders/procedural/circle_02_peg_v2.png,data/renders/procedural/obround_03_socket_v1.png,data/renders/procedural/obround_03_socket_v2.png
circle_02_present_hard,circle_02,circle,test,present_hard,2,circle_02,catalog,M,compatible,0.2999,1.0,1,data/renders/procedural/circle_02_peg_v1.png,data/renders/procedural/circle_02_peg_v2.png,data/renders/procedural/circle_02_socket_v1.png,data/renders/procedural/circle_02_socket_v2.png
circle_02_absent_easy,circle_02,circle,test,absent_easy,0,obround_01,catalog,E1,incompatible,-2.0,0.5487,0,data/renders/procedural/circle_02_peg_v1.png,data/renders/procedural/circle_02_peg_v2.png,data/renders/procedural/obround_01_socket_v1.png,data/renders/procedural/obround_01_socket_v2.png
circle_02_absent_easy,circle_02,circle,test,absent_easy,1,obround_04,catalog,E3,incompatible,-2.0,0.5652,0,data/renders/procedural/circle_02_peg_v1.png,data/renders/procedural/circle_02_peg_v2.png,data/renders/procedural/obround_04_socket_v1.png,data/renders/procedural/obround_04_socket_v2.png
circle_02_absent_easy,circle_02,circle,test,absent_easy,2,obround_03,catalog,E2,incompatible,-1.2002,0.503,0,data/renders/procedural/circle_02_peg_v1.png,data/renders/procedural/circle_02_peg_v2.png,data/renders/procedural/obround_03_socket_v1.png,data/renders/procedural/obround_03_socket_v2.png
circle_02_absent_hard,circle_02,circle,test,absent_hard,0,obround_04,catalog,E3,incompatible,-2.0,0.5652,0,data/renders/procedural/circle_02_peg_v1.png,data/renders/procedural/circle_02_peg_v2.png,data/renders/procedural/obround_04_socket_v1.png,data/renders/procedural/obround_04_socket_v2.png
circle_02_absent_hard,circle_02,circle,test,absent_hard,1,obround_03,catalog,E2,incompatible,-1.2002,0.503,0,data/renders/procedural/circle_02_peg_v1.png,data/renders/procedural/circle_02_peg_v2.png,data/renders/procedural/obround_03_socket_v1.png,data/renders/procedural/obround_03_socket_v2.png
circle_02_absent_hard,circle_02,circle,test,absent_hard,2,circle_02_shrunk0.20,shrunk,H,incompatible,-0.2002,0.8583,0,data/renders/procedural/circle_02_peg_v1.png,data/renders/procedural/circle_02_peg_v2.png,data/renders/blocks/circle_02_shrunk0.20_socket_v1.png,data/renders/blocks/circle_02_shrunk0.20_socket_v2.png
circle_03_present_easy,circle_03,circle,test,present_easy,0,circle_01,catalog,E2,incompatible,-2.0,0.4078,0,data/renders/procedural/circle_03_peg_v1.png,data/renders/procedural/circle_03_peg_v2.png,data/renders/procedural/circle_01_socket_v1.png,data/renders/procedural/circle_01_socket_v2.png
circle_03_present_easy,circle_03,circle,test,present_easy,1,circle_03,catalog,M,compatible,0.2999,1.0,1,data/renders/procedural/circle_03_peg_v1.png,data/renders/procedural/circle_03_peg_v2.png,data/renders/procedural/circle_03_socket_v1.png,data/renders/procedural/circle_03_socket_v2.png
circle_03_present_easy,circle_03,circle,test,present_easy,2,chamfered_04,catalog,E1,incompatible,-2.0,0.5559,0,data/renders/procedural/circle_03_peg_v1.png,data/renders/procedural/circle_03_peg_v2.png,data/renders/procedural/chamfered_04_socket_v1.png,data/renders/procedural/chamfered_04_socket_v2.png
circle_03_present_hard,circle_03,circle,test,present_hard,0,circle_03,catalog,M,compatible,0.2999,1.0,1,data/renders/procedural/circle_03_peg_v1.png,data/renders/procedural/circle_03_peg_v2.png,data/renders/procedural/circle_03_socket_v1.png,data/renders/procedural/circle_03_socket_v2.png
circle_03_present_hard,circle_03,circle,test,present_hard,1,circle_01,catalog,E2,incompatible,-2.0,0.4078,0,data/renders/procedural/circle_03_peg_v1.png,data/renders/procedural/circle_03_peg_v2.png,data/renders/procedural/circle_01_socket_v1.png,data/renders/procedural/circle_01_socket_v2.png
circle_03_present_hard,circle_03,circle,test,present_hard,2,circle_03_shrunk0.20,shrunk,H,incompatible,-0.2002,0.8831,0,data/renders/procedural/circle_03_peg_v1.png,data/renders/procedural/circle_03_peg_v2.png,data/renders/blocks/circle_03_shrunk0.20_socket_v1.png,data/renders/blocks/circle_03_shrunk0.20_socket_v2.png
circle_03_absent_easy,circle_03,circle,test,absent_easy,0,chamfered_04,catalog,E1,incompatible,-2.0,0.5559,0,data/renders/procedural/circle_03_peg_v1.png,data/renders/procedural/circle_03_peg_v2.png,data/renders/procedural/chamfered_04_socket_v1.png,data/renders/procedural/chamfered_04_socket_v2.png
circle_03_absent_easy,circle_03,circle,test,absent_easy,1,circle_01,catalog,E2,incompatible,-2.0,0.4078,0,data/renders/procedural/circle_03_peg_v1.png,data/renders/procedural/circle_03_peg_v2.png,data/renders/procedural/circle_01_socket_v1.png,data/renders/procedural/circle_01_socket_v2.png
circle_03_absent_easy,circle_03,circle,test,absent_easy,2,obround_04,catalog,E3,incompatible,-2.0,0.4021,0,data/renders/procedural/circle_03_peg_v1.png,data/renders/procedural/circle_03_peg_v2.png,data/renders/procedural/obround_04_socket_v1.png,data/renders/procedural/obround_04_socket_v2.png
circle_03_absent_hard,circle_03,circle,test,absent_hard,0,obround_04,catalog,E3,incompatible,-2.0,0.4021,0,data/renders/procedural/circle_03_peg_v1.png,data/renders/procedural/circle_03_peg_v2.png,data/renders/procedural/obround_04_socket_v1.png,data/renders/procedural/obround_04_socket_v2.png
circle_03_absent_hard,circle_03,circle,test,absent_hard,1,circle_01,catalog,E2,incompatible,-2.0,0.4078,0,data/renders/procedural/circle_03_peg_v1.png,data/renders/procedural/circle_03_peg_v2.png,data/renders/procedural/circle_01_socket_v1.png,data/renders/procedural/circle_01_socket_v2.png
circle_03_absent_hard,circle_03,circle,test,absent_hard,2,circle_03_shrunk0.20,shrunk,H,incompatible,-0.2002,0.8831,0,data/renders/procedural/circle_03_peg_v1.png,data/renders/procedural/circle_03_peg_v2.png,data/renders/blocks/circle_03_shrunk0.20_socket_v1.png,data/renders/blocks/circle_03_shrunk0.20_socket_v2.png
circle_04_present_easy,circle_04,circle,test,present_easy,0,chamfered_04,catalog,E1,incompatible,-2.0,0.3616,0,data/renders/procedural/circle_04_peg_v1.png,data/renders/procedural/circle_04_peg_v2.png,data/renders/procedural/chamfered_04_socket_v1.png,data/renders/procedural/chamfered_04_socket_v2.png
circle_04_present_easy,circle_04,circle,test,present_easy,1,circle_04,catalog,M,compatible,0.2999,1.0,1,data/renders/procedural/circle_04_peg_v1.png,data/renders/procedural/circle_04_peg_v2.png,data/renders/procedural/circle_04_socket_v1.png,data/renders/procedural/circle_04_socket_v2.png
circle_04_present_easy,circle_04,circle,test,present_easy,2,circle_01,catalog,E2,incompatible,-2.0,0.2648,0,data/renders/procedural/circle_04_peg_v1.png,data/renders/procedural/circle_04_peg_v2.png,data/renders/procedural/circle_01_socket_v1.png,data/renders/procedural/circle_01_socket_v2.png
circle_04_present_hard,circle_04,circle,test,present_hard,0,circle_04_shrunk0.20,shrunk,H,incompatible,-0.2002,0.9052,0,data/renders/procedural/circle_04_peg_v1.png,data/renders/procedural/circle_04_peg_v2.png,data/renders/blocks/circle_04_shrunk0.20_socket_v1.png,data/renders/blocks/circle_04_shrunk0.20_socket_v2.png
circle_04_present_hard,circle_04,circle,test,present_hard,1,circle_01,catalog,E2,incompatible,-2.0,0.2648,0,data/renders/procedural/circle_04_peg_v1.png,data/renders/procedural/circle_04_peg_v2.png,data/renders/procedural/circle_01_socket_v1.png,data/renders/procedural/circle_01_socket_v2.png
circle_04_present_hard,circle_04,circle,test,present_hard,2,circle_04,catalog,M,compatible,0.2999,1.0,1,data/renders/procedural/circle_04_peg_v1.png,data/renders/procedural/circle_04_peg_v2.png,data/renders/procedural/circle_04_socket_v1.png,data/renders/procedural/circle_04_socket_v2.png
circle_04_absent_easy,circle_04,circle,test,absent_easy,0,obround_04,catalog,E3,incompatible,-2.0,0.2611,0,data/renders/procedural/circle_04_peg_v1.png,data/renders/procedural/circle_04_peg_v2.png,data/renders/procedural/obround_04_socket_v1.png,data/renders/procedural/obround_04_socket_v2.png
circle_04_absent_easy,circle_04,circle,test,absent_easy,1,circle_01,catalog,E2,incompatible,-2.0,0.2648,0,data/renders/procedural/circle_04_peg_v1.png,data/renders/procedural/circle_04_peg_v2.png,data/renders/procedural/circle_01_socket_v1.png,data/renders/procedural/circle_01_socket_v2.png
circle_04_absent_easy,circle_04,circle,test,absent_easy,2,chamfered_04,catalog,E1,incompatible,-2.0,0.3616,0,data/renders/procedural/circle_04_peg_v1.png,data/renders/procedural/circle_04_peg_v2.png,data/renders/procedural/chamfered_04_socket_v1.png,data/renders/procedural/chamfered_04_socket_v2.png
circle_04_absent_hard,circle_04,circle,test,absent_hard,0,obround_04,catalog,E3,incompatible,-2.0,0.2611,0,data/renders/procedural/circle_04_peg_v1.png,data/renders/procedural/circle_04_peg_v2.png,data/renders/procedural/obround_04_socket_v1.png,data/renders/procedural/obround_04_socket_v2.png
circle_04_absent_hard,circle_04,circle,test,absent_hard,1,circle_01,catalog,E2,incompatible,-2.0,0.2648,0,data/renders/procedural/circle_04_peg_v1.png,data/renders/procedural/circle_04_peg_v2.png,data/renders/procedural/circle_01_socket_v1.png,data/renders/procedural/circle_01_socket_v2.png
circle_04_absent_hard,circle_04,circle,test,absent_hard,2,circle_04_shrunk0.20,shrunk,H,incompatible,-0.2002,0.9052,0,data/renders/procedural/circle_04_peg_v1.png,data/renders/procedural/circle_04_peg_v2.png,data/renders/blocks/circle_04_shrunk0.20_socket_v1.png,data/renders/blocks/circle_04_shrunk0.20_socket_v2.png
circle_05_present_easy,circle_05,circle,test,present_easy,0,chamfered_04,catalog,E1,incompatible,-2.0,0.2535,0,data/renders/procedural/circle_05_peg_v1.png,data/renders/procedural/circle_05_peg_v2.png,data/renders/procedural/chamfered_04_socket_v1.png,data/renders/procedural/chamfered_04_socket_v2.png
circle_05_present_easy,circle_05,circle,test,present_easy,1,circle_01,catalog,E2,incompatible,-2.0,0.1857,0,data/renders/procedural/circle_05_peg_v1.png,data/renders/procedural/circle_05_peg_v2.png,data/renders/procedural/circle_01_socket_v1.png,data/renders/procedural/circle_01_socket_v2.png
circle_05_present_easy,circle_05,circle,test,present_easy,2,circle_05,catalog,M,compatible,0.2999,1.0,1,data/renders/procedural/circle_05_peg_v1.png,data/renders/procedural/circle_05_peg_v2.png,data/renders/procedural/circle_05_socket_v1.png,data/renders/procedural/circle_05_socket_v2.png
circle_05_present_hard,circle_05,circle,test,present_hard,0,circle_01,catalog,E2,incompatible,-2.0,0.1857,0,data/renders/procedural/circle_05_peg_v1.png,data/renders/procedural/circle_05_peg_v2.png,data/renders/procedural/circle_01_socket_v1.png,data/renders/procedural/circle_01_socket_v2.png
circle_05_present_hard,circle_05,circle,test,present_hard,1,circle_05_shrunk0.20,shrunk,H,incompatible,-0.2002,0.9203,0,data/renders/procedural/circle_05_peg_v1.png,data/renders/procedural/circle_05_peg_v2.png,data/renders/blocks/circle_05_shrunk0.20_socket_v1.png,data/renders/blocks/circle_05_shrunk0.20_socket_v2.png
circle_05_present_hard,circle_05,circle,test,present_hard,2,circle_05,catalog,M,compatible,0.2999,1.0,1,data/renders/procedural/circle_05_peg_v1.png,data/renders/procedural/circle_05_peg_v2.png,data/renders/procedural/circle_05_socket_v1.png,data/renders/procedural/circle_05_socket_v2.png
circle_05_absent_easy,circle_05,circle,test,absent_easy,0,obround_04,catalog,E3,incompatible,-2.0,0.1831,0,data/renders/procedural/circle_05_peg_v1.png,data/renders/procedural/circle_05_peg_v2.png,data/renders/procedural/obround_04_socket_v1.png,data/renders/procedural/obround_04_socket_v2.png
circle_05_absent_easy,circle_05,circle,test,absent_easy,1,circle_01,catalog,E2,incompatible,-2.0,0.1857,0,data/renders/procedural/circle_05_peg_v1.png,data/renders/procedural/circle_05_peg_v2.png,data/renders/procedural/circle_01_socket_v1.png,data/renders/procedural/circle_01_socket_v2.png
circle_05_absent_easy,circle_05,circle,test,absent_easy,2,chamfered_04,catalog,E1,incompatible,-2.0,0.2535,0,data/renders/procedural/circle_05_peg_v1.png,data/renders/procedural/circle_05_peg_v2.png,data/renders/procedural/chamfered_04_socket_v1.png,data/renders/procedural/chamfered_04_socket_v2.png
circle_05_absent_hard,circle_05,circle,test,absent_hard,0,circle_05_shrunk0.20,shrunk,H,incompatible,-0.2002,0.9203,0,data/renders/procedural/circle_05_peg_v1.png,data/renders/procedural/circle_05_peg_v2.png,data/renders/blocks/circle_05_shrunk0.20_socket_v1.png,data/renders/blocks/circle_05_shrunk0.20_socket_v2.png
circle_05_absent_hard,circle_05,circle,test,absent_hard,1,circle_01,catalog,E2,incompatible,-2.0,0.1857,0,data/renders/procedural/circle_05_peg_v1.png,data/renders/procedural/circle_05_peg_v2.png,data/renders/procedural/circle_01_socket_v1.png,data/renders/procedural/circle_01_socket_v2.png
circle_05_absent_hard,circle_05,circle,test,absent_hard,2,obround_04,catalog,E3,incompatible,-2.0,0.1831,0,data/renders/procedural/circle_05_peg_v1.png,data/renders/procedural/circle_05_peg_v2.png,data/renders/procedural/obround_04_socket_v1.png,data/renders/procedural/obround_04_socket_v2.png
square_01_present_easy,square_01,square,calib,present_easy,0,ell_05,catalog,E2,incompatible,-2.0,0.319,0,data/renders/procedural/square_01_peg_v1.png,data/renders/procedural/square_01_peg_v2.png,data/renders/procedural/ell_05_socket_v1.png,data/renders/procedural/ell_05_socket_v2.png
square_01_present_easy,square_01,square,calib,present_easy,1,ell_02,catalog,E1,incompatible,-2.0,0.3441,0,data/renders/procedural/square_01_peg_v1.png,data/renders/procedural/square_01_peg_v2.png,data/renders/procedural/ell_02_socket_v1.png,data/renders/procedural/ell_02_socket_v2.png
square_01_present_easy,square_01,square,calib,present_easy,2,square_01,catalog,M,compatible,0.2999,1.0,1,data/renders/procedural/square_01_peg_v1.png,data/renders/procedural/square_01_peg_v2.png,data/renders/procedural/square_01_socket_v1.png,data/renders/procedural/square_01_socket_v2.png
square_01_present_hard,square_01,square,calib,present_hard,0,square_01,catalog,M,compatible,0.2999,1.0,1,data/renders/procedural/square_01_peg_v1.png,data/renders/procedural/square_01_peg_v2.png,data/renders/procedural/square_01_socket_v1.png,data/renders/procedural/square_01_socket_v2.png
square_01_present_hard,square_01,square,calib,present_hard,1,square_01_shrunk0.20,shrunk,H,incompatible,-0.2832,0.8208,0,data/renders/procedural/square_01_peg_v1.png,data/renders/procedural/square_01_peg_v2.png,data/renders/blocks/square_01_shrunk0.20_socket_v1.png,data/renders/blocks/square_01_shrunk0.20_socket_v2.png
square_01_present_hard,square_01,square,calib,present_hard,2,ell_05,catalog,E2,incompatible,-2.0,0.319,0,data/renders/procedural/square_01_peg_v1.png,data/renders/procedural/square_01_peg_v2.png,data/renders/procedural/ell_05_socket_v1.png,data/renders/procedural/ell_05_socket_v2.png
square_01_absent_easy,square_01,square,calib,absent_easy,0,ell_02,catalog,E1,incompatible,-2.0,0.3441,0,data/renders/procedural/square_01_peg_v1.png,data/renders/procedural/square_01_peg_v2.png,data/renders/procedural/ell_02_socket_v1.png,data/renders/procedural/ell_02_socket_v2.png
square_01_absent_easy,square_01,square,calib,absent_easy,1,ell_05,catalog,E2,incompatible,-2.0,0.319,0,data/renders/procedural/square_01_peg_v1.png,data/renders/procedural/square_01_peg_v2.png,data/renders/procedural/ell_05_socket_v1.png,data/renders/procedural/ell_05_socket_v2.png
square_01_absent_easy,square_01,square,calib,absent_easy,2,tee_03,catalog,E3,incompatible,-1.7002,0.3738,0,data/renders/procedural/square_01_peg_v1.png,data/renders/procedural/square_01_peg_v2.png,data/renders/procedural/tee_03_socket_v1.png,data/renders/procedural/tee_03_socket_v2.png
square_01_absent_hard,square_01,square,calib,absent_hard,0,square_01_shrunk0.20,shrunk,H,incompatible,-0.2832,0.8208,0,data/renders/procedural/square_01_peg_v1.png,data/renders/procedural/square_01_peg_v2.png,data/renders/blocks/square_01_shrunk0.20_socket_v1.png,data/renders/blocks/square_01_shrunk0.20_socket_v2.png
square_01_absent_hard,square_01,square,calib,absent_hard,1,tee_03,catalog,E3,incompatible,-1.7002,0.3738,0,data/renders/procedural/square_01_peg_v1.png,data/renders/procedural/square_01_peg_v2.png,data/renders/procedural/tee_03_socket_v1.png,data/renders/procedural/tee_03_socket_v2.png
square_01_absent_hard,square_01,square,calib,absent_hard,2,ell_05,catalog,E2,incompatible,-2.0,0.319,0,data/renders/procedural/square_01_peg_v1.png,data/renders/procedural/square_01_peg_v2.png,data/renders/procedural/ell_05_socket_v1.png,data/renders/procedural/ell_05_socket_v2.png
square_02_present_easy,square_02,square,calib,present_easy,0,rect_05,catalog,E2,incompatible,-2.0,0.4494,0,data/renders/procedural/square_02_peg_v1.png,data/renders/procedural/square_02_peg_v2.png,data/renders/procedural/rect_05_socket_v1.png,data/renders/procedural/rect_05_socket_v2.png
square_02_present_easy,square_02,square,calib,present_easy,1,ell_05,catalog,E1,incompatible,-2.0,0.4216,0,data/renders/procedural/square_02_peg_v1.png,data/renders/procedural/square_02_peg_v2.png,data/renders/procedural/ell_05_socket_v1.png,data/renders/procedural/ell_05_socket_v2.png
square_02_present_easy,square_02,square,calib,present_easy,2,square_02,catalog,M,compatible,0.2999,1.0,1,data/renders/procedural/square_02_peg_v1.png,data/renders/procedural/square_02_peg_v2.png,data/renders/procedural/square_02_socket_v1.png,data/renders/procedural/square_02_socket_v2.png
square_02_present_hard,square_02,square,calib,present_hard,0,square_02_shrunk0.20,shrunk,H,incompatible,-0.2832,0.8587,0,data/renders/procedural/square_02_peg_v1.png,data/renders/procedural/square_02_peg_v2.png,data/renders/blocks/square_02_shrunk0.20_socket_v1.png,data/renders/blocks/square_02_shrunk0.20_socket_v2.png
square_02_present_hard,square_02,square,calib,present_hard,1,square_02,catalog,M,compatible,0.2999,1.0,1,data/renders/procedural/square_02_peg_v1.png,data/renders/procedural/square_02_peg_v2.png,data/renders/procedural/square_02_socket_v1.png,data/renders/procedural/square_02_socket_v2.png
square_02_present_hard,square_02,square,calib,present_hard,2,rect_05,catalog,E2,incompatible,-2.0,0.4494,0,data/renders/procedural/square_02_peg_v1.png,data/renders/procedural/square_02_peg_v2.png,data/renders/procedural/rect_05_socket_v1.png,data/renders/procedural/rect_05_socket_v2.png
square_02_absent_easy,square_02,square,calib,absent_easy,0,ell_05,catalog,E1,incompatible,-2.0,0.4216,0,data/renders/procedural/square_02_peg_v1.png,data/renders/procedural/square_02_peg_v2.png,data/renders/procedural/ell_05_socket_v1.png,data/renders/procedural/ell_05_socket_v2.png
square_02_absent_easy,square_02,square,calib,absent_easy,1,rect_05,catalog,E2,incompatible,-2.0,0.4494,0,data/renders/procedural/square_02_peg_v1.png,data/renders/procedural/square_02_peg_v2.png,data/renders/procedural/rect_05_socket_v1.png,data/renders/procedural/rect_05_socket_v2.png
square_02_absent_easy,square_02,square,calib,absent_easy,2,tee_02,catalog,E3,incompatible,-2.0,0.4099,0,data/renders/procedural/square_02_peg_v1.png,data/renders/procedural/square_02_peg_v2.png,data/renders/procedural/tee_02_socket_v1.png,data/renders/procedural/tee_02_socket_v2.png
square_02_absent_hard,square_02,square,calib,absent_hard,0,square_02_shrunk0.20,shrunk,H,incompatible,-0.2832,0.8587,0,data/renders/procedural/square_02_peg_v1.png,data/renders/procedural/square_02_peg_v2.png,data/renders/blocks/square_02_shrunk0.20_socket_v1.png,data/renders/blocks/square_02_shrunk0.20_socket_v2.png
square_02_absent_hard,square_02,square,calib,absent_hard,1,tee_02,catalog,E3,incompatible,-2.0,0.4099,0,data/renders/procedural/square_02_peg_v1.png,data/renders/procedural/square_02_peg_v2.png,data/renders/procedural/tee_02_socket_v1.png,data/renders/procedural/tee_02_socket_v2.png
square_02_absent_hard,square_02,square,calib,absent_hard,2,rect_05,catalog,E2,incompatible,-2.0,0.4494,0,data/renders/procedural/square_02_peg_v1.png,data/renders/procedural/square_02_peg_v2.png,data/renders/procedural/rect_05_socket_v1.png,data/renders/procedural/rect_05_socket_v2.png
square_03_present_easy,square_03,square,calib,present_easy,0,square_03,catalog,M,compatible,0.2999,1.0,1,data/renders/procedural/square_03_peg_v1.png,data/renders/procedural/square_03_peg_v2.png,data/renders/procedural/square_03_socket_v1.png,data/renders/procedural/square_03_socket_v2.png
square_03_present_easy,square_03,square,calib,present_easy,1,ell_06,catalog,E1,incompatible,-2.0,0.3621,0,data/renders/procedural/square_03_peg_v1.png,data/renders/procedural/square_03_peg_v2.png,data/renders/procedural/ell_06_socket_v1.png,data/renders/procedural/ell_06_socket_v2.png
square_03_present_easy,square_03,square,calib,present_easy,2,rect_05,catalog,E2,incompatible,-2.0,0.3016,0,data/renders/procedural/square_03_peg_v1.png,data/renders/procedural/square_03_peg_v2.png,data/renders/procedural/rect_05_socket_v1.png,data/renders/procedural/rect_05_socket_v2.png
square_03_present_hard,square_03,square,calib,present_hard,0,rect_05,catalog,E2,incompatible,-2.0,0.3016,0,data/renders/procedural/square_03_peg_v1.png,data/renders/procedural/square_03_peg_v2.png,data/renders/procedural/rect_05_socket_v1.png,data/renders/procedural/rect_05_socket_v2.png
square_03_present_hard,square_03,square,calib,present_hard,1,square_03,catalog,M,compatible,0.2999,1.0,1,data/renders/procedural/square_03_peg_v1.png,data/renders/procedural/square_03_peg_v2.png,data/renders/procedural/square_03_socket_v1.png,data/renders/procedural/square_03_socket_v2.png
square_03_present_hard,square_03,square,calib,present_hard,2,square_03_shrunk0.20,shrunk,H,incompatible,-0.2832,0.8834,0,data/renders/procedural/square_03_peg_v1.png,data/renders/procedural/square_03_peg_v2.png,data/renders/blocks/square_03_shrunk0.20_socket_v1.png,data/renders/blocks/square_03_shrunk0.20_socket_v2.png
square_03_absent_easy,square_03,square,calib,absent_easy,0,tee_02,catalog,E3,incompatible,-2.0,0.384,0,data/renders/procedural/square_03_peg_v1.png,data/renders/procedural/square_03_peg_v2.png,data/renders/procedural/tee_02_socket_v1.png,data/renders/procedural/tee_02_socket_v2.png
square_03_absent_easy,square_03,square,calib,absent_easy,1,ell_06,catalog,E1,incompatible,-2.0,0.3621,0,data/renders/procedural/square_03_peg_v1.png,data/renders/procedural/square_03_peg_v2.png,data/renders/procedural/ell_06_socket_v1.png,data/renders/procedural/ell_06_socket_v2.png
square_03_absent_easy,square_03,square,calib,absent_easy,2,rect_05,catalog,E2,incompatible,-2.0,0.3016,0,data/renders/procedural/square_03_peg_v1.png,data/renders/procedural/square_03_peg_v2.png,data/renders/procedural/rect_05_socket_v1.png,data/renders/procedural/rect_05_socket_v2.png
square_03_absent_hard,square_03,square,calib,absent_hard,0,rect_05,catalog,E2,incompatible,-2.0,0.3016,0,data/renders/procedural/square_03_peg_v1.png,data/renders/procedural/square_03_peg_v2.png,data/renders/procedural/rect_05_socket_v1.png,data/renders/procedural/rect_05_socket_v2.png
square_03_absent_hard,square_03,square,calib,absent_hard,1,tee_02,catalog,E3,incompatible,-2.0,0.384,0,data/renders/procedural/square_03_peg_v1.png,data/renders/procedural/square_03_peg_v2.png,data/renders/procedural/tee_02_socket_v1.png,data/renders/procedural/tee_02_socket_v2.png
square_03_absent_hard,square_03,square,calib,absent_hard,2,square_03_shrunk0.20,shrunk,H,incompatible,-0.2832,0.8834,0,data/renders/procedural/square_03_peg_v1.png,data/renders/procedural/square_03_peg_v2.png,data/renders/blocks/square_03_shrunk0.20_socket_v1.png,data/renders/blocks/square_03_shrunk0.20_socket_v2.png
square_04_present_easy,square_04,square,calib,present_easy,0,square_04,catalog,M,compatible,0.2999,1.0,1,data/renders/procedural/square_04_peg_v1.png,data/renders/procedural/square_04_peg_v2.png,data/renders/procedural/square_04_socket_v1.png,data/renders/procedural/square_04_socket_v2.png
square_04_present_easy,square_04,square,calib,present_easy,1,rect_05,catalog,E1,incompatible,-2.0,0.1958,0,data/renders/procedural/square_04_peg_v1.png,data/renders/procedural/square_04_peg_v2.png,data/renders/procedural/rect_05_socket_v1.png,data/renders/procedural/rect_05_socket_v2.png
square_04_present_easy,square_04,square,calib,present_easy,2,square_01,catalog,E2,incompatible,-2.0,0.2646,0,data/renders/procedural/square_04_peg_v1.png,data/renders/procedural/square_04_peg_v2.png,data/renders/procedural/square_01_socket_v1.png,data/renders/procedural/square_01_socket_v2.png
square_04_present_hard,square_04,square,calib,present_hard,0,square_04,catalog,M,compatible,0.2999,1.0,1,data/renders/procedural/square_04_peg_v1.png,data/renders/procedural/square_04_peg_v2.png,data/renders/procedural/square_04_socket_v1.png,data/renders/procedural/square_04_socket_v2.png
square_04_present_hard,square_04,square,calib,present_hard,1,square_01,catalog,E2,incompatible,-2.0,0.2646,0,data/renders/procedural/square_04_peg_v1.png,data/renders/procedural/square_04_peg_v2.png,data/renders/procedural/square_01_socket_v1.png,data/renders/procedural/square_01_socket_v2.png
square_04_present_hard,square_04,square,calib,present_hard,2,square_04_shrunk0.20,shrunk,H,incompatible,-0.2832,0.9054,0,data/renders/procedural/square_04_peg_v1.png,data/renders/procedural/square_04_peg_v2.png,data/renders/blocks/square_04_shrunk0.20_socket_v1.png,data/renders/blocks/square_04_shrunk0.20_socket_v2.png
square_04_absent_easy,square_04,square,calib,absent_easy,0,square_01,catalog,E2,incompatible,-2.0,0.2646,0,data/renders/procedural/square_04_peg_v1.png,data/renders/procedural/square_04_peg_v2.png,data/renders/procedural/square_01_socket_v1.png,data/renders/procedural/square_01_socket_v2.png
square_04_absent_easy,square_04,square,calib,absent_easy,1,rect_05,catalog,E1,incompatible,-2.0,0.1958,0,data/renders/procedural/square_04_peg_v1.png,data/renders/procedural/square_04_peg_v2.png,data/renders/procedural/rect_05_socket_v1.png,data/renders/procedural/rect_05_socket_v2.png
square_04_absent_easy,square_04,square,calib,absent_easy,2,trapezoid_03,catalog,E3,incompatible,-2.0,0.2961,0,data/renders/procedural/square_04_peg_v1.png,data/renders/procedural/square_04_peg_v2.png,data/renders/procedural/trapezoid_03_socket_v1.png,data/renders/procedural/trapezoid_03_socket_v2.png
square_04_absent_hard,square_04,square,calib,absent_hard,0,square_04_shrunk0.20,shrunk,H,incompatible,-0.2832,0.9054,0,data/renders/procedural/square_04_peg_v1.png,data/renders/procedural/square_04_peg_v2.png,data/renders/blocks/square_04_shrunk0.20_socket_v1.png,data/renders/blocks/square_04_shrunk0.20_socket_v2.png
square_04_absent_hard,square_04,square,calib,absent_hard,1,trapezoid_03,catalog,E3,incompatible,-2.0,0.2961,0,data/renders/procedural/square_04_peg_v1.png,data/renders/procedural/square_04_peg_v2.png,data/renders/procedural/trapezoid_03_socket_v1.png,data/renders/procedural/trapezoid_03_socket_v2.png
square_04_absent_hard,square_04,square,calib,absent_hard,2,square_01,catalog,E2,incompatible,-2.0,0.2646,0,data/renders/procedural/square_04_peg_v1.png,data/renders/procedural/square_04_peg_v2.png,data/renders/procedural/square_01_socket_v1.png,data/renders/procedural/square_01_socket_v2.png
rect_01_present_easy,rect_01,rect,calib,present_easy,0,rect_01,catalog,M,compatible,0.2999,1.0,1,data/renders/procedural/rect_01_peg_v1.png,data/renders/procedural/rect_01_peg_v2.png,data/renders/procedural/rect_01_socket_v1.png,data/renders/procedural/rect_01_socket_v2.png
rect_01_present_easy,rect_01,rect,calib,present_easy,1,ell_01,catalog,E1,incompatible,-2.0,0.3528,0,data/renders/procedural/rect_01_peg_v1.png,data/renders/procedural/rect_01_peg_v2.png,data/renders/procedural/ell_01_socket_v1.png,data/renders/procedural/ell_01_socket_v2.png
rect_01_present_easy,rect_01,rect,calib,present_easy,2,ell_05,catalog,E2,incompatible,-2.0,0.2765,0,data/renders/procedural/rect_01_peg_v1.png,data/renders/procedural/rect_01_peg_v2.png,data/renders/procedural/ell_05_socket_v1.png,data/renders/procedural/ell_05_socket_v2.png
rect_01_present_hard,rect_01,rect,calib,present_hard,0,trapezoid_02,catalog,H,incompatible,-1.6006,0.8752,0,data/renders/procedural/rect_01_peg_v1.png,data/renders/procedural/rect_01_peg_v2.png,data/renders/procedural/trapezoid_02_socket_v1.png,data/renders/procedural/trapezoid_02_socket_v2.png
rect_01_present_hard,rect_01,rect,calib,present_hard,1,rect_01,catalog,M,compatible,0.2999,1.0,1,data/renders/procedural/rect_01_peg_v1.png,data/renders/procedural/rect_01_peg_v2.png,data/renders/procedural/rect_01_socket_v1.png,data/renders/procedural/rect_01_socket_v2.png
rect_01_present_hard,rect_01,rect,calib,present_hard,2,ell_05,catalog,E2,incompatible,-2.0,0.2765,0,data/renders/procedural/rect_01_peg_v1.png,data/renders/procedural/rect_01_peg_v2.png,data/renders/procedural/ell_05_socket_v1.png,data/renders/procedural/ell_05_socket_v2.png
rect_01_absent_easy,rect_01,rect,calib,absent_easy,0,ell_01,catalog,E1,incompatible,-2.0,0.3528,0,data/renders/procedural/rect_01_peg_v1.png,data/renders/procedural/rect_01_peg_v2.png,data/renders/procedural/ell_01_socket_v1.png,data/renders/procedural/ell_01_socket_v2.png
rect_01_absent_easy,rect_01,rect,calib,absent_easy,1,tee_02,catalog,E3,incompatible,-2.0,0.4171,0,data/renders/procedural/rect_01_peg_v1.png,data/renders/procedural/rect_01_peg_v2.png,data/renders/procedural/tee_02_socket_v1.png,data/renders/procedural/tee_02_socket_v2.png
rect_01_absent_easy,rect_01,rect,calib,absent_easy,2,ell_05,catalog,E2,incompatible,-2.0,0.2765,0,data/renders/procedural/rect_01_peg_v1.png,data/renders/procedural/rect_01_peg_v2.png,data/renders/procedural/ell_05_socket_v1.png,data/renders/procedural/ell_05_socket_v2.png
rect_01_absent_hard,rect_01,rect,calib,absent_hard,0,trapezoid_02,catalog,H,incompatible,-1.6006,0.8752,0,data/renders/procedural/rect_01_peg_v1.png,data/renders/procedural/rect_01_peg_v2.png,data/renders/procedural/trapezoid_02_socket_v1.png,data/renders/procedural/trapezoid_02_socket_v2.png
rect_01_absent_hard,rect_01,rect,calib,absent_hard,1,tee_02,catalog,E3,incompatible,-2.0,0.4171,0,data/renders/procedural/rect_01_peg_v1.png,data/renders/procedural/rect_01_peg_v2.png,data/renders/procedural/tee_02_socket_v1.png,data/renders/procedural/tee_02_socket_v2.png
rect_01_absent_hard,rect_01,rect,calib,absent_hard,2,ell_05,catalog,E2,incompatible,-2.0,0.2765,0,data/renders/procedural/rect_01_peg_v1.png,data/renders/procedural/rect_01_peg_v2.png,data/renders/procedural/ell_05_socket_v1.png,data/renders/procedural/ell_05_socket_v2.png
rect_02_present_easy,rect_02,rect,calib,present_easy,0,ell_06,catalog,E2,incompatible,-2.0,0.3332,0,data/renders/procedural/rect_02_peg_v1.png,data/renders/procedural/rect_02_peg_v2.png,data/renders/procedural/ell_06_socket_v1.png,data/renders/procedural/ell_06_socket_v2.png
rect_02_present_easy,rect_02,rect,calib,present_easy,1,rect_02,catalog,M,compatible,0.2999,1.0,1,data/renders/procedural/rect_02_peg_v1.png,data/renders/procedural/rect_02_peg_v2.png,data/renders/procedural/rect_02_socket_v1.png,data/renders/procedural/rect_02_socket_v2.png
rect_02_present_easy,rect_02,rect,calib,present_easy,2,ell_02,catalog,E1,incompatible,-2.0,0.4124,0,data/renders/procedural/rect_02_peg_v1.png,data/renders/procedural/rect_02_peg_v2.png,data/renders/procedural/ell_02_socket_v1.png,data/renders/procedural/ell_02_socket_v2.png
rect_02_present_hard,rect_02,rect,calib,present_hard,0,rect_02,catalog,M,compatible,0.2999,1.0,1,data/renders/procedural/rect_02_peg_v1.png,data/renders/procedural/rect_02_peg_v2.png,data/renders/procedural/rect_02_socket_v1.png,data/renders/procedural/rect_02_socket_v2.png
rect_02_present_hard,rect_02,rect,calib,present_hard,1,ell_06,catalog,E2,incompatible,-2.0,0.3332,0,data/renders/procedural/rect_02_peg_v1.png,data/renders/procedural/rect_02_peg_v2.png,data/renders/procedural/ell_06_socket_v1.png,data/renders/procedural/ell_06_socket_v2.png
rect_02_present_hard,rect_02,rect,calib,present_hard,2,rect_02_shrunk0.20,shrunk,H,incompatible,-0.2832,0.862,0,data/renders/procedural/rect_02_peg_v1.png,data/renders/procedural/rect_02_peg_v2.png,data/renders/blocks/rect_02_shrunk0.20_socket_v1.png,data/renders/blocks/rect_02_shrunk0.20_socket_v2.png
rect_02_absent_easy,rect_02,rect,calib,absent_easy,0,rect_05,catalog,E3,incompatible,-2.0,0.3806,0,data/renders/procedural/rect_02_peg_v1.png,data/renders/procedural/rect_02_peg_v2.png,data/renders/procedural/rect_05_socket_v1.png,data/renders/procedural/rect_05_socket_v2.png
rect_02_absent_easy,rect_02,rect,calib,absent_easy,1,ell_02,catalog,E1,incompatible,-2.0,0.4124,0,data/renders/procedural/rect_02_peg_v1.png,data/renders/procedural/rect_02_peg_v2.png,data/renders/procedural/ell_02_socket_v1.png,data/renders/procedural/ell_02_socket_v2.png
rect_02_absent_easy,rect_02,rect,calib,absent_easy,2,ell_06,catalog,E2,incompatible,-2.0,0.3332,0,data/renders/procedural/rect_02_peg_v1.png,data/renders/procedural/rect_02_peg_v2.png,data/renders/procedural/ell_06_socket_v1.png,data/renders/procedural/ell_06_socket_v2.png
rect_02_absent_hard,rect_02,rect,calib,absent_hard,0,rect_05,catalog,E3,incompatible,-2.0,0.3806,0,data/renders/procedural/rect_02_peg_v1.png,data/renders/procedural/rect_02_peg_v2.png,data/renders/procedural/rect_05_socket_v1.png,data/renders/procedural/rect_05_socket_v2.png
rect_02_absent_hard,rect_02,rect,calib,absent_hard,1,rect_02_shrunk0.20,shrunk,H,incompatible,-0.2832,0.862,0,data/renders/procedural/rect_02_peg_v1.png,data/renders/procedural/rect_02_peg_v2.png,data/renders/blocks/rect_02_shrunk0.20_socket_v1.png,data/renders/blocks/rect_02_shrunk0.20_socket_v2.png
rect_02_absent_hard,rect_02,rect,calib,absent_hard,2,ell_06,catalog,E2,incompatible,-2.0,0.3332,0,data/renders/procedural/rect_02_peg_v1.png,data/renders/procedural/rect_02_peg_v2.png,data/renders/procedural/ell_06_socket_v1.png,data/renders/procedural/ell_06_socket_v2.png
rect_03_present_easy,rect_03,rect,calib,present_easy,0,rect_03,catalog,M,compatible,0.2999,1.0,1,data/renders/procedural/rect_03_peg_v1.png,data/renders/procedural/rect_03_peg_v2.png,data/renders/procedural/rect_03_socket_v1.png,data/renders/procedural/rect_03_socket_v2.png
rect_03_present_easy,rect_03,rect,calib,present_easy,1,ell_02,catalog,E1,incompatible,-2.0,0.3585,0,data/renders/procedural/rect_03_peg_v1.png,data/renders/procedural/rect_03_peg_v2.png,data/renders/procedural/ell_02_socket_v1.png,data/renders/procedural/ell_02_socket_v2.png
rect_03_present_easy,rect_03,rect,calib,present_easy,2,ell_05,catalog,E2,incompatible,-2.0,0.289,0,data/renders/procedural/rect_03_peg_v1.png,data/renders/procedural/rect_03_peg_v2.png,data/renders/procedural/ell_05_socket_v1.png,data/renders/procedural/ell_05_socket_v2.png
rect_03_present_hard,rect_03,rect,calib,present_hard,0,rect_03,catalog,M,compatible,0.2999,1.0,1,data/renders/procedural/rect_03_peg_v1.png,data/renders/procedural/rect_03_peg_v2.png,data/renders/procedural/rect_03_socket_v1.png,data/renders/procedural/rect_03_socket_v2.png
rect_03_present_hard,rect_03,rect,calib,present_hard,1,ell_05,catalog,E2,incompatible,-2.0,0.289,0,data/renders/procedural/rect_03_peg_v1.png,data/renders/procedural/rect_03_peg_v2.png,data/renders/procedural/ell_05_socket_v1.png,data/renders/procedural/ell_05_socket_v2.png
rect_03_present_hard,rect_03,rect,calib,present_hard,2,trapezoid_01,catalog,H,incompatible,-0.5459,0.8569,0,data/renders/procedural/rect_03_peg_v1.png,data/renders/procedural/rect_03_peg_v2.png,data/renders/procedural/trapezoid_01_socket_v1.png,data/renders/procedural/trapezoid_01_socket_v2.png
rect_03_absent_easy,rect_03,rect,calib,absent_easy,0,ell_02,catalog,E1,incompatible,-2.0,0.3585,0,data/renders/procedural/rect_03_peg_v1.png,data/renders/procedural/rect_03_peg_v2.png,data/renders/procedural/ell_02_socket_v1.png,data/renders/procedural/ell_02_socket_v2.png
rect_03_absent_easy,rect_03,rect,calib,absent_easy,1,tee_02,catalog,E3,incompatible,-2.0,0.39,0,data/renders/procedural/rect_03_peg_v1.png,data/renders/procedural/rect_03_peg_v2.png,data/renders/procedural/tee_02_socket_v1.png,data/renders/procedural/tee_02_socket_v2.png
rect_03_absent_easy,rect_03,rect,calib,absent_easy,2,ell_05,catalog,E2,incompatible,-2.0,0.289,0,data/renders/procedural/rect_03_peg_v1.png,data/renders/procedural/rect_03_peg_v2.png,data/renders/procedural/ell_05_socket_v1.png,data/renders/procedural/ell_05_socket_v2.png
rect_03_absent_hard,rect_03,rect,calib,absent_hard,0,tee_02,catalog,E3,incompatible,-2.0,0.39,0,data/renders/procedural/rect_03_peg_v1.png,data/renders/procedural/rect_03_peg_v2.png,data/renders/procedural/tee_02_socket_v1.png,data/renders/procedural/tee_02_socket_v2.png
rect_03_absent_hard,rect_03,rect,calib,absent_hard,1,ell_05,catalog,E2,incompatible,-2.0,0.289,0,data/renders/procedural/rect_03_peg_v1.png,data/renders/procedural/rect_03_peg_v2.png,data/renders/procedural/ell_05_socket_v1.png,data/renders/procedural/ell_05_socket_v2.png
rect_03_absent_hard,rect_03,rect,calib,absent_hard,2,trapezoid_01,catalog,H,incompatible,-0.5459,0.8569,0,data/renders/procedural/rect_03_peg_v1.png,data/renders/procedural/rect_03_peg_v2.png,data/renders/procedural/trapezoid_01_socket_v1.png,data/renders/procedural/trapezoid_01_socket_v2.png
rect_04_present_easy,rect_04,rect,calib,present_easy,0,rect_05,catalog,E2,incompatible,-2.0,0.2681,0,data/renders/procedural/rect_04_peg_v1.png,data/renders/procedural/rect_04_peg_v2.png,data/renders/procedural/rect_05_socket_v1.png,data/renders/procedural/rect_05_socket_v2.png
rect_04_present_easy,rect_04,rect,calib,present_easy,1,ell_06,catalog,E1,incompatible,-2.0,0.3622,0,data/renders/procedural/rect_04_peg_v1.png,data/renders/procedural/rect_04_peg_v2.png,data/renders/procedural/ell_06_socket_v1.png,data/renders/procedural/ell_06_socket_v2.png
rect_04_present_easy,rect_04,rect,calib,present_easy,2,rect_04,catalog,M,compatible,0.2999,1.0,1,data/renders/procedural/rect_04_peg_v1.png,data/renders/procedural/rect_04_peg_v2.png,data/renders/procedural/rect_04_socket_v1.png,data/renders/procedural/rect_04_socket_v2.png
rect_04_present_hard,rect_04,rect,calib,present_hard,0,rect_04_shrunk0.20,shrunk,H,incompatible,-0.2832,0.8834,0,data/renders/procedural/rect_04_peg_v1.png,data/renders/procedural/rect_04_peg_v2.png,data/renders/blocks/rect_04_shrunk0.20_socket_v1.png,data/renders/blocks/rect_04_shrunk0.20_socket_v2.png
rect_04_present_hard,rect_04,rect,calib,present_hard,1,rect_04,catalog,M,compatible,0.2999,1.0,1,data/renders/procedural/rect_04_peg_v1.png,data/renders/procedural/rect_04_peg_v2.png,data/renders/procedural/rect_04_socket_v1.png,data/renders/procedural/rect_04_socket_v2.png
rect_04_present_hard,rect_04,rect,calib,present_hard,2,rect_05,catalog,E2,incompatible,-2.0,0.2681,0,data/renders/procedural/rect_04_peg_v1.png,data/renders/procedural/rect_04_peg_v2.png,data/renders/procedural/rect_05_socket_v1.png,data/renders/procedural/rect_05_socket_v2.png
rect_04_absent_easy,rect_04,rect,calib,absent_easy,0,square_01,catalog,E3,incompatible,-2.0,0.3623,0,data/renders/procedural/rect_04_peg_v1.png,data/renders/procedural/rect_04_peg_v2.png,data/renders/procedural/square_01_socket_v1.png,data/renders/procedural/square_01_socket_v2.png
rect_04_absent_easy,rect_04,rect,calib,absent_easy,1,ell_06,catalog,E1,incompatible,-2.0,0.3622,0,data/renders/procedural/rect_04_peg_v1.png,data/renders/procedural/rect_04_peg_v2.png,data/renders/procedural/ell_06_socket_v1.png,data/renders/procedural/ell_06_socket_v2.png
rect_04_absent_easy,rect_04,rect,calib,absent_easy,2,rect_05,catalog,E2,incompatible,-2.0,0.2681,0,data/renders/procedural/rect_04_peg_v1.png,data/renders/procedural/rect_04_peg_v2.png,data/renders/procedural/rect_05_socket_v1.png,data/renders/procedural/rect_05_socket_v2.png
rect_04_absent_hard,rect_04,rect,calib,absent_hard,0,rect_04_shrunk0.20,shrunk,H,incompatible,-0.2832,0.8834,0,data/renders/procedural/rect_04_peg_v1.png,data/renders/procedural/rect_04_peg_v2.png,data/renders/blocks/rect_04_shrunk0.20_socket_v1.png,data/renders/blocks/rect_04_shrunk0.20_socket_v2.png
rect_04_absent_hard,rect_04,rect,calib,absent_hard,1,rect_05,catalog,E2,incompatible,-2.0,0.2681,0,data/renders/procedural/rect_04_peg_v1.png,data/renders/procedural/rect_04_peg_v2.png,data/renders/procedural/rect_05_socket_v1.png,data/renders/procedural/rect_05_socket_v2.png
rect_04_absent_hard,rect_04,rect,calib,absent_hard,2,square_01,catalog,E3,incompatible,-2.0,0.3623,0,data/renders/procedural/rect_04_peg_v1.png,data/renders/procedural/rect_04_peg_v2.png,data/renders/procedural/square_01_socket_v1.png,data/renders/procedural/square_01_socket_v2.png
rect_05_present_easy,rect_05,rect,calib,present_easy,0,square_01,catalog,E2,incompatible,-0.7002,0.5579,0,data/renders/procedural/rect_05_peg_v1.png,data/renders/procedural/rect_05_peg_v2.png,data/renders/procedural/square_01_socket_v1.png,data/renders/procedural/square_01_socket_v2.png
rect_05_present_easy,rect_05,rect,calib,present_easy,1,ell_05,catalog,E1,incompatible,-2.0,0.2274,0,data/renders/procedural/rect_05_peg_v1.png,data/renders/procedural/rect_05_peg_v2.png,data/renders/procedural/ell_05_socket_v1.png,data/renders/procedural/ell_05_socket_v2.png
rect_05_present_easy,rect_05,rect,calib,present_easy,2,rect_05,catalog,M,compatible,0.2999,1.0,1,data/renders/procedural/rect_05_peg_v1.png,data/renders/procedural/rect_05_peg_v2.png,data/renders/procedural/rect_05_socket_v1.png,data/renders/procedural/rect_05_socket_v2.png
rect_05_present_hard,rect_05,rect,calib,present_hard,0,rect_05_shrunk0.20,shrunk,H,incompatible,-0.2832,0.7819,0,data/renders/procedural/rect_05_peg_v1.png,data/renders/procedural/rect_05_peg_v2.png,data/renders/blocks/rect_05_shrunk0.20_socket_v1.png,data/renders/blocks/rect_05_shrunk0.20_socket_v2.png
rect_05_present_hard,rect_05,rect,calib,present_hard,1,rect_05,catalog,M,compatible,0.2999,1.0,1,data/renders/procedural/rect_05_peg_v1.png,data/renders/procedural/rect_05_peg_v2.png,data/renders/procedural/rect_05_socket_v1.png,data/renders/procedural/rect_05_socket_v2.png
rect_05_present_hard,rect_05,rect,calib,present_hard,2,square_01,catalog,E2,incompatible,-0.7002,0.5579,0,data/renders/procedural/rect_05_peg_v1.png,data/renders/procedural/rect_05_peg_v2.png,data/renders/procedural/square_01_socket_v1.png,data/renders/procedural/square_01_socket_v2.png
rect_05_absent_easy,rect_05,rect,calib,absent_easy,0,square_01,catalog,E2,incompatible,-0.7002,0.5579,0,data/renders/procedural/rect_05_peg_v1.png,data/renders/procedural/rect_05_peg_v2.png,data/renders/procedural/square_01_socket_v1.png,data/renders/procedural/square_01_socket_v2.png
rect_05_absent_easy,rect_05,rect,calib,absent_easy,1,ell_05,catalog,E1,incompatible,-2.0,0.2274,0,data/renders/procedural/rect_05_peg_v1.png,data/renders/procedural/rect_05_peg_v2.png,data/renders/procedural/ell_05_socket_v1.png,data/renders/procedural/ell_05_socket_v2.png
rect_05_absent_easy,rect_05,rect,calib,absent_easy,2,tee_02,catalog,E3,incompatible,-0.7002,0.3692,0,data/renders/procedural/rect_05_peg_v1.png,data/renders/procedural/rect_05_peg_v2.png,data/renders/procedural/tee_02_socket_v1.png,data/renders/procedural/tee_02_socket_v2.png
rect_05_absent_hard,rect_05,rect,calib,absent_hard,0,square_01,catalog,E2,incompatible,-0.7002,0.5579,0,data/renders/procedural/rect_05_peg_v1.png,data/renders/procedural/rect_05_peg_v2.png,data/renders/procedural/square_01_socket_v1.png,data/renders/procedural/square_01_socket_v2.png
rect_05_absent_hard,rect_05,rect,calib,absent_hard,1,tee_02,catalog,E3,incompatible,-0.7002,0.3692,0,data/renders/procedural/rect_05_peg_v1.png,data/renders/procedural/rect_05_peg_v2.png,data/renders/procedural/tee_02_socket_v1.png,data/renders/procedural/tee_02_socket_v2.png
rect_05_absent_hard,rect_05,rect,calib,absent_hard,2,rect_05_shrunk0.20,shrunk,H,incompatible,-0.2832,0.7819,0,data/renders/procedural/rect_05_peg_v1.png,data/renders/procedural/rect_05_peg_v2.png,data/renders/blocks/rect_05_shrunk0.20_socket_v1.png,data/renders/blocks/rect_05_shrunk0.20_socket_v2.png
obround_01_present_easy,obround_01,obround,test,present_easy,0,polygon_05,catalog,E2,incompatible,-0.4619,0.5096,0,data/renders/procedural/obround_01_peg_v1.png,data/renders/procedural/obround_01_peg_v2.png,data/renders/procedural/polygon_05_socket_v1.png,data/renders/procedural/polygon_05_socket_v2.png
obround_01_present_easy,obround_01,obround,test,present_easy,1,obround_01,catalog,M,compatible,0.2999,1.0,1,data/renders/procedural/obround_01_peg_v1.png,data/renders/procedural/obround_01_peg_v2.png,data/renders/procedural/obround_01_socket_v1.png,data/renders/procedural/obround_01_socket_v2.png
obround_01_present_easy,obround_01,obround,test,present_easy,2,circle_01,catalog,E1,incompatible,-2.0,0.4703,0,data/renders/procedural/obround_01_peg_v1.png,data/renders/procedural/obround_01_peg_v2.png,data/renders/procedural/circle_01_socket_v1.png,data/renders/procedural/circle_01_socket_v2.png
obround_01_present_hard,obround_01,obround,test,present_hard,0,chamfered_01,catalog,H,incompatible,-0.9678,0.8968,0,data/renders/procedural/obround_01_peg_v1.png,data/renders/procedural/obround_01_peg_v2.png,data/renders/procedural/chamfered_01_socket_v1.png,data/renders/procedural/chamfered_01_socket_v2.png
obround_01_present_hard,obround_01,obround,test,present_hard,1,obround_01,catalog,M,compatible,0.2999,1.0,1,data/renders/procedural/obround_01_peg_v1.png,data/renders/procedural/obround_01_peg_v2.png,data/renders/procedural/obround_01_socket_v1.png,data/renders/procedural/obround_01_socket_v2.png
obround_01_present_hard,obround_01,obround,test,present_hard,2,polygon_05,catalog,E2,incompatible,-0.4619,0.5096,0,data/renders/procedural/obround_01_peg_v1.png,data/renders/procedural/obround_01_peg_v2.png,data/renders/procedural/polygon_05_socket_v1.png,data/renders/procedural/polygon_05_socket_v2.png
obround_01_absent_easy,obround_01,obround,test,absent_easy,0,star_03,catalog,E3,incompatible,-1.6826,0.5159,0,data/renders/procedural/obround_01_peg_v1.png,data/renders/procedural/obround_01_peg_v2.png,data/renders/procedural/star_03_socket_v1.png,data/renders/procedural/star_03_socket_v2.png
obround_01_absent_easy,obround_01,obround,test,absent_easy,1,polygon_05,catalog,E2,incompatible,-0.4619,0.5096,0,data/renders/procedural/obround_01_peg_v1.png,data/renders/procedural/obround_01_peg_v2.png,data/renders/procedural/polygon_05_socket_v1.png,data/renders/procedural/polygon_05_socket_v2.png
obround_01_absent_easy,obround_01,obround,test,absent_easy,2,circle_01,catalog,E1,incompatible,-2.0,0.4703,0,data/renders/procedural/obround_01_peg_v1.png,data/renders/procedural/obround_01_peg_v2.png,data/renders/procedural/circle_01_socket_v1.png,data/renders/procedural/circle_01_socket_v2.png
obround_01_absent_hard,obround_01,obround,test,absent_hard,0,polygon_05,catalog,E2,incompatible,-0.4619,0.5096,0,data/renders/procedural/obround_01_peg_v1.png,data/renders/procedural/obround_01_peg_v2.png,data/renders/procedural/polygon_05_socket_v1.png,data/renders/procedural/polygon_05_socket_v2.png
obround_01_absent_hard,obround_01,obround,test,absent_hard,1,chamfered_01,catalog,H,incompatible,-0.9678,0.8968,0,data/renders/procedural/obround_01_peg_v1.png,data/renders/procedural/obround_01_peg_v2.png,data/renders/procedural/chamfered_01_socket_v1.png,data/renders/procedural/chamfered_01_socket_v2.png
obround_01_absent_hard,obround_01,obround,test,absent_hard,2,star_03,catalog,E3,incompatible,-1.6826,0.5159,0,data/renders/procedural/obround_01_peg_v1.png,data/renders/procedural/obround_01_peg_v2.png,data/renders/procedural/star_03_socket_v1.png,data/renders/procedural/star_03_socket_v2.png
obround_02_present_easy,obround_02,obround,test,present_easy,0,polygon_01,catalog,E1,incompatible,-1.6641,0.5756,0,data/renders/procedural/obround_02_peg_v1.png,data/renders/procedural/obround_02_peg_v2.png,data/renders/procedural/polygon_01_socket_v1.png,data/renders/procedural/polygon_01_socket_v2.png
obround_02_present_easy,obround_02,obround,test,present_easy,1,star_02,catalog,E2,incompatible,-1.5664,0.5376,0,data/renders/procedural/obround_02_peg_v1.png,data/renders/procedural/obround_02_peg_v2.png,data/renders/procedural/star_02_socket_v1.png,data/renders/procedural/star_02_socket_v2.png
obround_02_present_easy,obround_02,obround,test,present_easy,2,obround_02,catalog,M,compatible,0.2999,1.0,1,data/renders/procedural/obround_02_peg_v1.png,data/renders/procedural/obround_02_peg_v2.png,data/renders/procedural/obround_02_socket_v1.png,data/renders/procedural/obround_02_socket_v2.png
obround_02_present_hard,obround_02,obround,test,present_hard,0,obround_02,catalog,M,compatible,0.2999,1.0,1,data/renders/procedural/obround_02_peg_v1.png,data/renders/procedural/obround_02_peg_v2.png,data/renders/procedural/obround_02_socket_v1.png,data/renders/procedural/obround_02_socket_v2.png
obround_02_present_hard,obround_02,obround,test,present_hard,1,chamfered_04,catalog,H,incompatible,-0.9609,0.8729,0,data/renders/procedural/obround_02_peg_v1.png,data/renders/procedural/obround_02_peg_v2.png,data/renders/procedural/chamfered_04_socket_v1.png,data/renders/procedural/chamfered_04_socket_v2.png
obround_02_present_hard,obround_02,obround,test,present_hard,2,star_02,catalog,E2,incompatible,-1.5664,0.5376,0,data/renders/procedural/obround_02_peg_v1.png,data/renders/procedural/obround_02_peg_v2.png,data/renders/procedural/star_02_socket_v1.png,data/renders/procedural/star_02_socket_v2.png
obround_02_absent_easy,obround_02,obround,test,absent_easy,0,polygon_01,catalog,E1,incompatible,-1.6641,0.5756,0,data/renders/procedural/obround_02_peg_v1.png,data/renders/procedural/obround_02_peg_v2.png,data/renders/procedural/polygon_01_socket_v1.png,data/renders/procedural/polygon_01_socket_v2.png
obround_02_absent_easy,obround_02,obround,test,absent_easy,1,star_02,catalog,E2,incompatible,-1.5664,0.5376,0,data/renders/procedural/obround_02_peg_v1.png,data/renders/procedural/obround_02_peg_v2.png,data/renders/procedural/star_02_socket_v1.png,data/renders/procedural/star_02_socket_v2.png
obround_02_absent_easy,obround_02,obround,test,absent_easy,2,star_03,catalog,E3,incompatible,-0.8516,0.5312,0,data/renders/procedural/obround_02_peg_v1.png,data/renders/procedural/obround_02_peg_v2.png,data/renders/procedural/star_03_socket_v1.png,data/renders/procedural/star_03_socket_v2.png
obround_02_absent_hard,obround_02,obround,test,absent_hard,0,star_02,catalog,E2,incompatible,-1.5664,0.5376,0,data/renders/procedural/obround_02_peg_v1.png,data/renders/procedural/obround_02_peg_v2.png,data/renders/procedural/star_02_socket_v1.png,data/renders/procedural/star_02_socket_v2.png
obround_02_absent_hard,obround_02,obround,test,absent_hard,1,chamfered_04,catalog,H,incompatible,-0.9609,0.8729,0,data/renders/procedural/obround_02_peg_v1.png,data/renders/procedural/obround_02_peg_v2.png,data/renders/procedural/chamfered_04_socket_v1.png,data/renders/procedural/chamfered_04_socket_v2.png
obround_02_absent_hard,obround_02,obround,test,absent_hard,2,star_03,catalog,E3,incompatible,-0.8516,0.5312,0,data/renders/procedural/obround_02_peg_v1.png,data/renders/procedural/obround_02_peg_v2.png,data/renders/procedural/star_03_socket_v1.png,data/renders/procedural/star_03_socket_v2.png
obround_03_present_easy,obround_03,obround,test,present_easy,0,circle_01,catalog,E1,incompatible,-2.0,0.3728,0,data/renders/procedural/obround_03_peg_v1.png,data/renders/procedural/obround_03_peg_v2.png,data/renders/procedural/circle_01_socket_v1.png,data/renders/procedural/circle_01_socket_v2.png
obround_03_present_easy,obround_03,obround,test,present_easy,1,obround_03,catalog,M,compatible,0.2999,1.0,1,data/renders/procedural/obround_03_peg_v1.png,data/renders/procedural/obround_03_peg_v2.png,data/renders/procedural/obround_03_socket_v1.png,data/renders/procedural/obround_03_socket_v2.png
obround_03_present_easy,obround_03,obround,test,present_easy,2,circle_02,catalog,E2,incompatible,-2.0,0.503,0,data/renders/procedural/obround_03_peg_v1.png,data/renders/procedural/obround_03_peg_v2.png,data/renders/procedural/circle_02_socket_v1.png,data/renders/procedural/circle_02_socket_v2.png
obround_03_present_hard,obround_03,obround,test,present_hard,0,obround_03,catalog,M,compatible,0.2999,1.0,1,data/renders/procedural/obround_03_peg_v1.png,data/renders/procedural/obround_03_peg_v2.png,data/renders/procedural/obround_03_socket_v1.png,data/renders/procedural/obround_03_socket_v2.png
obround_03_present_hard,obround_03,obround,test,present_hard,1,circle_02,catalog,E2,incompatible,-2.0,0.503,0,data/renders/procedural/obround_03_peg_v1.png,data/renders/procedural/obround_03_peg_v2.png,data/renders/procedural/circle_02_socket_v1.png,data/renders/procedural/circle_02_socket_v2.png
obround_03_present_hard,obround_03,obround,test,present_hard,2,obround_03_shrunk0.20,shrunk,H,incompatible,-0.2002,0.8738,0,data/renders/procedural/obround_03_peg_v1.png,data/renders/procedural/obround_03_peg_v2.png,data/renders/blocks/obround_03_shrunk0.20_socket_v1.png,data/renders/blocks/obround_03_shrunk0.20_socket_v2.png
obround_03_absent_easy,obround_03,obround,test,absent_easy,0,circle_01,catalog,E1,incompatible,-2.0,0.3728,0,data/renders/procedural/obround_03_peg_v1.png,data/renders/procedural/obround_03_peg_v2.png,data/renders/procedural/circle_01_socket_v1.png,data/renders/procedural/circle_01_socket_v2.png
obround_03_absent_easy,obround_03,obround,test,absent_easy,1,obround_04,catalog,E3,incompatible,-2.0,0.3677,0,data/renders/procedural/obround_03_peg_v1.png,data/renders/procedural/obround_03_peg_v2.png,data/renders/procedural/obround_04_socket_v1.png,data/renders/procedural/obround_04_socket_v2.png
obround_03_absent_easy,obround_03,obround,test,absent_easy,2,circle_02,catalog,E2,incompatible,-2.0,0.503,0,data/renders/procedural/obround_03_peg_v1.png,data/renders/procedural/obround_03_peg_v2.png,data/renders/procedural/circle_02_socket_v1.png,data/renders/procedural/circle_02_socket_v2.png
obround_03_absent_hard,obround_03,obround,test,absent_hard,0,obround_03_shrunk0.20,shrunk,H,incompatible,-0.2002,0.8738,0,data/renders/procedural/obround_03_peg_v1.png,data/renders/procedural/obround_03_peg_v2.png,data/renders/blocks/obround_03_shrunk0.20_socket_v1.png,data/renders/blocks/obround_03_shrunk0.20_socket_v2.png
obround_03_absent_hard,obround_03,obround,test,absent_hard,1,obround_04,catalog,E3,incompatible,-2.0,0.3677,0,data/renders/procedural/obround_03_peg_v1.png,data/renders/procedural/obround_03_peg_v2.png,data/renders/procedural/obround_04_socket_v1.png,data/renders/procedural/obround_04_socket_v2.png
obround_03_absent_hard,obround_03,obround,test,absent_hard,2,circle_02,catalog,E2,incompatible,-2.0,0.503,0,data/renders/procedural/obround_03_peg_v1.png,data/renders/procedural/obround_03_peg_v2.png,data/renders/procedural/circle_02_socket_v1.png,data/renders/procedural/circle_02_socket_v2.png
ellipse_01_present_easy,ellipse_01,ellipse,dev,present_easy,0,cross_01,catalog,E1,incompatible,-2.0,0.5909,0,data/renders/procedural/ellipse_01_peg_v1.png,data/renders/procedural/ellipse_01_peg_v2.png,data/renders/procedural/cross_01_socket_v1.png,data/renders/procedural/cross_01_socket_v2.png
ellipse_01_present_easy,ellipse_01,ellipse,dev,present_easy,1,ellipse_01,catalog,M,compatible,0.2998,1.0,1,data/renders/procedural/ellipse_01_peg_v1.png,data/renders/procedural/ellipse_01_peg_v2.png,data/renders/procedural/ellipse_01_socket_v1.png,data/renders/procedural/ellipse_01_socket_v2.png
ellipse_01_present_easy,ellipse_01,ellipse,dev,present_easy,2,tube_02,catalog,E2,incompatible,-2.0,0.4571,0,data/renders/procedural/ellipse_01_peg_v1.png,data/renders/procedural/ellipse_01_peg_v2.png,data/renders/procedural/tube_02_socket_v1.png,data/renders/procedural/tube_02_socket_v2.png
ellipse_01_present_hard,ellipse_01,ellipse,dev,present_hard,0,ellipse_01_shrunk0.20,shrunk,H,incompatible,-0.2012,0.8741,0,data/renders/procedural/ellipse_01_peg_v1.png,data/renders/procedural/ellipse_01_peg_v2.png,data/renders/blocks/ellipse_01_shrunk0.20_socket_v1.png,data/renders/blocks/ellipse_01_shrunk0.20_socket_v2.png
ellipse_01_present_hard,ellipse_01,ellipse,dev,present_hard,1,ellipse_01,catalog,M,compatible,0.2998,1.0,1,data/renders/procedural/ellipse_01_peg_v1.png,data/renders/procedural/ellipse_01_peg_v2.png,data/renders/procedural/ellipse_01_socket_v1.png,data/renders/procedural/ellipse_01_socket_v2.png
ellipse_01_present_hard,ellipse_01,ellipse,dev,present_hard,2,tube_02,catalog,E2,incompatible,-2.0,0.4571,0,data/renders/procedural/ellipse_01_peg_v1.png,data/renders/procedural/ellipse_01_peg_v2.png,data/renders/procedural/tube_02_socket_v1.png,data/renders/procedural/tube_02_socket_v2.png
ellipse_01_absent_easy,ellipse_01,ellipse,dev,absent_easy,0,tube_03,catalog,E3,incompatible,-2.0,0.4457,0,data/renders/procedural/ellipse_01_peg_v1.png,data/renders/procedural/ellipse_01_peg_v2.png,data/renders/procedural/tube_03_socket_v1.png,data/renders/procedural/tube_03_socket_v2.png
ellipse_01_absent_easy,ellipse_01,ellipse,dev,absent_easy,1,tube_02,catalog,E2,incompatible,-2.0,0.4571,0,data/renders/procedural/ellipse_01_peg_v1.png,data/renders/procedural/ellipse_01_peg_v2.png,data/renders/procedural/tube_02_socket_v1.png,data/renders/procedural/tube_02_socket_v2.png
ellipse_01_absent_easy,ellipse_01,ellipse,dev,absent_easy,2,cross_01,catalog,E1,incompatible,-2.0,0.5909,0,data/renders/procedural/ellipse_01_peg_v1.png,data/renders/procedural/ellipse_01_peg_v2.png,data/renders/procedural/cross_01_socket_v1.png,data/renders/procedural/cross_01_socket_v2.png
ellipse_01_absent_hard,ellipse_01,ellipse,dev,absent_hard,0,tube_02,catalog,E2,incompatible,-2.0,0.4571,0,data/renders/procedural/ellipse_01_peg_v1.png,data/renders/procedural/ellipse_01_peg_v2.png,data/renders/procedural/tube_02_socket_v1.png,data/renders/procedural/tube_02_socket_v2.png
ellipse_01_absent_hard,ellipse_01,ellipse,dev,absent_hard,1,ellipse_01_shrunk0.20,shrunk,H,incompatible,-0.2012,0.8741,0,data/renders/procedural/ellipse_01_peg_v1.png,data/renders/procedural/ellipse_01_peg_v2.png,data/renders/blocks/ellipse_01_shrunk0.20_socket_v1.png,data/renders/blocks/ellipse_01_shrunk0.20_socket_v2.png
ellipse_01_absent_hard,ellipse_01,ellipse,dev,absent_hard,2,tube_03,catalog,E3,incompatible,-2.0,0.4457,0,data/renders/procedural/ellipse_01_peg_v1.png,data/renders/procedural/ellipse_01_peg_v2.png,data/renders/procedural/tube_03_socket_v1.png,data/renders/procedural/tube_03_socket_v2.png
ellipse_02_present_easy,ellipse_02,ellipse,dev,present_easy,0,tube_02,catalog,E2,incompatible,-2.0,0.4055,0,data/renders/procedural/ellipse_02_peg_v1.png,data/renders/procedural/ellipse_02_peg_v2.png,data/renders/procedural/tube_02_socket_v1.png,data/renders/procedural/tube_02_socket_v2.png
ellipse_02_present_easy,ellipse_02,ellipse,dev,present_easy,1,ellipse_02,catalog,M,compatible,0.2998,1.0,1,data/renders/procedural/ellipse_02_peg_v1.png,data/renders/procedural/ellipse_02_peg_v2.png,data/renders/procedural/ellipse_02_socket_v1.png,data/renders/procedural/ellipse_02_socket_v2.png
ellipse_02_present_easy,ellipse_02,ellipse,dev,present_easy,2,cross_01,catalog,E1,incompatible,-1.5703,0.5536,0,data/renders/procedural/ellipse_02_peg_v1.png,data/renders/procedural/ellipse_02_peg_v2.png,data/renders/procedural/cross_01_socket_v1.png,data/renders/procedural/cross_01_socket_v2.png
ellipse_02_present_hard,ellipse_02,ellipse,dev,present_hard,0,ellipse_02_shrunk0.20,shrunk,H,incompatible,-0.2012,0.8543,0,data/renders/procedural/ellipse_02_peg_v1.png,data/renders/procedural/ellipse_02_peg_v2.png,data/renders/blocks/ellipse_02_shrunk0.20_socket_v1.png,data/renders/blocks/ellipse_02_shrunk0.20_socket_v2.png
ellipse_02_present_hard,ellipse_02,ellipse,dev,present_hard,1,tube_02,catalog,E2,incompatible,-2.0,0.4055,0,data/renders/procedural/ellipse_02_peg_v1.png,data/renders/procedural/ellipse_02_peg_v2.png,data/renders/procedural/tube_02_socket_v1.png,data/renders/procedural/tube_02_socket_v2.png
ellipse_02_present_hard,ellipse_02,ellipse,dev,present_hard,2,ellipse_02,catalog,M,compatible,0.2998,1.0,1,data/renders/procedural/ellipse_02_peg_v1.png,data/renders/procedural/ellipse_02_peg_v2.png,data/renders/procedural/ellipse_02_socket_v1.png,data/renders/procedural/ellipse_02_socket_v2.png
ellipse_02_absent_easy,ellipse_02,ellipse,dev,absent_easy,0,tube_02,catalog,E2,incompatible,-2.0,0.4055,0,data/renders/procedural/ellipse_02_peg_v1.png,data/renders/procedural/ellipse_02_peg_v2.png,data/renders/procedural/tube_02_socket_v1.png,data/renders/procedural/tube_02_socket_v2.png
ellipse_02_absent_easy,ellipse_02,ellipse,dev,absent_easy,1,tube_03,catalog,E3,incompatible,-2.0,0.3155,0,data/renders/procedural/ellipse_02_peg_v1.png,data/renders/procedural/ellipse_02_peg_v2.png,data/renders/procedural/tube_03_socket_v1.png,data/renders/procedural/tube_03_socket_v2.png
ellipse_02_absent_easy,ellipse_02,ellipse,dev,absent_easy,2,cross_01,catalog,E1,incompatible,-1.5703,0.5536,0,data/renders/procedural/ellipse_02_peg_v1.png,data/renders/procedural/ellipse_02_peg_v2.png,data/renders/procedural/cross_01_socket_v1.png,data/renders/procedural/cross_01_socket_v2.png
ellipse_02_absent_hard,ellipse_02,ellipse,dev,absent_hard,0,tube_03,catalog,E3,incompatible,-2.0,0.3155,0,data/renders/procedural/ellipse_02_peg_v1.png,data/renders/procedural/ellipse_02_peg_v2.png,data/renders/procedural/tube_03_socket_v1.png,data/renders/procedural/tube_03_socket_v2.png
ellipse_02_absent_hard,ellipse_02,ellipse,dev,absent_hard,1,ellipse_02_shrunk0.20,shrunk,H,incompatible,-0.2012,0.8543,0,data/renders/procedural/ellipse_02_peg_v1.png,data/renders/procedural/ellipse_02_peg_v2.png,data/renders/blocks/ellipse_02_shrunk0.20_socket_v1.png,data/renders/blocks/ellipse_02_shrunk0.20_socket_v2.png
ellipse_02_absent_hard,ellipse_02,ellipse,dev,absent_hard,2,tube_02,catalog,E2,incompatible,-2.0,0.4055,0,data/renders/procedural/ellipse_02_peg_v1.png,data/renders/procedural/ellipse_02_peg_v2.png,data/renders/procedural/tube_02_socket_v1.png,data/renders/procedural/tube_02_socket_v2.png
ellipse_03_present_easy,ellipse_03,ellipse,dev,present_easy,0,dshape_03,catalog,E1,incompatible,-2.0,0.4546,0,data/renders/procedural/ellipse_03_peg_v1.png,data/renders/procedural/ellipse_03_peg_v2.png,data/renders/procedural/dshape_03_socket_v1.png,data/renders/procedural/dshape_03_socket_v2.png
ellipse_03_present_easy,ellipse_03,ellipse,dev,present_easy,1,ellipse_03,catalog,M,compatible,0.2998,1.0,1,data/renders/procedural/ellipse_03_peg_v1.png,data/renders/procedural/ellipse_03_peg_v2.png,data/renders/procedural/ellipse_03_socket_v1.png,data/renders/procedural/ellipse_03_socket_v2.png
ellipse_03_present_easy,ellipse_03,ellipse,dev,present_easy,2,tube_01,catalog,E2,incompatible,-2.0,0.4503,0,data/renders/procedural/ellipse_03_peg_v1.png,data/renders/procedural/ellipse_03_peg_v2.png,data/renders/procedural/tube_01_socket_v1.png,data/renders/procedural/tube_01_socket_v2.png
ellipse_03_present_hard,ellipse_03,ellipse,dev,present_hard,0,tube_01,catalog,E2,incompatible,-2.0,0.4503,0,data/renders/procedural/ellipse_03_peg_v1.png,data/renders/procedural/ellipse_03_peg_v2.png,data/renders/procedural/tube_01_socket_v1.png,data/renders/procedural/tube_01_socket_v2.png
ellipse_03_present_hard,ellipse_03,ellipse,dev,present_hard,1,ellipse_03_shrunk0.20,shrunk,H,incompatible,-0.2012,0.9006,0,data/renders/procedural/ellipse_03_peg_v1.png,data/renders/procedural/ellipse_03_peg_v2.png,data/renders/blocks/ellipse_03_shrunk0.20_socket_v1.png,data/renders/blocks/ellipse_03_shrunk0.20_socket_v2.png
ellipse_03_present_hard,ellipse_03,ellipse,dev,present_hard,2,ellipse_03,catalog,M,compatible,0.2998,1.0,1,data/renders/procedural/ellipse_03_peg_v1.png,data/renders/procedural/ellipse_03_peg_v2.png,data/renders/procedural/ellipse_03_socket_v1.png,data/renders/procedural/ellipse_03_socket_v2.png
ellipse_03_absent_easy,ellipse_03,ellipse,dev,absent_easy,0,dshape_03,catalog,E1,incompatible,-2.0,0.4546,0,data/renders/procedural/ellipse_03_peg_v1.png,data/renders/procedural/ellipse_03_peg_v2.png,data/renders/procedural/dshape_03_socket_v1.png,data/renders/procedural/dshape_03_socket_v2.png
ellipse_03_absent_easy,ellipse_03,ellipse,dev,absent_easy,1,tube_01,catalog,E2,incompatible,-2.0,0.4503,0,data/renders/procedural/ellipse_03_peg_v1.png,data/renders/procedural/ellipse_03_peg_v2.png,data/renders/procedural/tube_01_socket_v1.png,data/renders/procedural/tube_01_socket_v2.png
ellipse_03_absent_easy,ellipse_03,ellipse,dev,absent_easy,2,tube_02,catalog,E3,incompatible,-2.0,0.349,0,data/renders/procedural/ellipse_03_peg_v1.png,data/renders/procedural/ellipse_03_peg_v2.png,data/renders/procedural/tube_02_socket_v1.png,data/renders/procedural/tube_02_socket_v2.png
ellipse_03_absent_hard,ellipse_03,ellipse,dev,absent_hard,0,ellipse_03_shrunk0.20,shrunk,H,incompatible,-0.2012,0.9006,0,data/renders/procedural/ellipse_03_peg_v1.png,data/renders/procedural/ellipse_03_peg_v2.png,data/renders/blocks/ellipse_03_shrunk0.20_socket_v1.png,data/renders/blocks/ellipse_03_shrunk0.20_socket_v2.png
ellipse_03_absent_hard,ellipse_03,ellipse,dev,absent_hard,1,tube_01,catalog,E2,incompatible,-2.0,0.4503,0,data/renders/procedural/ellipse_03_peg_v1.png,data/renders/procedural/ellipse_03_peg_v2.png,data/renders/procedural/tube_01_socket_v1.png,data/renders/procedural/tube_01_socket_v2.png
ellipse_03_absent_hard,ellipse_03,ellipse,dev,absent_hard,2,tube_02,catalog,E3,incompatible,-2.0,0.349,0,data/renders/procedural/ellipse_03_peg_v1.png,data/renders/procedural/ellipse_03_peg_v2.png,data/renders/procedural/tube_02_socket_v1.png,data/renders/procedural/tube_02_socket_v2.png
polygon_01_present_easy,polygon_01,polygon,test,present_easy,0,circle_04,catalog,E2,incompatible,-0.7031,0.5114,0,data/renders/procedural/polygon_01_peg_v1.png,data/renders/procedural/polygon_01_peg_v2.png,data/renders/procedural/circle_04_socket_v1.png,data/renders/procedural/circle_04_socket_v2.png
polygon_01_present_easy,polygon_01,polygon,test,present_easy,1,polygon_01,catalog,M,compatible,0.2999,1.0,1,data/renders/procedural/polygon_01_peg_v1.png,data/renders/procedural/polygon_01_peg_v2.png,data/renders/procedural/polygon_01_socket_v1.png,data/renders/procedural/polygon_01_socket_v2.png
polygon_01_present_easy,polygon_01,polygon,test,present_easy,2,circle_01,catalog,E1,incompatible,-2.0,0.5052,0,data/renders/procedural/polygon_01_peg_v1.png,data/renders/procedural/polygon_01_peg_v2.png,data/renders/procedural/circle_01_socket_v1.png,data/renders/procedural/circle_01_socket_v2.png
polygon_01_present_hard,polygon_01,polygon,test,present_hard,0,polygon_01_shrunk0.20,shrunk,H,incompatible,-0.4004,0.8359,0,data/renders/procedural/polygon_01_peg_v1.png,data/renders/procedural/polygon_01_peg_v2.png,data/renders/blocks/polygon_01_shrunk0.20_socket_v1.png,data/renders/blocks/polygon_01_shrunk0.20_socket_v2.png
polygon_01_present_hard,polygon_01,polygon,test,present_hard,1,circle_04,catalog,E2,incompatible,-0.7031,0.5114,0,data/renders/procedural/polygon_01_peg_v1.png,data/renders/procedural/polygon_01_peg_v2.png,data/renders/procedural/circle_04_socket_v1.png,data/renders/procedural/circle_04_socket_v2.png
polygon_01_present_hard,polygon_01,polygon,test,present_hard,2,polygon_01,catalog,M,compatible,0.2999,1.0,1,data/renders/procedural/polygon_01_peg_v1.png,data/renders/procedural/polygon_01_peg_v2.png,data/renders/procedural/polygon_01_socket_v1.png,data/renders/procedural/polygon_01_socket_v2.png
polygon_01_absent_easy,polygon_01,polygon,test,absent_easy,0,obround_04,catalog,E3,incompatible,-2.0,0.4497,0,data/renders/procedural/polygon_01_peg_v1.png,data/renders/procedural/polygon_01_peg_v2.png,data/renders/procedural/obround_04_socket_v1.png,data/renders/procedural/obround_04_socket_v2.png
polygon_01_absent_easy,polygon_01,polygon,test,absent_easy,1,circle_04,catalog,E2,incompatible,-0.7031,0.5114,0,data/renders/procedural/polygon_01_peg_v1.png,data/renders/procedural/polygon_01_peg_v2.png,data/renders/procedural/circle_04_socket_v1.png,data/renders/procedural/circle_04_socket_v2.png
polygon_01_absent_easy,polygon_01,polygon,test,absent_easy,2,circle_01,catalog,E1,incompatible,-2.0,0.5052,0,data/renders/procedural/polygon_01_peg_v1.png,data/renders/procedural/polygon_01_peg_v2.png,data/renders/procedural/circle_01_socket_v1.png,data/renders/procedural/circle_01_socket_v2.png
polygon_01_absent_hard,polygon_01,polygon,test,absent_hard,0,obround_04,catalog,E3,incompatible,-2.0,0.4497,0,data/renders/procedural/polygon_01_peg_v1.png,data/renders/procedural/polygon_01_peg_v2.png,data/renders/procedural/obround_04_socket_v1.png,data/renders/procedural/obround_04_socket_v2.png
polygon_01_absent_hard,polygon_01,polygon,test,absent_hard,1,polygon_01_shrunk0.20,shrunk,H,incompatible,-0.4004,0.8359,0,data/renders/procedural/polygon_01_peg_v1.png,data/renders/procedural/polygon_01_peg_v2.png,data/renders/blocks/polygon_01_shrunk0.20_socket_v1.png,data/renders/blocks/polygon_01_shrunk0.20_socket_v2.png
polygon_01_absent_hard,polygon_01,polygon,test,absent_hard,2,circle_04,catalog,E2,incompatible,-0.7031,0.5114,0,data/renders/procedural/polygon_01_peg_v1.png,data/renders/procedural/polygon_01_peg_v2.png,data/renders/procedural/circle_04_socket_v1.png,data/renders/procedural/circle_04_socket_v2.png
polygon_02_present_easy,polygon_02,polygon,test,present_easy,0,chamfered_04,catalog,E1,incompatible,-2.0,0.4711,0,data/renders/procedural/polygon_02_peg_v1.png,data/renders/procedural/polygon_02_peg_v2.png,data/renders/procedural/chamfered_04_socket_v1.png,data/renders/procedural/chamfered_04_socket_v2.png
polygon_02_present_easy,polygon_02,polygon,test,present_easy,1,polygon_02,catalog,M,compatible,0.2999,1.0,1,data/renders/procedural/polygon_02_peg_v1.png,data/renders/procedural/polygon_02_peg_v2.png,data/renders/procedural/polygon_02_socket_v1.png,data/renders/procedural/polygon_02_socket_v2.png
polygon_02_present_easy,polygon_02,polygon,test,present_easy,2,circle_01,catalog,E2,incompatible,-2.0,0.345,0,data/renders/procedural/polygon_02_peg_v1.png,data/renders/procedural/polygon_02_peg_v2.png,data/renders/procedural/circle_01_socket_v1.png,data/renders/procedural/circle_01_socket_v2.png
polygon_02_present_hard,polygon_02,polygon,test,present_hard,0,circle_01,catalog,E2,incompatible,-2.0,0.345,0,data/renders/procedural/polygon_02_peg_v1.png,data/renders/procedural/polygon_02_peg_v2.png,data/renders/procedural/circle_01_socket_v1.png,data/renders/procedural/circle_01_socket_v2.png
polygon_02_present_hard,polygon_02,polygon,test,present_hard,1,polygon_02,catalog,M,compatible,0.2999,1.0,1,data/renders/procedural/polygon_02_peg_v1.png,data/renders/procedural/polygon_02_peg_v2.png,data/renders/procedural/polygon_02_socket_v1.png,data/renders/procedural/polygon_02_socket_v2.png
polygon_02_present_hard,polygon_02,polygon,test,present_hard,2,star_04,catalog,H,incompatible,-0.7461,0.8851,0,data/renders/procedural/polygon_02_peg_v1.png,data/renders/procedural/polygon_02_peg_v2.png,data/renders/procedural/star_04_socket_v1.png,data/renders/procedural/star_04_socket_v2.png
polygon_02_absent_easy,polygon_02,polygon,test,absent_easy,0,obround_04,catalog,E3,incompatible,-2.0,0.3403,0,data/renders/procedural/polygon_02_peg_v1.png,data/renders/procedural/polygon_02_peg_v2.png,data/renders/procedural/obround_04_socket_v1.png,data/renders/procedural/obround_04_socket_v2.png
polygon_02_absent_easy,polygon_02,polygon,test,absent_easy,1,chamfered_04,catalog,E1,incompatible,-2.0,0.4711,0,data/renders/procedural/polygon_02_peg_v1.png,data/renders/procedural/polygon_02_peg_v2.png,data/renders/procedural/chamfered_04_socket_v1.png,data/renders/procedural/chamfered_04_socket_v2.png
polygon_02_absent_easy,polygon_02,polygon,test,absent_easy,2,circle_01,catalog,E2,incompatible,-2.0,0.345,0,data/renders/procedural/polygon_02_peg_v1.png,data/renders/procedural/polygon_02_peg_v2.png,data/renders/procedural/circle_01_socket_v1.png,data/renders/procedural/circle_01_socket_v2.png
polygon_02_absent_hard,polygon_02,polygon,test,absent_hard,0,obround_04,catalog,E3,incompatible,-2.0,0.3403,0,data/renders/procedural/polygon_02_peg_v1.png,data/renders/procedural/polygon_02_peg_v2.png,data/renders/procedural/obround_04_socket_v1.png,data/renders/procedural/obround_04_socket_v2.png
polygon_02_absent_hard,polygon_02,polygon,test,absent_hard,1,star_04,catalog,H,incompatible,-0.7461,0.8851,0,data/renders/procedural/polygon_02_peg_v1.png,data/renders/procedural/polygon_02_peg_v2.png,data/renders/procedural/star_04_socket_v1.png,data/renders/procedural/star_04_socket_v2.png
polygon_02_absent_hard,polygon_02,polygon,test,absent_hard,2,circle_01,catalog,E2,incompatible,-2.0,0.345,0,data/renders/procedural/polygon_02_peg_v1.png,data/renders/procedural/polygon_02_peg_v2.png,data/renders/procedural/circle_01_socket_v1.png,data/renders/procedural/circle_01_socket_v2.png
polygon_03_present_easy,polygon_03,polygon,test,present_easy,0,circle_01,catalog,E2,incompatible,-2.0,0.3172,0,data/renders/procedural/polygon_03_peg_v1.png,data/renders/procedural/polygon_03_peg_v2.png,data/renders/procedural/circle_01_socket_v1.png,data/renders/procedural/circle_01_socket_v2.png
polygon_03_present_easy,polygon_03,polygon,test,present_easy,1,polygon_03,catalog,M,compatible,0.2999,1.0,1,data/renders/procedural/polygon_03_peg_v1.png,data/renders/procedural/polygon_03_peg_v2.png,data/renders/procedural/polygon_03_socket_v1.png,data/renders/procedural/polygon_03_socket_v2.png
polygon_03_present_easy,polygon_03,polygon,test,present_easy,2,chamfered_04,catalog,E1,incompatible,-2.0,0.4332,0,data/renders/procedural/polygon_03_peg_v1.png,data/renders/procedural/polygon_03_peg_v2.png,data/renders/procedural/chamfered_04_socket_v1.png,data/renders/procedural/chamfered_04_socket_v2.png
polygon_03_present_hard,polygon_03,polygon,test,present_hard,0,polygon_05,catalog,H,incompatible,-0.4619,0.896,0,data/renders/procedural/polygon_03_peg_v1.png,data/renders/procedural/polygon_03_peg_v2.png,data/renders/procedural/polygon_05_socket_v1.png,data/renders/procedural/polygon_05_socket_v2.png
polygon_03_present_hard,polygon_03,polygon,test,present_hard,1,polygon_03,catalog,M,compatible,0.2999,1.0,1,data/renders/procedural/polygon_03_peg_v1.png,data/renders/procedural/polygon_03_peg_v2.png,data/renders/procedural/polygon_03_socket_v1.png,data/renders/procedural/polygon_03_socket_v2.png
polygon_03_present_hard,polygon_03,polygon,test,present_hard,2,circle_01,catalog,E2,incompatible,-2.0,0.3172,0,data/renders/procedural/polygon_03_peg_v1.png,data/renders/procedural/polygon_03_peg_v2.png,data/renders/procedural/circle_01_socket_v1.png,data/renders/procedural/circle_01_socket_v2.png
polygon_03_absent_easy,polygon_03,polygon,test,absent_easy,0,obround_04,catalog,E3,incompatible,-2.0,0.3128,0,data/renders/procedural/polygon_03_peg_v1.png,data/renders/procedural/polygon_03_peg_v2.png,data/renders/procedural/obround_04_socket_v1.png,data/renders/procedural/obround_04_socket_v2.png
polygon_03_absent_easy,polygon_03,polygon,test,absent_easy,1,circle_01,catalog,E2,incompatible,-2.0,0.3172,0,data/renders/procedural/polygon_03_peg_v1.png,data/renders/procedural/polygon_03_peg_v2.png,data/renders/procedural/circle_01_socket_v1.png,data/renders/procedural/circle_01_socket_v2.png
polygon_03_absent_easy,polygon_03,polygon,test,absent_easy,2,chamfered_04,catalog,E1,incompatible,-2.0,0.4332,0,data/renders/procedural/polygon_03_peg_v1.png,data/renders/procedural/polygon_03_peg_v2.png,data/renders/procedural/chamfered_04_socket_v1.png,data/renders/procedural/chamfered_04_socket_v2.png
polygon_03_absent_hard,polygon_03,polygon,test,absent_hard,0,obround_04,catalog,E3,incompatible,-2.0,0.3128,0,data/renders/procedural/polygon_03_peg_v1.png,data/renders/procedural/polygon_03_peg_v2.png,data/renders/procedural/obround_04_socket_v1.png,data/renders/procedural/obround_04_socket_v2.png
polygon_03_absent_hard,polygon_03,polygon,test,absent_hard,1,circle_01,catalog,E2,incompatible,-2.0,0.3172,0,data/renders/procedural/polygon_03_peg_v1.png,data/renders/procedural/polygon_03_peg_v2.png,data/renders/procedural/circle_01_socket_v1.png,data/renders/procedural/circle_01_socket_v2.png
polygon_03_absent_hard,polygon_03,polygon,test,absent_hard,2,polygon_05,catalog,H,incompatible,-0.4619,0.896,0,data/renders/procedural/polygon_03_peg_v1.png,data/renders/procedural/polygon_03_peg_v2.png,data/renders/procedural/polygon_05_socket_v1.png,data/renders/procedural/polygon_05_socket_v2.png
polygon_04_present_easy,polygon_04,polygon,test,present_easy,0,obround_03,catalog,E2,incompatible,-1.6289,0.5537,0,data/renders/procedural/polygon_04_peg_v1.png,data/renders/procedural/polygon_04_peg_v2.png,data/renders/procedural/obround_03_socket_v1.png,data/renders/procedural/obround_03_socket_v2.png
polygon_04_present_easy,polygon_04,polygon,test,present_easy,1,polygon_04,catalog,M,compatible,0.2999,1.0,1,data/renders/procedural/polygon_04_peg_v1.png,data/renders/procedural/polygon_04_peg_v2.png,data/renders/procedural/polygon_04_socket_v1.png,data/renders/procedural/polygon_04_socket_v2.png
polygon_04_present_easy,polygon_04,polygon,test,present_easy,2,circle_01,catalog,E1,incompatible,-2.0,0.4875,0,data/renders/procedural/polygon_04_peg_v1.png,data/renders/procedural/polygon_04_peg_v2.png,data/renders/procedural/circle_01_socket_v1.png,data/renders/procedural/circle_01_socket_v2.png
polygon_04_present_hard,polygon_04,polygon,test,present_hard,0,obround_03,catalog,E2,incompatible,-1.6289,0.5537,0,data/renders/procedural/polygon_04_peg_v1.png,data/renders/procedural/polygon_04_peg_v2.png,data/renders/procedural/obround_03_socket_v1.png,data/renders/procedural/obround_03_socket_v2.png
polygon_04_present_hard,polygon_04,polygon,test,present_hard,1,polygon_04_shrunk0.20,shrunk,H,incompatible,-0.2314,0.8666,0,data/renders/procedural/polygon_04_peg_v1.png,data/renders/procedural/polygon_04_peg_v2.png,data/renders/blocks/polygon_04_shrunk0.20_socket_v1.png,data/renders/blocks/polygon_04_shrunk0.20_socket_v2.png
polygon_04_present_hard,polygon_04,polygon,test,present_hard,2,polygon_04,catalog,M,compatible,0.2999,1.0,1,data/renders/procedural/polygon_04_peg_v1.png,data/renders/procedural/polygon_04_peg_v2.png,data/renders/procedural/polygon_04_socket_v1.png,data/renders/procedural/polygon_04_socket_v2.png
polygon_04_absent_easy,polygon_04,polygon,test,absent_easy,0,circle_01,catalog,E1,incompatible,-2.0,0.4875,0,data/renders/procedural/polygon_04_peg_v1.png,data/renders/procedural/polygon_04_peg_v2.png,data/renders/procedural/circle_01_socket_v1.png,data/renders/procedural/circle_01_socket_v2.png
polygon_04_absent_easy,polygon_04,polygon,test,absent_easy,1,obround_03,catalog,E2,incompatible,-1.6289,0.5537,0,data/renders/procedural/polygon_04_peg_v1.png,data/renders/procedural/polygon_04_peg_v2.png,data/renders/procedural/obround_03_socket_v1.png,data/renders/procedural/obround_03_socket_v2.png
polygon_04_absent_easy,polygon_04,polygon,test,absent_easy,2,obround_04,catalog,E3,incompatible,-2.0,0.4808,0,data/renders/procedural/polygon_04_peg_v1.png,data/renders/procedural/polygon_04_peg_v2.png,data/renders/procedural/obround_04_socket_v1.png,data/renders/procedural/obround_04_socket_v2.png
polygon_04_absent_hard,polygon_04,polygon,test,absent_hard,0,polygon_04_shrunk0.20,shrunk,H,incompatible,-0.2314,0.8666,0,data/renders/procedural/polygon_04_peg_v1.png,data/renders/procedural/polygon_04_peg_v2.png,data/renders/blocks/polygon_04_shrunk0.20_socket_v1.png,data/renders/blocks/polygon_04_shrunk0.20_socket_v2.png
polygon_04_absent_hard,polygon_04,polygon,test,absent_hard,1,obround_04,catalog,E3,incompatible,-2.0,0.4808,0,data/renders/procedural/polygon_04_peg_v1.png,data/renders/procedural/polygon_04_peg_v2.png,data/renders/procedural/obround_04_socket_v1.png,data/renders/procedural/obround_04_socket_v2.png
polygon_04_absent_hard,polygon_04,polygon,test,absent_hard,2,obround_03,catalog,E2,incompatible,-1.6289,0.5537,0,data/renders/procedural/polygon_04_peg_v1.png,data/renders/procedural/polygon_04_peg_v2.png,data/renders/procedural/obround_03_socket_v1.png,data/renders/procedural/obround_03_socket_v2.png
polygon_05_present_easy,polygon_05,polygon,test,present_easy,0,polygon_05,catalog,M,compatible,0.2999,1.0,1,data/renders/procedural/polygon_05_peg_v1.png,data/renders/procedural/polygon_05_peg_v2.png,data/renders/procedural/polygon_05_socket_v1.png,data/renders/procedural/polygon_05_socket_v2.png
polygon_05_present_easy,polygon_05,polygon,test,present_easy,1,chamfered_04,catalog,E1,incompatible,-2.0,0.3995,0,data/renders/procedural/polygon_05_peg_v1.png,data/renders/procedural/polygon_05_peg_v2.png,data/renders/procedural/chamfered_04_socket_v1.png,data/renders/procedural/chamfered_04_socket_v2.png
polygon_05_present_easy,polygon_05,polygon,test,present_easy,2,circle_01,catalog,E2,incompatible,-2.0,0.2926,0,data/renders/procedural/polygon_05_peg_v1.png,data/renders/procedural/polygon_05_peg_v2.png,data/renders/procedural/circle_01_socket_v1.png,data/renders/procedural/circle_01_socket_v2.png
polygon_05_present_hard,polygon_05,polygon,test,present_hard,0,circle_01,catalog,E2,incompatible,-2.0,0.2926,0,data/renders/procedural/polygon_05_peg_v1.png,data/renders/procedural/polygon_05_peg_v2.png,data/renders/procedural/circle_01_socket_v1.png,data/renders/procedural/circle_01_socket_v2.png
polygon_05_present_hard,polygon_05,polygon,test,present_hard,1,polygon_05,catalog,M,compatible,0.2999,1.0,1,data/renders/procedural/polygon_05_peg_v1.png,data/renders/procedural/polygon_05_peg_v2.png,data/renders/procedural/polygon_05_socket_v1.png,data/renders/procedural/polygon_05_socket_v2.png
polygon_05_present_hard,polygon_05,polygon,test,present_hard,2,polygon_05_shrunk0.20,shrunk,H,incompatible,-0.2168,0.898,0,data/renders/procedural/polygon_05_peg_v1.png,data/renders/procedural/polygon_05_peg_v2.png,data/renders/blocks/polygon_05_shrunk0.20_socket_v1.png,data/renders/blocks/polygon_05_shrunk0.20_socket_v2.png
polygon_05_absent_easy,polygon_05,polygon,test,absent_easy,0,chamfered_04,catalog,E1,incompatible,-2.0,0.3995,0,data/renders/procedural/polygon_05_peg_v1.png,data/renders/procedural/polygon_05_peg_v2.png,data/renders/procedural/chamfered_04_socket_v1.png,data/renders/procedural/chamfered_04_socket_v2.png
polygon_05_absent_easy,polygon_05,polygon,test,absent_easy,1,circle_01,catalog,E2,incompatible,-2.0,0.2926,0,data/renders/procedural/polygon_05_peg_v1.png,data/renders/procedural/polygon_05_peg_v2.png,data/renders/procedural/circle_01_socket_v1.png,data/renders/procedural/circle_01_socket_v2.png
polygon_05_absent_easy,polygon_05,polygon,test,absent_easy,2,obround_04,catalog,E3,incompatible,-2.0,0.2886,0,data/renders/procedural/polygon_05_peg_v1.png,data/renders/procedural/polygon_05_peg_v2.png,data/renders/procedural/obround_04_socket_v1.png,data/renders/procedural/obround_04_socket_v2.png
polygon_05_absent_hard,polygon_05,polygon,test,absent_hard,0,polygon_05_shrunk0.20,shrunk,H,incompatible,-0.2168,0.898,0,data/renders/procedural/polygon_05_peg_v1.png,data/renders/procedural/polygon_05_peg_v2.png,data/renders/blocks/polygon_05_shrunk0.20_socket_v1.png,data/renders/blocks/polygon_05_shrunk0.20_socket_v2.png
polygon_05_absent_hard,polygon_05,polygon,test,absent_hard,1,circle_01,catalog,E2,incompatible,-2.0,0.2926,0,data/renders/procedural/polygon_05_peg_v1.png,data/renders/procedural/polygon_05_peg_v2.png,data/renders/procedural/circle_01_socket_v1.png,data/renders/procedural/circle_01_socket_v2.png
polygon_05_absent_hard,polygon_05,polygon,test,absent_hard,2,obround_04,catalog,E3,incompatible,-2.0,0.2886,0,data/renders/procedural/polygon_05_peg_v1.png,data/renders/procedural/polygon_05_peg_v2.png,data/renders/procedural/obround_04_socket_v1.png,data/renders/procedural/obround_04_socket_v2.png
dshape_01_present_easy,dshape_01,dshape,dev,present_easy,0,dshape_01,catalog,M,compatible,0.2923,1.0,1,data/renders/procedural/dshape_01_peg_v1.png,data/renders/procedural/dshape_01_peg_v2.png,data/renders/procedural/dshape_01_socket_v1.png,data/renders/procedural/dshape_01_socket_v2.png
dshape_01_present_easy,dshape_01,dshape,dev,present_easy,1,tube_02,catalog,E2,incompatible,-2.0,0.5427,0,data/renders/procedural/dshape_01_peg_v1.png,data/renders/procedural/dshape_01_peg_v2.png,data/renders/procedural/tube_02_socket_v1.png,data/renders/procedural/tube_02_socket_v2.png
dshape_01_present_easy,dshape_01,dshape,dev,present_easy,2,cross_01,catalog,E1,incompatible,-2.0,0.5395,0,data/renders/procedural/dshape_01_peg_v1.png,data/renders/procedural/dshape_01_peg_v2.png,data/renders/procedural/cross_01_socket_v1.png,data/renders/procedural/cross_01_socket_v2.png
dshape_01_present_hard,dshape_01,dshape,dev,present_hard,0,dshape_01,catalog,M,compatible,0.2923,1.0,1,data/renders/procedural/dshape_01_peg_v1.png,data/renders/procedural/dshape_01_peg_v2.png,data/renders/procedural/dshape_01_socket_v1.png,data/renders/procedural/dshape_01_socket_v2.png
dshape_01_present_hard,dshape_01,dshape,dev,present_hard,1,dshape_01_shrunk0.20,shrunk,H,incompatible,-0.209,0.877,0,data/renders/procedural/dshape_01_peg_v1.png,data/renders/procedural/dshape_01_peg_v2.png,data/renders/blocks/dshape_01_shrunk0.20_socket_v1.png,data/renders/blocks/dshape_01_shrunk0.20_socket_v2.png
dshape_01_present_hard,dshape_01,dshape,dev,present_hard,2,tube_02,catalog,E2,incompatible,-2.0,0.5427,0,data/renders/procedural/dshape_01_peg_v1.png,data/renders/procedural/dshape_01_peg_v2.png,data/renders/procedural/tube_02_socket_v1.png,data/renders/procedural/tube_02_socket_v2.png
dshape_01_absent_easy,dshape_01,dshape,dev,absent_easy,0,cross_01,catalog,E1,incompatible,-2.0,0.5395,0,data/renders/procedural/dshape_01_peg_v1.png,data/renders/procedural/dshape_01_peg_v2.png,data/renders/procedural/cross_01_socket_v1.png,data/renders/procedural/cross_01_socket_v2.png
dshape_01_absent_easy,dshape_01,dshape,dev,absent_easy,1,tube_03,catalog,E3,incompatible,-2.0,0.4867,0,data/renders/procedural/dshape_01_peg_v1.png,data/renders/procedural/dshape_01_peg_v2.png,data/renders/procedural/tube_03_socket_v1.png,data/renders/procedural/tube_03_socket_v2.png
dshape_01_absent_easy,dshape_01,dshape,dev,absent_easy,2,tube_02,catalog,E2,incompatible,-2.0,0.5427,0,data/renders/procedural/dshape_01_peg_v1.png,data/renders/procedural/dshape_01_peg_v2.png,data/renders/procedural/tube_02_socket_v1.png,data/renders/procedural/tube_02_socket_v2.png
dshape_01_absent_hard,dshape_01,dshape,dev,absent_hard,0,tube_03,catalog,E3,incompatible,-2.0,0.4867,0,data/renders/procedural/dshape_01_peg_v1.png,data/renders/procedural/dshape_01_peg_v2.png,data/renders/procedural/tube_03_socket_v1.png,data/renders/procedural/tube_03_socket_v2.png
dshape_01_absent_hard,dshape_01,dshape,dev,absent_hard,1,dshape_01_shrunk0.20,shrunk,H,incompatible,-0.209,0.877,0,data/renders/procedural/dshape_01_peg_v1.png,data/renders/procedural/dshape_01_peg_v2.png,data/renders/blocks/dshape_01_shrunk0.20_socket_v1.png,data/renders/blocks/dshape_01_shrunk0.20_socket_v2.png
dshape_01_absent_hard,dshape_01,dshape,dev,absent_hard,2,tube_02,catalog,E2,incompatible,-2.0,0.5427,0,data/renders/procedural/dshape_01_peg_v1.png,data/renders/procedural/dshape_01_peg_v2.png,data/renders/procedural/tube_02_socket_v1.png,data/renders/procedural/tube_02_socket_v2.png
dshape_02_present_easy,dshape_02,dshape,dev,present_easy,0,dshape_02,catalog,M,compatible,0.283,1.0,1,data/renders/procedural/dshape_02_peg_v1.png,data/renders/procedural/dshape_02_peg_v2.png,data/renders/procedural/dshape_02_socket_v1.png,data/renders/procedural/dshape_02_socket_v2.png
dshape_02_present_easy,dshape_02,dshape,dev,present_easy,1,tube_02,catalog,E2,incompatible,-2.0,0.5225,0,data/renders/procedural/dshape_02_peg_v1.png,data/renders/procedural/dshape_02_peg_v2.png,data/renders/procedural/tube_02_socket_v1.png,data/renders/procedural/tube_02_socket_v2.png
dshape_02_present_easy,dshape_02,dshape,dev,present_easy,2,cross_01,catalog,E1,incompatible,-2.0,0.5181,0,data/renders/procedural/dshape_02_peg_v1.png,data/renders/procedural/dshape_02_peg_v2.png,data/renders/procedural/cross_01_socket_v1.png,data/renders/procedural/cross_01_socket_v2.png
dshape_02_present_hard,dshape_02,dshape,dev,present_hard,0,tube_02,catalog,E2,incompatible,-2.0,0.5225,0,data/renders/procedural/dshape_02_peg_v1.png,data/renders/procedural/dshape_02_peg_v2.png,data/renders/procedural/tube_02_socket_v1.png,data/renders/procedural/tube_02_socket_v2.png
dshape_02_present_hard,dshape_02,dshape,dev,present_hard,1,dshape_02_shrunk0.20,shrunk,H,incompatible,-0.2217,0.8647,0,data/renders/procedural/dshape_02_peg_v1.png,data/renders/procedural/dshape_02_peg_v2.png,data/renders/blocks/dshape_02_shrunk0.20_socket_v1.png,data/renders/blocks/dshape_02_shrunk0.20_socket_v2.png
dshape_02_present_hard,dshape_02,dshape,dev,present_hard,2,dshape_02,catalog,M,compatible,0.283,1.0,1,data/renders/procedural/dshape_02_peg_v1.png,data/renders/procedural/dshape_02_peg_v2.png,data/renders/procedural/dshape_02_socket_v1.png,data/renders/procedural/dshape_02_socket_v2.png
dshape_02_absent_easy,dshape_02,dshape,dev,absent_easy,0,tube_03,catalog,E3,incompatible,-2.0,0.3933,0,data/renders/procedural/dshape_02_peg_v1.png,data/renders/procedural/dshape_02_peg_v2.png,data/renders/procedural/tube_03_socket_v1.png,data/renders/procedural/tube_03_socket_v2.png
dshape_02_absent_easy,dshape_02,dshape,dev,absent_easy,1,cross_01,catalog,E1,incompatible,-2.0,0.5181,0,data/renders/procedural/dshape_02_peg_v1.png,data/renders/procedural/dshape_02_peg_v2.png,data/renders/procedural/cross_01_socket_v1.png,data/renders/procedural/cross_01_socket_v2.png
dshape_02_absent_easy,dshape_02,dshape,dev,absent_easy,2,tube_02,catalog,E2,incompatible,-2.0,0.5225,0,data/renders/procedural/dshape_02_peg_v1.png,data/renders/procedural/dshape_02_peg_v2.png,data/renders/procedural/tube_02_socket_v1.png,data/renders/procedural/tube_02_socket_v2.png
dshape_02_absent_hard,dshape_02,dshape,dev,absent_hard,0,tube_03,catalog,E3,incompatible,-2.0,0.3933,0,data/renders/procedural/dshape_02_peg_v1.png,data/renders/procedural/dshape_02_peg_v2.png,data/renders/procedural/tube_03_socket_v1.png,data/renders/procedural/tube_03_socket_v2.png
dshape_02_absent_hard,dshape_02,dshape,dev,absent_hard,1,tube_02,catalog,E2,incompatible,-2.0,0.5225,0,data/renders/procedural/dshape_02_peg_v1.png,data/renders/procedural/dshape_02_peg_v2.png,data/renders/procedural/tube_02_socket_v1.png,data/renders/procedural/tube_02_socket_v2.png
dshape_02_absent_hard,dshape_02,dshape,dev,absent_hard,2,dshape_02_shrunk0.20,shrunk,H,incompatible,-0.2217,0.8647,0,data/renders/procedural/dshape_02_peg_v1.png,data/renders/procedural/dshape_02_peg_v2.png,data/renders/blocks/dshape_02_shrunk0.20_socket_v1.png,data/renders/blocks/dshape_02_shrunk0.20_socket_v2.png
dshape_03_present_easy,dshape_03,dshape,dev,present_easy,0,tube_02,catalog,E2,incompatible,-2.0,0.4173,0,data/renders/procedural/dshape_03_peg_v1.png,data/renders/procedural/dshape_03_peg_v2.png,data/renders/procedural/tube_02_socket_v1.png,data/renders/procedural/tube_02_socket_v2.png
dshape_03_present_easy,dshape_03,dshape,dev,present_easy,1,cross_01,catalog,E1,incompatible,-1.5615,0.4953,0,data/renders/procedural/dshape_03_peg_v1.png,data/renders/procedural/dshape_03_peg_v2.png,data/renders/procedural/cross_01_socket_v1.png,data/renders/procedural/cross_01_socket_v2.png
dshape_03_present_easy,dshape_03,dshape,dev,present_easy,2,dshape_03,catalog,M,compatible,0.2744,1.0,1,data/renders/procedural/dshape_03_peg_v1.png,data/renders/procedural/dshape_03_peg_v2.png,data/renders/procedural/dshape_03_socket_v1.png,data/renders/procedural/dshape_03_socket_v2.png
dshape_03_present_hard,dshape_03,dshape,dev,present_hard,0,dshape_03,catalog,M,compatible,0.2744,1.0,1,data/renders/procedural/dshape_03_peg_v1.png,data/renders/procedural/dshape_03_peg_v2.png,data/renders/procedural/dshape_03_socket_v1.png,data/renders/procedural/dshape_03_socket_v2.png
dshape_03_present_hard,dshape_03,dshape,dev,present_hard,1,dshape_03_shrunk0.20,shrunk,H,incompatible,-0.2412,0.8459,0,data/renders/procedural/dshape_03_peg_v1.png,data/renders/procedural/dshape_03_peg_v2.png,data/renders/blocks/dshape_03_shrunk0.20_socket_v1.png,data/renders/blocks/dshape_03_shrunk0.20_socket_v2.png
dshape_03_present_hard,dshape_03,dshape,dev,present_hard,2,tube_02,catalog,E2,incompatible,-2.0,0.4173,0,data/renders/procedural/dshape_03_peg_v1.png,data/renders/procedural/dshape_03_peg_v2.png,data/renders/procedural/tube_02_socket_v1.png,data/renders/procedural/tube_02_socket_v2.png
dshape_03_absent_easy,dshape_03,dshape,dev,absent_easy,0,tube_02,catalog,E2,incompatible,-2.0,0.4173,0,data/renders/procedural/dshape_03_peg_v1.png,data/renders/procedural/dshape_03_peg_v2.png,data/renders/procedural/tube_02_socket_v1.png,data/renders/procedural/tube_02_socket_v2.png
dshape_03_absent_easy,dshape_03,dshape,dev,absent_easy,1,cross_01,catalog,E1,incompatible,-1.5615,0.4953,0,data/renders/procedural/dshape_03_peg_v1.png,data/renders/procedural/dshape_03_peg_v2.png,data/renders/procedural/cross_01_socket_v1.png,data/renders/procedural/cross_01_socket_v2.png
dshape_03_absent_easy,dshape_03,dshape,dev,absent_easy,2,tube_03,catalog,E3,incompatible,-2.0,0.282,0,data/renders/procedural/dshape_03_peg_v1.png,data/renders/procedural/dshape_03_peg_v2.png,data/renders/procedural/tube_03_socket_v1.png,data/renders/procedural/tube_03_socket_v2.png
dshape_03_absent_hard,dshape_03,dshape,dev,absent_hard,0,tube_02,catalog,E2,incompatible,-2.0,0.4173,0,data/renders/procedural/dshape_03_peg_v1.png,data/renders/procedural/dshape_03_peg_v2.png,data/renders/procedural/tube_02_socket_v1.png,data/renders/procedural/tube_02_socket_v2.png
dshape_03_absent_hard,dshape_03,dshape,dev,absent_hard,1,dshape_03_shrunk0.20,shrunk,H,incompatible,-0.2412,0.8459,0,data/renders/procedural/dshape_03_peg_v1.png,data/renders/procedural/dshape_03_peg_v2.png,data/renders/blocks/dshape_03_shrunk0.20_socket_v1.png,data/renders/blocks/dshape_03_shrunk0.20_socket_v2.png
dshape_03_absent_hard,dshape_03,dshape,dev,absent_hard,2,tube_03,catalog,E3,incompatible,-2.0,0.282,0,data/renders/procedural/dshape_03_peg_v1.png,data/renders/procedural/dshape_03_peg_v2.png,data/renders/procedural/tube_03_socket_v1.png,data/renders/procedural/tube_03_socket_v2.png
dshape_04_present_easy,dshape_04,dshape,dev,present_easy,0,tube_01,catalog,E2,incompatible,-2.0,0.5021,0,data/renders/procedural/dshape_04_peg_v1.png,data/renders/procedural/dshape_04_peg_v2.png,data/renders/procedural/tube_01_socket_v1.png,data/renders/procedural/tube_01_socket_v2.png
dshape_04_present_easy,dshape_04,dshape,dev,present_easy,1,dshape_03,catalog,E1,incompatible,-2.0,0.5069,0,data/renders/procedural/dshape_04_peg_v1.png,data/renders/procedural/dshape_04_peg_v2.png,data/renders/procedural/dshape_03_socket_v1.png,data/renders/procedural/dshape_03_socket_v2.png
dshape_04_present_easy,dshape_04,dshape,dev,present_easy,2,dshape_04,catalog,M,compatible,0.2865,1.0,1,data/renders/procedural/dshape_04_peg_v1.png,data/renders/procedural/dshape_04_peg_v2.png,data/renders/procedural/dshape_04_socket_v1.png,data/renders/procedural/dshape_04_socket_v2.png
dshape_04_present_hard,dshape_04,dshape,dev,present_hard,0,dshape_04_shrunk0.20,shrunk,H,incompatible,-0.2158,0.8947,0,data/renders/procedural/dshape_04_peg_v1.png,data/renders/procedural/dshape_04_peg_v2.png,data/renders/blocks/dshape_04_shrunk0.20_socket_v1.png,data/renders/blocks/dshape_04_shrunk0.20_socket_v2.png
dshape_04_present_hard,dshape_04,dshape,dev,present_hard,1,tube_01,catalog,E2,incompatible,-2.0,0.5021,0,data/renders/procedural/dshape_04_peg_v1.png,data/renders/procedural/dshape_04_peg_v2.png,data/renders/procedural/tube_01_socket_v1.png,data/renders/procedural/tube_01_socket_v2.png
dshape_04_present_hard,dshape_04,dshape,dev,present_hard,2,dshape_04,catalog,M,compatible,0.2865,1.0,1,data/renders/procedural/dshape_04_peg_v1.png,data/renders/procedural/dshape_04_peg_v2.png,data/renders/procedural/dshape_04_socket_v1.png,data/renders/procedural/dshape_04_socket_v2.png
dshape_04_absent_easy,dshape_04,dshape,dev,absent_easy,0,tube_01,catalog,E2,incompatible,-2.0,0.5021,0,data/renders/procedural/dshape_04_peg_v1.png,data/renders/procedural/dshape_04_peg_v2.png,data/renders/procedural/tube_01_socket_v1.png,data/renders/procedural/tube_01_socket_v2.png
dshape_04_absent_easy,dshape_04,dshape,dev,absent_easy,1,tube_02,catalog,E3,incompatible,-2.0,0.3891,0,data/renders/procedural/dshape_04_peg_v1.png,data/renders/procedural/dshape_04_peg_v2.png,data/renders/procedural/tube_02_socket_v1.png,data/renders/procedural/tube_02_socket_v2.png
dshape_04_absent_easy,dshape_04,dshape,dev,absent_easy,2,dshape_03,catalog,E1,incompatible,-2.0,0.5069,0,data/renders/procedural/dshape_04_peg_v1.png,data/renders/procedural/dshape_04_peg_v2.png,data/renders/procedural/dshape_03_socket_v1.png,data/renders/procedural/dshape_03_socket_v2.png
dshape_04_absent_hard,dshape_04,dshape,dev,absent_hard,0,dshape_04_shrunk0.20,shrunk,H,incompatible,-0.2158,0.8947,0,data/renders/procedural/dshape_04_peg_v1.png,data/renders/procedural/dshape_04_peg_v2.png,data/renders/blocks/dshape_04_shrunk0.20_socket_v1.png,data/renders/blocks/dshape_04_shrunk0.20_socket_v2.png
dshape_04_absent_hard,dshape_04,dshape,dev,absent_hard,1,tube_02,catalog,E3,incompatible,-2.0,0.3891,0,data/renders/procedural/dshape_04_peg_v1.png,data/renders/procedural/dshape_04_peg_v2.png,data/renders/procedural/tube_02_socket_v1.png,data/renders/procedural/tube_02_socket_v2.png
dshape_04_absent_hard,dshape_04,dshape,dev,absent_hard,2,tube_01,catalog,E2,incompatible,-2.0,0.5021,0,data/renders/procedural/dshape_04_peg_v1.png,data/renders/procedural/dshape_04_peg_v2.png,data/renders/procedural/tube_01_socket_v1.png,data/renders/procedural/tube_01_socket_v2.png
double_d_01_present_easy,double_d_01,double_d,test,present_easy,0,double_d_01,catalog,M,compatible,0.2999,1.0,1,data/renders/procedural/double_d_01_peg_v1.png,data/renders/procedural/double_d_01_peg_v2.png,data/renders/procedural/double_d_01_socket_v1.png,data/renders/procedural/double_d_01_socket_v2.png
double_d_01_present_easy,double_d_01,double_d,test,present_easy,1,circle_01,catalog,E1,incompatible,-2.0,0.4723,0,data/renders/procedural/double_d_01_peg_v1.png,data/renders/procedural/double_d_01_peg_v2.png,data/renders/procedural/circle_01_socket_v1.png,data/renders/procedural/circle_01_socket_v2.png
double_d_01_present_easy,double_d_01,double_d,test,present_easy,2,obround_03,catalog,E2,incompatible,-0.7002,0.6266,0,data/renders/procedural/double_d_01_peg_v1.png,data/renders/procedural/double_d_01_peg_v2.png,data/renders/procedural/obround_03_socket_v1.png,data/renders/procedural/obround_03_socket_v2.png
double_d_01_present_hard,double_d_01,double_d,test,present_hard,0,double_d_01,catalog,M,compatible,0.2999,1.0,1,data/renders/procedural/double_d_01_peg_v1.png,data/renders/procedural/double_d_01_peg_v2.png,data/renders/procedural/double_d_01_socket_v1.png,data/renders/procedural/double_d_01_socket_v2.png
double_d_01_present_hard,double_d_01,double_d,test,present_hard,1,double_d_01_shrunk0.20,shrunk,H,incompatible,-0.2139,0.8699,0,data/renders/procedural/double_d_01_peg_v1.png,data/renders/procedural/double_d_01_peg_v2.png,data/renders/blocks/double_d_01_shrunk0.20_socket_v1.png,data/renders/blocks/double_d_01_shrunk0.20_socket_v2.png
double_d_01_present_hard,double_d_01,double_d,test,present_hard,2,obround_03,catalog,E2,incompatible,-0.7002,0.6266,0,data/renders/procedural/double_d_01_peg_v1.png,data/renders/procedural/double_d_01_peg_v2.png,data/renders/procedural/obround_03_socket_v1.png,data/renders/procedural/obround_03_socket_v2.png
double_d_01_absent_easy,double_d_01,double_d,test,absent_easy,0,obround_04,catalog,E3,incompatible,-2.0,0.4658,0,data/renders/procedural/double_d_01_peg_v1.png,data/renders/procedural/double_d_01_peg_v2.png,data/renders/procedural/obround_04_socket_v1.png,data/renders/procedural/obround_04_socket_v2.png
double_d_01_absent_easy,double_d_01,double_d,test,absent_easy,1,obround_03,catalog,E2,incompatible,-0.7002,0.6266,0,data/renders/procedural/double_d_01_peg_v1.png,data/renders/procedural/double_d_01_peg_v2.png,data/renders/procedural/obround_03_socket_v1.png,data/renders/procedural/obround_03_socket_v2.png
double_d_01_absent_easy,double_d_01,double_d,test,absent_easy,2,circle_01,catalog,E1,incompatible,-2.0,0.4723,0,data/renders/procedural/double_d_01_peg_v1.png,data/renders/procedural/double_d_01_peg_v2.png,data/renders/procedural/circle_01_socket_v1.png,data/renders/procedural/circle_01_socket_v2.png
double_d_01_absent_hard,double_d_01,double_d,test,absent_hard,0,double_d_01_shrunk0.20,shrunk,H,incompatible,-0.2139,0.8699,0,data/renders/procedural/double_d_01_peg_v1.png,data/renders/procedural/double_d_01_peg_v2.png,data/renders/blocks/double_d_01_shrunk0.20_socket_v1.png,data/renders/blocks/double_d_01_shrunk0.20_socket_v2.png
double_d_01_absent_hard,double_d_01,double_d,test,absent_hard,1,obround_04,catalog,E3,incompatible,-2.0,0.4658,0,data/renders/procedural/double_d_01_peg_v1.png,data/renders/procedural/double_d_01_peg_v2.png,data/renders/procedural/obround_04_socket_v1.png,data/renders/procedural/obround_04_socket_v2.png
double_d_01_absent_hard,double_d_01,double_d,test,absent_hard,2,obround_03,catalog,E2,incompatible,-0.7002,0.6266,0,data/renders/procedural/double_d_01_peg_v1.png,data/renders/procedural/double_d_01_peg_v2.png,data/renders/procedural/obround_03_socket_v1.png,data/renders/procedural/obround_03_socket_v2.png
double_d_02_present_easy,double_d_02,double_d,test,present_easy,0,star_03,catalog,E2,incompatible,-1.7158,0.5546,0,data/renders/procedural/double_d_02_peg_v1.png,data/renders/procedural/double_d_02_peg_v2.png,data/renders/procedural/star_03_socket_v1.png,data/renders/procedural/star_03_socket_v2.png
double_d_02_present_easy,double_d_02,double_d,test,present_easy,1,double_d_02,catalog,M,compatible,0.2999,1.0,1,data/renders/procedural/double_d_02_peg_v1.png,data/renders/procedural/double_d_02_peg_v2.png,data/renders/procedural/double_d_02_socket_v1.png,data/renders/procedural/double_d_02_socket_v2.png
double_d_02_present_easy,double_d_02,double_d,test,present_easy,2,circle_01,catalog,E1,incompatible,-2.0,0.5524,0,data/renders/procedural/double_d_02_peg_v1.png,data/renders/procedural/double_d_02_peg_v2.png,data/renders/procedural/circle_01_socket_v1.png,data/renders/procedural/circle_01_socket_v2.png
double_d_02_present_hard,double_d_02,double_d,test,present_hard,0,star_03,catalog,E2,incompatible,-1.7158,0.5546,0,data/renders/procedural/double_d_02_peg_v1.png,data/renders/procedural/double_d_02_peg_v2.png,data/renders/procedural/star_03_socket_v1.png,data/renders/procedural/star_03_socket_v2.png
double_d_02_present_hard,double_d_02,double_d,test,present_hard,1,double_d_02,catalog,M,compatible,0.2999,1.0,1,data/renders/procedural/double_d_02_peg_v1.png,data/renders/procedural/double_d_02_peg_v2.png,data/renders/procedural/double_d_02_socket_v1.png,data/renders/procedural/double_d_02_socket_v2.png
double_d_02_present_hard,double_d_02,double_d,test,present_hard,2,obround_02,catalog,H,incompatible,-0.6562,0.9326,0,data/renders/procedural/double_d_02_peg_v1.png,data/renders/procedural/double_d_02_peg_v2.png,data/renders/procedural/obround_02_socket_v1.png,data/renders/procedural/obround_02_socket_v2.png
double_d_02_absent_easy,double_d_02,double_d,test,absent_easy,0,circle_01,catalog,E1,incompatible,-2.0,0.5524,0,data/renders/procedural/double_d_02_peg_v1.png,data/renders/procedural/double_d_02_peg_v2.png,data/renders/procedural/circle_01_socket_v1.png,data/renders/procedural/circle_01_socket_v2.png
double_d_02_absent_easy,double_d_02,double_d,test,absent_easy,1,star_04,catalog,E3,incompatible,-0.6582,0.5248,0,data/renders/procedural/double_d_02_peg_v1.png,data/renders/procedural/double_d_02_peg_v2.png,data/renders/procedural/star_04_socket_v1.png,data/renders/procedural/star_04_socket_v2.png
double_d_02_absent_easy,double_d_02,double_d,test,absent_easy,2,star_03,catalog,E2,incompatible,-1.7158,0.5546,0,data/renders/procedural/double_d_02_peg_v1.png,data/renders/procedural/double_d_02_peg_v2.png,data/renders/procedural/star_03_socket_v1.png,data/renders/procedural/star_03_socket_v2.png
double_d_02_absent_hard,double_d_02,double_d,test,absent_hard,0,obround_02,catalog,H,incompatible,-0.6562,0.9326,0,data/renders/procedural/double_d_02_peg_v1.png,data/renders/procedural/double_d_02_peg_v2.png,data/renders/procedural/obround_02_socket_v1.png,data/renders/procedural/obround_02_socket_v2.png
double_d_02_absent_hard,double_d_02,double_d,test,absent_hard,1,star_03,catalog,E2,incompatible,-1.7158,0.5546,0,data/renders/procedural/double_d_02_peg_v1.png,data/renders/procedural/double_d_02_peg_v2.png,data/renders/procedural/star_03_socket_v1.png,data/renders/procedural/star_03_socket_v2.png
double_d_02_absent_hard,double_d_02,double_d,test,absent_hard,2,star_04,catalog,E3,incompatible,-0.6582,0.5248,0,data/renders/procedural/double_d_02_peg_v1.png,data/renders/procedural/double_d_02_peg_v2.png,data/renders/procedural/star_04_socket_v1.png,data/renders/procedural/star_04_socket_v2.png
double_d_03_present_easy,double_d_03,double_d,test,present_easy,0,circle_01,catalog,E2,incompatible,-2.0,0.323,0,data/renders/procedural/double_d_03_peg_v1.png,data/renders/procedural/double_d_03_peg_v2.png,data/renders/procedural/circle_01_socket_v1.png,data/renders/procedural/circle_01_socket_v2.png
double_d_03_present_easy,double_d_03,double_d,test,present_easy,1,chamfered_04,catalog,E1,incompatible,-2.0,0.441,0,data/renders/procedural/double_d_03_peg_v1.png,data/renders/procedural/double_d_03_peg_v2.png,data/renders/procedural/chamfered_04_socket_v1.png,data/renders/procedural/chamfered_04_socket_v2.png
double_d_03_present_easy,double_d_03,double_d,test,present_easy,2,double_d_03,catalog,M,compatible,0.2999,1.0,1,data/renders/procedural/double_d_03_peg_v1.png,data/renders/procedural/double_d_03_peg_v2.png,data/renders/procedural/double_d_03_socket_v1.png,data/renders/procedural/double_d_03_socket_v2.png
double_d_03_present_hard,double_d_03,double_d,test,present_hard,0,double_d_03_shrunk0.20,shrunk,H,incompatible,-0.2178,0.8904,0,data/renders/procedural/double_d_03_peg_v1.png,data/renders/procedural/double_d_03_peg_v2.png,data/renders/blocks/double_d_03_shrunk0.20_socket_v1.png,data/renders/blocks/double_d_03_shrunk0.20_socket_v2.png
double_d_03_present_hard,double_d_03,double_d,test,present_hard,1,circle_01,catalog,E2,incompatible,-2.0,0.323,0,data/renders/procedural/double_d_03_peg_v1.png,data/renders/procedural/double_d_03_peg_v2.png,data/renders/procedural/circle_01_socket_v1.png,data/renders/procedural/circle_01_socket_v2.png
double_d_03_present_hard,double_d_03,double_d,test,present_hard,2,double_d_03,catalog,M,compatible,0.2999,1.0,1,data/renders/procedural/double_d_03_peg_v1.png,data/renders/procedural/double_d_03_peg_v2.png,data/renders/procedural/double_d_03_socket_v1.png,data/renders/procedural/double_d_03_socket_v2.png
double_d_03_absent_easy,double_d_03,double_d,test,absent_easy,0,chamfered_04,catalog,E1,incompatible,-2.0,0.441,0,data/renders/procedural/double_d_03_peg_v1.png,data/renders/procedural/double_d_03_peg_v2.png,data/renders/procedural/chamfered_04_socket_v1.png,data/renders/procedural/chamfered_04_socket_v2.png
double_d_03_absent_easy,double_d_03,double_d,test,absent_easy,1,circle_01,catalog,E2,incompatible,-2.0,0.323,0,data/renders/procedural/double_d_03_peg_v1.png,data/renders/procedural/double_d_03_peg_v2.png,data/renders/procedural/circle_01_socket_v1.png,data/renders/procedural/circle_01_socket_v2.png
double_d_03_absent_easy,double_d_03,double_d,test,absent_easy,2,obround_04,catalog,E3,incompatible,-2.0,0.3185,0,data/renders/procedural/double_d_03_peg_v1.png,data/renders/procedural/double_d_03_peg_v2.png,data/renders/procedural/obround_04_socket_v1.png,data/renders/procedural/obround_04_socket_v2.png
double_d_03_absent_hard,double_d_03,double_d,test,absent_hard,0,obround_04,catalog,E3,incompatible,-2.0,0.3185,0,data/renders/procedural/double_d_03_peg_v1.png,data/renders/procedural/double_d_03_peg_v2.png,data/renders/procedural/obround_04_socket_v1.png,data/renders/procedural/obround_04_socket_v2.png
double_d_03_absent_hard,double_d_03,double_d,test,absent_hard,1,double_d_03_shrunk0.20,shrunk,H,incompatible,-0.2178,0.8904,0,data/renders/procedural/double_d_03_peg_v1.png,data/renders/procedural/double_d_03_peg_v2.png,data/renders/blocks/double_d_03_shrunk0.20_socket_v1.png,data/renders/blocks/double_d_03_shrunk0.20_socket_v2.png
double_d_03_absent_hard,double_d_03,double_d,test,absent_hard,2,circle_01,catalog,E2,incompatible,-2.0,0.323,0,data/renders/procedural/double_d_03_peg_v1.png,data/renders/procedural/double_d_03_peg_v2.png,data/renders/procedural/circle_01_socket_v1.png,data/renders/procedural/circle_01_socket_v2.png
cross_01_present_easy,cross_01,cross,dev,present_easy,0,tube_01,catalog,E1,incompatible,-2.0,0.4408,0,data/renders/procedural/cross_01_peg_v1.png,data/renders/procedural/cross_01_peg_v2.png,data/renders/procedural/tube_01_socket_v1.png,data/renders/procedural/tube_01_socket_v2.png
cross_01_present_easy,cross_01,cross,dev,present_easy,1,tube_02,catalog,E2,incompatible,-2.0,0.3057,0,data/renders/procedural/cross_01_peg_v1.png,data/renders/procedural/cross_01_peg_v2.png,data/renders/procedural/tube_02_socket_v1.png,data/renders/procedural/tube_02_socket_v2.png
cross_01_present_easy,cross_01,cross,dev,present_easy,2,cross_01,catalog,M,compatible,0.2999,1.0,1,data/renders/procedural/cross_01_peg_v1.png,data/renders/procedural/cross_01_peg_v2.png,data/renders/procedural/cross_01_socket_v1.png,data/renders/procedural/cross_01_socket_v2.png
cross_01_present_hard,cross_01,cross,dev,present_hard,0,cross_01,catalog,M,compatible,0.2999,1.0,1,data/renders/procedural/cross_01_peg_v1.png,data/renders/procedural/cross_01_peg_v2.png,data/renders/procedural/cross_01_socket_v1.png,data/renders/procedural/cross_01_socket_v2.png
cross_01_present_hard,cross_01,cross,dev,present_hard,1,tube_02,catalog,E2,incompatible,-2.0,0.3057,0,data/renders/procedural/cross_01_peg_v1.png,data/renders/procedural/cross_01_peg_v2.png,data/renders/procedural/tube_02_socket_v1.png,data/renders/procedural/tube_02_socket_v2.png
cross_01_present_hard,cross_01,cross,dev,present_hard,2,cross_01_shrunk0.20,shrunk,H,incompatible,-0.2832,0.7991,0,data/renders/procedural/cross_01_peg_v1.png,data/renders/procedural/cross_01_peg_v2.png,data/renders/blocks/cross_01_shrunk0.20_socket_v1.png,data/renders/blocks/cross_01_shrunk0.20_socket_v2.png
cross_01_absent_easy,cross_01,cross,dev,absent_easy,0,tube_01,catalog,E1,incompatible,-2.0,0.4408,0,data/renders/procedural/cross_01_peg_v1.png,data/renders/procedural/cross_01_peg_v2.png,data/renders/procedural/tube_01_socket_v1.png,data/renders/procedural/tube_01_socket_v2.png
cross_01_absent_easy,cross_01,cross,dev,absent_easy,1,tube_03,catalog,E3,incompatible,-2.0,0.3608,0,data/renders/procedural/cross_01_peg_v1.png,data/renders/procedural/cross_01_peg_v2.png,data/renders/procedural/tube_03_socket_v1.png,data/renders/procedural/tube_03_socket_v2.png
cross_01_absent_easy,cross_01,cross,dev,absent_easy,2,tube_02,catalog,E2,incompatible,-2.0,0.3057,0,data/renders/procedural/cross_01_peg_v1.png,data/renders/procedural/cross_01_peg_v2.png,data/renders/procedural/tube_02_socket_v1.png,data/renders/procedural/tube_02_socket_v2.png
cross_01_absent_hard,cross_01,cross,dev,absent_hard,0,tube_03,catalog,E3,incompatible,-2.0,0.3608,0,data/renders/procedural/cross_01_peg_v1.png,data/renders/procedural/cross_01_peg_v2.png,data/renders/procedural/tube_03_socket_v1.png,data/renders/procedural/tube_03_socket_v2.png
cross_01_absent_hard,cross_01,cross,dev,absent_hard,1,cross_01_shrunk0.20,shrunk,H,incompatible,-0.2832,0.7991,0,data/renders/procedural/cross_01_peg_v1.png,data/renders/procedural/cross_01_peg_v2.png,data/renders/blocks/cross_01_shrunk0.20_socket_v1.png,data/renders/blocks/cross_01_shrunk0.20_socket_v2.png
cross_01_absent_hard,cross_01,cross,dev,absent_hard,2,tube_02,catalog,E2,incompatible,-2.0,0.3057,0,data/renders/procedural/cross_01_peg_v1.png,data/renders/procedural/cross_01_peg_v2.png,data/renders/procedural/tube_02_socket_v1.png,data/renders/procedural/tube_02_socket_v2.png
cross_02_present_easy,cross_02,cross,dev,present_easy,0,cross_02,catalog,M,compatible,0.2999,1.0,1,data/renders/procedural/cross_02_peg_v1.png,data/renders/procedural/cross_02_peg_v2.png,data/renders/procedural/cross_02_socket_v1.png,data/renders/procedural/cross_02_socket_v2.png
cross_02_present_easy,cross_02,cross,dev,present_easy,1,dshape_03,catalog,E1,incompatible,-2.0,0.506,0,data/renders/procedural/cross_02_peg_v1.png,data/renders/procedural/cross_02_peg_v2.png,data/renders/procedural/dshape_03_socket_v1.png,data/renders/procedural/dshape_03_socket_v2.png
cross_02_present_easy,cross_02,cross,dev,present_easy,2,tube_01,catalog,E2,incompatible,-2.0,0.4857,0,data/renders/procedural/cross_02_peg_v1.png,data/renders/procedural/cross_02_peg_v2.png,data/renders/procedural/tube_01_socket_v1.png,data/renders/procedural/tube_01_socket_v2.png
cross_02_present_hard,cross_02,cross,dev,present_hard,0,cross_02,catalog,M,compatible,0.2999,1.0,1,data/renders/procedural/cross_02_peg_v1.png,data/renders/procedural/cross_02_peg_v2.png,data/renders/procedural/cross_02_socket_v1.png,data/renders/procedural/cross_02_socket_v2.png
cross_02_present_hard,cross_02,cross,dev,present_hard,1,cross_02_shrunk0.20,shrunk,H,incompatible,-0.2832,0.8572,0,data/renders/procedural/cross_02_peg_v1.png,data/renders/procedural/cross_02_peg_v2.png,data/renders/blocks/cross_02_shrunk0.20_socket_v1.png,data/renders/blocks/cross_02_shrunk0.20_socket_v2.png
cross_02_present_hard,cross_02,cross,dev,present_hard,2,tube_01,catalog,E2,incompatible,-2.0,0.4857,0,data/renders/procedural/cross_02_peg_v1.png,data/renders/procedural/cross_02_peg_v2.png,data/renders/procedural/tube_01_socket_v1.png,data/renders/procedural/tube_01_socket_v2.png
cross_02_absent_easy,cross_02,cross,dev,absent_easy,0,tube_01,catalog,E2,incompatible,-2.0,0.4857,0,data/renders/procedural/cross_02_peg_v1.png,data/renders/procedural/cross_02_peg_v2.png,data/renders/procedural/tube_01_socket_v1.png,data/renders/procedural/tube_01_socket_v2.png
cross_02_absent_easy,cross_02,cross,dev,absent_easy,1,dshape_03,catalog,E1,incompatible,-2.0,0.506,0,data/renders/procedural/cross_02_peg_v1.png,data/renders/procedural/cross_02_peg_v2.png,data/renders/procedural/dshape_03_socket_v1.png,data/renders/procedural/dshape_03_socket_v2.png
cross_02_absent_easy,cross_02,cross,dev,absent_easy,2,tube_02,catalog,E3,incompatible,-2.0,0.372,0,data/renders/procedural/cross_02_peg_v1.png,data/renders/procedural/cross_02_peg_v2.png,data/renders/procedural/tube_02_socket_v1.png,data/renders/procedural/tube_02_socket_v2.png
cross_02_absent_hard,cross_02,cross,dev,absent_hard,0,tube_01,catalog,E2,incompatible,-2.0,0.4857,0,data/renders/procedural/cross_02_peg_v1.png,data/renders/procedural/cross_02_peg_v2.png,data/renders/procedural/tube_01_socket_v1.png,data/renders/procedural/tube_01_socket_v2.png
cross_02_absent_hard,cross_02,cross,dev,absent_hard,1,tube_02,catalog,E3,incompatible,-2.0,0.372,0,data/renders/procedural/cross_02_peg_v1.png,data/renders/procedural/cross_02_peg_v2.png,data/renders/procedural/tube_02_socket_v1.png,data/renders/procedural/tube_02_socket_v2.png
cross_02_absent_hard,cross_02,cross,dev,absent_hard,2,cross_02_shrunk0.20,shrunk,H,incompatible,-0.2832,0.8572,0,data/renders/procedural/cross_02_peg_v1.png,data/renders/procedural/cross_02_peg_v2.png,data/renders/blocks/cross_02_shrunk0.20_socket_v1.png,data/renders/blocks/cross_02_shrunk0.20_socket_v2.png
cross_03_present_easy,cross_03,cross,dev,present_easy,0,cross_03,catalog,M,compatible,0.2999,1.0,1,data/renders/procedural/cross_03_peg_v1.png,data/renders/procedural/cross_03_peg_v2.png,data/renders/procedural/cross_03_socket_v1.png,data/renders/procedural/cross_03_socket_v2.png
cross_03_present_easy,cross_03,cross,dev,present_easy,1,tube_01,catalog,E1,incompatible,-2.0,0.596,0,data/renders/procedural/cross_03_peg_v1.png,data/renders/procedural/cross_03_peg_v2.png,data/renders/procedural/tube_01_socket_v1.png,data/renders/procedural/tube_01_socket_v2.png
cross_03_present_easy,cross_03,cross,dev,present_easy,2,tube_02,catalog,E2,incompatible,-2.0,0.4338,0,data/renders/procedural/cross_03_peg_v1.png,data/renders/procedural/cross_03_peg_v2.png,data/renders/procedural/tube_02_socket_v1.png,data/renders/procedural/tube_02_socket_v2.png
cross_03_present_hard,cross_03,cross,dev,present_hard,0,tube_02,catalog,E2,incompatible,-2.0,0.4338,0,data/renders/procedural/cross_03_peg_v1.png,data/renders/procedural/cross_03_peg_v2.png,data/renders/procedural/tube_02_socket_v1.png,data/renders/procedural/tube_02_socket_v2.png
cross_03_present_hard,cross_03,cross,dev,present_hard,1,cross_03,catalog,M,compatible,0.2999,1.0,1,data/renders/procedural/cross_03_peg_v1.png,data/renders/procedural/cross_03_peg_v2.png,data/renders/procedural/cross_03_socket_v1.png,data/renders/procedural/cross_03_socket_v2.png
cross_03_present_hard,cross_03,cross,dev,present_hard,2,cross_03_shrunk0.20,shrunk,H,incompatible,-0.2832,0.8175,0,data/renders/procedural/cross_03_peg_v1.png,data/renders/procedural/cross_03_peg_v2.png,data/renders/blocks/cross_03_shrunk0.20_socket_v1.png,data/renders/blocks/cross_03_shrunk0.20_socket_v2.png
cross_03_absent_easy,cross_03,cross,dev,absent_easy,0,tube_01,catalog,E1,incompatible,-2.0,0.596,0,data/renders/procedural/cross_03_peg_v1.png,data/renders/procedural/cross_03_peg_v2.png,data/renders/procedural/tube_01_socket_v1.png,data/renders/procedural/tube_01_socket_v2.png
cross_03_absent_easy,cross_03,cross,dev,absent_easy,1,tube_03,catalog,E3,incompatible,-2.0,0.3904,0,data/renders/procedural/cross_03_peg_v1.png,data/renders/procedural/cross_03_peg_v2.png,data/renders/procedural/tube_03_socket_v1.png,data/renders/procedural/tube_03_socket_v2.png
cross_03_absent_easy,cross_03,cross,dev,absent_easy,2,tube_02,catalog,E2,incompatible,-2.0,0.4338,0,data/renders/procedural/cross_03_peg_v1.png,data/renders/procedural/cross_03_peg_v2.png,data/renders/procedural/tube_02_socket_v1.png,data/renders/procedural/tube_02_socket_v2.png
cross_03_absent_hard,cross_03,cross,dev,absent_hard,0,tube_02,catalog,E2,incompatible,-2.0,0.4338,0,data/renders/procedural/cross_03_peg_v1.png,data/renders/procedural/cross_03_peg_v2.png,data/renders/procedural/tube_02_socket_v1.png,data/renders/procedural/tube_02_socket_v2.png
cross_03_absent_hard,cross_03,cross,dev,absent_hard,1,tube_03,catalog,E3,incompatible,-2.0,0.3904,0,data/renders/procedural/cross_03_peg_v1.png,data/renders/procedural/cross_03_peg_v2.png,data/renders/procedural/tube_03_socket_v1.png,data/renders/procedural/tube_03_socket_v2.png
cross_03_absent_hard,cross_03,cross,dev,absent_hard,2,cross_03_shrunk0.20,shrunk,H,incompatible,-0.2832,0.8175,0,data/renders/procedural/cross_03_peg_v1.png,data/renders/procedural/cross_03_peg_v2.png,data/renders/blocks/cross_03_shrunk0.20_socket_v1.png,data/renders/blocks/cross_03_shrunk0.20_socket_v2.png
cross_04_present_easy,cross_04,cross,dev,present_easy,0,cross_04,catalog,M,compatible,0.2999,1.0,1,data/renders/procedural/cross_04_peg_v1.png,data/renders/procedural/cross_04_peg_v2.png,data/renders/procedural/cross_04_socket_v1.png,data/renders/procedural/cross_04_socket_v2.png
cross_04_present_easy,cross_04,cross,dev,present_easy,1,tube_02,catalog,E2,incompatible,-2.0,0.407,0,data/renders/procedural/cross_04_peg_v1.png,data/renders/procedural/cross_04_peg_v2.png,data/renders/procedural/tube_02_socket_v1.png,data/renders/procedural/tube_02_socket_v2.png
cross_04_present_easy,cross_04,cross,dev,present_easy,2,tube_01,catalog,E1,incompatible,-2.0,0.5592,0,data/renders/procedural/cross_04_peg_v1.png,data/renders/procedural/cross_04_peg_v2.png,data/renders/procedural/tube_01_socket_v1.png,data/renders/procedural/tube_01_socket_v2.png
cross_04_present_hard,cross_04,cross,dev,present_hard,0,cross_04,catalog,M,compatible,0.2999,1.0,1,data/renders/procedural/cross_04_peg_v1.png,data/renders/procedural/cross_04_peg_v2.png,data/renders/procedural/cross_04_socket_v1.png,data/renders/procedural/cross_04_socket_v2.png
cross_04_present_hard,cross_04,cross,dev,present_hard,1,cross_04_shrunk0.20,shrunk,H,incompatible,-0.2832,0.8197,0,data/renders/procedural/cross_04_peg_v1.png,data/renders/procedural/cross_04_peg_v2.png,data/renders/blocks/cross_04_shrunk0.20_socket_v1.png,data/renders/blocks/cross_04_shrunk0.20_socket_v2.png
cross_04_present_hard,cross_04,cross,dev,present_hard,2,tube_02,catalog,E2,incompatible,-2.0,0.407,0,data/renders/procedural/cross_04_peg_v1.png,data/renders/procedural/cross_04_peg_v2.png,data/renders/procedural/tube_02_socket_v1.png,data/renders/procedural/tube_02_socket_v2.png
cross_04_absent_easy,cross_04,cross,dev,absent_easy,0,tube_03,catalog,E3,incompatible,-2.0,0.36,0,data/renders/procedural/cross_04_peg_v1.png,data/renders/procedural/cross_04_peg_v2.png,data/renders/procedural/tube_03_socket_v1.png,data/renders/procedural/tube_03_socket_v2.png
cross_04_absent_easy,cross_04,cross,dev,absent_easy,1,tube_02,catalog,E2,incompatible,-2.0,0.407,0,data/renders/procedural/cross_04_peg_v1.png,data/renders/procedural/cross_04_peg_v2.png,data/renders/procedural/tube_02_socket_v1.png,data/renders/procedural/tube_02_socket_v2.png
cross_04_absent_easy,cross_04,cross,dev,absent_easy,2,tube_01,catalog,E1,incompatible,-2.0,0.5592,0,data/renders/procedural/cross_04_peg_v1.png,data/renders/procedural/cross_04_peg_v2.png,data/renders/procedural/tube_01_socket_v1.png,data/renders/procedural/tube_01_socket_v2.png
cross_04_absent_hard,cross_04,cross,dev,absent_hard,0,cross_04_shrunk0.20,shrunk,H,incompatible,-0.2832,0.8197,0,data/renders/procedural/cross_04_peg_v1.png,data/renders/procedural/cross_04_peg_v2.png,data/renders/blocks/cross_04_shrunk0.20_socket_v1.png,data/renders/blocks/cross_04_shrunk0.20_socket_v2.png
cross_04_absent_hard,cross_04,cross,dev,absent_hard,1,tube_02,catalog,E2,incompatible,-2.0,0.407,0,data/renders/procedural/cross_04_peg_v1.png,data/renders/procedural/cross_04_peg_v2.png,data/renders/procedural/tube_02_socket_v1.png,data/renders/procedural/tube_02_socket_v2.png
cross_04_absent_hard,cross_04,cross,dev,absent_hard,2,tube_03,catalog,E3,incompatible,-2.0,0.36,0,data/renders/procedural/cross_04_peg_v1.png,data/renders/procedural/cross_04_peg_v2.png,data/renders/procedural/tube_03_socket_v1.png,data/renders/procedural/tube_03_socket_v2.png
tee_01_present_easy,tee_01,tee,calib,present_easy,0,tee_01,catalog,M,compatible,0.2551,1.0,1,data/renders/procedural/tee_01_peg_v1.png,data/renders/procedural/tee_01_peg_v2.png,data/renders/procedural/tee_01_socket_v1.png,data/renders/procedural/tee_01_socket_v2.png
tee_01_present_easy,tee_01,tee,calib,present_easy,1,rect_05,catalog,E2,incompatible,-2.0,0.3987,0,data/renders/procedural/tee_01_peg_v1.png,data/renders/procedural/tee_01_peg_v2.png,data/renders/procedural/rect_05_socket_v1.png,data/renders/procedural/rect_05_socket_v2.png
tee_01_present_easy,tee_01,tee,calib,present_easy,2,ell_06,catalog,E1,incompatible,-2.0,0.3873,0,data/renders/procedural/tee_01_peg_v1.png,data/renders/procedural/tee_01_peg_v2.png,data/renders/procedural/ell_06_socket_v1.png,data/renders/procedural/ell_06_socket_v2.png
tee_01_present_hard,tee_01,tee,calib,present_hard,0,tee_01_shrunk0.20,shrunk,H,incompatible,-0.3066,0.8213,0,data/renders/procedural/tee_01_peg_v1.png,data/renders/procedural/tee_01_peg_v2.png,data/renders/blocks/tee_01_shrunk0.20_socket_v1.png,data/renders/blocks/tee_01_shrunk0.20_socket_v2.png
tee_01_present_hard,tee_01,tee,calib,present_hard,1,rect_05,catalog,E2,incompatible,-2.0,0.3987,0,data/renders/procedural/tee_01_peg_v1.png,data/renders/procedural/tee_01_peg_v2.png,data/renders/procedural/rect_05_socket_v1.png,data/renders/procedural/rect_05_socket_v2.png
tee_01_present_hard,tee_01,tee,calib,present_hard,2,tee_01,catalog,M,compatible,0.2551,1.0,1,data/renders/procedural/tee_01_peg_v1.png,data/renders/procedural/tee_01_peg_v2.png,data/renders/procedural/tee_01_socket_v1.png,data/renders/procedural/tee_01_socket_v2.png
tee_01_absent_easy,tee_01,tee,calib,absent_easy,0,rect_05,catalog,E2,incompatible,-2.0,0.3987,0,data/renders/procedural/tee_01_peg_v1.png,data/renders/procedural/tee_01_peg_v2.png,data/renders/procedural/rect_05_socket_v1.png,data/renders/procedural/rect_05_socket_v2.png
tee_01_absent_easy,tee_01,tee,calib,absent_easy,1,ell_06,catalog,E1,incompatible,-2.0,0.3873,0,data/renders/procedural/tee_01_peg_v1.png,data/renders/procedural/tee_01_peg_v2.png,data/renders/procedural/ell_06_socket_v1.png,data/renders/procedural/ell_06_socket_v2.png
tee_01_absent_easy,tee_01,tee,calib,absent_easy,2,square_01,catalog,E3,incompatible,-2.0,0.4236,0,data/renders/procedural/tee_01_peg_v1.png,data/renders/procedural/tee_01_peg_v2.png,data/renders/procedural/square_01_socket_v1.png,data/renders/procedural/square_01_socket_v2.png
tee_01_absent_hard,tee_01,tee,calib,absent_hard,0,square_01,catalog,E3,incompatible,-2.0,0.4236,0,data/renders/procedural/tee_01_peg_v1.png,data/renders/procedural/tee_01_peg_v2.png,data/renders/procedural/square_01_socket_v1.png,data/renders/procedural/square_01_socket_v2.png
tee_01_absent_hard,tee_01,tee,calib,absent_hard,1,tee_01_shrunk0.20,shrunk,H,incompatible,-0.3066,0.8213,0,data/renders/procedural/tee_01_peg_v1.png,data/renders/procedural/tee_01_peg_v2.png,data/renders/blocks/tee_01_shrunk0.20_socket_v1.png,data/renders/blocks/tee_01_shrunk0.20_socket_v2.png
tee_01_absent_hard,tee_01,tee,calib,absent_hard,2,rect_05,catalog,E2,incompatible,-2.0,0.3987,0,data/renders/procedural/tee_01_peg_v1.png,data/renders/procedural/tee_01_peg_v2.png,data/renders/procedural/rect_05_socket_v1.png,data/renders/procedural/rect_05_socket_v2.png
tee_02_present_easy,tee_02,tee,calib,present_easy,0,tee_02,catalog,M,compatible,0.246,1.0,1,data/renders/procedural/tee_02_peg_v1.png,data/renders/procedural/tee_02_peg_v2.png,data/renders/procedural/tee_02_socket_v1.png,data/renders/procedural/tee_02_socket_v2.png
tee_02_present_easy,tee_02,tee,calib,present_easy,1,rect_04,catalog,E2,incompatible,-2.0,0.3822,0,data/renders/procedural/tee_02_peg_v1.png,data/renders/procedural/tee_02_peg_v2.png,data/renders/procedural/rect_04_socket_v1.png,data/renders/procedural/rect_04_socket_v2.png
tee_02_present_easy,tee_02,tee,calib,present_easy,2,ell_05,catalog,E1,incompatible,-2.0,0.318,0,data/renders/procedural/tee_02_peg_v1.png,data/renders/procedural/tee_02_peg_v2.png,data/renders/procedural/ell_05_socket_v1.png,data/renders/procedural/ell_05_socket_v2.png
tee_02_present_hard,tee_02,tee,calib,present_hard,0,tee_02,catalog,M,compatible,0.246,1.0,1,data/renders/procedural/tee_02_peg_v1.png,data/renders/procedural/tee_02_peg_v2.png,data/renders/procedural/tee_02_socket_v1.png,data/renders/procedural/tee_02_socket_v2.png
tee_02_present_hard,tee_02,tee,calib,present_hard,1,rect_04,catalog,E2,incompatible,-2.0,0.3822,0,data/renders/procedural/tee_02_peg_v1.png,data/renders/procedural/tee_02_peg_v2.png,data/renders/procedural/rect_04_socket_v1.png,data/renders/procedural/rect_04_socket_v2.png
tee_02_present_hard,tee_02,tee,calib,present_hard,2,tee_02_shrunk0.20,shrunk,H,incompatible,-0.3115,0.7593,0,data/renders/procedural/tee_02_peg_v1.png,data/renders/procedural/tee_02_peg_v2.png,data/renders/blocks/tee_02_shrunk0.20_socket_v1.png,data/renders/blocks/tee_02_shrunk0.20_socket_v2.png
tee_02_absent_easy,tee_02,tee,calib,absent_easy,0,ell_05,catalog,E1,incompatible,-2.0,0.318,0,data/renders/procedural/tee_02_peg_v1.png,data/renders/procedural/tee_02_peg_v2.png,data/renders/procedural/ell_05_socket_v1.png,data/renders/procedural/ell_05_socket_v2.png
tee_02_absent_easy,tee_02,tee,calib,absent_easy,1,rect_04,catalog,E2,incompatible,-2.0,0.3822,0,data/renders/procedural/tee_02_peg_v1.png,data/renders/procedural/tee_02_peg_v2.png,data/renders/procedural/rect_04_socket_v1.png,data/renders/procedural/rect_04_socket_v2.png
tee_02_absent_easy,tee_02,tee,calib,absent_easy,2,rect_05,catalog,E3,incompatible,-2.0,0.3692,0,data/renders/procedural/tee_02_peg_v1.png,data/renders/procedural/tee_02_peg_v2.png,data/renders/procedural/rect_05_socket_v1.png,data/renders/procedural/rect_05_socket_v2.png
tee_02_absent_hard,tee_02,tee,calib,absent_hard,0,tee_02_shrunk0.20,shrunk,H,incompatible,-0.3115,0.7593,0,data/renders/procedural/tee_02_peg_v1.png,data/renders/procedural/tee_02_peg_v2.png,data/renders/blocks/tee_02_shrunk0.20_socket_v1.png,data/renders/blocks/tee_02_shrunk0.20_socket_v2.png
tee_02_absent_hard,tee_02,tee,calib,absent_hard,1,rect_05,catalog,E3,incompatible,-2.0,0.3692,0,data/renders/procedural/tee_02_peg_v1.png,data/renders/procedural/tee_02_peg_v2.png,data/renders/procedural/rect_05_socket_v1.png,data/renders/procedural/rect_05_socket_v2.png
tee_02_absent_hard,tee_02,tee,calib,absent_hard,2,rect_04,catalog,E2,incompatible,-2.0,0.3822,0,data/renders/procedural/tee_02_peg_v1.png,data/renders/procedural/tee_02_peg_v2.png,data/renders/procedural/rect_04_socket_v1.png,data/renders/procedural/rect_04_socket_v2.png
tee_03_present_easy,tee_03,tee,calib,present_easy,0,ell_06,catalog,E1,incompatible,-2.0,0.3461,0,data/renders/procedural/tee_03_peg_v1.png,data/renders/procedural/tee_03_peg_v2.png,data/renders/procedural/ell_06_socket_v1.png,data/renders/procedural/ell_06_socket_v2.png
tee_03_present_easy,tee_03,tee,calib,present_easy,1,tee_03,catalog,M,compatible,0.2548,1.0,1,data/renders/procedural/tee_03_peg_v1.png,data/renders/procedural/tee_03_peg_v2.png,data/renders/procedural/tee_03_socket_v1.png,data/renders/procedural/tee_03_socket_v2.png
tee_03_present_easy,tee_03,tee,calib,present_easy,2,rect_05,catalog,E2,incompatible,-2.0,0.4116,0,data/renders/procedural/tee_03_peg_v1.png,data/renders/procedural/tee_03_peg_v2.png,data/renders/procedural/rect_05_socket_v1.png,data/renders/procedural/rect_05_socket_v2.png
tee_03_present_hard,tee_03,tee,calib,present_hard,0,tee_03,catalog,M,compatible,0.2548,1.0,1,data/renders/procedural/tee_03_peg_v1.png,data/renders/procedural/tee_03_peg_v2.png,data/renders/procedural/tee_03_socket_v1.png,data/renders/procedural/tee_03_socket_v2.png
tee_03_present_hard,tee_03,tee,calib,present_hard,1,rect_05,catalog,E2,incompatible,-2.0,0.4116,0,data/renders/procedural/tee_03_peg_v1.png,data/renders/procedural/tee_03_peg_v2.png,data/renders/procedural/rect_05_socket_v1.png,data/renders/procedural/rect_05_socket_v2.png
tee_03_present_hard,tee_03,tee,calib,present_hard,2,tee_03_shrunk0.20,shrunk,H,incompatible,-0.3066,0.8213,0,data/renders/procedural/tee_03_peg_v1.png,data/renders/procedural/tee_03_peg_v2.png,data/renders/blocks/tee_03_shrunk0.20_socket_v1.png,data/renders/blocks/tee_03_shrunk0.20_socket_v2.png
tee_03_absent_easy,tee_03,tee,calib,absent_easy,0,rect_05,catalog,E2,incompatible,-2.0,0.4116,0,data/renders/procedural/tee_03_peg_v1.png,data/renders/procedural/tee_03_peg_v2.png,data/renders/procedural/rect_05_socket_v1.png,data/renders/procedural/rect_05_socket_v2.png
tee_03_absent_easy,tee_03,tee,calib,absent_easy,1,ell_06,catalog,E1,incompatible,-2.0,0.3461,0,data/renders/procedural/tee_03_peg_v1.png,data/renders/procedural/tee_03_peg_v2.png,data/renders/procedural/ell_06_socket_v1.png,data/renders/procedural/ell_06_socket_v2.png
tee_03_absent_easy,tee_03,tee,calib,absent_easy,2,square_01,catalog,E3,incompatible,-2.0,0.3738,0,data/renders/procedural/tee_03_peg_v1.png,data/renders/procedural/tee_03_peg_v2.png,data/renders/procedural/square_01_socket_v1.png,data/renders/procedural/square_01_socket_v2.png
tee_03_absent_hard,tee_03,tee,calib,absent_hard,0,rect_05,catalog,E2,incompatible,-2.0,0.4116,0,data/renders/procedural/tee_03_peg_v1.png,data/renders/procedural/tee_03_peg_v2.png,data/renders/procedural/rect_05_socket_v1.png,data/renders/procedural/rect_05_socket_v2.png
tee_03_absent_hard,tee_03,tee,calib,absent_hard,1,square_01,catalog,E3,incompatible,-2.0,0.3738,0,data/renders/procedural/tee_03_peg_v1.png,data/renders/procedural/tee_03_peg_v2.png,data/renders/procedural/square_01_socket_v1.png,data/renders/procedural/square_01_socket_v2.png
tee_03_absent_hard,tee_03,tee,calib,absent_hard,2,tee_03_shrunk0.20,shrunk,H,incompatible,-0.3066,0.8213,0,data/renders/procedural/tee_03_peg_v1.png,data/renders/procedural/tee_03_peg_v2.png,data/renders/blocks/tee_03_shrunk0.20_socket_v1.png,data/renders/blocks/tee_03_shrunk0.20_socket_v2.png
ell_01_present_easy,ell_01,ell,calib,present_easy,0,rect_05,catalog,E2,incompatible,-2.0,0.2604,0,data/renders/procedural/ell_01_peg_v1.png,data/renders/procedural/ell_01_peg_v2.png,data/renders/procedural/rect_05_socket_v1.png,data/renders/procedural/rect_05_socket_v2.png
ell_01_present_easy,ell_01,ell,calib,present_easy,1,ell_01,catalog,M,compatible,0.2346,1.0,1,data/renders/procedural/ell_01_peg_v1.png,data/renders/procedural/ell_01_peg_v2.png,data/renders/procedural/ell_01_socket_v1.png,data/renders/procedural/ell_01_socket_v2.png
ell_01_present_easy,ell_01,ell,calib,present_easy,2,rect_01,catalog,E1,incompatible,-2.0,0.3528,0,data/renders/procedural/ell_01_peg_v1.png,data/renders/procedural/ell_01_peg_v2.png,data/renders/procedural/rect_01_socket_v1.png,data/renders/procedural/rect_01_socket_v2.png
ell_01_present_hard,ell_01,ell,calib,present_hard,0,rect_05,catalog,E2,incompatible,-2.0,0.2604,0,data/renders/procedural/ell_01_peg_v1.png,data/renders/procedural/ell_01_peg_v2.png,data/renders/procedural/rect_05_socket_v1.png,data/renders/procedural/rect_05_socket_v2.png
ell_01_present_hard,ell_01,ell,calib,present_hard,1,ell_01_shrunk0.20,shrunk,H,incompatible,-0.3291,0.8212,0,data/renders/procedural/ell_01_peg_v1.png,data/renders/procedural/ell_01_peg_v2.png,data/renders/blocks/ell_01_shrunk0.20_socket_v1.png,data/renders/blocks/ell_01_shrunk0.20_socket_v2.png
ell_01_present_hard,ell_01,ell,calib,present_hard,2,ell_01,catalog,M,compatible,0.2346,1.0,1,data/renders/procedural/ell_01_peg_v1.png,data/renders/procedural/ell_01_peg_v2.png,data/renders/procedural/ell_01_socket_v1.png,data/renders/procedural/ell_01_socket_v2.png
ell_01_absent_easy,ell_01,ell,calib,absent_easy,0,square_01,catalog,E3,incompatible,-2.0,0.3441,0,data/renders/procedural/ell_01_peg_v1.png,data/renders/procedural/ell_01_peg_v2.png,data/renders/procedural/square_01_socket_v1.png,data/renders/procedural/square_01_socket_v2.png
ell_01_absent_easy,ell_01,ell,calib,absent_easy,1,rect_01,catalog,E1,incompatible,-2.0,0.3528,0,data/renders/procedural/ell_01_peg_v1.png,data/renders/procedural/ell_01_peg_v2.png,data/renders/procedural/rect_01_socket_v1.png,data/renders/procedural/rect_01_socket_v2.png
ell_01_absent_easy,ell_01,ell,calib,absent_easy,2,rect_05,catalog,E2,incompatible,-2.0,0.2604,0,data/renders/procedural/ell_01_peg_v1.png,data/renders/procedural/ell_01_peg_v2.png,data/renders/procedural/rect_05_socket_v1.png,data/renders/procedural/rect_05_socket_v2.png
ell_01_absent_hard,ell_01,ell,calib,absent_hard,0,ell_01_shrunk0.20,shrunk,H,incompatible,-0.3291,0.8212,0,data/renders/procedural/ell_01_peg_v1.png,data/renders/procedural/ell_01_peg_v2.png,data/renders/blocks/ell_01_shrunk0.20_socket_v1.png,data/renders/blocks/ell_01_shrunk0.20_socket_v2.png
ell_01_absent_hard,ell_01,ell,calib,absent_hard,1,square_01,catalog,E3,incompatible,-2.0,0.3441,0,data/renders/procedural/ell_01_peg_v1.png,data/renders/procedural/ell_01_peg_v2.png,data/renders/procedural/square_01_socket_v1.png,data/renders/procedural/square_01_socket_v2.png
ell_01_absent_hard,ell_01,ell,calib,absent_hard,2,rect_05,catalog,E2,incompatible,-2.0,0.2604,0,data/renders/procedural/ell_01_peg_v1.png,data/renders/procedural/ell_01_peg_v2.png,data/renders/procedural/rect_05_socket_v1.png,data/renders/procedural/rect_05_socket_v2.png
ell_02_present_easy,ell_02,ell,calib,present_easy,0,rect_01,catalog,E1,incompatible,-2.0,0.3528,0,data/renders/procedural/ell_02_peg_v1.png,data/renders/procedural/ell_02_peg_v2.png,data/renders/procedural/rect_01_socket_v1.png,data/renders/procedural/rect_01_socket_v2.png
ell_02_present_easy,ell_02,ell,calib,present_easy,1,ell_02,catalog,M,compatible,0.2346,1.0,1,data/renders/procedural/ell_02_peg_v1.png,data/renders/procedural/ell_02_peg_v2.png,data/renders/procedural/ell_02_socket_v1.png,data/renders/procedural/ell_02_socket_v2.png
ell_02_present_easy,ell_02,ell,calib,present_easy,2,rect_05,catalog,E2,incompatible,-2.0,0.2604,0,data/renders/procedural/ell_02_peg_v1.png,data/renders/procedural/ell_02_peg_v2.png,data/renders/procedural/rect_05_socket_v1.png,data/renders/procedural/rect_05_socket_v2.png
ell_02_present_hard,ell_02,ell,calib,present_hard,0,ell_02,catalog,M,compatible,0.2346,1.0,1,data/renders/procedural/ell_02_peg_v1.png,data/renders/procedural/ell_02_peg_v2.png,data/renders/procedural/ell_02_socket_v1.png,data/renders/procedural/ell_02_socket_v2.png
ell_02_present_hard,ell_02,ell,calib,present_hard,1,ell_02_shrunk0.20,shrunk,H,incompatible,-0.3291,0.8212,0,data/renders/procedural/ell_02_peg_v1.png,data/renders/procedural/ell_02_peg_v2.png,data/renders/blocks/ell_02_shrunk0.20_socket_v1.png,data/renders/blocks/ell_02_shrunk0.20_socket_v2.png
ell_02_present_hard,ell_02,ell,calib,present_hard,2,rect_05,catalog,E2,incompatible,-2.0,0.2604,0,data/renders/procedural/ell_02_peg_v1.png,data/renders/procedural/ell_02_peg_v2.png,data/renders/procedural/rect_05_socket_v1.png,data/renders/procedural/rect_05_socket_v2.png
ell_02_absent_easy,ell_02,ell,calib,absent_easy,0,rect_05,catalog,E2,incompatible,-2.0,0.2604,0,data/renders/procedural/ell_02_peg_v1.png,data/renders/procedural/ell_02_peg_v2.png,data/renders/procedural/rect_05_socket_v1.png,data/renders/procedural/rect_05_socket_v2.png
ell_02_absent_easy,ell_02,ell,calib,absent_easy,1,square_01,catalog,E3,incompatible,-2.0,0.3441,0,data/renders/procedural/ell_02_peg_v1.png,data/renders/procedural/ell_02_peg_v2.png,data/renders/procedural/square_01_socket_v1.png,data/renders/procedural/square_01_socket_v2.png
ell_02_absent_easy,ell_02,ell,calib,absent_easy,2,rect_01,catalog,E1,incompatible,-2.0,0.3528,0,data/renders/procedural/ell_02_peg_v1.png,data/renders/procedural/ell_02_peg_v2.png,data/renders/procedural/rect_01_socket_v1.png,data/renders/procedural/rect_01_socket_v2.png
ell_02_absent_hard,ell_02,ell,calib,absent_hard,0,rect_05,catalog,E2,incompatible,-2.0,0.2604,0,data/renders/procedural/ell_02_peg_v1.png,data/renders/procedural/ell_02_peg_v2.png,data/renders/procedural/rect_05_socket_v1.png,data/renders/procedural/rect_05_socket_v2.png
ell_02_absent_hard,ell_02,ell,calib,absent_hard,1,ell_02_shrunk0.20,shrunk,H,incompatible,-0.3291,0.8212,0,data/renders/procedural/ell_02_peg_v1.png,data/renders/procedural/ell_02_peg_v2.png,data/renders/blocks/ell_02_shrunk0.20_socket_v1.png,data/renders/blocks/ell_02_shrunk0.20_socket_v2.png
ell_02_absent_hard,ell_02,ell,calib,absent_hard,2,square_01,catalog,E3,incompatible,-2.0,0.3441,0,data/renders/procedural/ell_02_peg_v1.png,data/renders/procedural/ell_02_peg_v2.png,data/renders/procedural/square_01_socket_v1.png,data/renders/procedural/square_01_socket_v2.png
ell_03_present_easy,ell_03,ell,calib,present_easy,0,ell_03,catalog,M,compatible,0.2417,1.0,1,data/renders/procedural/ell_03_peg_v1.png,data/renders/procedural/ell_03_peg_v2.png,data/renders/procedural/ell_03_socket_v1.png,data/renders/procedural/ell_03_socket_v2.png
ell_03_present_easy,ell_03,ell,calib,present_easy,1,rect_05,catalog,E2,incompatible,-2.0,0.3252,0,data/renders/procedural/ell_03_peg_v1.png,data/renders/procedural/ell_03_peg_v2.png,data/renders/procedural/rect_05_socket_v1.png,data/renders/procedural/rect_05_socket_v2.png
ell_03_present_easy,ell_03,ell,calib,present_easy,2,ell_04,catalog,E1,incompatible,-2.0,0.4118,0,data/renders/procedural/ell_03_peg_v1.png,data/renders/procedural/ell_03_peg_v2.png,data/renders/procedural/ell_04_socket_v1.png,data/renders/procedural/ell_04_socket_v2.png
ell_03_present_hard,ell_03,ell,calib,present_hard,0,ell_03,catalog,M,compatible,0.2417,1.0,1,data/renders/procedural/ell_03_peg_v1.png,data/renders/procedural/ell_03_peg_v2.png,data/renders/procedural/ell_03_socket_v1.png,data/renders/procedural/ell_03_socket_v2.png
ell_03_present_hard,ell_03,ell,calib,present_hard,1,rect_05,catalog,E2,incompatible,-2.0,0.3252,0,data/renders/procedural/ell_03_peg_v1.png,data/renders/procedural/ell_03_peg_v2.png,data/renders/procedural/rect_05_socket_v1.png,data/renders/procedural/rect_05_socket_v2.png
ell_03_present_hard,ell_03,ell,calib,present_hard,2,ell_03_shrunk0.20,shrunk,H,incompatible,-0.3242,0.8193,0,data/renders/procedural/ell_03_peg_v1.png,data/renders/procedural/ell_03_peg_v2.png,data/renders/blocks/ell_03_shrunk0.20_socket_v1.png,data/renders/blocks/ell_03_shrunk0.20_socket_v2.png
ell_03_absent_easy,ell_03,ell,calib,absent_easy,0,rect_05,catalog,E2,incompatible,-2.0,0.3252,0,data/renders/procedural/ell_03_peg_v1.png,data/renders/procedural/ell_03_peg_v2.png,data/renders/procedural/rect_05_socket_v1.png,data/renders/procedural/rect_05_socket_v2.png
ell_03_absent_easy,ell_03,ell,calib,absent_easy,1,square_01,catalog,E3,incompatible,-2.0,0.3862,0,data/renders/procedural/ell_03_peg_v1.png,data/renders/procedural/ell_03_peg_v2.png,data/renders/procedural/square_01_socket_v1.png,data/renders/procedural/square_01_socket_v2.png
ell_03_absent_easy,ell_03,ell,calib,absent_easy,2,ell_04,catalog,E1,incompatible,-2.0,0.4118,0,data/renders/procedural/ell_03_peg_v1.png,data/renders/procedural/ell_03_peg_v2.png,data/renders/procedural/ell_04_socket_v1.png,data/renders/procedural/ell_04_socket_v2.png
ell_03_absent_hard,ell_03,ell,calib,absent_hard,0,square_01,catalog,E3,incompatible,-2.0,0.3862,0,data/renders/procedural/ell_03_peg_v1.png,data/renders/procedural/ell_03_peg_v2.png,data/renders/procedural/square_01_socket_v1.png,data/renders/procedural/square_01_socket_v2.png
ell_03_absent_hard,ell_03,ell,calib,absent_hard,1,rect_05,catalog,E2,incompatible,-2.0,0.3252,0,data/renders/procedural/ell_03_peg_v1.png,data/renders/procedural/ell_03_peg_v2.png,data/renders/procedural/rect_05_socket_v1.png,data/renders/procedural/rect_05_socket_v2.png
ell_03_absent_hard,ell_03,ell,calib,absent_hard,2,ell_03_shrunk0.20,shrunk,H,incompatible,-0.3242,0.8193,0,data/renders/procedural/ell_03_peg_v1.png,data/renders/procedural/ell_03_peg_v2.png,data/renders/blocks/ell_03_shrunk0.20_socket_v1.png,data/renders/blocks/ell_03_shrunk0.20_socket_v2.png
ell_04_present_easy,ell_04,ell,calib,present_easy,0,rect_05,catalog,E2,incompatible,-2.0,0.3252,0,data/renders/procedural/ell_04_peg_v1.png,data/renders/procedural/ell_04_peg_v2.png,data/renders/procedural/rect_05_socket_v1.png,data/renders/procedural/rect_05_socket_v2.png
ell_04_present_easy,ell_04,ell,calib,present_easy,1,ell_03,catalog,E1,incompatible,-2.0,0.4118,0,data/renders/procedural/ell_04_peg_v1.png,data/renders/procedural/ell_04_peg_v2.png,data/renders/procedural/ell_03_socket_v1.png,data/renders/procedural/ell_03_socket_v2.png
ell_04_present_easy,ell_04,ell,calib,present_easy,2,ell_04,catalog,M,compatible,0.2417,1.0,1,data/renders/procedural/ell_04_peg_v1.png,data/renders/procedural/ell_04_peg_v2.png,data/renders/procedural/ell_04_socket_v1.png,data/renders/procedural/ell_04_socket_v2.png
ell_04_present_hard,ell_04,ell,calib,present_hard,0,ell_04,catalog,M,compatible,0.2417,1.0,1,data/renders/procedural/ell_04_peg_v1.png,data/renders/procedural/ell_04_peg_v2.png,data/renders/procedural/ell_04_socket_v1.png,data/renders/procedural/ell_04_socket_v2.png
ell_04_present_hard,ell_04,ell,calib,present_hard,1,ell_04_shrunk0.20,shrunk,H,incompatible,-0.3242,0.8193,0,data/renders/procedural/ell_04_peg_v1.png,data/renders/procedural/ell_04_peg_v2.png,data/renders/blocks/ell_04_shrunk0.20_socket_v1.png,data/renders/blocks/ell_04_shrunk0.20_socket_v2.png
ell_04_present_hard,ell_04,ell,calib,present_hard,2,rect_05,catalog,E2,incompatible,-2.0,0.3252,0,data/renders/procedural/ell_04_peg_v1.png,data/renders/procedural/ell_04_peg_v2.png,data/renders/procedural/rect_05_socket_v1.png,data/renders/procedural/rect_05_socket_v2.png
ell_04_absent_easy,ell_04,ell,calib,absent_easy,0,square_01,catalog,E3,incompatible,-2.0,0.3862,0,data/renders/procedural/ell_04_peg_v1.png,data/renders/procedural/ell_04_peg_v2.png,data/renders/procedural/square_01_socket_v1.png,data/renders/procedural/square_01_socket_v2.png
ell_04_absent_easy,ell_04,ell,calib,absent_easy,1,rect_05,catalog,E2,incompatible,-2.0,0.3252,0,data/renders/procedural/ell_04_peg_v1.png,data/renders/procedural/ell_04_peg_v2.png,data/renders/procedural/rect_05_socket_v1.png,data/renders/procedural/rect_05_socket_v2.png
ell_04_absent_easy,ell_04,ell,calib,absent_easy,2,ell_03,catalog,E1,incompatible,-2.0,0.4118,0,data/renders/procedural/ell_04_peg_v1.png,data/renders/procedural/ell_04_peg_v2.png,data/renders/procedural/ell_03_socket_v1.png,data/renders/procedural/ell_03_socket_v2.png
ell_04_absent_hard,ell_04,ell,calib,absent_hard,0,rect_05,catalog,E2,incompatible,-2.0,0.3252,0,data/renders/procedural/ell_04_peg_v1.png,data/renders/procedural/ell_04_peg_v2.png,data/renders/procedural/rect_05_socket_v1.png,data/renders/procedural/rect_05_socket_v2.png
ell_04_absent_hard,ell_04,ell,calib,absent_hard,1,square_01,catalog,E3,incompatible,-2.0,0.3862,0,data/renders/procedural/ell_04_peg_v1.png,data/renders/procedural/ell_04_peg_v2.png,data/renders/procedural/square_01_socket_v1.png,data/renders/procedural/square_01_socket_v2.png
ell_04_absent_hard,ell_04,ell,calib,absent_hard,2,ell_04_shrunk0.20,shrunk,H,incompatible,-0.3242,0.8193,0,data/renders/procedural/ell_04_peg_v1.png,data/renders/procedural/ell_04_peg_v2.png,data/renders/blocks/ell_04_shrunk0.20_socket_v1.png,data/renders/blocks/ell_04_shrunk0.20_socket_v2.png
ell_05_present_easy,ell_05,ell,calib,present_easy,0,rect_05,catalog,E2,incompatible,-2.0,0.2274,0,data/renders/procedural/ell_05_peg_v1.png,data/renders/procedural/ell_05_peg_v2.png,data/renders/procedural/rect_05_socket_v1.png,data/renders/procedural/rect_05_socket_v2.png
ell_05_present_easy,ell_05,ell,calib,present_easy,1,rect_01,catalog,E1,incompatible,-2.0,0.2765,0,data/renders/procedural/ell_05_peg_v1.png,data/renders/procedural/ell_05_peg_v2.png,data/renders/procedural/rect_01_socket_v1.png,data/renders/procedural/rect_01_socket_v2.png
ell_05_present_easy,ell_05,ell,calib,present_easy,2,ell_05,catalog,M,compatible,0.2221,1.0,1,data/renders/procedural/ell_05_peg_v1.png,data/renders/procedural/ell_05_peg_v2.png,data/renders/procedural/ell_05_socket_v1.png,data/renders/procedural/ell_05_socket_v2.png
ell_05_present_hard,ell_05,ell,calib,present_hard,0,ell_05,catalog,M,compatible,0.2221,1.0,1,data/renders/procedural/ell_05_peg_v1.png,data/renders/procedural/ell_05_peg_v2.png,data/renders/procedural/ell_05_socket_v1.png,data/renders/procedural/ell_05_socket_v2.png
ell_05_present_hard,ell_05,ell,calib,present_hard,1,rect_05,catalog,E2,incompatible,-2.0,0.2274,0,data/renders/procedural/ell_05_peg_v1.png,data/renders/procedural/ell_05_peg_v2.png,data/renders/procedural/rect_05_socket_v1.png,data/renders/procedural/rect_05_socket_v2.png
ell_05_present_hard,ell_05,ell,calib,present_hard,2,ell_05_shrunk0.20,shrunk,H,incompatible,-0.3379,0.7591,0,data/renders/procedural/ell_05_peg_v1.png,data/renders/procedural/ell_05_peg_v2.png,data/renders/blocks/ell_05_shrunk0.20_socket_v1.png,data/renders/blocks/ell_05_shrunk0.20_socket_v2.png
ell_05_absent_easy,ell_05,ell,calib,absent_easy,0,rect_01,catalog,E1,incompatible,-2.0,0.2765,0,data/renders/procedural/ell_05_peg_v1.png,data/renders/procedural/ell_05_peg_v2.png,data/renders/procedural/rect_01_socket_v1.png,data/renders/procedural/rect_01_socket_v2.png
ell_05_absent_easy,ell_05,ell,calib,absent_easy,1,trapezoid_03,catalog,E3,incompatible,-2.0,0.2962,0,data/renders/procedural/ell_05_peg_v1.png,data/renders/procedural/ell_05_peg_v2.png,data/renders/procedural/trapezoid_03_socket_v1.png,data/renders/procedural/trapezoid_03_socket_v2.png
ell_05_absent_easy,ell_05,ell,calib,absent_easy,2,rect_05,catalog,E2,incompatible,-2.0,0.2274,0,data/renders/procedural/ell_05_peg_v1.png,data/renders/procedural/ell_05_peg_v2.png,data/renders/procedural/rect_05_socket_v1.png,data/renders/procedural/rect_05_socket_v2.png
ell_05_absent_hard,ell_05,ell,calib,absent_hard,0,ell_05_shrunk0.20,shrunk,H,incompatible,-0.3379,0.7591,0,data/renders/procedural/ell_05_peg_v1.png,data/renders/procedural/ell_05_peg_v2.png,data/renders/blocks/ell_05_shrunk0.20_socket_v1.png,data/renders/blocks/ell_05_shrunk0.20_socket_v2.png
ell_05_absent_hard,ell_05,ell,calib,absent_hard,1,trapezoid_03,catalog,E3,incompatible,-2.0,0.2962,0,data/renders/procedural/ell_05_peg_v1.png,data/renders/procedural/ell_05_peg_v2.png,data/renders/procedural/trapezoid_03_socket_v1.png,data/renders/procedural/trapezoid_03_socket_v2.png
ell_05_absent_hard,ell_05,ell,calib,absent_hard,2,rect_05,catalog,E2,incompatible,-2.0,0.2274,0,data/renders/procedural/ell_05_peg_v1.png,data/renders/procedural/ell_05_peg_v2.png,data/renders/procedural/rect_05_socket_v1.png,data/renders/procedural/rect_05_socket_v2.png
ell_06_present_easy,ell_06,ell,calib,present_easy,0,ell_06,catalog,M,compatible,0.2221,1.0,1,data/renders/procedural/ell_06_peg_v1.png,data/renders/procedural/ell_06_peg_v2.png,data/renders/procedural/ell_06_socket_v1.png,data/renders/procedural/ell_06_socket_v2.png
ell_06_present_easy,ell_06,ell,calib,present_easy,1,rect_05,catalog,E2,incompatible,-2.0,0.2274,0,data/renders/procedural/ell_06_peg_v1.png,data/renders/procedural/ell_06_peg_v2.png,data/renders/procedural/rect_05_socket_v1.png,data/renders/procedural/rect_05_socket_v2.png
ell_06_present_easy,ell_06,ell,calib,present_easy,2,rect_01,catalog,E1,incompatible,-2.0,0.2765,0,data/renders/procedural/ell_06_peg_v1.png,data/renders/procedural/ell_06_peg_v2.png,data/renders/procedural/rect_01_socket_v1.png,data/renders/procedural/rect_01_socket_v2.png
ell_06_present_hard,ell_06,ell,calib,present_hard,0,rect_05,catalog,E2,incompatible,-2.0,0.2274,0,data/renders/procedural/ell_06_peg_v1.png,data/renders/procedural/ell_06_peg_v2.png,data/renders/procedural/rect_05_socket_v1.png,data/renders/procedural/rect_05_socket_v2.png
ell_06_present_hard,ell_06,ell,calib,present_hard,1,ell_06_shrunk0.20,shrunk,H,incompatible,-0.3379,0.7591,0,data/renders/procedural/ell_06_peg_v1.png,data/renders/procedural/ell_06_peg_v2.png,data/renders/blocks/ell_06_shrunk0.20_socket_v1.png,data/renders/blocks/ell_06_shrunk0.20_socket_v2.png
ell_06_present_hard,ell_06,ell,calib,present_hard,2,ell_06,catalog,M,compatible,0.2221,1.0,1,data/renders/procedural/ell_06_peg_v1.png,data/renders/procedural/ell_06_peg_v2.png,data/renders/procedural/ell_06_socket_v1.png,data/renders/procedural/ell_06_socket_v2.png
ell_06_absent_easy,ell_06,ell,calib,absent_easy,0,rect_05,catalog,E2,incompatible,-2.0,0.2274,0,data/renders/procedural/ell_06_peg_v1.png,data/renders/procedural/ell_06_peg_v2.png,data/renders/procedural/rect_05_socket_v1.png,data/renders/procedural/rect_05_socket_v2.png
ell_06_absent_easy,ell_06,ell,calib,absent_easy,1,trapezoid_03,catalog,E3,incompatible,-2.0,0.2962,0,data/renders/procedural/ell_06_peg_v1.png,data/renders/procedural/ell_06_peg_v2.png,data/renders/procedural/trapezoid_03_socket_v1.png,data/renders/procedural/trapezoid_03_socket_v2.png
ell_06_absent_easy,ell_06,ell,calib,absent_easy,2,rect_01,catalog,E1,incompatible,-2.0,0.2765,0,data/renders/procedural/ell_06_peg_v1.png,data/renders/procedural/ell_06_peg_v2.png,data/renders/procedural/rect_01_socket_v1.png,data/renders/procedural/rect_01_socket_v2.png
ell_06_absent_hard,ell_06,ell,calib,absent_hard,0,rect_05,catalog,E2,incompatible,-2.0,0.2274,0,data/renders/procedural/ell_06_peg_v1.png,data/renders/procedural/ell_06_peg_v2.png,data/renders/procedural/rect_05_socket_v1.png,data/renders/procedural/rect_05_socket_v2.png
ell_06_absent_hard,ell_06,ell,calib,absent_hard,1,trapezoid_03,catalog,E3,incompatible,-2.0,0.2962,0,data/renders/procedural/ell_06_peg_v1.png,data/renders/procedural/ell_06_peg_v2.png,data/renders/procedural/trapezoid_03_socket_v1.png,data/renders/procedural/trapezoid_03_socket_v2.png
ell_06_absent_hard,ell_06,ell,calib,absent_hard,2,ell_06_shrunk0.20,shrunk,H,incompatible,-0.3379,0.7591,0,data/renders/procedural/ell_06_peg_v1.png,data/renders/procedural/ell_06_peg_v2.png,data/renders/blocks/ell_06_shrunk0.20_socket_v1.png,data/renders/blocks/ell_06_shrunk0.20_socket_v2.png
star_01_present_easy,star_01,star,test,present_easy,0,obround_03,catalog,E2,incompatible,-2.0,0.5254,0,data/renders/procedural/star_01_peg_v1.png,data/renders/procedural/star_01_peg_v2.png,data/renders/procedural/obround_03_socket_v1.png,data/renders/procedural/obround_03_socket_v2.png
star_01_present_easy,star_01,star,test,present_easy,1,star_01,catalog,M,compatible,0.2999,1.0,1,data/renders/procedural/star_01_peg_v1.png,data/renders/procedural/star_01_peg_v2.png,data/renders/procedural/star_01_socket_v1.png,data/renders/procedural/star_01_socket_v2.png
star_01_present_easy,star_01,star,test,present_easy,2,circle_01,catalog,E1,incompatible,-2.0,0.4622,0,data/renders/procedural/star_01_peg_v1.png,data/renders/procedural/star_01_peg_v2.png,data/renders/procedural/circle_01_socket_v1.png,data/renders/procedural/circle_01_socket_v2.png
star_01_present_hard,star_01,star,test,present_hard,0,obround_03,catalog,E2,incompatible,-2.0,0.5254,0,data/renders/procedural/star_01_peg_v1.png,data/renders/procedural/star_01_peg_v2.png,data/renders/procedural/obround_03_socket_v1.png,data/renders/procedural/obround_03_socket_v2.png
star_01_present_hard,star_01,star,test,present_hard,1,star_01_shrunk0.20,shrunk,H,incompatible,-0.417,0.83,0,data/renders/procedural/star_01_peg_v1.png,data/renders/procedural/star_01_peg_v2.png,data/renders/blocks/star_01_shrunk0.20_socket_v1.png,data/renders/blocks/star_01_shrunk0.20_socket_v2.png
star_01_present_hard,star_01,star,test,present_hard,2,star_01,catalog,M,compatible,0.2999,1.0,1,data/renders/procedural/star_01_peg_v1.png,data/renders/procedural/star_01_peg_v2.png,data/renders/procedural/star_01_socket_v1.png,data/renders/procedural/star_01_socket_v2.png
star_01_absent_easy,star_01,star,test,absent_easy,0,circle_01,catalog,E1,incompatible,-2.0,0.4622,0,data/renders/procedural/star_01_peg_v1.png,data/renders/procedural/star_01_peg_v2.png,data/renders/procedural/circle_01_socket_v1.png,data/renders/procedural/circle_01_socket_v2.png
star_01_absent_easy,star_01,star,test,absent_easy,1,obround_03,catalog,E2,incompatible,-2.0,0.5254,0,data/renders/procedural/star_01_peg_v1.png,data/renders/procedural/star_01_peg_v2.png,data/renders/procedural/obround_03_socket_v1.png,data/renders/procedural/obround_03_socket_v2.png
star_01_absent_easy,star_01,star,test,absent_easy,2,obround_04,catalog,E3,incompatible,-2.0,0.4559,0,data/renders/procedural/star_01_peg_v1.png,data/renders/procedural/star_01_peg_v2.png,data/renders/procedural/obround_04_socket_v1.png,data/renders/procedural/obround_04_socket_v2.png
star_01_absent_hard,star_01,star,test,absent_hard,0,obround_04,catalog,E3,incompatible,-2.0,0.4559,0,data/renders/procedural/star_01_peg_v1.png,data/renders/procedural/star_01_peg_v2.png,data/renders/procedural/obround_04_socket_v1.png,data/renders/procedural/obround_04_socket_v2.png
star_01_absent_hard,star_01,star,test,absent_hard,1,star_01_shrunk0.20,shrunk,H,incompatible,-0.417,0.83,0,data/renders/procedural/star_01_peg_v1.png,data/renders/procedural/star_01_peg_v2.png,data/renders/blocks/star_01_shrunk0.20_socket_v1.png,data/renders/blocks/star_01_shrunk0.20_socket_v2.png
star_01_absent_hard,star_01,star,test,absent_hard,2,obround_03,catalog,E2,incompatible,-2.0,0.5254,0,data/renders/procedural/star_01_peg_v1.png,data/renders/procedural/star_01_peg_v2.png,data/renders/procedural/obround_03_socket_v1.png,data/renders/procedural/obround_03_socket_v2.png
star_02_present_easy,star_02,star,test,present_easy,0,obround_03,catalog,E2,incompatible,-2.0,0.5284,0,data/renders/procedural/star_02_peg_v1.png,data/renders/procedural/star_02_peg_v2.png,data/renders/procedural/obround_03_socket_v1.png,data/renders/procedural/obround_03_socket_v2.png
star_02_present_easy,star_02,star,test,present_easy,1,circle_01,catalog,E1,incompatible,-2.0,0.4411,0,data/renders/procedural/star_02_peg_v1.png,data/renders/procedural/star_02_peg_v2.png,data/renders/procedural/circle_01_socket_v1.png,data/renders/procedural/circle_01_socket_v2.png
star_02_present_easy,star_02,star,test,present_easy,2,star_02,catalog,M,compatible,0.2999,1.0,1,data/renders/procedural/star_02_peg_v1.png,data/renders/procedural/star_02_peg_v2.png,data/renders/procedural/star_02_socket_v1.png,data/renders/procedural/star_02_socket_v2.png
star_02_present_hard,star_02,star,test,present_hard,0,star_02_shrunk0.20,shrunk,H,incompatible,-0.4521,0.8176,0,data/renders/procedural/star_02_peg_v1.png,data/renders/procedural/star_02_peg_v2.png,data/renders/blocks/star_02_shrunk0.20_socket_v1.png,data/renders/blocks/star_02_shrunk0.20_socket_v2.png
star_02_present_hard,star_02,star,test,present_hard,1,star_02,catalog,M,compatible,0.2999,1.0,1,data/renders/procedural/star_02_peg_v1.png,data/renders/procedural/star_02_peg_v2.png,data/renders/procedural/star_02_socket_v1.png,data/renders/procedural/star_02_socket_v2.png
star_02_present_hard,star_02,star,test,present_hard,2,obround_03,catalog,E2,incompatible,-2.0,0.5284,0,data/renders/procedural/star_02_peg_v1.png,data/renders/procedural/star_02_peg_v2.png,data/renders/procedural/obround_03_socket_v1.png,data/renders/procedural/obround_03_socket_v2.png
star_02_absent_easy,star_02,star,test,absent_easy,0,obround_03,catalog,E2,incompatible,-2.0,0.5284,0,data/renders/procedural/star_02_peg_v1.png,data/renders/procedural/star_02_peg_v2.png,data/renders/procedural/obround_03_socket_v1.png,data/renders/procedural/obround_03_socket_v2.png
star_02_absent_easy,star_02,star,test,absent_easy,1,circle_01,catalog,E1,incompatible,-2.0,0.4411,0,data/renders/procedural/star_02_peg_v1.png,data/renders/procedural/star_02_peg_v2.png,data/renders/procedural/circle_01_socket_v1.png,data/renders/procedural/circle_01_socket_v2.png
star_02_absent_easy,star_02,star,test,absent_easy,2,obround_04,catalog,E3,incompatible,-2.0,0.4143,0,data/renders/procedural/star_02_peg_v1.png,data/renders/procedural/star_02_peg_v2.png,data/renders/procedural/obround_04_socket_v1.png,data/renders/procedural/obround_04_socket_v2.png
star_02_absent_hard,star_02,star,test,absent_hard,0,obround_03,catalog,E2,incompatible,-2.0,0.5284,0,data/renders/procedural/star_02_peg_v1.png,data/renders/procedural/star_02_peg_v2.png,data/renders/procedural/obround_03_socket_v1.png,data/renders/procedural/obround_03_socket_v2.png
star_02_absent_hard,star_02,star,test,absent_hard,1,star_02_shrunk0.20,shrunk,H,incompatible,-0.4521,0.8176,0,data/renders/procedural/star_02_peg_v1.png,data/renders/procedural/star_02_peg_v2.png,data/renders/blocks/star_02_shrunk0.20_socket_v1.png,data/renders/blocks/star_02_shrunk0.20_socket_v2.png
star_02_absent_hard,star_02,star,test,absent_hard,2,obround_04,catalog,E3,incompatible,-2.0,0.4143,0,data/renders/procedural/star_02_peg_v1.png,data/renders/procedural/star_02_peg_v2.png,data/renders/procedural/obround_04_socket_v1.png,data/renders/procedural/obround_04_socket_v2.png
star_03_present_easy,star_03,star,test,present_easy,0,star_03,catalog,M,compatible,0.2999,1.0,1,data/renders/procedural/star_03_peg_v1.png,data/renders/procedural/star_03_peg_v2.png,data/renders/procedural/star_03_socket_v1.png,data/renders/procedural/star_03_socket_v2.png
star_03_present_easy,star_03,star,test,present_easy,1,obround_01,catalog,E2,incompatible,-2.0,0.5159,0,data/renders/procedural/star_03_peg_v1.png,data/renders/procedural/star_03_peg_v2.png,data/renders/procedural/obround_01_socket_v1.png,data/renders/procedural/obround_01_socket_v2.png
star_03_present_easy,star_03,star,test,present_easy,2,circle_01,catalog,E1,incompatible,-2.0,0.4277,0,data/renders/procedural/star_03_peg_v1.png,data/renders/procedural/star_03_peg_v2.png,data/renders/procedural/circle_01_socket_v1.png,data/renders/procedural/circle_01_socket_v2.png
star_03_present_hard,star_03,star,test,present_hard,0,obround_01,catalog,E2,incompatible,-2.0,0.5159,0,data/renders/procedural/star_03_peg_v1.png,data/renders/procedural/star_03_peg_v2.png,data/renders/procedural/obround_01_socket_v1.png,data/renders/procedural/obround_01_socket_v2.png
star_03_present_hard,star_03,star,test,present_hard,1,star_03,catalog,M,compatible,0.2999,1.0,1,data/renders/procedural/star_03_peg_v1.png,data/renders/procedural/star_03_peg_v2.png,data/renders/procedural/star_03_socket_v1.png,data/renders/procedural/star_03_socket_v2.png
star_03_present_hard,star_03,star,test,present_hard,2,star_03_shrunk0.20,shrunk,H,incompatible,-0.4961,0.8025,0,data/renders/procedural/star_03_peg_v1.png,data/renders/procedural/star_03_peg_v2.png,data/renders/blocks/star_03_shrunk0.20_socket_v1.png,data/renders/blocks/star_03_shrunk0.20_socket_v2.png
star_03_absent_easy,star_03,star,test,absent_easy,0,circle_01,catalog,E1,incompatible,-2.0,0.4277,0,data/renders/procedural/star_03_peg_v1.png,data/renders/procedural/star_03_peg_v2.png,data/renders/procedural/circle_01_socket_v1.png,data/renders/procedural/circle_01_socket_v2.png
star_03_absent_easy,star_03,star,test,absent_easy,1,obround_01,catalog,E2,incompatible,-2.0,0.5159,0,data/renders/procedural/star_03_peg_v1.png,data/renders/procedural/star_03_peg_v2.png,data/renders/procedural/obround_01_socket_v1.png,data/renders/procedural/obround_01_socket_v2.png
star_03_absent_easy,star_03,star,test,absent_easy,2,obround_04,catalog,E3,incompatible,-2.0,0.4173,0,data/renders/procedural/star_03_peg_v1.png,data/renders/procedural/star_03_peg_v2.png,data/renders/procedural/obround_04_socket_v1.png,data/renders/procedural/obround_04_socket_v2.png
star_03_absent_hard,star_03,star,test,absent_hard,0,star_03_shrunk0.20,shrunk,H,incompatible,-0.4961,0.8025,0,data/renders/procedural/star_03_peg_v1.png,data/renders/procedural/star_03_peg_v2.png,data/renders/blocks/star_03_shrunk0.20_socket_v1.png,data/renders/blocks/star_03_shrunk0.20_socket_v2.png
star_03_absent_hard,star_03,star,test,absent_hard,1,obround_04,catalog,E3,incompatible,-2.0,0.4173,0,data/renders/procedural/star_03_peg_v1.png,data/renders/procedural/star_03_peg_v2.png,data/renders/procedural/obround_04_socket_v1.png,data/renders/procedural/obround_04_socket_v2.png
star_03_absent_hard,star_03,star,test,absent_hard,2,obround_01,catalog,E2,incompatible,-2.0,0.5159,0,data/renders/procedural/star_03_peg_v1.png,data/renders/procedural/star_03_peg_v2.png,data/renders/procedural/obround_01_socket_v1.png,data/renders/procedural/obround_01_socket_v2.png
star_04_present_easy,star_04,star,test,present_easy,0,chamfered_04,catalog,E1,incompatible,-2.0,0.4866,0,data/renders/procedural/star_04_peg_v1.png,data/renders/procedural/star_04_peg_v2.png,data/renders/procedural/chamfered_04_socket_v1.png,data/renders/procedural/chamfered_04_socket_v2.png
star_04_present_easy,star_04,star,test,present_easy,1,circle_01,catalog,E2,incompatible,-2.0,0.3574,0,data/renders/procedural/star_04_peg_v1.png,data/renders/procedural/star_04_peg_v2.png,data/renders/procedural/circle_01_socket_v1.png,data/renders/procedural/circle_01_socket_v2.png
star_04_present_easy,star_04,star,test,present_easy,2,star_04,catalog,M,compatible,0.2999,1.0,1,data/renders/procedural/star_04_peg_v1.png,data/renders/procedural/star_04_peg_v2.png,data/renders/procedural/star_04_socket_v1.png,data/renders/procedural/star_04_socket_v2.png
star_04_present_hard,star_04,star,test,present_hard,0,circle_01,catalog,E2,incompatible,-2.0,0.3574,0,data/renders/procedural/star_04_peg_v1.png,data/renders/procedural/star_04_peg_v2.png,data/renders/procedural/circle_01_socket_v1.png,data/renders/procedural/circle_01_socket_v2.png
star_04_present_hard,star_04,star,test,present_hard,1,polygon_02,catalog,H,incompatible,-0.7012,0.8851,0,data/renders/procedural/star_04_peg_v1.png,data/renders/procedural/star_04_peg_v2.png,data/renders/procedural/polygon_02_socket_v1.png,data/renders/procedural/polygon_02_socket_v2.png
star_04_present_hard,star_04,star,test,present_hard,2,star_04,catalog,M,compatible,0.2999,1.0,1,data/renders/procedural/star_04_peg_v1.png,data/renders/procedural/star_04_peg_v2.png,data/renders/procedural/star_04_socket_v1.png,data/renders/procedural/star_04_socket_v2.png
star_04_absent_easy,star_04,star,test,absent_easy,0,chamfered_04,catalog,E1,incompatible,-2.0,0.4866,0,data/renders/procedural/star_04_peg_v1.png,data/renders/procedural/star_04_peg_v2.png,data/renders/procedural/chamfered_04_socket_v1.png,data/renders/procedural/chamfered_04_socket_v2.png
star_04_absent_easy,star_04,star,test,absent_easy,1,obround_04,catalog,E3,incompatible,-2.0,0.3525,0,data/renders/procedural/star_04_peg_v1.png,data/renders/procedural/star_04_peg_v2.png,data/renders/procedural/obround_04_socket_v1.png,data/renders/procedural/obround_04_socket_v2.png
star_04_absent_easy,star_04,star,test,absent_easy,2,circle_01,catalog,E2,incompatible,-2.0,0.3574,0,data/renders/procedural/star_04_peg_v1.png,data/renders/procedural/star_04_peg_v2.png,data/renders/procedural/circle_01_socket_v1.png,data/renders/procedural/circle_01_socket_v2.png
star_04_absent_hard,star_04,star,test,absent_hard,0,circle_01,catalog,E2,incompatible,-2.0,0.3574,0,data/renders/procedural/star_04_peg_v1.png,data/renders/procedural/star_04_peg_v2.png,data/renders/procedural/circle_01_socket_v1.png,data/renders/procedural/circle_01_socket_v2.png
star_04_absent_hard,star_04,star,test,absent_hard,1,polygon_02,catalog,H,incompatible,-0.7012,0.8851,0,data/renders/procedural/star_04_peg_v1.png,data/renders/procedural/star_04_peg_v2.png,data/renders/procedural/polygon_02_socket_v1.png,data/renders/procedural/polygon_02_socket_v2.png
star_04_absent_hard,star_04,star,test,absent_hard,2,obround_04,catalog,E3,incompatible,-2.0,0.3525,0,data/renders/procedural/star_04_peg_v1.png,data/renders/procedural/star_04_peg_v2.png,data/renders/procedural/obround_04_socket_v1.png,data/renders/procedural/obround_04_socket_v2.png
keyed_01_present_easy,keyed_01,keyed,test,present_easy,0,chamfered_04,catalog,E1,incompatible,-2.0,0.538,0,data/renders/procedural/keyed_01_peg_v1.png,data/renders/procedural/keyed_01_peg_v2.png,data/renders/procedural/chamfered_04_socket_v1.png,data/renders/procedural/chamfered_04_socket_v2.png
keyed_01_present_easy,keyed_01,keyed,test,present_easy,1,keyed_01,catalog,M,compatible,0.2599,1.0,1,data/renders/procedural/keyed_01_peg_v1.png,data/renders/procedural/keyed_01_peg_v2.png,data/renders/procedural/keyed_01_socket_v1.png,data/renders/procedural/keyed_01_socket_v2.png
keyed_01_present_easy,keyed_01,keyed,test,present_easy,2,circle_01,catalog,E2,incompatible,-2.0,0.3943,0,data/renders/procedural/keyed_01_peg_v1.png,data/renders/procedural/keyed_01_peg_v2.png,data/renders/procedural/circle_01_socket_v1.png,data/renders/procedural/circle_01_socket_v2.png
keyed_01_present_hard,keyed_01,keyed,test,present_hard,0,circle_03,catalog,H,incompatible,-1.5498,0.9325,0,data/renders/procedural/keyed_01_peg_v1.png,data/renders/procedural/keyed_01_peg_v2.png,data/renders/procedural/circle_03_socket_v1.png,data/renders/procedural/circle_03_socket_v2.png
keyed_01_present_hard,keyed_01,keyed,test,present_hard,1,circle_01,catalog,E2,incompatible,-2.0,0.3943,0,data/renders/procedural/keyed_01_peg_v1.png,data/renders/procedural/keyed_01_peg_v2.png,data/renders/procedural/circle_01_socket_v1.png,data/renders/procedural/circle_01_socket_v2.png
keyed_01_present_hard,keyed_01,keyed,test,present_hard,2,keyed_01,catalog,M,compatible,0.2599,1.0,1,data/renders/procedural/keyed_01_peg_v1.png,data/renders/procedural/keyed_01_peg_v2.png,data/renders/procedural/keyed_01_socket_v1.png,data/renders/procedural/keyed_01_socket_v2.png
keyed_01_absent_easy,keyed_01,keyed,test,absent_easy,0,chamfered_04,catalog,E1,incompatible,-2.0,0.538,0,data/renders/procedural/keyed_01_peg_v1.png,data/renders/procedural/keyed_01_peg_v2.png,data/renders/procedural/chamfered_04_socket_v1.png,data/renders/procedural/chamfered_04_socket_v2.png
keyed_01_absent_easy,keyed_01,keyed,test,absent_easy,1,circle_01,catalog,E2,incompatible,-2.0,0.3943,0,data/renders/procedural/keyed_01_peg_v1.png,data/renders/procedural/keyed_01_peg_v2.png,data/renders/procedural/circle_01_socket_v1.png,data/renders/procedural/circle_01_socket_v2.png
keyed_01_absent_easy,keyed_01,keyed,test,absent_easy,2,obround_04,catalog,E3,incompatible,-2.0,0.3888,0,data/renders/procedural/keyed_01_peg_v1.png,data/renders/procedural/keyed_01_peg_v2.png,data/renders/procedural/obround_04_socket_v1.png,data/renders/procedural/obround_04_socket_v2.png
keyed_01_absent_hard,keyed_01,keyed,test,absent_hard,0,obround_04,catalog,E3,incompatible,-2.0,0.3888,0,data/renders/procedural/keyed_01_peg_v1.png,data/renders/procedural/keyed_01_peg_v2.png,data/renders/procedural/obround_04_socket_v1.png,data/renders/procedural/obround_04_socket_v2.png
keyed_01_absent_hard,keyed_01,keyed,test,absent_hard,1,circle_03,catalog,H,incompatible,-1.5498,0.9325,0,data/renders/procedural/keyed_01_peg_v1.png,data/renders/procedural/keyed_01_peg_v2.png,data/renders/procedural/circle_03_socket_v1.png,data/renders/procedural/circle_03_socket_v2.png
keyed_01_absent_hard,keyed_01,keyed,test,absent_hard,2,circle_01,catalog,E2,incompatible,-2.0,0.3943,0,data/renders/procedural/keyed_01_peg_v1.png,data/renders/procedural/keyed_01_peg_v2.png,data/renders/procedural/circle_01_socket_v1.png,data/renders/procedural/circle_01_socket_v2.png
keyed_02_present_easy,keyed_02,keyed,test,present_easy,0,circle_01,catalog,E2,incompatible,-2.0,0.3862,0,data/renders/procedural/keyed_02_peg_v1.png,data/renders/procedural/keyed_02_peg_v2.png,data/renders/procedural/circle_01_socket_v1.png,data/renders/procedural/circle_01_socket_v2.png
keyed_02_present_easy,keyed_02,keyed,test,present_easy,1,chamfered_04,catalog,E1,incompatible,-2.0,0.5269,0,data/renders/procedural/keyed_02_peg_v1.png,data/renders/procedural/keyed_02_peg_v2.png,data/renders/procedural/chamfered_04_socket_v1.png,data/renders/procedural/chamfered_04_socket_v2.png
keyed_02_present_easy,keyed_02,keyed,test,present_easy,2,keyed_02,catalog,M,compatible,0.2634,1.0,1,data/renders/procedural/keyed_02_peg_v1.png,data/renders/procedural/keyed_02_peg_v2.png,data/renders/procedural/keyed_02_socket_v1.png,data/renders/procedural/keyed_02_socket_v2.png
keyed_02_present_hard,keyed_02,keyed,test,present_hard,0,circle_01,catalog,E2,incompatible,-2.0,0.3862,0,data/renders/procedural/keyed_02_peg_v1.png,data/renders/procedural/keyed_02_peg_v2.png,data/renders/procedural/circle_01_socket_v1.png,data/renders/procedural/circle_01_socket_v2.png
keyed_02_present_hard,keyed_02,keyed,test,present_hard,1,keyed_02,catalog,M,compatible,0.2634,1.0,1,data/renders/procedural/keyed_02_peg_v1.png,data/renders/procedural/keyed_02_peg_v2.png,data/renders/procedural/keyed_02_socket_v1.png,data/renders/procedural/keyed_02_socket_v2.png
keyed_02_present_hard,keyed_02,keyed,test,present_hard,2,keyed_01,catalog,H,incompatible,-0.7002,0.9573,0,data/renders/procedural/keyed_02_peg_v1.png,data/renders/procedural/keyed_02_peg_v2.png,data/renders/procedural/keyed_01_socket_v1.png,data/renders/procedural/keyed_01_socket_v2.png
keyed_02_absent_easy,keyed_02,keyed,test,absent_easy,0,obround_04,catalog,E3,incompatible,-2.0,0.3809,0,data/renders/procedural/keyed_02_peg_v1.png,data/renders/procedural/keyed_02_peg_v2.png,data/renders/procedural/obround_04_socket_v1.png,data/renders/procedural/obround_04_socket_v2.png
keyed_02_absent_easy,keyed_02,keyed,test,absent_easy,1,circle_01,catalog,E2,incompatible,-2.0,0.3862,0,data/renders/procedural/keyed_02_peg_v1.png,data/renders/procedural/keyed_02_peg_v2.png,data/renders/procedural/circle_01_socket_v1.png,data/renders/procedural/circle_01_socket_v2.png
keyed_02_absent_easy,keyed_02,keyed,test,absent_easy,2,chamfered_04,catalog,E1,incompatible,-2.0,0.5269,0,data/renders/procedural/keyed_02_peg_v1.png,data/renders/procedural/keyed_02_peg_v2.png,data/renders/procedural/chamfered_04_socket_v1.png,data/renders/procedural/chamfered_04_socket_v2.png
keyed_02_absent_hard,keyed_02,keyed,test,absent_hard,0,circle_01,catalog,E2,incompatible,-2.0,0.3862,0,data/renders/procedural/keyed_02_peg_v1.png,data/renders/procedural/keyed_02_peg_v2.png,data/renders/procedural/circle_01_socket_v1.png,data/renders/procedural/circle_01_socket_v2.png
keyed_02_absent_hard,keyed_02,keyed,test,absent_hard,1,obround_04,catalog,E3,incompatible,-2.0,0.3809,0,data/renders/procedural/keyed_02_peg_v1.png,data/renders/procedural/keyed_02_peg_v2.png,data/renders/procedural/obround_04_socket_v1.png,data/renders/procedural/obround_04_socket_v2.png
keyed_02_absent_hard,keyed_02,keyed,test,absent_hard,2,keyed_01,catalog,H,incompatible,-0.7002,0.9573,0,data/renders/procedural/keyed_02_peg_v1.png,data/renders/procedural/keyed_02_peg_v2.png,data/renders/procedural/keyed_01_socket_v1.png,data/renders/procedural/keyed_01_socket_v2.png
keyed_03_present_easy,keyed_03,keyed,test,present_easy,0,keyed_03,catalog,M,compatible,0.2999,1.0,1,data/renders/procedural/keyed_03_peg_v1.png,data/renders/procedural/keyed_03_peg_v2.png,data/renders/procedural/keyed_03_socket_v1.png,data/renders/procedural/keyed_03_socket_v2.png
keyed_03_present_easy,keyed_03,keyed,test,present_easy,1,circle_01,catalog,E2,incompatible,-2.0,0.3816,0,data/renders/procedural/keyed_03_peg_v1.png,data/renders/procedural/keyed_03_peg_v2.png,data/renders/procedural/circle_01_socket_v1.png,data/renders/procedural/circle_01_socket_v2.png
keyed_03_present_easy,keyed_03,keyed,test,present_easy,2,chamfered_04,catalog,E1,incompatible,-2.0,0.5203,0,data/renders/procedural/keyed_03_peg_v1.png,data/renders/procedural/keyed_03_peg_v2.png,data/renders/procedural/chamfered_04_socket_v1.png,data/renders/procedural/chamfered_04_socket_v2.png
keyed_03_present_hard,keyed_03,keyed,test,present_hard,0,circle_01,catalog,E2,incompatible,-2.0,0.3816,0,data/renders/procedural/keyed_03_peg_v1.png,data/renders/procedural/keyed_03_peg_v2.png,data/renders/procedural/circle_01_socket_v1.png,data/renders/procedural/circle_01_socket_v2.png
keyed_03_present_hard,keyed_03,keyed,test,present_hard,1,keyed_03,catalog,M,compatible,0.2999,1.0,1,data/renders/procedural/keyed_03_peg_v1.png,data/renders/procedural/keyed_03_peg_v2.png,data/renders/procedural/keyed_03_socket_v1.png,data/renders/procedural/keyed_03_socket_v2.png
keyed_03_present_hard,keyed_03,keyed,test,present_hard,2,circle_03,catalog,H,incompatible,-1.8125,0.9359,0,data/renders/procedural/keyed_03_peg_v1.png,data/renders/procedural/keyed_03_peg_v2.png,data/renders/procedural/circle_03_socket_v1.png,data/renders/procedural/circle_03_socket_v2.png
keyed_03_absent_easy,keyed_03,keyed,test,absent_easy,0,chamfered_04,catalog,E1,incompatible,-2.0,0.5203,0,data/renders/procedural/keyed_03_peg_v1.png,data/renders/procedural/keyed_03_peg_v2.png,data/renders/procedural/chamfered_04_socket_v1.png,data/renders/procedural/chamfered_04_socket_v2.png
keyed_03_absent_easy,keyed_03,keyed,test,absent_easy,1,circle_01,catalog,E2,incompatible,-2.0,0.3816,0,data/renders/procedural/keyed_03_peg_v1.png,data/renders/procedural/keyed_03_peg_v2.png,data/renders/procedural/circle_01_socket_v1.png,data/renders/procedural/circle_01_socket_v2.png
keyed_03_absent_easy,keyed_03,keyed,test,absent_easy,2,obround_04,catalog,E3,incompatible,-2.0,0.3764,0,data/renders/procedural/keyed_03_peg_v1.png,data/renders/procedural/keyed_03_peg_v2.png,data/renders/procedural/obround_04_socket_v1.png,data/renders/procedural/obround_04_socket_v2.png
keyed_03_absent_hard,keyed_03,keyed,test,absent_hard,0,circle_01,catalog,E2,incompatible,-2.0,0.3816,0,data/renders/procedural/keyed_03_peg_v1.png,data/renders/procedural/keyed_03_peg_v2.png,data/renders/procedural/circle_01_socket_v1.png,data/renders/procedural/circle_01_socket_v2.png
keyed_03_absent_hard,keyed_03,keyed,test,absent_hard,1,circle_03,catalog,H,incompatible,-1.8125,0.9359,0,data/renders/procedural/keyed_03_peg_v1.png,data/renders/procedural/keyed_03_peg_v2.png,data/renders/procedural/circle_03_socket_v1.png,data/renders/procedural/circle_03_socket_v2.png
keyed_03_absent_hard,keyed_03,keyed,test,absent_hard,2,obround_04,catalog,E3,incompatible,-2.0,0.3764,0,data/renders/procedural/keyed_03_peg_v1.png,data/renders/procedural/keyed_03_peg_v2.png,data/renders/procedural/obround_04_socket_v1.png,data/renders/procedural/obround_04_socket_v2.png
keyed_04_present_easy,keyed_04,keyed,test,present_easy,0,chamfered_04,catalog,E1,incompatible,-2.0,0.5203,0,data/renders/procedural/keyed_04_peg_v1.png,data/renders/procedural/keyed_04_peg_v2.png,data/renders/procedural/chamfered_04_socket_v1.png,data/renders/procedural/chamfered_04_socket_v2.png
keyed_04_present_easy,keyed_04,keyed,test,present_easy,1,circle_01,catalog,E2,incompatible,-2.0,0.3816,0,data/renders/procedural/keyed_04_peg_v1.png,data/renders/procedural/keyed_04_peg_v2.png,data/renders/procedural/circle_01_socket_v1.png,data/renders/procedural/circle_01_socket_v2.png
keyed_04_present_easy,keyed_04,keyed,test,present_easy,2,keyed_04,catalog,M,compatible,0.2463,1.0,1,data/renders/procedural/keyed_04_peg_v1.png,data/renders/procedural/keyed_04_peg_v2.png,data/renders/procedural/keyed_04_socket_v1.png,data/renders/procedural/keyed_04_socket_v2.png
keyed_04_present_hard,keyed_04,keyed,test,present_hard,0,keyed_01,catalog,H,incompatible,-1.5654,0.9307,0,data/renders/procedural/keyed_04_peg_v1.png,data/renders/procedural/keyed_04_peg_v2.png,data/renders/procedural/keyed_01_socket_v1.png,data/renders/procedural/keyed_01_socket_v2.png
keyed_04_present_hard,keyed_04,keyed,test,present_hard,1,keyed_04,catalog,M,compatible,0.2463,1.0,1,data/renders/procedural/keyed_04_peg_v1.png,data/renders/procedural/keyed_04_peg_v2.png,data/renders/procedural/keyed_04_socket_v1.png,data/renders/procedural/keyed_04_socket_v2.png
keyed_04_present_hard,keyed_04,keyed,test,present_hard,2,circle_01,catalog,E2,incompatible,-2.0,0.3816,0,data/renders/procedural/keyed_04_peg_v1.png,data/renders/procedural/keyed_04_peg_v2.png,data/renders/procedural/circle_01_socket_v1.png,data/renders/procedural/circle_01_socket_v2.png
keyed_04_absent_easy,keyed_04,keyed,test,absent_easy,0,obround_04,catalog,E3,incompatible,-2.0,0.3764,0,data/renders/procedural/keyed_04_peg_v1.png,data/renders/procedural/keyed_04_peg_v2.png,data/renders/procedural/obround_04_socket_v1.png,data/renders/procedural/obround_04_socket_v2.png
keyed_04_absent_easy,keyed_04,keyed,test,absent_easy,1,chamfered_04,catalog,E1,incompatible,-2.0,0.5203,0,data/renders/procedural/keyed_04_peg_v1.png,data/renders/procedural/keyed_04_peg_v2.png,data/renders/procedural/chamfered_04_socket_v1.png,data/renders/procedural/chamfered_04_socket_v2.png
keyed_04_absent_easy,keyed_04,keyed,test,absent_easy,2,circle_01,catalog,E2,incompatible,-2.0,0.3816,0,data/renders/procedural/keyed_04_peg_v1.png,data/renders/procedural/keyed_04_peg_v2.png,data/renders/procedural/circle_01_socket_v1.png,data/renders/procedural/circle_01_socket_v2.png
keyed_04_absent_hard,keyed_04,keyed,test,absent_hard,0,circle_01,catalog,E2,incompatible,-2.0,0.3816,0,data/renders/procedural/keyed_04_peg_v1.png,data/renders/procedural/keyed_04_peg_v2.png,data/renders/procedural/circle_01_socket_v1.png,data/renders/procedural/circle_01_socket_v2.png
keyed_04_absent_hard,keyed_04,keyed,test,absent_hard,1,obround_04,catalog,E3,incompatible,-2.0,0.3764,0,data/renders/procedural/keyed_04_peg_v1.png,data/renders/procedural/keyed_04_peg_v2.png,data/renders/procedural/obround_04_socket_v1.png,data/renders/procedural/obround_04_socket_v2.png
keyed_04_absent_hard,keyed_04,keyed,test,absent_hard,2,keyed_01,catalog,H,incompatible,-1.5654,0.9307,0,data/renders/procedural/keyed_04_peg_v1.png,data/renders/procedural/keyed_04_peg_v2.png,data/renders/procedural/keyed_01_socket_v1.png,data/renders/procedural/keyed_01_socket_v2.png
keyed_05_present_easy,keyed_05,keyed,test,present_easy,0,circle_01,catalog,E2,incompatible,-2.0,0.2574,0,data/renders/procedural/keyed_05_peg_v1.png,data/renders/procedural/keyed_05_peg_v2.png,data/renders/procedural/circle_01_socket_v1.png,data/renders/procedural/circle_01_socket_v2.png
keyed_05_present_easy,keyed_05,keyed,test,present_easy,1,keyed_05,catalog,M,compatible,0.2674,1.0,1,data/renders/procedural/keyed_05_peg_v1.png,data/renders/procedural/keyed_05_peg_v2.png,data/renders/procedural/keyed_05_socket_v1.png,data/renders/procedural/keyed_05_socket_v2.png
keyed_05_present_easy,keyed_05,keyed,test,present_easy,2,chamfered_04,catalog,E1,incompatible,-2.0,0.3515,0,data/renders/procedural/keyed_05_peg_v1.png,data/renders/procedural/keyed_05_peg_v2.png,data/renders/procedural/chamfered_04_socket_v1.png,data/renders/procedural/chamfered_04_socket_v2.png
keyed_05_present_hard,keyed_05,keyed,test,present_hard,0,circle_04,catalog,H,incompatible,-1.5918,0.9436,0,data/renders/procedural/keyed_05_peg_v1.png,data/renders/procedural/keyed_05_peg_v2.png,data/renders/procedural/circle_04_socket_v1.png,data/renders/procedural/circle_04_socket_v2.png
keyed_05_present_hard,keyed_05,keyed,test,present_hard,1,keyed_05,catalog,M,compatible,0.2674,1.0,1,data/renders/procedural/keyed_05_peg_v1.png,data/renders/procedural/keyed_05_peg_v2.png,data/renders/procedural/keyed_05_socket_v1.png,data/renders/procedural/keyed_05_socket_v2.png
keyed_05_present_hard,keyed_05,keyed,test,present_hard,2,circle_01,catalog,E2,incompatible,-2.0,0.2574,0,data/renders/procedural/keyed_05_peg_v1.png,data/renders/procedural/keyed_05_peg_v2.png,data/renders/procedural/circle_01_socket_v1.png,data/renders/procedural/circle_01_socket_v2.png
keyed_05_absent_easy,keyed_05,keyed,test,absent_easy,0,obround_04,catalog,E3,incompatible,-2.0,0.2538,0,data/renders/procedural/keyed_05_peg_v1.png,data/renders/procedural/keyed_05_peg_v2.png,data/renders/procedural/obround_04_socket_v1.png,data/renders/procedural/obround_04_socket_v2.png
keyed_05_absent_easy,keyed_05,keyed,test,absent_easy,1,circle_01,catalog,E2,incompatible,-2.0,0.2574,0,data/renders/procedural/keyed_05_peg_v1.png,data/renders/procedural/keyed_05_peg_v2.png,data/renders/procedural/circle_01_socket_v1.png,data/renders/procedural/circle_01_socket_v2.png
keyed_05_absent_easy,keyed_05,keyed,test,absent_easy,2,chamfered_04,catalog,E1,incompatible,-2.0,0.3515,0,data/renders/procedural/keyed_05_peg_v1.png,data/renders/procedural/keyed_05_peg_v2.png,data/renders/procedural/chamfered_04_socket_v1.png,data/renders/procedural/chamfered_04_socket_v2.png
keyed_05_absent_hard,keyed_05,keyed,test,absent_hard,0,circle_01,catalog,E2,incompatible,-2.0,0.2574,0,data/renders/procedural/keyed_05_peg_v1.png,data/renders/procedural/keyed_05_peg_v2.png,data/renders/procedural/circle_01_socket_v1.png,data/renders/procedural/circle_01_socket_v2.png
keyed_05_absent_hard,keyed_05,keyed,test,absent_hard,1,circle_04,catalog,H,incompatible,-1.5918,0.9436,0,data/renders/procedural/keyed_05_peg_v1.png,data/renders/procedural/keyed_05_peg_v2.png,data/renders/procedural/circle_04_socket_v1.png,data/renders/procedural/circle_04_socket_v2.png
keyed_05_absent_hard,keyed_05,keyed,test,absent_hard,2,obround_04,catalog,E3,incompatible,-2.0,0.2538,0,data/renders/procedural/keyed_05_peg_v1.png,data/renders/procedural/keyed_05_peg_v2.png,data/renders/procedural/obround_04_socket_v1.png,data/renders/procedural/obround_04_socket_v2.png
notched_01_present_easy,notched_01,notched,calib,present_easy,0,notched_01,catalog,M,compatible,0.2389,1.0,1,data/renders/procedural/notched_01_peg_v1.png,data/renders/procedural/notched_01_peg_v2.png,data/renders/procedural/notched_01_socket_v1.png,data/renders/procedural/notched_01_socket_v2.png
notched_01_present_easy,notched_01,notched,calib,present_easy,1,rect_05,catalog,E2,incompatible,-2.0,0.4308,0,data/renders/procedural/notched_01_peg_v1.png,data/renders/procedural/notched_01_peg_v2.png,data/renders/procedural/rect_05_socket_v1.png,data/renders/procedural/rect_05_socket_v2.png
notched_01_present_easy,notched_01,notched,calib,present_easy,2,ell_05,catalog,E1,incompatible,-2.0,0.3942,0,data/renders/procedural/notched_01_peg_v1.png,data/renders/procedural/notched_01_peg_v2.png,data/renders/procedural/ell_05_socket_v1.png,data/renders/procedural/ell_05_socket_v2.png
notched_01_present_hard,notched_01,notched,calib,present_hard,0,notched_04,catalog,H,incompatible,-0.7002,0.9031,0,data/renders/procedural/notched_01_peg_v1.png,data/renders/procedural/notched_01_peg_v2.png,data/renders/procedural/notched_04_socket_v1.png,data/renders/procedural/notched_04_socket_v2.png
notched_01_present_hard,notched_01,notched,calib,present_hard,1,rect_05,catalog,E2,incompatible,-2.0,0.4308,0,data/renders/procedural/notched_01_peg_v1.png,data/renders/procedural/notched_01_peg_v2.png,data/renders/procedural/rect_05_socket_v1.png,data/renders/procedural/rect_05_socket_v2.png
notched_01_present_hard,notched_01,notched,calib,present_hard,2,notched_01,catalog,M,compatible,0.2389,1.0,1,data/renders/procedural/notched_01_peg_v1.png,data/renders/procedural/notched_01_peg_v2.png,data/renders/procedural/notched_01_socket_v1.png,data/renders/procedural/notched_01_socket_v2.png
notched_01_absent_easy,notched_01,notched,calib,absent_easy,0,tee_02,catalog,E3,incompatible,-2.0,0.4007,0,data/renders/procedural/notched_01_peg_v1.png,data/renders/procedural/notched_01_peg_v2.png,data/renders/procedural/tee_02_socket_v1.png,data/renders/procedural/tee_02_socket_v2.png
notched_01_absent_easy,notched_01,notched,calib,absent_easy,1,rect_05,catalog,E2,incompatible,-2.0,0.4308,0,data/renders/procedural/notched_01_peg_v1.png,data/renders/procedural/notched_01_peg_v2.png,data/renders/procedural/rect_05_socket_v1.png,data/renders/procedural/rect_05_socket_v2.png
notched_01_absent_easy,notched_01,notched,calib,absent_easy,2,ell_05,catalog,E1,incompatible,-2.0,0.3942,0,data/renders/procedural/notched_01_peg_v1.png,data/renders/procedural/notched_01_peg_v2.png,data/renders/procedural/ell_05_socket_v1.png,data/renders/procedural/ell_05_socket_v2.png
notched_01_absent_hard,notched_01,notched,calib,absent_hard,0,tee_02,catalog,E3,incompatible,-2.0,0.4007,0,data/renders/procedural/notched_01_peg_v1.png,data/renders/procedural/notched_01_peg_v2.png,data/renders/procedural/tee_02_socket_v1.png,data/renders/procedural/tee_02_socket_v2.png
notched_01_absent_hard,notched_01,notched,calib,absent_hard,1,notched_04,catalog,H,incompatible,-0.7002,0.9031,0,data/renders/procedural/notched_01_peg_v1.png,data/renders/procedural/notched_01_peg_v2.png,data/renders/procedural/notched_04_socket_v1.png,data/renders/procedural/notched_04_socket_v2.png
notched_01_absent_hard,notched_01,notched,calib,absent_hard,2,rect_05,catalog,E2,incompatible,-2.0,0.4308,0,data/renders/procedural/notched_01_peg_v1.png,data/renders/procedural/notched_01_peg_v2.png,data/renders/procedural/rect_05_socket_v1.png,data/renders/procedural/rect_05_socket_v2.png
notched_02_present_easy,notched_02,notched,calib,present_easy,0,rect_05,catalog,E2,incompatible,-2.0,0.4308,0,data/renders/procedural/notched_02_peg_v1.png,data/renders/procedural/notched_02_peg_v2.png,data/renders/procedural/rect_05_socket_v1.png,data/renders/procedural/rect_05_socket_v2.png
notched_02_present_easy,notched_02,notched,calib,present_easy,1,ell_05,catalog,E1,incompatible,-2.0,0.4199,0,data/renders/procedural/notched_02_peg_v1.png,data/renders/procedural/notched_02_peg_v2.png,data/renders/procedural/ell_05_socket_v1.png,data/renders/procedural/ell_05_socket_v2.png
notched_02_present_easy,notched_02,notched,calib,present_easy,2,notched_02,catalog,M,compatible,0.2017,1.0,1,data/renders/procedural/notched_02_peg_v1.png,data/renders/procedural/notched_02_peg_v2.png,data/renders/procedural/notched_02_socket_v1.png,data/renders/procedural/notched_02_socket_v2.png
notched_02_present_hard,notched_02,notched,calib,present_hard,0,rect_05,catalog,E2,incompatible,-2.0,0.4308,0,data/renders/procedural/notched_02_peg_v1.png,data/renders/procedural/notched_02_peg_v2.png,data/renders/procedural/rect_05_socket_v1.png,data/renders/procedural/rect_05_socket_v2.png
notched_02_present_hard,notched_02,notched,calib,present_hard,1,notched_02_shrunk0.20,shrunk,H,incompatible,-0.3574,0.8389,0,data/renders/procedural/notched_02_peg_v1.png,data/renders/procedural/notched_02_peg_v2.png,data/renders/blocks/notched_02_shrunk0.20_socket_v1.png,data/renders/blocks/notched_02_shrunk0.20_socket_v2.png
notched_02_present_hard,notched_02,notched,calib,present_hard,2,notched_02,catalog,M,compatible,0.2017,1.0,1,data/renders/procedural/notched_02_peg_v1.png,data/renders/procedural/notched_02_peg_v2.png,data/renders/procedural/notched_02_socket_v1.png,data/renders/procedural/notched_02_socket_v2.png
notched_02_absent_easy,notched_02,notched,calib,absent_easy,0,tee_02,catalog,E3,incompatible,-2.0,0.4643,0,data/renders/procedural/notched_02_peg_v1.png,data/renders/procedural/notched_02_peg_v2.png,data/renders/procedural/tee_02_socket_v1.png,data/renders/procedural/tee_02_socket_v2.png
notched_02_absent_easy,notched_02,notched,calib,absent_easy,1,ell_05,catalog,E1,incompatible,-2.0,0.4199,0,data/renders/procedural/notched_02_peg_v1.png,data/renders/procedural/notched_02_peg_v2.png,data/renders/procedural/ell_05_socket_v1.png,data/renders/procedural/ell_05_socket_v2.png
notched_02_absent_easy,notched_02,notched,calib,absent_easy,2,rect_05,catalog,E2,incompatible,-2.0,0.4308,0,data/renders/procedural/notched_02_peg_v1.png,data/renders/procedural/notched_02_peg_v2.png,data/renders/procedural/rect_05_socket_v1.png,data/renders/procedural/rect_05_socket_v2.png
notched_02_absent_hard,notched_02,notched,calib,absent_hard,0,notched_02_shrunk0.20,shrunk,H,incompatible,-0.3574,0.8389,0,data/renders/procedural/notched_02_peg_v1.png,data/renders/procedural/notched_02_peg_v2.png,data/renders/blocks/notched_02_shrunk0.20_socket_v1.png,data/renders/blocks/notched_02_shrunk0.20_socket_v2.png
notched_02_absent_hard,notched_02,notched,calib,absent_hard,1,rect_05,catalog,E2,incompatible,-2.0,0.4308,0,data/renders/procedural/notched_02_peg_v1.png,data/renders/procedural/notched_02_peg_v2.png,data/renders/procedural/rect_05_socket_v1.png,data/renders/procedural/rect_05_socket_v2.png
notched_02_absent_hard,notched_02,notched,calib,absent_hard,2,tee_02,catalog,E3,incompatible,-2.0,0.4643,0,data/renders/procedural/notched_02_peg_v1.png,data/renders/procedural/notched_02_peg_v2.png,data/renders/procedural/tee_02_socket_v1.png,data/renders/procedural/tee_02_socket_v2.png
notched_03_present_easy,notched_03,notched,calib,present_easy,0,rect_05,catalog,E2,incompatible,-2.0,0.4308,0,data/renders/procedural/notched_03_peg_v1.png,data/renders/procedural/notched_03_peg_v2.png,data/renders/procedural/rect_05_socket_v1.png,data/renders/procedural/rect_05_socket_v2.png
notched_03_present_easy,notched_03,notched,calib,present_easy,1,notched_03,catalog,M,compatible,0.2017,1.0,1,data/renders/procedural/notched_03_peg_v1.png,data/renders/procedural/notched_03_peg_v2.png,data/renders/procedural/notched_03_socket_v1.png,data/renders/procedural/notched_03_socket_v2.png
notched_03_present_easy,notched_03,notched,calib,present_easy,2,ell_06,catalog,E1,incompatible,-2.0,0.4199,0,data/renders/procedural/notched_03_peg_v1.png,data/renders/procedural/notched_03_peg_v2.png,data/renders/procedural/ell_06_socket_v1.png,data/renders/procedural/ell_06_socket_v2.png
notched_03_present_hard,notched_03,notched,calib,present_hard,0,rect_05,catalog,E2,incompatible,-2.0,0.4308,0,data/renders/procedural/notched_03_peg_v1.png,data/renders/procedural/notched_03_peg_v2.png,data/renders/procedural/rect_05_socket_v1.png,data/renders/procedural/rect_05_socket_v2.png
notched_03_present_hard,notched_03,notched,calib,present_hard,1,notched_03,catalog,M,compatible,0.2017,1.0,1,data/renders/procedural/notched_03_peg_v1.png,data/renders/procedural/notched_03_peg_v2.png,data/renders/procedural/notched_03_socket_v1.png,data/renders/procedural/notched_03_socket_v2.png
notched_03_present_hard,notched_03,notched,calib,present_hard,2,notched_03_shrunk0.20,shrunk,H,incompatible,-0.3574,0.8389,0,data/renders/procedural/notched_03_peg_v1.png,data/renders/procedural/notched_03_peg_v2.png,data/renders/blocks/notched_03_shrunk0.20_socket_v1.png,data/renders/blocks/notched_03_shrunk0.20_socket_v2.png
notched_03_absent_easy,notched_03,notched,calib,absent_easy,0,rect_05,catalog,E2,incompatible,-2.0,0.4308,0,data/renders/procedural/notched_03_peg_v1.png,data/renders/procedural/notched_03_peg_v2.png,data/renders/procedural/rect_05_socket_v1.png,data/renders/procedural/rect_05_socket_v2.png
notched_03_absent_easy,notched_03,notched,calib,absent_easy,1,tee_02,catalog,E3,incompatible,-2.0,0.4643,0,data/renders/procedural/notched_03_peg_v1.png,data/renders/procedural/notched_03_peg_v2.png,data/renders/procedural/tee_02_socket_v1.png,data/renders/procedural/tee_02_socket_v2.png
notched_03_absent_easy,notched_03,notched,calib,absent_easy,2,ell_06,catalog,E1,incompatible,-2.0,0.4199,0,data/renders/procedural/notched_03_peg_v1.png,data/renders/procedural/notched_03_peg_v2.png,data/renders/procedural/ell_06_socket_v1.png,data/renders/procedural/ell_06_socket_v2.png
notched_03_absent_hard,notched_03,notched,calib,absent_hard,0,tee_02,catalog,E3,incompatible,-2.0,0.4643,0,data/renders/procedural/notched_03_peg_v1.png,data/renders/procedural/notched_03_peg_v2.png,data/renders/procedural/tee_02_socket_v1.png,data/renders/procedural/tee_02_socket_v2.png
notched_03_absent_hard,notched_03,notched,calib,absent_hard,1,rect_05,catalog,E2,incompatible,-2.0,0.4308,0,data/renders/procedural/notched_03_peg_v1.png,data/renders/procedural/notched_03_peg_v2.png,data/renders/procedural/rect_05_socket_v1.png,data/renders/procedural/rect_05_socket_v2.png
notched_03_absent_hard,notched_03,notched,calib,absent_hard,2,notched_03_shrunk0.20,shrunk,H,incompatible,-0.3574,0.8389,0,data/renders/procedural/notched_03_peg_v1.png,data/renders/procedural/notched_03_peg_v2.png,data/renders/blocks/notched_03_shrunk0.20_socket_v1.png,data/renders/blocks/notched_03_shrunk0.20_socket_v2.png
notched_04_present_easy,notched_04,notched,calib,present_easy,0,ell_02,catalog,E1,incompatible,-2.0,0.432,0,data/renders/procedural/notched_04_peg_v1.png,data/renders/procedural/notched_04_peg_v2.png,data/renders/procedural/ell_02_socket_v1.png,data/renders/procedural/ell_02_socket_v2.png
notched_04_present_easy,notched_04,notched,calib,present_easy,1,ell_05,catalog,E2,incompatible,-2.0,0.3694,0,data/renders/procedural/notched_04_peg_v1.png,data/renders/procedural/notched_04_peg_v2.png,data/renders/procedural/ell_05_socket_v1.png,data/renders/procedural/ell_05_socket_v2.png
notched_04_present_easy,notched_04,notched,calib,present_easy,2,notched_04,catalog,M,compatible,0.2106,1.0,1,data/renders/procedural/notched_04_peg_v1.png,data/renders/procedural/notched_04_peg_v2.png,data/renders/procedural/notched_04_socket_v1.png,data/renders/procedural/notched_04_socket_v2.png
notched_04_present_hard,notched_04,notched,calib,present_hard,0,ell_05,catalog,E2,incompatible,-2.0,0.3694,0,data/renders/procedural/notched_04_peg_v1.png,data/renders/procedural/notched_04_peg_v2.png,data/renders/procedural/ell_05_socket_v1.png,data/renders/procedural/ell_05_socket_v2.png
notched_04_present_hard,notched_04,notched,calib,present_hard,1,notched_04_shrunk0.20,shrunk,H,incompatible,-0.333,0.8213,0,data/renders/procedural/notched_04_peg_v1.png,data/renders/procedural/notched_04_peg_v2.png,data/renders/blocks/notched_04_shrunk0.20_socket_v1.png,data/renders/blocks/notched_04_shrunk0.20_socket_v2.png
notched_04_present_hard,notched_04,notched,calib,present_hard,2,notched_04,catalog,M,compatible,0.2106,1.0,1,data/renders/procedural/notched_04_peg_v1.png,data/renders/procedural/notched_04_peg_v2.png,data/renders/procedural/notched_04_socket_v1.png,data/renders/procedural/notched_04_socket_v2.png
notched_04_absent_easy,notched_04,notched,calib,absent_easy,0,tee_02,catalog,E3,incompatible,-2.0,0.3976,0,data/renders/procedural/notched_04_peg_v1.png,data/renders/procedural/notched_04_peg_v2.png,data/renders/procedural/tee_02_socket_v1.png,data/renders/procedural/tee_02_socket_v2.png
notched_04_absent_easy,notched_04,notched,calib,absent_easy,1,ell_05,catalog,E2,incompatible,-2.0,0.3694,0,data/renders/procedural/notched_04_peg_v1.png,data/renders/procedural/notched_04_peg_v2.png,data/renders/procedural/ell_05_socket_v1.png,data/renders/procedural/ell_05_socket_v2.png
notched_04_absent_easy,notched_04,notched,calib,absent_easy,2,ell_02,catalog,E1,incompatible,-2.0,0.432,0,data/renders/procedural/notched_04_peg_v1.png,data/renders/procedural/notched_04_peg_v2.png,data/renders/procedural/ell_02_socket_v1.png,data/renders/procedural/ell_02_socket_v2.png
notched_04_absent_hard,notched_04,notched,calib,absent_hard,0,ell_05,catalog,E2,incompatible,-2.0,0.3694,0,data/renders/procedural/notched_04_peg_v1.png,data/renders/procedural/notched_04_peg_v2.png,data/renders/procedural/ell_05_socket_v1.png,data/renders/procedural/ell_05_socket_v2.png
notched_04_absent_hard,notched_04,notched,calib,absent_hard,1,notched_04_shrunk0.20,shrunk,H,incompatible,-0.333,0.8213,0,data/renders/procedural/notched_04_peg_v1.png,data/renders/procedural/notched_04_peg_v2.png,data/renders/blocks/notched_04_shrunk0.20_socket_v1.png,data/renders/blocks/notched_04_shrunk0.20_socket_v2.png
notched_04_absent_hard,notched_04,notched,calib,absent_hard,2,tee_02,catalog,E3,incompatible,-2.0,0.3976,0,data/renders/procedural/notched_04_peg_v1.png,data/renders/procedural/notched_04_peg_v2.png,data/renders/procedural/tee_02_socket_v1.png,data/renders/procedural/tee_02_socket_v2.png
trapezoid_01_present_easy,trapezoid_01,trapezoid,calib,present_easy,0,trapezoid_01,catalog,M,compatible,0.2749,1.0,1,data/renders/procedural/trapezoid_01_peg_v1.png,data/renders/procedural/trapezoid_01_peg_v2.png,data/renders/procedural/trapezoid_01_socket_v1.png,data/renders/procedural/trapezoid_01_socket_v2.png
trapezoid_01_present_easy,trapezoid_01,trapezoid,calib,present_easy,1,ell_01,catalog,E1,incompatible,-2.0,0.3621,0,data/renders/procedural/trapezoid_01_peg_v1.png,data/renders/procedural/trapezoid_01_peg_v2.png,data/renders/procedural/ell_01_socket_v1.png,data/renders/procedural/ell_01_socket_v2.png
trapezoid_01_present_easy,trapezoid_01,trapezoid,calib,present_easy,2,ell_06,catalog,E2,incompatible,-2.0,0.2854,0,data/renders/procedural/trapezoid_01_peg_v1.png,data/renders/procedural/trapezoid_01_peg_v2.png,data/renders/procedural/ell_06_socket_v1.png,data/renders/procedural/ell_06_socket_v2.png
trapezoid_01_present_hard,trapezoid_01,trapezoid,calib,present_hard,0,rect_03,catalog,H,incompatible,-1.7002,0.8569,0,data/renders/procedural/trapezoid_01_peg_v1.png,data/renders/procedural/trapezoid_01_peg_v2.png,data/renders/procedural/rect_03_socket_v1.png,data/renders/procedural/rect_03_socket_v2.png
trapezoid_01_present_hard,trapezoid_01,trapezoid,calib,present_hard,1,ell_06,catalog,E2,incompatible,-2.0,0.2854,0,data/renders/procedural/trapezoid_01_peg_v1.png,data/renders/procedural/trapezoid_01_peg_v2.png,data/renders/procedural/ell_06_socket_v1.png,data/renders/procedural/ell_06_socket_v2.png
trapezoid_01_present_hard,trapezoid_01,trapezoid,calib,present_hard,2,trapezoid_01,catalog,M,compatible,0.2749,1.0,1,data/renders/procedural/trapezoid_01_peg_v1.png,data/renders/procedural/trapezoid_01_peg_v2.png,data/renders/procedural/trapezoid_01_socket_v1.png,data/renders/procedural/trapezoid_01_socket_v2.png
trapezoid_01_absent_easy,trapezoid_01,trapezoid,calib,absent_easy,0,tee_02,catalog,E3,incompatible,-2.0,0.4181,0,data/renders/procedural/trapezoid_01_peg_v1.png,data/renders/procedural/trapezoid_01_peg_v2.png,data/renders/procedural/tee_02_socket_v1.png,data/renders/procedural/tee_02_socket_v2.png
trapezoid_01_absent_easy,trapezoid_01,trapezoid,calib,absent_easy,1,ell_06,catalog,E2,incompatible,-2.0,0.2854,0,data/renders/procedural/trapezoid_01_peg_v1.png,data/renders/procedural/trapezoid_01_peg_v2.png,data/renders/procedural/ell_06_socket_v1.png,data/renders/procedural/ell_06_socket_v2.png
trapezoid_01_absent_easy,trapezoid_01,trapezoid,calib,absent_easy,2,ell_01,catalog,E1,incompatible,-2.0,0.3621,0,data/renders/procedural/trapezoid_01_peg_v1.png,data/renders/procedural/trapezoid_01_peg_v2.png,data/renders/procedural/ell_01_socket_v1.png,data/renders/procedural/ell_01_socket_v2.png
trapezoid_01_absent_hard,trapezoid_01,trapezoid,calib,absent_hard,0,rect_03,catalog,H,incompatible,-1.7002,0.8569,0,data/renders/procedural/trapezoid_01_peg_v1.png,data/renders/procedural/trapezoid_01_peg_v2.png,data/renders/procedural/rect_03_socket_v1.png,data/renders/procedural/rect_03_socket_v2.png
trapezoid_01_absent_hard,trapezoid_01,trapezoid,calib,absent_hard,1,ell_06,catalog,E2,incompatible,-2.0,0.2854,0,data/renders/procedural/trapezoid_01_peg_v1.png,data/renders/procedural/trapezoid_01_peg_v2.png,data/renders/procedural/ell_06_socket_v1.png,data/renders/procedural/ell_06_socket_v2.png
trapezoid_01_absent_hard,trapezoid_01,trapezoid,calib,absent_hard,2,tee_02,catalog,E3,incompatible,-2.0,0.4181,0,data/renders/procedural/trapezoid_01_peg_v1.png,data/renders/procedural/trapezoid_01_peg_v2.png,data/renders/procedural/tee_02_socket_v1.png,data/renders/procedural/tee_02_socket_v2.png
trapezoid_02_present_easy,trapezoid_02,trapezoid,calib,present_easy,0,trapezoid_02,catalog,M,compatible,0.2837,1.0,1,data/renders/procedural/trapezoid_02_peg_v1.png,data/renders/procedural/trapezoid_02_peg_v2.png,data/renders/procedural/trapezoid_02_socket_v1.png,data/renders/procedural/trapezoid_02_socket_v2.png
trapezoid_02_present_easy,trapezoid_02,trapezoid,calib,present_easy,1,ell_05,catalog,E2,incompatible,-2.0,0.2826,0,data/renders/procedural/trapezoid_02_peg_v1.png,data/renders/procedural/trapezoid_02_peg_v2.png,data/renders/procedural/ell_05_socket_v1.png,data/renders/procedural/ell_05_socket_v2.png
trapezoid_02_present_easy,trapezoid_02,trapezoid,calib,present_easy,2,ell_02,catalog,E1,incompatible,-2.0,0.359,0,data/renders/procedural/trapezoid_02_peg_v1.png,data/renders/procedural/trapezoid_02_peg_v2.png,data/renders/procedural/ell_02_socket_v1.png,data/renders/procedural/ell_02_socket_v2.png
trapezoid_02_present_hard,trapezoid_02,trapezoid,calib,present_hard,0,ell_05,catalog,E2,incompatible,-2.0,0.2826,0,data/renders/procedural/trapezoid_02_peg_v1.png,data/renders/procedural/trapezoid_02_peg_v2.png,data/renders/procedural/ell_05_socket_v1.png,data/renders/procedural/ell_05_socket_v2.png
trapezoid_02_present_hard,trapezoid_02,trapezoid,calib,present_hard,1,trapezoid_02,catalog,M,compatible,0.2837,1.0,1,data/renders/procedural/trapezoid_02_peg_v1.png,data/renders/procedural/trapezoid_02_peg_v2.png,data/renders/procedural/trapezoid_02_socket_v1.png,data/renders/procedural/trapezoid_02_socket_v2.png
trapezoid_02_present_hard,trapezoid_02,trapezoid,calib,present_hard,2,trapezoid_01,catalog,H,incompatible,-0.5977,0.9307,0,data/renders/procedural/trapezoid_02_peg_v1.png,data/renders/procedural/trapezoid_02_peg_v2.png,data/renders/procedural/trapezoid_01_socket_v1.png,data/renders/procedural/trapezoid_01_socket_v2.png
trapezoid_02_absent_easy,trapezoid_02,trapezoid,calib,absent_easy,0,ell_05,catalog,E2,incompatible,-2.0,0.2826,0,data/renders/procedural/trapezoid_02_peg_v1.png,data/renders/procedural/trapezoid_02_peg_v2.png,data/renders/procedural/ell_05_socket_v1.png,data/renders/procedural/ell_05_socket_v2.png
trapezoid_02_absent_easy,trapezoid_02,trapezoid,calib,absent_easy,1,tee_02,catalog,E3,incompatible,-2.0,0.4178,0,data/renders/procedural/trapezoid_02_peg_v1.png,data/renders/procedural/trapezoid_02_peg_v2.png,data/renders/procedural/tee_02_socket_v1.png,data/renders/procedural/tee_02_socket_v2.png
trapezoid_02_absent_easy,trapezoid_02,trapezoid,calib,absent_easy,2,ell_02,catalog,E1,incompatible,-2.0,0.359,0,data/renders/procedural/trapezoid_02_peg_v1.png,data/renders/procedural/trapezoid_02_peg_v2.png,data/renders/procedural/ell_02_socket_v1.png,data/renders/procedural/ell_02_socket_v2.png
trapezoid_02_absent_hard,trapezoid_02,trapezoid,calib,absent_hard,0,tee_02,catalog,E3,incompatible,-2.0,0.4178,0,data/renders/procedural/trapezoid_02_peg_v1.png,data/renders/procedural/trapezoid_02_peg_v2.png,data/renders/procedural/tee_02_socket_v1.png,data/renders/procedural/tee_02_socket_v2.png
trapezoid_02_absent_hard,trapezoid_02,trapezoid,calib,absent_hard,1,trapezoid_01,catalog,H,incompatible,-0.5977,0.9307,0,data/renders/procedural/trapezoid_02_peg_v1.png,data/renders/procedural/trapezoid_02_peg_v2.png,data/renders/procedural/trapezoid_01_socket_v1.png,data/renders/procedural/trapezoid_01_socket_v2.png
trapezoid_02_absent_hard,trapezoid_02,trapezoid,calib,absent_hard,2,ell_05,catalog,E2,incompatible,-2.0,0.2826,0,data/renders/procedural/trapezoid_02_peg_v1.png,data/renders/procedural/trapezoid_02_peg_v2.png,data/renders/procedural/ell_05_socket_v1.png,data/renders/procedural/ell_05_socket_v2.png
trapezoid_03_present_easy,trapezoid_03,trapezoid,calib,present_easy,0,ell_01,catalog,E1,incompatible,-2.0,0.3597,0,data/renders/procedural/trapezoid_03_peg_v1.png,data/renders/procedural/trapezoid_03_peg_v2.png,data/renders/procedural/ell_01_socket_v1.png,data/renders/procedural/ell_01_socket_v2.png
trapezoid_03_present_easy,trapezoid_03,trapezoid,calib,present_easy,1,trapezoid_03,catalog,M,compatible,0.281,1.0,1,data/renders/procedural/trapezoid_03_peg_v1.png,data/renders/procedural/trapezoid_03_peg_v2.png,data/renders/procedural/trapezoid_03_socket_v1.png,data/renders/procedural/trapezoid_03_socket_v2.png
trapezoid_03_present_easy,trapezoid_03,trapezoid,calib,present_easy,2,ell_05,catalog,E2,incompatible,-2.0,0.2962,0,data/renders/procedural/trapezoid_03_peg_v1.png,data/renders/procedural/trapezoid_03_peg_v2.png,data/renders/procedural/ell_05_socket_v1.png,data/renders/procedural/ell_05_socket_v2.png
trapezoid_03_present_hard,trapezoid_03,trapezoid,calib,present_hard,0,ell_05,catalog,E2,incompatible,-2.0,0.2962,0,data/renders/procedural/trapezoid_03_peg_v1.png,data/renders/procedural/trapezoid_03_peg_v2.png,data/renders/procedural/ell_05_socket_v1.png,data/renders/procedural/ell_05_socket_v2.png
trapezoid_03_present_hard,trapezoid_03,trapezoid,calib,present_hard,1,trapezoid_03,catalog,M,compatible,0.281,1.0,1,data/renders/procedural/trapezoid_03_peg_v1.png,data/renders/procedural/trapezoid_03_peg_v2.png,data/renders/procedural/trapezoid_03_socket_v1.png,data/renders/procedural/trapezoid_03_socket_v2.png
trapezoid_03_present_hard,trapezoid_03,trapezoid,calib,present_hard,2,trapezoid_03_shrunk0.20,shrunk,H,incompatible,-0.3174,0.822,0,data/renders/procedural/trapezoid_03_peg_v1.png,data/renders/procedural/trapezoid_03_peg_v2.png,data/renders/blocks/trapezoid_03_shrunk0.20_socket_v1.png,data/renders/blocks/trapezoid_03_shrunk0.20_socket_v2.png
trapezoid_03_absent_easy,trapezoid_03,trapezoid,calib,absent_easy,0,ell_01,catalog,E1,incompatible,-2.0,0.3597,0,data/renders/procedural/trapezoid_03_peg_v1.png,data/renders/procedural/trapezoid_03_peg_v2.png,data/renders/procedural/ell_01_socket_v1.png,data/renders/procedural/ell_01_socket_v2.png
trapezoid_03_absent_easy,trapezoid_03,trapezoid,calib,absent_easy,1,ell_05,catalog,E2,incompatible,-2.0,0.2962,0,data/renders/procedural/trapezoid_03_peg_v1.png,data/renders/procedural/trapezoid_03_peg_v2.png,data/renders/procedural/ell_05_socket_v1.png,data/renders/procedural/ell_05_socket_v2.png
trapezoid_03_absent_easy,trapezoid_03,trapezoid,calib,absent_easy,2,tee_02,catalog,E3,incompatible,-2.0,0.3901,0,data/renders/procedural/trapezoid_03_peg_v1.png,data/renders/procedural/trapezoid_03_peg_v2.png,data/renders/procedural/tee_02_socket_v1.png,data/renders/procedural/tee_02_socket_v2.png
trapezoid_03_absent_hard,trapezoid_03,trapezoid,calib,absent_hard,0,trapezoid_03_shrunk0.20,shrunk,H,incompatible,-0.3174,0.822,0,data/renders/procedural/trapezoid_03_peg_v1.png,data/renders/procedural/trapezoid_03_peg_v2.png,data/renders/blocks/trapezoid_03_shrunk0.20_socket_v1.png,data/renders/blocks/trapezoid_03_shrunk0.20_socket_v2.png
trapezoid_03_absent_hard,trapezoid_03,trapezoid,calib,absent_hard,1,ell_05,catalog,E2,incompatible,-2.0,0.2962,0,data/renders/procedural/trapezoid_03_peg_v1.png,data/renders/procedural/trapezoid_03_peg_v2.png,data/renders/procedural/ell_05_socket_v1.png,data/renders/procedural/ell_05_socket_v2.png
trapezoid_03_absent_hard,trapezoid_03,trapezoid,calib,absent_hard,2,tee_02,catalog,E3,incompatible,-2.0,0.3901,0,data/renders/procedural/trapezoid_03_peg_v1.png,data/renders/procedural/trapezoid_03_peg_v2.png,data/renders/procedural/tee_02_socket_v1.png,data/renders/procedural/tee_02_socket_v2.png
chamfered_01_present_easy,chamfered_01,chamfered,test,present_easy,0,circle_01,catalog,E1,incompatible,-2.0,0.4884,0,data/renders/procedural/chamfered_01_peg_v1.png,data/renders/procedural/chamfered_01_peg_v2.png,data/renders/procedural/circle_01_socket_v1.png,data/renders/procedural/circle_01_socket_v2.png
chamfered_01_present_easy,chamfered_01,chamfered,test,present_easy,1,polygon_01,catalog,E2,incompatible,-2.0,0.5377,0,data/renders/procedural/chamfered_01_peg_v1.png,data/renders/procedural/chamfered_01_peg_v2.png,data/renders/procedural/polygon_01_socket_v1.png,data/renders/procedural/polygon_01_socket_v2.png
chamfered_01_present_easy,chamfered_01,chamfered,test,present_easy,2,chamfered_01,catalog,M,compatible,0.2874,1.0,1,data/renders/procedural/chamfered_01_peg_v1.png,data/renders/procedural/chamfered_01_peg_v2.png,data/renders/procedural/chamfered_01_socket_v1.png,data/renders/procedural/chamfered_01_socket_v2.png
chamfered_01_present_hard,chamfered_01,chamfered,test,present_hard,0,polygon_01,catalog,E2,incompatible,-2.0,0.5377,0,data/renders/procedural/chamfered_01_peg_v1.png,data/renders/procedural/chamfered_01_peg_v2.png,data/renders/procedural/polygon_01_socket_v1.png,data/renders/procedural/polygon_01_socket_v2.png
chamfered_01_present_hard,chamfered_01,chamfered,test,present_hard,1,chamfered_01,catalog,M,compatible,0.2874,1.0,1,data/renders/procedural/chamfered_01_peg_v1.png,data/renders/procedural/chamfered_01_peg_v2.png,data/renders/procedural/chamfered_01_socket_v1.png,data/renders/procedural/chamfered_01_socket_v2.png
chamfered_01_present_hard,chamfered_01,chamfered,test,present_hard,2,chamfered_02,catalog,H,incompatible,-1.4443,0.9193,0,data/renders/procedural/chamfered_01_peg_v1.png,data/renders/procedural/chamfered_01_peg_v2.png,data/renders/procedural/chamfered_02_socket_v1.png,data/renders/procedural/chamfered_02_socket_v2.png
chamfered_01_absent_easy,chamfered_01,chamfered,test,absent_easy,0,polygon_01,catalog,E2,incompatible,-2.0,0.5377,0,data/renders/procedural/chamfered_01_peg_v1.png,data/renders/procedural/chamfered_01_peg_v2.png,data/renders/procedural/polygon_01_socket_v1.png,data/renders/procedural/polygon_01_socket_v2.png
chamfered_01_absent_easy,chamfered_01,chamfered,test,absent_easy,1,star_03,catalog,E3,incompatible,-2.0,0.5355,0,data/renders/procedural/chamfered_01_peg_v1.png,data/renders/procedural/chamfered_01_peg_v2.png,data/renders/procedural/star_03_socket_v1.png,data/renders/procedural/star_03_socket_v2.png
chamfered_01_absent_easy,chamfered_01,chamfered,test,absent_easy,2,circle_01,catalog,E1,incompatible,-2.0,0.4884,0,data/renders/procedural/chamfered_01_peg_v1.png,data/renders/procedural/chamfered_01_peg_v2.png,data/renders/procedural/circle_01_socket_v1.png,data/renders/procedural/circle_01_socket_v2.png
chamfered_01_absent_hard,chamfered_01,chamfered,test,absent_hard,0,chamfered_02,catalog,H,incompatible,-1.4443,0.9193,0,data/renders/procedural/chamfered_01_peg_v1.png,data/renders/procedural/chamfered_01_peg_v2.png,data/renders/procedural/chamfered_02_socket_v1.png,data/renders/procedural/chamfered_02_socket_v2.png
chamfered_01_absent_hard,chamfered_01,chamfered,test,absent_hard,1,star_03,catalog,E3,incompatible,-2.0,0.5355,0,data/renders/procedural/chamfered_01_peg_v1.png,data/renders/procedural/chamfered_01_peg_v2.png,data/renders/procedural/star_03_socket_v1.png,data/renders/procedural/star_03_socket_v2.png
chamfered_01_absent_hard,chamfered_01,chamfered,test,absent_hard,2,polygon_01,catalog,E2,incompatible,-2.0,0.5377,0,data/renders/procedural/chamfered_01_peg_v1.png,data/renders/procedural/chamfered_01_peg_v2.png,data/renders/procedural/polygon_01_socket_v1.png,data/renders/procedural/polygon_01_socket_v2.png
chamfered_02_present_easy,chamfered_02,chamfered,test,present_easy,0,polygon_01,catalog,E2,incompatible,-2.0,0.5377,0,data/renders/procedural/chamfered_02_peg_v1.png,data/renders/procedural/chamfered_02_peg_v2.png,data/renders/procedural/polygon_01_socket_v1.png,data/renders/procedural/polygon_01_socket_v2.png
chamfered_02_present_easy,chamfered_02,chamfered,test,present_easy,1,chamfered_02,catalog,M,compatible,0.2874,1.0,1,data/renders/procedural/chamfered_02_peg_v1.png,data/renders/procedural/chamfered_02_peg_v2.png,data/renders/procedural/chamfered_02_socket_v1.png,data/renders/procedural/chamfered_02_socket_v2.png
chamfered_02_present_easy,chamfered_02,chamfered,test,present_easy,2,circle_01,catalog,E1,incompatible,-2.0,0.4884,0,data/renders/procedural/chamfered_02_peg_v1.png,data/renders/procedural/chamfered_02_peg_v2.png,data/renders/procedural/circle_01_socket_v1.png,data/renders/procedural/circle_01_socket_v2.png
chamfered_02_present_hard,chamfered_02,chamfered,test,present_hard,0,chamfered_02,catalog,M,compatible,0.2874,1.0,1,data/renders/procedural/chamfered_02_peg_v1.png,data/renders/procedural/chamfered_02_peg_v2.png,data/renders/procedural/chamfered_02_socket_v1.png,data/renders/procedural/chamfered_02_socket_v2.png
chamfered_02_present_hard,chamfered_02,chamfered,test,present_hard,1,polygon_01,catalog,E2,incompatible,-2.0,0.5377,0,data/renders/procedural/chamfered_02_peg_v1.png,data/renders/procedural/chamfered_02_peg_v2.png,data/renders/procedural/polygon_01_socket_v1.png,data/renders/procedural/polygon_01_socket_v2.png
chamfered_02_present_hard,chamfered_02,chamfered,test,present_hard,2,chamfered_01,catalog,H,incompatible,-1.4443,0.9193,0,data/renders/procedural/chamfered_02_peg_v1.png,data/renders/procedural/chamfered_02_peg_v2.png,data/renders/procedural/chamfered_01_socket_v1.png,data/renders/procedural/chamfered_01_socket_v2.png
chamfered_02_absent_easy,chamfered_02,chamfered,test,absent_easy,0,star_03,catalog,E3,incompatible,-2.0,0.5355,0,data/renders/procedural/chamfered_02_peg_v1.png,data/renders/procedural/chamfered_02_peg_v2.png,data/renders/procedural/star_03_socket_v1.png,data/renders/procedural/star_03_socket_v2.png
chamfered_02_absent_easy,chamfered_02,chamfered,test,absent_easy,1,circle_01,catalog,E1,incompatible,-2.0,0.4884,0,data/renders/procedural/chamfered_02_peg_v1.png,data/renders/procedural/chamfered_02_peg_v2.png,data/renders/procedural/circle_01_socket_v1.png,data/renders/procedural/circle_01_socket_v2.png
chamfered_02_absent_easy,chamfered_02,chamfered,test,absent_easy,2,polygon_01,catalog,E2,incompatible,-2.0,0.5377,0,data/renders/procedural/chamfered_02_peg_v1.png,data/renders/procedural/chamfered_02_peg_v2.png,data/renders/procedural/polygon_01_socket_v1.png,data/renders/procedural/polygon_01_socket_v2.png
chamfered_02_absent_hard,chamfered_02,chamfered,test,absent_hard,0,star_03,catalog,E3,incompatible,-2.0,0.5355,0,data/renders/procedural/chamfered_02_peg_v1.png,data/renders/procedural/chamfered_02_peg_v2.png,data/renders/procedural/star_03_socket_v1.png,data/renders/procedural/star_03_socket_v2.png
chamfered_02_absent_hard,chamfered_02,chamfered,test,absent_hard,1,chamfered_01,catalog,H,incompatible,-1.4443,0.9193,0,data/renders/procedural/chamfered_02_peg_v1.png,data/renders/procedural/chamfered_02_peg_v2.png,data/renders/procedural/chamfered_01_socket_v1.png,data/renders/procedural/chamfered_01_socket_v2.png
chamfered_02_absent_hard,chamfered_02,chamfered,test,absent_hard,2,polygon_01,catalog,E2,incompatible,-2.0,0.5377,0,data/renders/procedural/chamfered_02_peg_v1.png,data/renders/procedural/chamfered_02_peg_v2.png,data/renders/procedural/polygon_01_socket_v1.png,data/renders/procedural/polygon_01_socket_v2.png
chamfered_03_present_easy,chamfered_03,chamfered,test,present_easy,0,circle_01,catalog,E1,incompatible,-2.0,0.5136,0,data/renders/procedural/chamfered_03_peg_v1.png,data/renders/procedural/chamfered_03_peg_v2.png,data/renders/procedural/circle_01_socket_v1.png,data/renders/procedural/circle_01_socket_v2.png
chamfered_03_present_easy,chamfered_03,chamfered,test,present_easy,1,star_03,catalog,E2,incompatible,-2.0,0.5307,0,data/renders/procedural/chamfered_03_peg_v1.png,data/renders/procedural/chamfered_03_peg_v2.png,data/renders/procedural/star_03_socket_v1.png,data/renders/procedural/star_03_socket_v2.png
chamfered_03_present_easy,chamfered_03,chamfered,test,present_easy,2,chamfered_03,catalog,M,compatible,0.2857,1.0,1,data/renders/procedural/chamfered_03_peg_v1.png,data/renders/procedural/chamfered_03_peg_v2.png,data/renders/procedural/chamfered_03_socket_v1.png,data/renders/procedural/chamfered_03_socket_v2.png
chamfered_03_present_hard,chamfered_03,chamfered,test,present_hard,0,chamfered_03,catalog,M,compatible,0.2857,1.0,1,data/renders/procedural/chamfered_03_peg_v1.png,data/renders/procedural/chamfered_03_peg_v2.png,data/renders/procedural/chamfered_03_socket_v1.png,data/renders/procedural/chamfered_03_socket_v2.png
chamfered_03_present_hard,chamfered_03,chamfered,test,present_hard,1,star_03,catalog,E2,incompatible,-2.0,0.5307,0,data/renders/procedural/chamfered_03_peg_v1.png,data/renders/procedural/chamfered_03_peg_v2.png,data/renders/procedural/star_03_socket_v1.png,data/renders/procedural/star_03_socket_v2.png
chamfered_03_present_hard,chamfered_03,chamfered,test,present_hard,2,chamfered_02,catalog,H,incompatible,-1.2227,0.8515,0,data/renders/procedural/chamfered_03_peg_v1.png,data/renders/procedural/chamfered_03_peg_v2.png,data/renders/procedural/chamfered_02_socket_v1.png,data/renders/procedural/chamfered_02_socket_v2.png
chamfered_03_absent_easy,chamfered_03,chamfered,test,absent_easy,0,star_04,catalog,E3,incompatible,-1.4043,0.5413,0,data/renders/procedural/chamfered_03_peg_v1.png,data/renders/procedural/chamfered_03_peg_v2.png,data/renders/procedural/star_04_socket_v1.png,data/renders/procedural/star_04_socket_v2.png
chamfered_03_absent_easy,chamfered_03,chamfered,test,absent_easy,1,star_03,catalog,E2,incompatible,-2.0,0.5307,0,data/renders/procedural/chamfered_03_peg_v1.png,data/renders/procedural/chamfered_03_peg_v2.png,data/renders/procedural/star_03_socket_v1.png,data/renders/procedural/star_03_socket_v2.png
chamfered_03_absent_easy,chamfered_03,chamfered,test,absent_easy,2,circle_01,catalog,E1,incompatible,-2.0,0.5136,0,data/renders/procedural/chamfered_03_peg_v1.png,data/renders/procedural/chamfered_03_peg_v2.png,data/renders/procedural/circle_01_socket_v1.png,data/renders/procedural/circle_01_socket_v2.png
chamfered_03_absent_hard,chamfered_03,chamfered,test,absent_hard,0,star_04,catalog,E3,incompatible,-1.4043,0.5413,0,data/renders/procedural/chamfered_03_peg_v1.png,data/renders/procedural/chamfered_03_peg_v2.png,data/renders/procedural/star_04_socket_v1.png,data/renders/procedural/star_04_socket_v2.png
chamfered_03_absent_hard,chamfered_03,chamfered,test,absent_hard,1,chamfered_02,catalog,H,incompatible,-1.2227,0.8515,0,data/renders/procedural/chamfered_03_peg_v1.png,data/renders/procedural/chamfered_03_peg_v2.png,data/renders/procedural/chamfered_02_socket_v1.png,data/renders/procedural/chamfered_02_socket_v2.png
chamfered_03_absent_hard,chamfered_03,chamfered,test,absent_hard,2,star_03,catalog,E2,incompatible,-2.0,0.5307,0,data/renders/procedural/chamfered_03_peg_v1.png,data/renders/procedural/chamfered_03_peg_v2.png,data/renders/procedural/star_03_socket_v1.png,data/renders/procedural/star_03_socket_v2.png
chamfered_04_present_easy,chamfered_04,chamfered,test,present_easy,0,star_02,catalog,E2,incompatible,-1.1133,0.5474,0,data/renders/procedural/chamfered_04_peg_v1.png,data/renders/procedural/chamfered_04_peg_v2.png,data/renders/procedural/star_02_socket_v1.png,data/renders/procedural/star_02_socket_v2.png
chamfered_04_present_easy,chamfered_04,chamfered,test,present_easy,1,chamfered_04,catalog,M,compatible,0.2867,1.0,1,data/renders/procedural/chamfered_04_peg_v1.png,data/renders/procedural/chamfered_04_peg_v2.png,data/renders/procedural/chamfered_04_socket_v1.png,data/renders/procedural/chamfered_04_socket_v2.png
chamfered_04_present_easy,chamfered_04,chamfered,test,present_easy,2,star_01,catalog,E1,incompatible,-1.3008,0.553,0,data/renders/procedural/chamfered_04_peg_v1.png,data/renders/procedural/chamfered_04_peg_v2.png,data/renders/procedural/star_01_socket_v1.png,data/renders/procedural/star_01_socket_v2.png
chamfered_04_present_hard,chamfered_04,chamfered,test,present_hard,0,obround_02,catalog,H,incompatible,-0.7588,0.8729,0,data/renders/procedural/chamfered_04_peg_v1.png,data/renders/procedural/chamfered_04_peg_v2.png,data/renders/procedural/obround_02_socket_v1.png,data/renders/procedural/obround_02_socket_v2.png
chamfered_04_present_hard,chamfered_04,chamfered,test,present_hard,1,chamfered_04,catalog,M,compatible,0.2867,1.0,1,data/renders/procedural/chamfered_04_peg_v1.png,data/renders/procedural/chamfered_04_peg_v2.png,data/renders/procedural/chamfered_04_socket_v1.png,data/renders/procedural/chamfered_04_socket_v2.png
chamfered_04_present_hard,chamfered_04,chamfered,test,present_hard,2,star_02,catalog,E2,incompatible,-1.1133,0.5474,0,data/renders/procedural/chamfered_04_peg_v1.png,data/renders/procedural/chamfered_04_peg_v2.png,data/renders/procedural/star_02_socket_v1.png,data/renders/procedural/star_02_socket_v2.png
chamfered_04_absent_easy,chamfered_04,chamfered,test,absent_easy,0,star_02,catalog,E2,incompatible,-1.1133,0.5474,0,data/renders/procedural/chamfered_04_peg_v1.png,data/renders/procedural/chamfered_04_peg_v2.png,data/renders/procedural/star_02_socket_v1.png,data/renders/procedural/star_02_socket_v2.png
chamfered_04_absent_easy,chamfered_04,chamfered,test,absent_easy,1,star_01,catalog,E1,incompatible,-1.3008,0.553,0,data/renders/procedural/chamfered_04_peg_v1.png,data/renders/procedural/chamfered_04_peg_v2.png,data/renders/procedural/star_01_socket_v1.png,data/renders/procedural/star_01_socket_v2.png
chamfered_04_absent_easy,chamfered_04,chamfered,test,absent_easy,2,star_03,catalog,E3,incompatible,-1.1133,0.5427,0,data/renders/procedural/chamfered_04_peg_v1.png,data/renders/procedural/chamfered_04_peg_v2.png,data/renders/procedural/star_03_socket_v1.png,data/renders/procedural/star_03_socket_v2.png
chamfered_04_absent_hard,chamfered_04,chamfered,test,absent_hard,0,star_03,catalog,E3,incompatible,-1.1133,0.5427,0,data/renders/procedural/chamfered_04_peg_v1.png,data/renders/procedural/chamfered_04_peg_v2.png,data/renders/procedural/star_03_socket_v1.png,data/renders/procedural/star_03_socket_v2.png
chamfered_04_absent_hard,chamfered_04,chamfered,test,absent_hard,1,obround_02,catalog,H,incompatible,-0.7588,0.8729,0,data/renders/procedural/chamfered_04_peg_v1.png,data/renders/procedural/chamfered_04_peg_v2.png,data/renders/procedural/obround_02_socket_v1.png,data/renders/procedural/obround_02_socket_v2.png
chamfered_04_absent_hard,chamfered_04,chamfered,test,absent_hard,2,star_02,catalog,E2,incompatible,-1.1133,0.5474,0,data/renders/procedural/chamfered_04_peg_v1.png,data/renders/procedural/chamfered_04_peg_v2.png,data/renders/procedural/star_02_socket_v1.png,data/renders/procedural/star_02_socket_v2.png
gear_01_present_easy,gear_01,gear,calib,present_easy,0,gear_01,catalog,M,compatible,0.2999,1.0,1,data/renders/procedural/gear_01_peg_v1.png,data/renders/procedural/gear_01_peg_v2.png,data/renders/procedural/gear_01_socket_v1.png,data/renders/procedural/gear_01_socket_v2.png
gear_01_present_easy,gear_01,gear,calib,present_easy,1,rect_05,catalog,E2,incompatible,-2.0,0.2668,0,data/renders/procedural/gear_01_peg_v1.png,data/renders/procedural/gear_01_peg_v2.png,data/renders/procedural/rect_05_socket_v1.png,data/renders/procedural/rect_05_socket_v2.png
gear_01_present_easy,gear_01,gear,calib,present_easy,2,ell_06,catalog,E1,incompatible,-2.0,0.3465,0,data/renders/procedural/gear_01_peg_v1.png,data/renders/procedural/gear_01_peg_v2.png,data/renders/procedural/ell_06_socket_v1.png,data/renders/procedural/ell_06_socket_v2.png
gear_01_present_hard,gear_01,gear,calib,present_hard,0,gear_01,catalog,M,compatible,0.2999,1.0,1,data/renders/procedural/gear_01_peg_v1.png,data/renders/procedural/gear_01_peg_v2.png,data/renders/procedural/gear_01_socket_v1.png,data/renders/procedural/gear_01_socket_v2.png
gear_01_present_hard,gear_01,gear,calib,present_hard,1,rect_05,catalog,E2,incompatible,-2.0,0.2668,0,data/renders/procedural/gear_01_peg_v1.png,data/renders/procedural/gear_01_peg_v2.png,data/renders/procedural/rect_05_socket_v1.png,data/renders/procedural/rect_05_socket_v2.png
gear_01_present_hard,gear_01,gear,calib,present_hard,2,gear_01_shrunk0.20,shrunk,H,incompatible,-0.248,0.8762,0,data/renders/procedural/gear_01_peg_v1.png,data/renders/procedural/gear_01_peg_v2.png,data/renders/blocks/gear_01_shrunk0.20_socket_v1.png,data/renders/blocks/gear_01_shrunk0.20_socket_v2.png
gear_01_absent_easy,gear_01,gear,calib,absent_easy,0,square_01,catalog,E3,incompatible,-2.0,0.3605,0,data/renders/procedural/gear_01_peg_v1.png,data/renders/procedural/gear_01_peg_v2.png,data/renders/procedural/square_01_socket_v1.png,data/renders/procedural/square_01_socket_v2.png
gear_01_absent_easy,gear_01,gear,calib,absent_easy,1,rect_05,catalog,E2,incompatible,-2.0,0.2668,0,data/renders/procedural/gear_01_peg_v1.png,data/renders/procedural/gear_01_peg_v2.png,data/renders/procedural/rect_05_socket_v1.png,data/renders/procedural/rect_05_socket_v2.png
gear_01_absent_easy,gear_01,gear,calib,absent_easy,2,ell_06,catalog,E1,incompatible,-2.0,0.3465,0,data/renders/procedural/gear_01_peg_v1.png,data/renders/procedural/gear_01_peg_v2.png,data/renders/procedural/ell_06_socket_v1.png,data/renders/procedural/ell_06_socket_v2.png
gear_01_absent_hard,gear_01,gear,calib,absent_hard,0,square_01,catalog,E3,incompatible,-2.0,0.3605,0,data/renders/procedural/gear_01_peg_v1.png,data/renders/procedural/gear_01_peg_v2.png,data/renders/procedural/square_01_socket_v1.png,data/renders/procedural/square_01_socket_v2.png
gear_01_absent_hard,gear_01,gear,calib,absent_hard,1,rect_05,catalog,E2,incompatible,-2.0,0.2668,0,data/renders/procedural/gear_01_peg_v1.png,data/renders/procedural/gear_01_peg_v2.png,data/renders/procedural/rect_05_socket_v1.png,data/renders/procedural/rect_05_socket_v2.png
gear_01_absent_hard,gear_01,gear,calib,absent_hard,2,gear_01_shrunk0.20,shrunk,H,incompatible,-0.248,0.8762,0,data/renders/procedural/gear_01_peg_v1.png,data/renders/procedural/gear_01_peg_v2.png,data/renders/blocks/gear_01_shrunk0.20_socket_v1.png,data/renders/blocks/gear_01_shrunk0.20_socket_v2.png
gear_02_present_easy,gear_02,gear,calib,present_easy,0,rect_05,catalog,E2,incompatible,-2.0,0.2627,0,data/renders/procedural/gear_02_peg_v1.png,data/renders/procedural/gear_02_peg_v2.png,data/renders/procedural/rect_05_socket_v1.png,data/renders/procedural/rect_05_socket_v2.png
gear_02_present_easy,gear_02,gear,calib,present_easy,1,ell_05,catalog,E1,incompatible,-2.0,0.3186,0,data/renders/procedural/gear_02_peg_v1.png,data/renders/procedural/gear_02_peg_v2.png,data/renders/procedural/ell_05_socket_v1.png,data/renders/procedural/ell_05_socket_v2.png
gear_02_present_easy,gear_02,gear,calib,present_easy,2,gear_02,catalog,M,compatible,0.2999,1.0,1,data/renders/procedural/gear_02_peg_v1.png,data/renders/procedural/gear_02_peg_v2.png,data/renders/procedural/gear_02_socket_v1.png,data/renders/procedural/gear_02_socket_v2.png
gear_02_present_hard,gear_02,gear,calib,present_hard,0,gear_02_shrunk0.20,shrunk,H,incompatible,-0.2529,0.8641,0,data/renders/procedural/gear_02_peg_v1.png,data/renders/procedural/gear_02_peg_v2.png,data/renders/blocks/gear_02_shrunk0.20_socket_v1.png,data/renders/blocks/gear_02_shrunk0.20_socket_v2.png
gear_02_present_hard,gear_02,gear,calib,present_hard,1,gear_02,catalog,M,compatible,0.2999,1.0,1,data/renders/procedural/gear_02_peg_v1.png,data/renders/procedural/gear_02_peg_v2.png,data/renders/procedural/gear_02_socket_v1.png,data/renders/procedural/gear_02_socket_v2.png
gear_02_present_hard,gear_02,gear,calib,present_hard,2,rect_05,catalog,E2,incompatible,-2.0,0.2627,0,data/renders/procedural/gear_02_peg_v1.png,data/renders/procedural/gear_02_peg_v2.png,data/renders/procedural/rect_05_socket_v1.png,data/renders/procedural/rect_05_socket_v2.png
gear_02_absent_easy,gear_02,gear,calib,absent_easy,0,rect_05,catalog,E2,incompatible,-2.0,0.2627,0,data/renders/procedural/gear_02_peg_v1.png,data/renders/procedural/gear_02_peg_v2.png,data/renders/procedural/rect_05_socket_v1.png,data/renders/procedural/rect_05_socket_v2.png
gear_02_absent_easy,gear_02,gear,calib,absent_easy,1,ell_05,catalog,E1,incompatible,-2.0,0.3186,0,data/renders/procedural/gear_02_peg_v1.png,data/renders/procedural/gear_02_peg_v2.png,data/renders/procedural/ell_05_socket_v1.png,data/renders/procedural/ell_05_socket_v2.png
gear_02_absent_easy,gear_02,gear,calib,absent_easy,2,square_01,catalog,E3,incompatible,-2.0,0.3551,0,data/renders/procedural/gear_02_peg_v1.png,data/renders/procedural/gear_02_peg_v2.png,data/renders/procedural/square_01_socket_v1.png,data/renders/procedural/square_01_socket_v2.png
gear_02_absent_hard,gear_02,gear,calib,absent_hard,0,rect_05,catalog,E2,incompatible,-2.0,0.2627,0,data/renders/procedural/gear_02_peg_v1.png,data/renders/procedural/gear_02_peg_v2.png,data/renders/procedural/rect_05_socket_v1.png,data/renders/procedural/rect_05_socket_v2.png
gear_02_absent_hard,gear_02,gear,calib,absent_hard,1,square_01,catalog,E3,incompatible,-2.0,0.3551,0,data/renders/procedural/gear_02_peg_v1.png,data/renders/procedural/gear_02_peg_v2.png,data/renders/procedural/square_01_socket_v1.png,data/renders/procedural/square_01_socket_v2.png
gear_02_absent_hard,gear_02,gear,calib,absent_hard,2,gear_02_shrunk0.20,shrunk,H,incompatible,-0.2529,0.8641,0,data/renders/procedural/gear_02_peg_v1.png,data/renders/procedural/gear_02_peg_v2.png,data/renders/blocks/gear_02_shrunk0.20_socket_v1.png,data/renders/blocks/gear_02_shrunk0.20_socket_v2.png
gear_03_present_easy,gear_03,gear,calib,present_easy,0,rect_05,catalog,E2,incompatible,-2.0,0.2469,0,data/renders/procedural/gear_03_peg_v1.png,data/renders/procedural/gear_03_peg_v2.png,data/renders/procedural/rect_05_socket_v1.png,data/renders/procedural/rect_05_socket_v2.png
gear_03_present_easy,gear_03,gear,calib,present_easy,1,ell_06,catalog,E1,incompatible,-2.0,0.3393,0,data/renders/procedural/gear_03_peg_v1.png,data/renders/procedural/gear_03_peg_v2.png,data/renders/procedural/ell_06_socket_v1.png,data/renders/procedural/ell_06_socket_v2.png
gear_03_present_easy,gear_03,gear,calib,present_easy,2,gear_03,catalog,M,compatible,0.2999,1.0,1,data/renders/procedural/gear_03_peg_v1.png,data/renders/procedural/gear_03_peg_v2.png,data/renders/procedural/gear_03_socket_v1.png,data/renders/procedural/gear_03_socket_v2.png
gear_03_present_hard,gear_03,gear,calib,present_hard,0,gear_03,catalog,M,compatible,0.2999,1.0,1,data/renders/procedural/gear_03_peg_v1.png,data/renders/procedural/gear_03_peg_v2.png,data/renders/procedural/gear_03_socket_v1.png,data/renders/procedural/gear_03_socket_v2.png
gear_03_present_hard,gear_03,gear,calib,present_hard,1,rect_05,catalog,E2,incompatible,-2.0,0.2469,0,data/renders/procedural/gear_03_peg_v1.png,data/renders/procedural/gear_03_peg_v2.png,data/renders/procedural/rect_05_socket_v1.png,data/renders/procedural/rect_05_socket_v2.png
gear_03_present_hard,gear_03,gear,calib,present_hard,2,gear_03_shrunk0.20,shrunk,H,incompatible,-0.2529,0.8593,0,data/renders/procedural/gear_03_peg_v1.png,data/renders/procedural/gear_03_peg_v2.png,data/renders/blocks/gear_03_shrunk0.20_socket_v1.png,data/renders/blocks/gear_03_shrunk0.20_socket_v2.png
gear_03_absent_easy,gear_03,gear,calib,absent_easy,0,square_01,catalog,E3,incompatible,-2.0,0.3337,0,data/renders/procedural/gear_03_peg_v1.png,data/renders/procedural/gear_03_peg_v2.png,data/renders/procedural/square_01_socket_v1.png,data/renders/procedural/square_01_socket_v2.png
gear_03_absent_easy,gear_03,gear,calib,absent_easy,1,ell_06,catalog,E1,incompatible,-2.0,0.3393,0,data/renders/procedural/gear_03_peg_v1.png,data/renders/procedural/gear_03_peg_v2.png,data/renders/procedural/ell_06_socket_v1.png,data/renders/procedural/ell_06_socket_v2.png
gear_03_absent_easy,gear_03,gear,calib,absent_easy,2,rect_05,catalog,E2,incompatible,-2.0,0.2469,0,data/renders/procedural/gear_03_peg_v1.png,data/renders/procedural/gear_03_peg_v2.png,data/renders/procedural/rect_05_socket_v1.png,data/renders/procedural/rect_05_socket_v2.png
gear_03_absent_hard,gear_03,gear,calib,absent_hard,0,gear_03_shrunk0.20,shrunk,H,incompatible,-0.2529,0.8593,0,data/renders/procedural/gear_03_peg_v1.png,data/renders/procedural/gear_03_peg_v2.png,data/renders/blocks/gear_03_shrunk0.20_socket_v1.png,data/renders/blocks/gear_03_shrunk0.20_socket_v2.png
gear_03_absent_hard,gear_03,gear,calib,absent_hard,1,rect_05,catalog,E2,incompatible,-2.0,0.2469,0,data/renders/procedural/gear_03_peg_v1.png,data/renders/procedural/gear_03_peg_v2.png,data/renders/procedural/rect_05_socket_v1.png,data/renders/procedural/rect_05_socket_v2.png
gear_03_absent_hard,gear_03,gear,calib,absent_hard,2,square_01,catalog,E3,incompatible,-2.0,0.3337,0,data/renders/procedural/gear_03_peg_v1.png,data/renders/procedural/gear_03_peg_v2.png,data/renders/procedural/square_01_socket_v1.png,data/renders/procedural/square_01_socket_v2.png
tube_01_present_easy,tube_01,tube,dev,present_easy,0,tube_01,catalog,M,compatible,0.2999,1.0,1,data/renders/procedural/tube_01_peg_v1.png,data/renders/procedural/tube_01_peg_v2.png,data/renders/procedural/tube_01_socket_v1.png,data/renders/procedural/tube_01_socket_v2.png
tube_01_present_easy,tube_01,tube,dev,present_easy,1,cross_02,catalog,E2,incompatible,-0.6504,0.4857,0,data/renders/procedural/tube_01_peg_v1.png,data/renders/procedural/tube_01_peg_v2.png,data/renders/procedural/cross_02_socket_v1.png,data/renders/procedural/cross_02_socket_v2.png
tube_01_present_easy,tube_01,tube,dev,present_easy,2,cross_01,catalog,E1,incompatible,-2.0,0.4408,0,data/renders/procedural/tube_01_peg_v1.png,data/renders/procedural/tube_01_peg_v2.png,data/renders/procedural/cross_01_socket_v1.png,data/renders/procedural/cross_01_socket_v2.png
tube_01_present_hard,tube_01,tube,dev,present_hard,0,tube_01_shrunk0.20,shrunk,H,incompatible,-0.2002,0.7826,0,data/renders/procedural/tube_01_peg_v1.png,data/renders/procedural/tube_01_peg_v2.png,data/renders/blocks/tube_01_shrunk0.20_socket_v1.png,data/renders/blocks/tube_01_shrunk0.20_socket_v2.png
tube_01_present_hard,tube_01,tube,dev,present_hard,1,cross_02,catalog,E2,incompatible,-0.6504,0.4857,0,data/renders/procedural/tube_01_peg_v1.png,data/renders/procedural/tube_01_peg_v2.png,data/renders/procedural/cross_02_socket_v1.png,data/renders/procedural/cross_02_socket_v2.png
tube_01_present_hard,tube_01,tube,dev,present_hard,2,tube_01,catalog,M,compatible,0.2999,1.0,1,data/renders/procedural/tube_01_peg_v1.png,data/renders/procedural/tube_01_peg_v2.png,data/renders/procedural/tube_01_socket_v1.png,data/renders/procedural/tube_01_socket_v2.png
tube_01_absent_easy,tube_01,tube,dev,absent_easy,0,tube_03,catalog,E3,incompatible,-1.7002,0.394,0,data/renders/procedural/tube_01_peg_v1.png,data/renders/procedural/tube_01_peg_v2.png,data/renders/procedural/tube_03_socket_v1.png,data/renders/procedural/tube_03_socket_v2.png
tube_01_absent_easy,tube_01,tube,dev,absent_easy,1,cross_02,catalog,E2,incompatible,-0.6504,0.4857,0,data/renders/procedural/tube_01_peg_v1.png,data/renders/procedural/tube_01_peg_v2.png,data/renders/procedural/cross_02_socket_v1.png,data/renders/procedural/cross_02_socket_v2.png
tube_01_absent_easy,tube_01,tube,dev,absent_easy,2,cross_01,catalog,E1,incompatible,-2.0,0.4408,0,data/renders/procedural/tube_01_peg_v1.png,data/renders/procedural/tube_01_peg_v2.png,data/renders/procedural/cross_01_socket_v1.png,data/renders/procedural/cross_01_socket_v2.png
tube_01_absent_hard,tube_01,tube,dev,absent_hard,0,cross_02,catalog,E2,incompatible,-0.6504,0.4857,0,data/renders/procedural/tube_01_peg_v1.png,data/renders/procedural/tube_01_peg_v2.png,data/renders/procedural/cross_02_socket_v1.png,data/renders/procedural/cross_02_socket_v2.png
tube_01_absent_hard,tube_01,tube,dev,absent_hard,1,tube_01_shrunk0.20,shrunk,H,incompatible,-0.2002,0.7826,0,data/renders/procedural/tube_01_peg_v1.png,data/renders/procedural/tube_01_peg_v2.png,data/renders/blocks/tube_01_shrunk0.20_socket_v1.png,data/renders/blocks/tube_01_shrunk0.20_socket_v2.png
tube_01_absent_hard,tube_01,tube,dev,absent_hard,2,tube_03,catalog,E3,incompatible,-1.7002,0.394,0,data/renders/procedural/tube_01_peg_v1.png,data/renders/procedural/tube_01_peg_v2.png,data/renders/procedural/tube_03_socket_v1.png,data/renders/procedural/tube_03_socket_v2.png
tube_02_present_easy,tube_02,tube,dev,present_easy,0,tube_02,catalog,M,compatible,0.2999,1.0,1,data/renders/procedural/tube_02_peg_v1.png,data/renders/procedural/tube_02_peg_v2.png,data/renders/procedural/tube_02_socket_v1.png,data/renders/procedural/tube_02_socket_v2.png
tube_02_present_easy,tube_02,tube,dev,present_easy,1,cross_01,catalog,E1,incompatible,-2.0,0.3057,0,data/renders/procedural/tube_02_peg_v1.png,data/renders/procedural/tube_02_peg_v2.png,data/renders/procedural/cross_01_socket_v1.png,data/renders/procedural/cross_01_socket_v2.png
tube_02_present_easy,tube_02,tube,dev,present_easy,2,cross_02,catalog,E2,incompatible,-0.6504,0.372,0,data/renders/procedural/tube_02_peg_v1.png,data/renders/procedural/tube_02_peg_v2.png,data/renders/procedural/cross_02_socket_v1.png,data/renders/procedural/cross_02_socket_v2.png
tube_02_present_hard,tube_02,tube,dev,present_hard,0,cross_02,catalog,E2,incompatible,-0.6504,0.372,0,data/renders/procedural/tube_02_peg_v1.png,data/renders/procedural/tube_02_peg_v2.png,data/renders/procedural/cross_02_socket_v1.png,data/renders/procedural/cross_02_socket_v2.png
tube_02_present_hard,tube_02,tube,dev,present_hard,1,tube_02_shrunk0.20,shrunk,H,incompatible,-0.2002,0.6773,0,data/renders/procedural/tube_02_peg_v1.png,data/renders/procedural/tube_02_peg_v2.png,data/renders/blocks/tube_02_shrunk0.20_socket_v1.png,data/renders/blocks/tube_02_shrunk0.20_socket_v2.png
tube_02_present_hard,tube_02,tube,dev,present_hard,2,tube_02,catalog,M,compatible,0.2999,1.0,1,data/renders/procedural/tube_02_peg_v1.png,data/renders/procedural/tube_02_peg_v2.png,data/renders/procedural/tube_02_socket_v1.png,data/renders/procedural/tube_02_socket_v2.png
tube_02_absent_easy,tube_02,tube,dev,absent_easy,0,ellipse_02,catalog,E3,incompatible,-1.7002,0.4055,0,data/renders/procedural/tube_02_peg_v1.png,data/renders/procedural/tube_02_peg_v2.png,data/renders/procedural/ellipse_02_socket_v1.png,data/renders/procedural/ellipse_02_socket_v2.png
tube_02_absent_easy,tube_02,tube,dev,absent_easy,1,cross_01,catalog,E1,incompatible,-2.0,0.3057,0,data/renders/procedural/tube_02_peg_v1.png,data/renders/procedural/tube_02_peg_v2.png,data/renders/procedural/cross_01_socket_v1.png,data/renders/procedural/cross_01_socket_v2.png
tube_02_absent_easy,tube_02,tube,dev,absent_easy,2,cross_02,catalog,E2,incompatible,-0.6504,0.372,0,data/renders/procedural/tube_02_peg_v1.png,data/renders/procedural/tube_02_peg_v2.png,data/renders/procedural/cross_02_socket_v1.png,data/renders/procedural/cross_02_socket_v2.png
tube_02_absent_hard,tube_02,tube,dev,absent_hard,0,ellipse_02,catalog,E3,incompatible,-1.7002,0.4055,0,data/renders/procedural/tube_02_peg_v1.png,data/renders/procedural/tube_02_peg_v2.png,data/renders/procedural/ellipse_02_socket_v1.png,data/renders/procedural/ellipse_02_socket_v2.png
tube_02_absent_hard,tube_02,tube,dev,absent_hard,1,tube_02_shrunk0.20,shrunk,H,incompatible,-0.2002,0.6773,0,data/renders/procedural/tube_02_peg_v1.png,data/renders/procedural/tube_02_peg_v2.png,data/renders/blocks/tube_02_shrunk0.20_socket_v1.png,data/renders/blocks/tube_02_shrunk0.20_socket_v2.png
tube_02_absent_hard,tube_02,tube,dev,absent_hard,2,cross_02,catalog,E2,incompatible,-0.6504,0.372,0,data/renders/procedural/tube_02_peg_v1.png,data/renders/procedural/tube_02_peg_v2.png,data/renders/procedural/cross_02_socket_v1.png,data/renders/procedural/cross_02_socket_v2.png
tube_03_present_easy,tube_03,tube,dev,present_easy,0,cross_01,catalog,E1,incompatible,-2.0,0.3608,0,data/renders/procedural/tube_03_peg_v1.png,data/renders/procedural/tube_03_peg_v2.png,data/renders/procedural/cross_01_socket_v1.png,data/renders/procedural/cross_01_socket_v2.png
tube_03_present_easy,tube_03,tube,dev,present_easy,1,cross_04,catalog,E2,incompatible,-2.0,0.36,0,data/renders/procedural/tube_03_peg_v1.png,data/renders/procedural/tube_03_peg_v2.png,data/renders/procedural/cross_04_socket_v1.png,data/renders/procedural/cross_04_socket_v2.png
tube_03_present_easy,tube_03,tube,dev,present_easy,2,tube_03,catalog,M,compatible,0.2999,1.0,1,data/renders/procedural/tube_03_peg_v1.png,data/renders/procedural/tube_03_peg_v2.png,data/renders/procedural/tube_03_socket_v1.png,data/renders/procedural/tube_03_socket_v2.png
tube_03_present_hard,tube_03,tube,dev,present_hard,0,tube_03_shrunk0.20,shrunk,H,incompatible,-0.2002,0.7826,0,data/renders/procedural/tube_03_peg_v1.png,data/renders/procedural/tube_03_peg_v2.png,data/renders/blocks/tube_03_shrunk0.20_socket_v1.png,data/renders/blocks/tube_03_shrunk0.20_socket_v2.png
tube_03_present_hard,tube_03,tube,dev,present_hard,1,tube_03,catalog,M,compatible,0.2999,1.0,1,data/renders/procedural/tube_03_peg_v1.png,data/renders/procedural/tube_03_peg_v2.png,data/renders/procedural/tube_03_socket_v1.png,data/renders/procedural/tube_03_socket_v2.png
tube_03_present_hard,tube_03,tube,dev,present_hard,2,cross_04,catalog,E2,incompatible,-2.0,0.36,0,data/renders/procedural/tube_03_peg_v1.png,data/renders/procedural/tube_03_peg_v2.png,data/renders/procedural/cross_04_socket_v1.png,data/renders/procedural/cross_04_socket_v2.png
tube_03_absent_easy,tube_03,tube,dev,absent_easy,0,dshape_03,catalog,E3,incompatible,-2.0,0.282,0,data/renders/procedural/tube_03_peg_v1.png,data/renders/procedural/tube_03_peg_v2.png,data/renders/procedural/dshape_03_socket_v1.png,data/renders/procedural/dshape_03_socket_v2.png
tube_03_absent_easy,tube_03,tube,dev,absent_easy,1,cross_01,catalog,E1,incompatible,-2.0,0.3608,0,data/renders/procedural/tube_03_peg_v1.png,data/renders/procedural/tube_03_peg_v2.png,data/renders/procedural/cross_01_socket_v1.png,data/renders/procedural/cross_01_socket_v2.png
tube_03_absent_easy,tube_03,tube,dev,absent_easy,2,cross_04,catalog,E2,incompatible,-2.0,0.36,0,data/renders/procedural/tube_03_peg_v1.png,data/renders/procedural/tube_03_peg_v2.png,data/renders/procedural/cross_04_socket_v1.png,data/renders/procedural/cross_04_socket_v2.png
tube_03_absent_hard,tube_03,tube,dev,absent_hard,0,cross_04,catalog,E2,incompatible,-2.0,0.36,0,data/renders/procedural/tube_03_peg_v1.png,data/renders/procedural/tube_03_peg_v2.png,data/renders/procedural/cross_04_socket_v1.png,data/renders/procedural/cross_04_socket_v2.png
tube_03_absent_hard,tube_03,tube,dev,absent_hard,1,tube_03_shrunk0.20,shrunk,H,incompatible,-0.2002,0.7826,0,data/renders/procedural/tube_03_peg_v1.png,data/renders/procedural/tube_03_peg_v2.png,data/renders/blocks/tube_03_shrunk0.20_socket_v1.png,data/renders/blocks/tube_03_shrunk0.20_socket_v2.png
tube_03_absent_hard,tube_03,tube,dev,absent_hard,2,dshape_03,catalog,E3,incompatible,-2.0,0.282,0,data/renders/procedural/tube_03_peg_v1.png,data/renders/procedural/tube_03_peg_v2.png,data/renders/procedural/dshape_03_socket_v1.png,data/renders/procedural/dshape_03_socket_v2.png
