cand_id,kind,bore_wkt,socket_v1,socket_v2,sha256_v1,sha256_v2
chamfered_01,catalog,"POLYGON ((-9.032589 -3.894908, -9.032589 4.105092, -9.032228 4.119812, -9.031144 4.134497, -9.029342 4.149111, -9.026825 4.163619, -9.023598 4.177986, -9.019671 4.192177, -9.015052 4.206159, -9.009753 4.219897, -9.003786 4.233358, -8.997165 4.246511, -8.989908 4.259322, -8.98203 4.271763, -8.973551 4.283801, -8.964492 4.29541, -8.954874 4.306559, -8.944721 4.317224, -8.934057 4.327377, -8.922907 4.336995, -8.911299 4.346054, -8.89926 4.354532, -8.88682 4.36241, -8.874008 4.369668, -8.860856 4.376288, -8.847394 4.382255, -8.833656 4.387555, -8.819674 4.392174, -8.805483 4.396101, -8.791116 4.399327, -8.776608 4.401845, -8.761994 4.403647, -8.747309 4.40473, -8.732589 4.405092, 6.267411 4.405092, 6.282131 4.40473, 6.296816 4.403647, 6.31143 4.401845, 6.325938 4.399327, 6.340305 4.396101, 6.354496 4.392174, 6.368478 4.387555, 6.382216 4.382255, 6.395678 4.376288, 6.40883 4.369668, 6.421642 4.36241, 6.434082 4.354532, 6.446121 4.346054, 6.457729 4.336995, 6.468879 4.327377, 6.479543 4.317224, 9.479543 1.317224, 9.489696 1.306559, 9.499314 1.29541, 9.508373 1.283801, 9.516852 1.271763, 9.52473 1.259322, 9.531987 1.246511, 9.538608 1.233358, 9.544575 1.219897, 9.549874 1.206159, 9.554493 1.192177, 9.55842 1.177986, 9.561647 1.163619, 9.564164 1.149111, 9.565966 1.134497, 9.56705 1.119812, 9.567411 1.105092, 9.567411 -3.894908, 9.56705 -3.909629, 9.565966 -3.924314, 9.564164 -3.938928, 9.561647 -3.953435, 9.55842 -3.967802, 9.554493 -3.981994, 9.549874 -3.995975, 9.544575 -4.009713, 9.538608 -4.023175, 9.531987 -4.036327, 9.52473 -4.049139, 9.516852 -4.061579, 9.508373 -4.073618, 9.499314 -4.085226, 9.489696 -4.096376, 9.479543 -4.10704, 9.468879 -4.117194, 9.457729 -4.126812, 9.446121 -4.135871, 9.434082 -4.144349, 9.421642 -4.152227, 9.40883 -4.159485, 9.395678 -4.166105, 9.382216 -4.172072, 9.368478 -4.177372, 9.354496 -4.18199, 9.340305 -4.185918, 9.325938 -4.189144, 9.31143 -4.191661, 9.296816 -4.193464, 9.282131 -4.194547, 9.267411 -4.194908, -8.732589 -4.194908, -8.747309 -4.194547, -8.761994 -4.193464, -8.776608 -4.191661, -8.791116 -4.189144, -8.805483 -4.185918, -8.819674 -4.18199, -8.833656 -4.177372, -8.847394 -4.172072, -8.860856 -4.166105, -8.874008 -4.159485, -8.88682 -4.152227, -8.89926 -4.144349, -8.911299 -4.135871, -8.922907 -4.126812, -8.934057 -4.117194, -8.944721 -4.10704, -8.954874 -4.096376, -8.964492 -4.085226, -8.973551 -4.073618, -8.98203 -4.061579, -8.989908 -4.049139, -8.997165 -4.036327, -9.003786 -4.023175, -9.009753 -4.009713, -9.015052 -3.995975, -9.019671 -3.981994, -9.023598 -3.967802, -9.026825 -3.953435, -9.029342 -3.938928, -9.031144 -3.924314, -9.032228 -3.909629, -9.032589 -3.894908))",data/renders/procedural/chamfered_01_socket_v1.png,data/renders/procedural/chamfered_01_socket_v2.png,6302b060b3f93f93,1615f327f6bf7b0b
chamfered_02,catalog,"POLYGON ((9.032589 -3.894908, 9.032228 -3.909629, 9.031144 -3.924314, 9.029342 -3.938928, 9.026825 -3.953435, 9.023598 -3.967802, 9.019671 -3.981994, 9.015052 -3.995975, 9.009753 -4.009713, 9.003786 -4.023175, 8.997165 -4.036327, 8.989908 -4.049139, 8.98203 -4.061579, 8.973551 -4.073618, 8.964492 -4.085226, 8.954874 -4.096376, 8.944721 -4.10704, 8.934057 -4.117194, 8.922907 -4.126812, 8.911299 -4.135871, 8.89926 -4.144349, 8.88682 -4.152227, 8.874008 -4.159485, 8.860856 -4.166105, 8.847394 -4.172072, 8.833656 -4.177372, 8.819674 -4.18199, 8.805483 -4.185918, 8.791116 -4.189144, 8.776608 -4.191661, 8.761994 -4.193464, 8.747309 -4.194547, 8.732589 -4.194908, -9.267411 -4.194908, -9.282131 -4.194547, -9.296816 -4.193464, -9.31143 -4.191661, -9.325938 -4.189144, -9.340305 -4.185918, -9.354496 -4.18199, -9.368478 -4.177372, -9.382216 -4.172072, -9.395678 -4.166105, -9.40883 -4.159485, -9.421642 -4.152227, -9.434082 -4.144349, -9.446121 -4.135871, -9.457729 -4.126812, -9.468879 -4.117194, -9.479543 -4.10704, -9.489696 -4.096376, -9.499314 -4.085226, -9.508373 -4.073618, -9.516852 -4.061579, -9.52473 -4.049139, -9.531987 -4.036327, -9.538608 -4.023175, -9.544575 -4.009713, -9.549874 -3.995975, -9.554493 -3.981994, -9.55842 -3.967802, -9.561647 -3.953435, -9.564164 -3.938928, -9.565966 -3.924314, -9.56705 -3.909629, -9.567411 -3.894908, -9.567411 1.105092, -9.56705 1.119812, -9.565966 1.134497, -9.564164 1.149111, -9.561647 1.163619, -9.55842 1.177986, -9.554493 1.192177, -9.549874 1.206159, -9.544575 1.219897, -9.538608 1.233358, -9.531987 1.246511, -9.52473 1.259322, -9.516852 1.271763, -9.508373 1.283801, -9.499314 1.29541, -9.489696 1.306559, -9.479543 1.317224, -6.479543 4.317224, -6.468879 4.327377, -6.457729 4.336995, -6.446121 4.346054, -6.434082 4.354532, -6.421642 4.36241, -6.40883 4.369668, -6.395678 4.376288, -6.382216 4.382255, -6.368478 4.387555, -6.354496 4.392174, -6.340305 4.396101, -6.325938 4.399327, -6.31143 4.401845, -6.296816 4.403647, -6.282131 4.40473, -6.267411 4.405092, 8.732589 4.405092, 8.747309 4.40473, 8.761994 4.403647, 8.776608 4.401845, 8.791116 4.399327, 8.805483 4.396101, 8.819674 4.392174, 8.833656 4.387555, 8.847394 4.382255, 8.860856 4.376288, 8.874008 4.369668, 8.88682 4.36241, 8.89926 4.354532, 8.911299 4.346054, 8.922907 4.336995, 8.934057 4.327377, 8.944721 4.317224, 8.954874 4.306559, 8.964492 4.29541, 8.973551 4.283801, 8.98203 4.271763, 8.989908 4.259322, 8.997165 4.246511, 9.003786 4.233358, 9.009753 4.219897, 9.015052 4.206159, 9.019671 4.192177, 9.023598 4.177986, 9.026825 4.163619, 9.029342 4.149111, 9.031144 4.134497, 9.032228 4.119812, 9.032589 4.105092, 9.032589 -3.894908))",data/renders/procedural/chamfered_02_socket_v1.png,data/renders/procedural/chamfered_02_socket_v2.png,19f26385c6a7331d,e70f76e8b68e8266
chamfered_03,catalog,"POLYGON ((-8.608519 -3.765117, -8.608519 4.234883, -8.608157 4.249604, -8.607074 4.264288, -8.605272 4.278902, -8.602754 4.29341, -8.599528 4.307777, -8.595601 4.321969, -8.590982 4.33595, -8.585683 4.349688, -8.579716 4.36315, -8.573095 4.376302, -8.565837 4.389114, -8.55796 4.401554, -8.549481 4.413593, -8.540422 4.425201, -8.530804 4.436351, -8.520651 4.447015, -8.509986 4.457169, -8.498837 4.466786, -8.487229 4.475846, -8.47519 4.484324, -8.46275 4.492202, -8.449938 4.49946, -8.436785 4.50608, -8.423324 4.512047, -8.409586 4.517347, -8.395604 4.521965, -8.381413 4.525893, -8.367046 4.529119, -8.352538 4.531636, -8.337924 4.533439, -8.323239 4.534522, -8.308519 4.534883, 4.691481 4.534883, 4.706202 4.534522, 4.720886 4.533439, 4.7355 4.531636, 4.750008 4.529119, 4.764375 4.525893, 4.778567 4.521965, 4.792548 4.517347, 4.806286 4.512047, 4.819748 4.50608, 4.8329 4.49946, 4.845712 4.492202, 4.858152 4.484324, 4.870191 4.475846, 4.881799 4.466786, 4.892949 4.457169, 4.903613 4.447015, 9.903613 -0.552985, 9.913767 -0.563649, 9.923384 -0.574799, 9.932443 -0.586407, 9.940922 -0.598446, 9.9488 -0.610886, 9.956058 -0.623698, 9.962678 -0.63685, 9.968645 -0.650312, 9.973944 -0.66405, 9.978563 -0.678031, 9.982491 -0.692223, 9.985717 -0.70659, 9.988234 -0.721098, 9.990037 -0.735712, 9.99112 -0.750396, 9.991481 -0.765117, 9.991481 -3.765117, 9.99112 -3.779837, 9.990037 -3.794522, 9.988234 -3.809136, 9.985717 -3.823644, 9.982491 -3.838011, 9.978563 -3.852202, 9.973944 -3.866184, 9.968645 -3.879922, 9.962678 -3.893383, 9.956058 -3.906536, 9.9488 -3.919348, 9.940922 -3.931788, 9.932443 -3.943827, 9.923384 -3.955435, 9.913767 -3.966584, 9.903613 -3.977249, 9.892949 -3.987402, 9.881799 -3.99702, 9.870191 -4.006079, 9.858152 -4.014558, 9.845712 -4.022435, 9.8329 -4.029693, 9.819748 -4.036313, 9.806286 -4.042281, 9.792548 -4.04758, 9.778567 -4.052199, 9.764375 -4.056126, 9.750008 -4.059352, 9.7355 -4.06187, 9.720886 -4.063672, 9.706202 -4.064755, 9.691481 -4.065117, -8.308519 -4.065117, -8.323239 -4.064755, -8.337924 -4.063672, -8.352538 -4.06187, -8.367046 -4.059352, -8.381413 -4.056126, -8.395604 -4.052199, -8.409586 -4.04758, -8.423324 -4.042281, -8.436785 -4.036313, -8.449938 -4.029693, -8.46275 -4.022435, -8.47519 -4.014558, -8.487229 -4.006079, -8.498837 -3.99702, -8.509986 -3.987402, -8.520651 -3.977249, -8.530804 -3.966584, -8.540422 -3.955435, -8.549481 -3.943827, -8.55796 -3.931788, -8.565837 -3.919348, -8.573095 -3.906536, -8.579716 -3.893383, -8.585683 -3.879922, -8.590982 -3.866184, -8.595601 -3.852202, -8.599528 -3.838011, -8.602754 -3.823644, -8.605272 -3.809136, -8.607074 -3.794522, -8.608157 -3.779837, -8.608519 -3.765117))",data/renders/procedural/chamfered_03_socket_v1.png,data/renders/procedural/chamfered_03_socket_v2.png,062abc16710b9fcb,d84c5068f46d68a8
chamfered_04,catalog,"POLYGON ((-7.039691 -3.864896, -7.039691 4.135104, -7.03933 4.149824, -7.038246 4.164509, -7.036444 4.179123, -7.033927 4.193631, -7.0307 4.207998, -7.026773 4.222189, -7.022154 4.236171, -7.016855 4.249909, -7.010888 4.26337, -7.004267 4.276523, -6.99701 4.289335, -6.989132 4.301775, -6.980653 4.313814, -6.971594 4.325422, -6.961976 4.336572, -6.951823 4.347236, -6.941159 4.357389, -6.930009 4.367007, -6.918401 4.376066, -6.906362 4.384545, -6.893922 4.392423, -6.88111 4.39968, -6.867958 4.406301, -6.854496 4.412268, -6.840758 4.417567, -6.826776 4.422186, -6.812585 4.426113, -6.798218 4.42934, -6.78371 4.431857, -6.769096 4.433659, -6.754411 4.434743, -6.739691 4.435104, 4.260309 4.435104, 4.275029 4.434743, 4.289714 4.433659, 4.304328 4.431857, 4.318836 4.42934, 4.333203 4.426113, 4.347394 4.422186, 4.361376 4.417567, 4.375114 4.412268, 4.388576 4.406301, 4.401728 4.39968, 4.41454 4.392423, 4.42698 4.384545, 4.439019 4.376066, 4.450627 4.367007, 4.461777 4.357389, 4.472441 4.347236, 7.472441 1.347236, 7.482594 1.336572, 7.492212 1.325422, 7.501271 1.313814, 7.50975 1.301775, 7.517628 1.289335, 7.524885 1.276523, 7.531506 1.26337, 7.537473 1.249909, 7.542772 1.236171, 7.547391 1.222189, 7.551318 1.207998, 7.554545 1.193631, 7.557062 1.179123, 7.558864 1.164509, 7.559948 1.149824, 7.560309 1.135104, 7.560309 -3.864896, 7.559948 -3.879616, 7.558864 -3.894301, 7.557062 -3.908915, 7.554545 -3.923423, 7.551318 -3.93779, 7.547391 -3.951981, 7.542772 -3.965963, 7.537473 -3.979701, 7.531506 -3.993163, 7.524885 -4.006315, 7.517628 -4.019127, 7.50975 -4.031567, 7.501271 -4.043606, 7.492212 -4.055214, 7.482594 -4.066364, 7.472441 -4.077028, 7.461777 -4.087181, 7.450627 -4.096799, 7.439019 -4.105858, 7.42698 -4.114337, 7.41454 -4.122215, 7.401728 -4.129472, 7.388576 -4.136093, 7.375114 -4.14206, 7.361376 -4.147359, 7.347394 -4.151978, 7.333203 -4.155905, 7.318836 -4.159132, 7.304328 -4.161649, 7.289714 -4.163451, 7.275029 -4.164535, 7.260309 -4.164896, -6.739691 -4.164896, -6.754411 -4.164535, -6.769096 -4.163451, -6.78371 -4.161649, -6.798218 -4.159132, -6.812585 -4.155905, -6.826776 -4.151978, -6.840758 -4.147359, -6.854496 -4.14206, -6.867958 -4.136093, -6.88111 -4.129472, -6.893922 -4.122215, -6.906362 -4.114337, -6.918401 -4.105858, -6.930009 -4.096799, -6.941159 -4.087181, -6.951823 -4.077028, -6.961976 -4.066364, -6.971594 -4.055214, -6.980653 -4.043606, -6.989132 -4.031567, -6.99701 -4.019127, -7.004267 -4.006315, -7.010888 -3.993163, -7.016855 -3.979701, -7.022154 -3.965963, -7.026773 -3.951981, -7.0307 -3.93779, -7.033927 -3.923423, -7.036444 -3.908915, -7.038246 -3.894301, -7.03933 -3.879616, -7.039691 -3.864896))",data/renders/procedural/chamfered_04_socket_v1.png,data/renders/procedural/chamfered_04_socket_v2.png,eb0bdeae74ede8e4,0f8dd3b044cba561
circle_01,catalog,"POLYGON ((5.29991 0.007362, 5.29991 -0.007362, 5.293887 -0.252701, 5.293164 -0.267408, 5.275111 -0.512155, 5.273667 -0.526809, 5.243626 -0.770376, 5.241466 -0.784941, 5.19951 -1.02674, 5.196637 -1.041182, 5.142867 -1.280631, 5.139289 -1.294915, 5.073834 -1.531437, 5.06956 -1.545528, 4.992579 -1.778554, 4.987618 -1.792418, 4.899296 -2.021386, 4.893661 -2.03499, 4.794209 -2.259348, 4.787914 -2.272659, 4.677574 -2.491867, 4.670632 -2.504853, 4.549669 -2.718383, 4.542099 -2.731013, 4.410804 -2.93835, 4.402624 -2.950594, 4.261313 -3.151239, 4.252542 -3.163066, 4.101556 -3.356536, 4.092215 -3.367918, 3.931918 -3.553747, 3.92203 -3.564657, 3.752808 -3.742396, 3.742396 -3.752808, 3.564657 -3.92203, 3.553747 -3.931918, 3.367918 -4.092215, 3.356536 -4.101556, 3.163066 -4.252542, 3.151239 -4.261313, 2.950594 -4.402624, 2.93835 -4.410804, 2.731013 -4.542099, 2.718383 -4.549669, 2.504853 -4.670632, 2.491867 -4.677574, 2.272659 -4.787914, 2.259348 -4.794209, 2.03499 -4.893661, 2.021386 -4.899296, 1.792418 -4.987618, 1.778554 -4.992579, 1.545528 -5.06956, 1.531437 -5.073834, 1.294915 -5.139289, 1.280631 -5.142867, 1.041182 -5.196637, 1.02674 -5.19951, 0.784941 -5.241466, 0.770376 -5.243626, 0.526809 -5.273667, 0.512155 -5.275111, 0.267408 -5.293164, 0.252701 -5.293887, 0.007362 -5.29991, -0.007362 -5.29991, -0.252701 -5.293887, -0.267408 -5.293164, -0.512155 -5.275111, -0.526809 -5.273667, -0.770376 -5.243626, -0.784941 -5.241466, -1.02674 -5.19951, -1.041182 -5.196637, -1.280631 -5.142867, -1.294915 -5.139289, -1.531437 -5.073834, -1.545528 -5.06956, -1.778554 -4.992579, -1.792418 -4.987618, -2.021386 -4.899296, -2.03499 -4.893661, -2.259348 -4.794209, -2.272659 -4.787914, -2.491867 -4.677574, -2.504853 -4.670632, -2.718383 -4.549669, -2.731013 -4.542099, -2.93835 -4.410804, -2.950594 -4.402624, -3.151239 -4.261313, -3.163066 -4.252542, -3.356536 -4.101556, -3.367918 -4.092215, -3.553747 -3.931918, -3.564657 -3.92203, -3.742396 -3.752808, -3.752808 -3.742396, -3.92203 -3.564657, -3.931918 -3.553747, -4.092215 -3.367918, -4.101556 -3.356536, -4.252542 -3.163066, -4.261313 -3.151239, -4.402624 -2.950594, -4.410804 -2.93835, -4.542099 -2.731013, -4.549669 -2.718383, -4.670632 -2.504853, -4.677574 -2.491867, -4.787914 -2.272659, -4.794209 -2.259348, -4.893661 -2.03499, -4.899296 -2.021386, -4.987618 -1.792418, -4.992579 -1.778554, -5.06956 -1.545528, -5.073834 -1.531437, -5.139289 -1.294915, -5.142867 -1.280631, -5.196637 -1.041182, -5.19951 -1.02674, -5.241466 -0.784941, -5.243626 -0.770376, -5.273667 -0.526809, -5.275111 -0.512155, -5.293164 -0.267408, -5.293887 -0.252701, -5.29991 -0.007362, -5.29991 0.007362, -5.293887 0.252701, -5.293164 0.267408, -5.275111 0.512155, -5.273667 0.526809, -5.243626 0.770376, -5.241466 0.784941, -5.19951 1.02674, -5.196637 1.041182, -5.142867 1.280631, -5.139289 1.294915, -5.073834 1.531437, -5.06956 1.545528, -4.992579 1.778554, -4.987618 1.792418, -4.899296 2.021386, -4.893661 2.03499, -4.794209 2.259348, -4.787914 2.272659, -4.677574 2.491867, -4.670632 2.504853, -4.549669 2.718383, -4.542099 2.731013, -4.410804 2.93835, -4.402624 2.950594, -4.261313 3.151239, -4.252542 3.163066, -4.101556 3.356536, -4.092215 3.367918, -3.931918 3.553747, -3.92203 3.564657, -3.752808 3.742396, -3.742396 3.752808, -3.564657 3.92203, -3.553747 3.931918, -3.367918 4.092215, -3.356536 4.101556, -3.163066 4.252542, -3.151239 4.261313, -2.950594 4.402624, -2.93835 4.410804, -2.731013 4.542099, -2.718383 4.549669, -2.504853 4.670632, -2.491867 4.677574, -2.272659 4.787914, -2.259348 4.794209, -2.03499 4.893661, -2.021386 4.899296, -1.792418 4.987618, -1.778554 4.992579, -1.545528 5.06956, -1.531437 5.073834, -1.294915 5.139289, -1.280631 5.142867, -1.041182 5.196637, -1.02674 5.19951, -0.784941 5.241466, -0.770376 5.243626, -0.526809 5.273667, -0.512155 5.275111, -0.267408 5.293164, -0.252701 5.293887, -0.007362 5.29991, 0.007362 5.29991, 0.252701 5.293887, 0.267408 5.293164, 0.512155 5.275111, 0.526809 5.273667, 0.770376 5.243626, 0.784941 5.241466, 1.02674 5.19951, 1.041182 5.196637, 1.280631 5.142867, 1.294915 5.139289, 1.531437 5.073834, 1.545528 5.06956, 1.778554 4.992579, 1.792418 4.987618, 2.021386 4.899296, 2.03499 4.893661, 2.259348 4.794209, 2.272659 4.787914, 2.491867 4.677574, 2.504853 4.670632, 2.718383 4.549669, 2.731013 4.542099, 2.93835 4.410804, 2.950594 4.402624, 3.151239 4.261313, 3.163066 4.252542, 3.356536 4.101556, 3.367918 4.092215, 3.553747 3.931918, 3.564657 3.92203, 3.742396 3.752808, 3.752808 3.742396, 3.92203 3.564657, 3.931918 3.553747, 4.092215 3.367918, 4.101556 3.356536, 4.252542 3.163066, 4.261313 3.151239, 4.402624 2.950594, 4.410804 2.93835, 4.542099 2.731013, 4.549669 2.718383, 4.670632 2.504853, 4.677574 2.491867, 4.787914 2.272659, 4.794209 2.259348, 4.893661 2.03499, 4.899296 2.021386, 4.987618 1.792418, 4.992579 1.778554, 5.06956 1.545528, 5.073834 1.531437, 5.139289 1.294915, 5.142867 1.280631, 5.196637 1.041182, 5.19951 1.02674, 5.241466 0.784941, 5.243626 0.770376, 5.273667 0.526809, 5.275111 0.512155, 5.293164 0.267408, 5.293887 0.252701, 5.29991 0.007362))",data/renders/procedural/circle_01_socket_v1.png,data/renders/procedural/circle_01_socket_v2.png,089266493b354e81,d162e3fb9454ae08
circle_01_shrunk0.20,shrunk,"POLYGON ((4.79994 -2.134046e-16, 4.794158 -0.235522, 4.776827 -0.470476, 4.747988 -0.704297, 4.70771 -0.936422, 4.656092 -1.16629, 4.593256 -1.393349, 4.519355 -1.617051, 4.434566 -1.836857, 4.339094 -2.052239, 4.233169 -2.262676, 4.117046 -2.467662, 3.991004 -2.666704, 3.855348 -2.859321, 3.710404 -3.04505, 3.556521 -3.223443, 3.39407 -3.39407, 3.223443 -3.556521, 3.04505 -3.710404, 2.859321 -3.855348, 2.666704 -3.991004, 2.467662 -4.117046, 2.262676 -4.233169, 2.052239 -4.339094, 1.836857 -4.434566, 1.617051 -4.519355, 1.393349 -4.593256, 1.16629 -4.656092, 0.936422 -4.70771, 0.704297 -4.747988, 0.470476 -4.776827, 0.235522 -4.794158, 6.441601e-16 -4.79994, -0.235522 -4.794158, -0.470476 -4.776827, -0.704297 -4.747988, -0.936422 -4.70771, -1.16629 -4.656092, -1.393349 -4.593256, -1.617051 -4.519355, -1.836857 -4.434566, -2.052239 -4.339094, -2.262676 -4.233169, -2.467662 -4.117046, -2.666704 -3.991004, -2.859321 -3.855348, -3.04505 -3.710404, -3.223443 -3.556521, -3.39407 -3.39407, -3.556521 -3.223443, -3.710404 -3.04505, -3.855348 -2.859321, -3.991004 -2.666704, -4.117046 -2.467662, -4.233169 -2.262676, -4.339094 -2.052239, -4.434566 -1.836857, -4.519355 -1.617051, -4.593256 -1.393349, -4.656092 -1.16629, -4.70771 -0.936422, -4.747988 -0.704297, -4.776827 -0.470476, -4.794158 -0.235522, -4.79994 -2.450855e-16, -4.794158 0.235522, -4.776827 0.470476, -4.747988 0.704297, -4.70771 0.936422, -4.656092 1.16629, -4.593256 1.393349, -4.519355 1.617051, -4.434566 1.836857, -4.339094 2.052239, -4.233169 2.262676, -4.117046 2.467662, -3.991004 2.666704, -3.855348 2.859321, -3.710404 3.04505, -3.556521 3.223443, -3.39407 3.39407, -3.223443 3.556521, -3.04505 3.710404, -2.859321 3.855348, -2.666704 3.991004, -2.467662 4.117046, -2.262676 4.233169, -2.052239 4.339094, -1.836857 4.434566, -1.617051 4.519355, -1.393349 4.593256, -1.16629 4.656092, -0.936422 4.70771, -0.704297 4.747988, -0.470476 4.776827, -0.235522 4.794158, 5.949473e-16 4.79994, 0.235522 4.794158, 0.470476 4.776827, 0.704297 4.747988, 0.936422 4.70771, 1.16629 4.656092, 1.393349 4.593256, 1.617051 4.519355, 1.836857 4.434566, 2.052239 4.339094, 2.262676 4.233169, 2.467662 4.117046, 2.666704 3.991004, 2.859321 3.855348, 3.04505 3.710404, 3.223443 3.556521, 3.39407 3.39407, 3.556521 3.223443, 3.710404 3.04505, 3.855348 2.859321, 3.991004 2.666704, 4.117046 2.467662, 4.233169 2.262676, 4.339094 2.052239, 4.434566 1.836857, 4.519355 1.617051, 4.593256 1.393349, 4.656092 1.16629, 4.70771 0.936422, 4.747988 0.704297, 4.776827 0.470476, 4.794158 0.235522, 4.79994 -2.134046e-16))",data/renders/blocks/circle_01_shrunk0.20_socket_v1.png,data/renders/blocks/circle_01_shrunk0.20_socket_v2.png,f179b6b6d1c81741,b73fb7108d1ced8a
circle_02,catalog,"POLYGON ((6.79991 0.007362, 6.79991 -0.007362, 6.79208 -0.326302, 6.791358 -0.341009, 6.767888 -0.659181, 6.766445 -0.673835, 6.727391 -0.990471, 6.725231 -1.005037, 6.670688 -1.319376, 6.667815 -1.333817, 6.597914 -1.645102, 6.594336 -1.659385, 6.509245 -1.966864, 6.504971 -1.980955, 6.404895 -2.283889, 6.399934 -2.297753, 6.285115 -2.595411, 6.27948 -2.609015, 6.150193 -2.900681, 6.143898 -2.913992, 6.000456 -3.198962, 5.993514 -3.211948, 5.836262 -3.489537, 5.828692 -3.502167, 5.658009 -3.771706, 5.649828 -3.783949, 5.466124 -4.044788, 5.457353 -4.056615, 5.261072 -4.308126, 5.251731 -4.319508, 5.043345 -4.561085, 5.033456 -4.571995, 4.813468 -4.803056, 4.803056 -4.813468, 4.571995 -5.033456, 4.561085 -5.043345, 4.319508 -5.251731, 4.308126 -5.261072, 4.056615 -5.457353, 4.044788 -5.466124, 3.783949 -5.649828, 3.771706 -5.658009, 3.502167 -5.828692, 3.489537 -5.836262, 3.211948 -5.993514, 3.198962 -6.000456, 2.913992 -6.143898, 2.900681 -6.150193, 2.609015 -6.27948, 2.595411 -6.285115, 2.297753 -6.399934, 2.283889 -6.404895, 1.980955 -6.504971, 1.966864 -6.509245, 1.659385 -6.594336, 1.645102 -6.597914, 1.333817 -6.667815, 1.319376 -6.670688, 1.005037 -6.725231, 0.990471 -6.727391, 0.673835 -6.766445, 0.659181 -6.767888, 0.341009 -6.791358, 0.326302 -6.79208, 0.007362 -6.79991, -0.007362 -6.79991, -0.326302 -6.79208, -0.341009 -6.791358, -0.659181 -6.767888, -0.673835 -6.766445, -0.990471 -6.727391, -1.005037 -6.725231, -1.319376 -6.670688, -1.333817 -6.667815, -1.645102 -6.597914, -1.659385 -6.594336, -1.966864 -6.509245, -1.980955 -6.504971, -2.283889 -6.404895, -2.297753 -6.399934, -2.595411 -6.285115, -2.609015 -6.27948, -2.900681 -6.150193, -2.913992 -6.143898, -3.198962 -6.000456, -3.211948 -5.993514, -3.489537 -5.836262, -3.502167 -5.828692, -3.771706 -5.658009, -3.783949 -5.649828, -4.044788 -5.466124, -4.056615 -5.457353, -4.308126 -5.261072, -4.319508 -5.251731, -4.561085 -5.043345, -4.571995 -5.033456, -4.803056 -4.813468, -4.813468 -4.803056, -5.033456 -4.571995, -5.043345 -4.561085, -5.251731 -4.319508, -5.261072 -4.308126, -5.457353 -4.056615, -5.466124 -4.044788, -5.649828 -3.783949, -5.658009 -3.771706, -5.828692 -3.502167, -5.836262 -3.489537, -5.993514 -3.211948, -6.000456 -3.198962, -6.143898 -2.913992, -6.150193 -2.900681, -6.27948 -2.609015, -6.285115 -2.595411, -6.399934 -2.297753, -6.404895 -2.283889, -6.504971 -1.980955, -6.509245 -1.966864, -6.594336 -1.659385, -6.597914 -1.645102, -6.667815 -1.333817, -6.670688 -1.319376, -6.725231 -1.005037, -6.727391 -0.990471, -6.766445 -0.673835, -6.767888 -0.659181, -6.791358 -0.341009, -6.79208 -0.326302, -6.79991 -0.007362, -6.79991 0.007362, -6.79208 0.326302, -6.791358 0.341009, -6.767888 0.659181, -6.766445 0.673835, -6.727391 0.990471, -6.725231 1.005037, -6.670688 1.319376, -6.667815 1.333817, -6.597914 1.645102, -6.594336 1.659385, -6.509245 1.966864, -6.504971 1.980955, -6.404895 2.283889, -6.399934 2.297753, -6.285115 2.595411, -6.27948 2.609015, -6.150193 2.900681, -6.143898 2.913992, -6.000456 3.198962, -5.993514 3.211948, -5.836262 3.489537, -5.828692 3.502167, -5.658009 3.771706, -5.649828 3.783949, -5.466124 4.044788, -5.457353 4.056615, -5.261072 4.308126, -5.251731 4.319508, -5.043345 4.561085, -5.033456 4.571995, -4.813468 4.803056, -4.803056 4.813468, -4.571995 5.033456, -4.561085 5.043345, -4.319508 5.251731, -4.308126 5.261072, -4.056615 5.457353, -4.044788 5.466124, -3.783949 5.649828, -3.771706 5.658009, -3.502167 5.828692, -3.489537 5.836262, -3.211948 5.993514, -3.198962 6.000456, -2.913992 6.143898, -2.900681 6.150193, -2.609015 6.27948, -2.595411 6.285115, -2.297753 6.399934, -2.283889 6.404895, -1.980955 6.504971, -1.966864 6.509245, -1.659385 6.594336, -1.645102 6.597914, -1.333817 6.667815, -1.319376 6.670688, -1.005037 6.725231, -0.990471 6.727391, -0.673835 6.766445, -0.659181 6.767888, -0.341009 6.791358, -0.326302 6.79208, -0.007362 6.79991, 0.007362 6.79991, 0.326302 6.79208, 0.341009 6.791358, 0.659181 6.767888, 0.673835 6.766445, 0.990471 6.727391, 1.005037 6.725231, 1.319376 6.670688, 1.333817 6.667815, 1.645102 6.597914, 1.659385 6.594336, 1.966864 6.509245, 1.980955 6.504971, 2.283889 6.404895, 2.297753 6.399934, 2.595411 6.285115, 2.609015 6.27948, 2.900681 6.150193, 2.913992 6.143898, 3.198962 6.000456, 3.211948 5.993514, 3.489537 5.836262, 3.502167 5.828692, 3.771706 5.658009, 3.783949 5.649828, 4.044788 5.466124, 4.056615 5.457353, 4.308126 5.261072, 4.319508 5.251731, 4.561085 5.043345, 4.571995 5.033456, 4.803056 4.813468, 4.813468 4.803056, 5.033456 4.571995, 5.043345 4.561085, 5.251731 4.319508, 5.261072 4.308126, 5.457353 4.056615, 5.466124 4.044788, 5.649828 3.783949, 5.658009 3.771706, 5.828692 3.502167, 5.836262 3.489537, 5.993514 3.211948, 6.000456 3.198962, 6.143898 2.913992, 6.150193 2.900681, 6.27948 2.609015, 6.285115 2.595411, 6.399934 2.297753, 6.404895 2.283889, 6.504971 1.980955, 6.509245 1.966864, 6.594336 1.659385, 6.597914 1.645102, 6.667815 1.333817, 6.670688 1.319376, 6.725231 1.005037, 6.727391 0.990471, 6.766445 0.673835, 6.767888 0.659181, 6.791358 0.341009, 6.79208 0.326302, 6.79991 0.007362))",data/renders/procedural/circle_02_socket_v1.png,data/renders/procedural/circle_02_socket_v2.png,278ec38ece20b6be,2cffecc8a9252fee
circle_02_shrunk0.20,shrunk,"POLYGON ((6.29994 4.277916e-16, 6.292351 -0.309123, 6.269604 -0.617502, 6.231752 -0.924393, 6.178888 -1.229057, 6.111138 -1.53076, 6.028666 -1.828776, 5.931671 -2.122386, 5.820385 -2.410883, 5.695078 -2.693571, 5.556051 -2.969771, 5.403639 -3.238816, 5.238208 -3.500059, 5.060159 -3.75287, 4.869919 -3.996639, 4.667947 -4.230781, 4.45473 -4.45473, 4.230781 -4.667947, 3.996639 -4.869919, 3.75287 -5.060159, 3.500059 -5.238208, 3.238816 -5.403639, 2.969771 -5.556051, 2.693571 -5.695078, 2.410883 -5.820385, 2.122386 -5.931671, 1.828776 -6.028666, 1.53076 -6.111138, 1.229057 -6.178888, 0.924393 -6.231752, 0.617502 -6.269604, 0.309123 -6.292351, -4.523597e-17 -6.29994, -0.309123 -6.292351, -0.617502 -6.269604, -0.924393 -6.231752, -1.229057 -6.178888, -1.53076 -6.111138, -1.828776 -6.028666, -2.122386 -5.931671, -2.410883 -5.820385, -2.693571 -5.695078, -2.969771 -5.556051, -3.238816 -5.403639, -3.500059 -5.238208, -3.75287 -5.060159, -3.996639 -4.869919, -4.230781 -4.667947, -4.45473 -4.45473, -4.667947 -4.230781, -4.869919 -3.996639, -5.060159 -3.75287, -5.238208 -3.500059, -5.403639 -3.238816, -5.556051 -2.969771, -5.695078 -2.693571, -5.820385 -2.410883, -5.931671 -2.122386, -6.028666 -1.828776, -6.111138 -1.53076, -6.178888 -1.229057, -6.231752 -0.924393, -6.269604 -0.617502, -6.292351 -0.309123, -6.29994 3.957611e-16, -6.292351 0.309123, -6.269604 0.617502, -6.231752 0.924393, -6.178888 1.229057, -6.111138 1.53076, -6.028666 1.828776, -5.931671 2.122386, -5.820385 2.410883, -5.695078 2.693571, -5.556051 2.969771, -5.403639 3.238816, -5.238208 3.500059, -5.060159 3.75287, -4.869919 3.996639, -4.667947 4.230781, -4.45473 4.45473, -4.230781 4.667947, -3.996639 4.869919, -3.75287 5.060159, -3.500059 5.238208, -3.238816 5.403639, -2.969771 5.556051, -2.693571 5.695078, -2.410883 5.820385, -2.122386 5.931671, -1.828776 6.028666, -1.53076 6.111138, -1.229057 6.178888, -0.924393 6.231752, -0.617502 6.269604, -0.309123 6.292351, -9.392233e-17 6.29994, 0.309123 6.292351, 0.617502 6.269604, 0.924393 6.231752, 1.229057 6.178888, 1.53076 6.111138, 1.828776 6.028666, 2.122386 5.931671, 2.410883 5.820385, 2.693571 5.695078, 2.969771 5.556051, 3.238816 5.403639, 3.500059 5.238208, 3.75287 5.060159, 3.996639 4.869919, 4.230781 4.667947, 4.45473 4.45473, 4.667947 4.230781, 4.869919 3.996639, 5.060159 3.75287, 5.238208 3.500059, 5.403639 3.238816, 5.556051 2.969771, 5.695078 2.693571, 5.820385 2.410883, 5.931671 2.122386, 6.028666 1.828776, 6.111138 1.53076, 6.178888 1.229057, 6.231752 0.924393, 6.269604 0.617502, 6.292351 0.309123, 6.29994 4.277916e-16))",data/renders/blocks/circle_02_shrunk0.20_socket_v1.png,data/renders/blocks/circle_02_shrunk0.20_socket_v2.png,46cb93e41524e080,2c67b238abfc2b21
circle_03,catalog,"POLYGON ((8.29991 0.007362, 8.29991 -0.007362, 8.290273 -0.399904, 8.289551 -0.414611, 8.260665 -0.806206, 8.259222 -0.82086, 8.211156 -1.210567, 8.208995 -1.225132, 8.141866 -1.612011, 8.138993 -1.626453, 8.052961 -2.009572, 8.049383 -2.023855, 7.944656 -2.402291, 7.940381 -2.416382, 7.817211 -2.789223, 7.81225 -2.803087, 7.670934 -3.169436, 7.665299 -3.18304, 7.506177 -3.542013, 7.499882 -3.555324, 7.323337 -3.906057, 7.316396 -3.919043, 7.122855 -4.260691, 7.115285 -4.273321, 6.905213 -4.605061, 6.897032 -4.617304, 6.670936 -4.938337, 6.662164 -4.950164, 6.420588 -5.259716, 6.411246 -5.271098, 6.154772 -5.568423, 6.144883 -5.579334, 5.874128 -5.863716, 5.863716 -5.874128, 5.579334 -6.144883, 5.568423 -6.154772, 5.271098 -6.411246, 5.259716 -6.420588, 4.950164 -6.662164, 4.938337 -6.670936, 4.617304 -6.897032, 4.605061 -6.905213, 4.273321 -7.115285, 4.260691 -7.122855, 3.919043 -7.316396, 3.906057 -7.323337, 3.555324 -7.499882, 3.542013 -7.506177, 3.18304 -7.665299, 3.169436 -7.670934, 2.803087 -7.81225, 2.789223 -7.817211, 2.416382 -7.940381, 2.402291 -7.944656, 2.023855 -8.049383, 2.009572 -8.052961, 1.626453 -8.138993, 1.612011 -8.141866, 1.225132 -8.208995, 1.210567 -8.211156, 0.82086 -8.259222, 0.806206 -8.260665, 0.414611 -8.289551, 0.399904 -8.290273, 0.007362 -8.29991, -0.007362 -8.29991, -0.399904 -8.290273, -0.414611 -8.289551, -0.806206 -8.260665, -0.82086 -8.259222, -1.210567 -8.211156, -1.225132 -8.208995, -1.612011 -8.141866, -1.626453 -8.138993, -2.009572 -8.052961, -2.023855 -8.049383, -2.402291 -7.944656, -2.416382 -7.940381, -2.789223 -7.817211, -2.803087 -7.81225, -3.169436 -7.670934, -3.18304 -7.665299, -3.542013 -7.506177, -3.555324 -7.499882, -3.906057 -7.323337, -3.919043 -7.316396, -4.260691 -7.122855, -4.273321 -7.115285, -4.605061 -6.905213, -4.617304 -6.897032, -4.938337 -6.670936, -4.950164 -6.662164, -5.259716 -6.420588, -5.271098 -6.411246, -5.568423 -6.154772, -5.579334 -6.144883, -5.863716 -5.874128, -5.874128 -5.863716, -6.144883 -5.579334, -6.154772 -5.568423, -6.411246 -5.271098, -6.420588 -5.259716, -6.662164 -4.950164, -6.670936 -4.938337, -6.897032 -4.617304, -6.905213 -4.605061, -7.115285 -4.273321, -7.122855 -4.260691, -7.316396 -3.919043, -7.323337 -3.906057, -7.499882 -3.555324, -7.506177 -3.542013, -7.665299 -3.18304, -7.670934 -3.169436, -7.81225 -2.803087, -7.817211 -2.789223, -7.940381 -2.416382, -7.944656 -2.402291, -8.049383 -2.023855, -8.052961 -2.009572, -8.138993 -1.626453, -8.141866 -1.612011, -8.208995 -1.225132, -8.211156 -1.210567, -8.259222 -0.82086, -8.260665 -0.806206, -8.289551 -0.414611, -8.290273 -0.399904, -8.29991 -0.007362, -8.29991 0.007362, -8.290273 0.399904, -8.289551 0.414611, -8.260665 0.806206, -8.259222 0.82086, -8.211156 1.210567, -8.208995 1.225132, -8.141866 1.612011, -8.138993 1.626453, -8.052961 2.009572, -8.049383 2.023855, -7.944656 2.402291, -7.940381 2.416382, -7.817211 2.789223, -7.81225 2.803087, -7.670934 3.169436, -7.665299 3.18304, -7.506177 3.542013, -7.499882 3.555324, -7.323337 3.906057, -7.316396 3.919043, -7.122855 4.260691, -7.115285 4.273321, -6.905213 4.605061, -6.897032 4.617304, -6.670936 4.938337, -6.662164 4.950164, -6.420588 5.259716, -6.411246 5.271098, -6.154772 5.568423, -6.144883 5.579334, -5.874128 5.863716, -5.863716 5.874128, -5.579334 6.144883, -5.568423 6.154772, -5.271098 6.411246, -5.259716 6.420588, -4.950164 6.662164, -4.938337 6.670936, -4.617304 6.897032, -4.605061 6.905213, -4.273321 7.115285, -4.260691 7.122855, -3.919043 7.316396, -3.906057 7.323337, -3.555324 7.499882, -3.542013 7.506177, -3.18304 7.665299, -3.169436 7.670934, -2.803087 7.81225, -2.789223 7.817211, -2.416382 7.940381, -2.402291 7.944656, -2.023855 8.049383, -2.009572 8.052961, -1.626453 8.138993, -1.612011 8.141866, -1.225132 8.208995, -1.210567 8.211156, -0.82086 8.259222, -0.806206 8.260665, -0.414611 8.289551, -0.399904 8.290273, -0.007362 8.29991, 0.007362 8.29991, 0.399904 8.290273, 0.414611 8.289551, 0.806206 8.260665, 0.82086 8.259222, 1.210567 8.211156, 1.225132 8.208995, 1.612011 8.141866, 1.626453 8.138993, 2.009572 8.052961, 2.023855 8.049383, 2.402291 7.944656, 2.416382 7.940381, 2.789223 7.817211, 2.803087 7.81225, 3.169436 7.670934, 3.18304 7.665299, 3.542013 7.506177, 3.555324 7.499882, 3.906057 7.323337, 3.919043 7.316396, 4.260691 7.122855, 4.273321 7.115285, 4.605061 6.905213, 4.617304 6.897032, 4.938337 6.670936, 4.950164 6.662164, 5.259716 6.420588, 5.271098 6.411246, 5.568423 6.154772, 5.579334 6.144883, 5.863716 5.874128, 5.874128 5.863716, 6.144883 5.579334, 6.154772 5.568423, 6.411246 5.271098, 6.420588 5.259716, 6.662164 4.950164, 6.670936 4.938337, 6.897032 4.617304, 6.905213 4.605061, 7.115285 4.273321, 7.122855 4.260691, 7.316396 3.919043, 7.323337 3.906057, 7.499882 3.555324, 7.506177 3.542013, 7.665299 3.18304, 7.670934 3.169436, 7.81225 2.803087, 7.817211 2.789223, 7.940381 2.416382, 7.944656 2.402291, 8.049383 2.023855, 8.052961 2.009572, 8.138993 1.626453, 8.141866 1.612011, 8.208995 1.225132, 8.211156 1.210567, 8.259222 0.82086, 8.260665 0.806206, 8.289551 0.414611, 8.290273 0.399904, 8.29991 0.007362))",data/renders/procedural/circle_03_socket_v1.png,data/renders/procedural/circle_03_socket_v2.png,44b33b693953a6fc,88fdac83cb8ce94a
circle_03_shrunk0.20,shrunk,"POLYGON ((7.79994 -3.268896e-18, 7.790544 -0.382725, 7.762381 -0.764528, 7.715517 -1.144489, 7.650066 -1.521693, 7.566185 -1.895231, 7.464077 -2.264203, 7.343987 -2.627721, 7.206205 -2.984908, 7.051062 -3.334904, 6.878933 -3.676866, 6.690231 -4.00997, 6.485413 -4.333414, 6.26497 -4.646419, 6.029435 -4.948229, 5.779374 -5.238119, 5.51539 -5.51539, 5.238119 -5.779374, 4.948229 -6.029435, 4.646419 -6.26497, 4.333414 -6.485413, 4.00997 -6.690231, 3.676866 -6.878933, 3.334904 -7.051062, 2.984908 -7.206205, 2.627721 -7.343987, 2.264203 -7.464077, 1.895231 -7.566185, 1.521693 -7.650066, 1.144489 -7.715517, 0.764528 -7.762381, 0.382725 -7.790544, 3.819165e-16 -7.79994, -0.382725 -7.790544, -0.764528 -7.762381, -1.144489 -7.715517, -1.521693 -7.650066, -1.895231 -7.566185, -2.264203 -7.464077, -2.627721 -7.343987, -2.984908 -7.206205, -3.334904 -7.051062, -3.676866 -6.878933, -4.00997 -6.690231, -4.333414 -6.485413, -4.646419 -6.26497, -4.948229 -6.029435, -5.238119 -5.779374, -5.51539 -5.51539, -5.779374 -5.238119, -6.029435 -4.948229, -6.26497 -4.646419, -6.485413 -4.333414, -6.690231 -4.00997, -6.878933 -3.676866, -7.051062 -3.334904, -7.206205 -2.984908, -7.343987 -2.627721, -7.464077 -2.264203, -7.566185 -1.895231, -7.650066 -1.521693, -7.715517 -1.144489, -7.762381 -0.764528, -7.790544 -0.382725, -7.79994 -3.507871e-17, -7.790544 0.382725, -7.762381 0.764528, -7.715517 1.144489, -7.650066 1.521693, -7.566185 1.895231, -7.464077 2.264203, -7.343987 2.627721, -7.206205 2.984908, -7.051062 3.334904, -6.878933 3.676866, -6.690231 4.00997, -6.485413 4.333414, -6.26497 4.646419, -6.029435 4.948229, -5.779374 5.238119, -5.51539 5.51539, -5.238119 5.779374, -4.948229 6.029435, -4.646419 6.26497, -4.333414 6.485413, -4.00997 6.690231, -3.676866 6.878933, -3.334904 7.051062, -2.984908 7.206205, -2.627721 7.343987, -2.264203 7.464077, -1.895231 7.566185, -1.521693 7.650066, -1.144489 7.715517, -0.764528 7.762381, -0.382725 7.790544, 3.337218e-16 7.79994, 0.382725 7.790544, 0.764528 7.762381, 1.144489 7.715517, 1.521693 7.650066, 1.895231 7.566185, 2.264203 7.464077, 2.627721 7.343987, 2.984908 7.206205, 3.334904 7.051062, 3.676866 6.878933, 4.00997 6.690231, 4.333414 6.485413, 4.646419 6.26497, 4.948229 6.029435, 5.238119 5.779374, 5.51539 5.51539, 5.779374 5.238119, 6.029435 4.948229, 6.26497 4.646419, 6.485413 4.333414, 6.690231 4.00997, 6.878933 3.676866, 7.051062 3.334904, 7.206205 2.984908, 7.343987 2.627721, 7.464077 2.264203, 7.566185 1.895231, 7.650066 1.521693, 7.715517 1.144489, 7.762381 0.764528, 7.790544 0.382725, 7.79994 -3.268896e-18))",data/renders/blocks/circle_03_shrunk0.20_socket_v1.png,data/renders/blocks/circle_03_shrunk0.20_socket_v2.png,1966fc26cf0de407,e44e4f7072a10d92
circle_04,catalog,"POLYGON ((10.29991 0.007362, 10.29991 -0.007362, 10.287864 -0.498039, 10.287142 -0.512746, 10.251034 -1.002241, 10.249591 -1.016895, 10.189509 -1.504028, 10.187348 -1.518593, 10.103436 -2.002192, 10.100563 -2.016634, 9.993023 -2.495532, 9.989445 -2.509816, 9.858536 -2.982861, 9.854262 -2.996951, 9.700299 -3.463003, 9.695338 -3.476867, 9.518693 -3.934803, 9.513058 -3.948407, 9.314156 -4.397123, 9.30786 -4.410434, 9.08718 -4.848851, 9.080239 -4.861837, 8.838312 -5.288897, 8.830742 -5.301527, 8.568152 -5.716202, 8.559972 -5.728445, 8.277351 -6.129736, 8.268579 -6.141563, 7.966608 -6.528502, 7.957267 -6.539885, 7.636674 -6.911541, 7.626785 -6.922452, 7.288342 -7.27793, 7.27793 -7.288342, 6.922452 -7.626785, 6.911541 -7.636674, 6.539885 -7.957267, 6.528502 -7.966608, 6.141563 -8.268579, 6.129736 -8.277351, 5.728445 -8.559972, 5.716202 -8.568152, 5.301527 -8.830742, 5.288897 -8.838312, 4.861837 -9.080239, 4.848851 -9.08718, 4.410434 -9.30786, 4.397123 -9.314156, 3.948407 -9.513058, 3.934803 -9.518693, 3.476867 -9.695338, 3.463003 -9.700299, 2.996951 -9.854262, 2.982861 -9.858536, 2.509816 -9.989445, 2.495532 -9.993023, 2.016634 -10.100563, 2.002192 -10.103436, 1.518593 -10.187348, 1.504028 -10.189509, 1.016895 -10.249591, 1.002241 -10.251034, 0.512746 -10.287142, 0.498039 -10.287864, 0.007362 -10.29991, -0.007362 -10.29991, -0.498039 -10.287864, -0.512746 -10.287142, -1.002241 -10.251034, -1.016895 -10.249591, -1.504028 -10.189509, -1.518593 -10.187348, -2.002192 -10.103436, -2.016634 -10.100563, -2.495532 -9.993023, -2.509816 -9.989445, -2.982861 -9.858536, -2.996951 -9.854262, -3.463003 -9.700299, -3.476867 -9.695338, -3.934803 -9.518693, -3.948407 -9.513058, -4.397123 -9.314156, -4.410434 -9.30786, -4.848851 -9.08718, -4.861837 -9.080239, -5.288897 -8.838312, -5.301527 -8.830742, -5.716202 -8.568152, -5.728445 -8.559972, -6.129736 -8.277351, -6.141563 -8.268579, -6.528502 -7.966608, -6.539885 -7.957267, -6.911541 -7.636674, -6.922452 -7.626785, -7.27793 -7.288342, -7.288342 -7.27793, -7.626785 -6.922452, -7.636674 -6.911541, -7.957267 -6.539885, -7.966608 -6.528502, -8.268579 -6.141563, -8.277351 -6.129736, -8.559972 -5.728445, -8.568152 -5.716202, -8.830742 -5.301527, -8.838312 -5.288897, -9.080239 -4.861837, -9.08718 -4.848851, -9.30786 -4.410434, -9.314156 -4.397123, -9.513058 -3.948407, -9.518693 -3.934803, -9.695338 -3.476867, -9.700299 -3.463003, -9.854262 -2.996951, -9.858536 -2.982861, -9.989445 -2.509816, -9.993023 -2.495532, -10.100563 -2.016634, -10.103436 -2.002192, -10.187348 -1.518593, -10.189509 -1.504028, -10.249591 -1.016895, -10.251034 -1.002241, -10.287142 -0.512746, -10.287864 -0.498039, -10.29991 -0.007362, -10.29991 0.007362, -10.287864 0.498039, -10.287142 0.512746, -10.251034 1.002241, -10.249591 1.016895, -10.189509 1.504028, -10.187348 1.518593, -10.103436 2.002192, -10.100563 2.016634, -9.993023 2.495532, -9.989445 2.509816, -9.858536 2.982861, -9.854262 2.996951, -9.700299 3.463003, -9.695338 3.476867, -9.518693 3.934803, -9.513058 3.948407, -9.314156 4.397123, -9.30786 4.410434, -9.08718 4.848851, -9.080239 4.861837, -8.838312 5.288897, -8.830742 5.301527, -8.568152 5.716202, -8.559972 5.728445, -8.277351 6.129736, -8.268579 6.141563, -7.966608 6.528502, -7.957267 6.539885, -7.636674 6.911541, -7.626785 6.922452, -7.288342 7.27793, -7.27793 7.288342, -6.922452 7.626785, -6.911541 7.636674, -6.539885 7.957267, -6.528502 7.966608, -6.141563 8.268579, -6.129736 8.277351, -5.728445 8.559972, -5.716202 8.568152, -5.301527 8.830742, -5.288897 8.838312, -4.861837 9.080239, -4.848851 9.08718, -4.410434 9.30786, -4.397123 9.314156, -3.948407 9.513058, -3.934803 9.518693, -3.476867 9.695338, -3.463003 9.700299, -2.996951 9.854262, -2.982861 9.858536, -2.509816 9.989445, -2.495532 9.993023, -2.016634 10.100563, -2.002192 10.103436, -1.518593 10.187348, -1.504028 10.189509, -1.016895 10.249591, -1.002241 10.251034, -0.512746 10.287142, -0.498039 10.287864, -0.007362 10.29991, 0.007362 10.29991, 0.498039 10.287864, 0.512746 10.287142, 1.002241 10.251034, 1.016895 10.249591, 1.504028 10.189509, 1.518593 10.187348, 2.002192 10.103436, 2.016634 10.100563, 2.495532 9.993023, 2.509816 9.989445, 2.982861 9.858536, 2.996951 9.854262, 3.463003 9.700299, 3.476867 9.695338, 3.934803 9.518693, 3.948407 9.513058, 4.397123 9.314156, 4.410434 9.30786, 4.848851 9.08718, 4.861837 9.080239, 5.288897 8.838312, 5.301527 8.830742, 5.716202 8.568152, 5.728445 8.559972, 6.129736 8.277351, 6.141563 8.268579, 6.528502 7.966608, 6.539885 7.957267, 6.911541 7.636674, 6.922452 7.626785, 7.27793 7.288342, 7.288342 7.27793, 7.626785 6.922452, 7.636674 6.911541, 7.957267 6.539885, 7.966608 6.528502, 8.268579 6.141563, 8.277351 6.129736, 8.559972 5.728445, 8.568152 5.716202, 8.830742 5.301527, 8.838312 5.288897, 9.080239 4.861837, 9.08718 4.848851, 9.30786 4.410434, 9.314156 4.397123, 9.513058 3.948407, 9.518693 3.934803, 9.695338 3.476867, 9.700299 3.463003, 9.854262 2.996951, 9.858536 2.982861, 9.989445 2.509816, 9.993023 2.495532, 10.100563 2.016634, 10.103436 2.002192, 10.187348 1.518593, 10.189509 1.504028, 10.249591 1.016895, 10.251034 1.002241, 10.287142 0.512746, 10.287864 0.498039, 10.29991 0.007362))",data/renders/procedural/circle_04_socket_v1.png,data/renders/procedural/circle_04_socket_v2.png,5ee9e1cd0923e5bc,e9b77fab7dc28419
circle_04_shrunk0.20,shrunk,"POLYGON ((9.79994 -1.213687e-15, 9.788135 -0.48086, 9.75275 -0.960562, 9.69387 -1.43795, 9.611637 -1.911873, 9.506248 -2.381191, 9.377958 -2.844772, 9.227075 -3.3015, 9.053964 -3.750275, 8.859041 -4.190014, 8.642775 -4.61966, 8.405689 -5.038176, 8.148352 -5.444555, 7.871385 -5.837817, 7.575456 -6.217016, 7.261276 -6.581237, 6.929604 -6.929604, 6.581237 -7.261276, 6.217016 -7.575456, 5.837817 -7.871385, 5.444555 -8.148352, 5.038176 -8.405689, 4.61966 -8.642775, 4.190014 -8.859041, 3.750275 -9.053964, 3.3015 -9.227075, 2.844772 -9.377958, 2.381191 -9.506248, 1.911873 -9.611637, 1.43795 -9.69387, 0.960562 -9.75275, 0.48086 -9.788135, 4.724728e-16 -9.79994, -0.48086 -9.788135, -0.960562 -9.75275, -1.43795 -9.69387, -1.911873 -9.611637, -2.381191 -9.506248, -2.844772 -9.377958, -3.3015 -9.227075, -3.750275 -9.053964, -4.190014 -8.859041, -4.61966 -8.642775, -5.038176 -8.405689, -5.444555 -8.148352, -5.837817 -7.871385, -6.217016 -7.575456, -6.581237 -7.261276, -6.929604 -6.929604, -7.261276 -6.581237, -7.575456 -6.217016, -7.871385 -5.837817, -8.148352 -5.444555, -8.405689 -5.038176, -8.642775 -4.61966, -8.859041 -4.190014, -9.053964 -3.750275, -9.227075 -3.3015, -9.377958 -2.844772, -9.506248 -2.381191, -9.611637 -1.911873, -9.69387 -1.43795, -9.75275 -0.960562, -9.788135 -0.48086, -9.79994 -1.245246e-15, -9.788135 0.48086, -9.75275 0.960562, -9.69387 1.43795, -9.611637 1.911873, -9.506248 2.381191, -9.377958 2.844772, -9.227075 3.3015, -9.053964 3.750275, -8.859041 4.190014, -8.642775 4.61966, -8.405689 5.038176, -8.148352 5.444555, -7.871385 5.837817, -7.575456 6.217016, -7.261276 6.581237, -6.929604 6.929604, -6.581237 7.261276, -6.217016 7.575456, -5.837817 7.871385, -5.444555 8.148352, -5.038176 8.405689, -4.61966 8.642775, -4.190014 8.859041, -3.750275 9.053964, -3.3015 9.227075, -2.844772 9.377958, -2.381191 9.506248, -1.911873 9.611637, -1.43795 9.69387, -0.960562 9.75275, -0.48086 9.788135, 4.232903e-16 9.79994, 0.48086 9.788135, 0.960562 9.75275, 1.43795 9.69387, 1.911873 9.611637, 2.381191 9.506248, 2.844772 9.377958, 3.3015 9.227075, 3.750275 9.053964, 4.190014 8.859041, 4.61966 8.642775, 5.038176 8.405689, 5.444555 8.148352, 5.837817 7.871385, 6.217016 7.575456, 6.581237 7.261276, 6.929604 6.929604, 7.261276 6.581237, 7.575456 6.217016, 7.871385 5.837817, 8.148352 5.444555, 8.405689 5.038176, 8.642775 4.61966, 8.859041 4.190014, 9.053964 3.750275, 9.227075 3.3015, 9.377958 2.844772, 9.506248 2.381191, 9.611637 1.911873, 9.69387 1.43795, 9.75275 0.960562, 9.788135 0.48086, 9.79994 -1.213687e-15))",data/renders/blocks/circle_04_shrunk0.20_socket_v1.png,data/renders/blocks/circle_04_shrunk0.20_socket_v2.png,10329db3ac72dd9c,393e6902fb3319f0
circle_05,catalog,"POLYGON ((12.29991 0.007362, 12.29991 -0.007362, 12.285455 -0.596174, 12.284733 -0.610881, 12.241404 -1.198275, 12.239961 -1.212929, 12.167862 -1.797489, 12.165701 -1.812054, 12.065007 -2.392372, 12.062134 -2.406814, 11.933086 -2.981493, 11.929508 -2.995776, 11.772417 -3.56343, 11.768142 -3.577521, 11.583387 -4.136783, 11.578427 -4.150647, 11.366452 -4.70017, 11.360817 -4.713774, 11.122134 -5.252234, 11.115839 -5.265545, 10.851022 -5.791644, 10.844081 -5.80463, 10.553769 -6.317102, 10.546199 -6.329732, 10.231091 -6.827342, 10.222911 -6.839585, 9.883766 -7.321134, 9.874994 -7.332961, 9.512629 -7.797289, 9.503288 -7.808671, 9.118576 -8.254659, 9.108688 -8.26557, 8.702555 -8.692144, 8.692144 -8.702555, 8.26557 -9.108688, 8.254659 -9.118576, 7.808671 -9.503288, 7.797289 -9.512629, 7.332961 -9.874994, 7.321134 -9.883766, 6.839585 -10.222911, 6.827342 -10.231091, 6.329732 -10.546199, 6.317102 -10.553769, 5.80463 -10.844081, 5.791644 -10.851022, 5.265545 -11.115839, 5.252234 -11.122134, 4.713774 -11.360817, 4.70017 -11.366452, 4.150647 -11.578427, 4.136783 -11.583387, 3.577521 -11.768142, 3.56343 -11.772417, 2.995776 -11.929508, 2.981493 -11.933086, 2.406814 -12.062134, 2.392372 -12.065007, 1.812054 -12.165701, 1.797489 -12.167862, 1.212929 -12.239961, 1.198275 -12.241404, 0.610881 -12.284733, 0.596174 -12.285455, 0.007362 -12.29991, -0.007362 -12.29991, -0.596174 -12.285455, -0.610881 -12.284733, -1.198275 -12.241404, -1.212929 -12.239961, -1.797489 -12.167862, -1.812054 -12.165701, -2.392372 -12.065007, -2.406814 -12.062134, -2.981493 -11.933086, -2.995776 -11.929508, -3.56343 -11.772417, -3.577521 -11.768142, -4.136783 -11.583387, -4.150647 -11.578427, -4.70017 -11.366452, -4.713774 -11.360817, -5.252234 -11.122134, -5.265545 -11.115839, -5.791644 -10.851022, -5.80463 -10.844081, -6.317102 -10.553769, -6.329732 -10.546199, -6.827342 -10.231091, -6.839585 -10.222911, -7.321134 -9.883766, -7.332961 -9.874994, -7.797289 -9.512629, -7.808671 -9.503288, -8.254659 -9.118576, -8.26557 -9.108688, -8.692144 -8.702555, -8.702555 -8.692144, -9.108688 -8.26557, -9.118576 -8.254659, -9.503288 -7.808671, -9.512629 -7.797289, -9.874994 -7.332961, -9.883766 -7.321134, -10.222911 -6.839585, -10.231091 -6.827342, -10.546199 -6.329732, -10.553769 -6.317102, -10.844081 -5.80463, -10.851022 -5.791644, -11.115839 -5.265545, -11.122134 -5.252234, -11.360817 -4.713774, -11.366452 -4.70017, -11.578427 -4.150647, -11.583387 -4.136783, -11.768142 -3.577521, -11.772417 -3.56343, -11.929508 -2.995776, -11.933086 -2.981493, -12.062134 -2.406814, -12.065007 -2.392372, -12.165701 -1.812054, -12.167862 -1.797489, -12.239961 -1.212929, -12.241404 -1.198275, -12.284733 -0.610881, -12.285455 -0.596174, -12.29991 -0.007362, -12.29991 0.007362, -12.285455 0.596174, -12.284733 0.610881, -12.241404 1.198275, -12.239961 1.212929, -12.167862 1.797489, -12.165701 1.812054, -12.065007 2.392372, -12.062134 2.406814, -11.933086 2.981493, -11.929508 2.995776, -11.772417 3.56343, -11.768142 3.577521, -11.583387 4.136783, -11.578427 4.150647, -11.366452 4.70017, -11.360817 4.713774, -11.122134 5.252234, -11.115839 5.265545, -10.851022 5.791644, -10.844081 5.80463, -10.553769 6.317102, -10.546199 6.329732, -10.231091 6.827342, -10.222911 6.839585, -9.883766 7.321134, -9.874994 7.332961, -9.512629 7.797289, -9.503288 7.808671, -9.118576 8.254659, -9.108688 8.26557, -8.702555 8.692144, -8.692144 8.702555, -8.26557 9.108688, -8.254659 9.118576, -7.808671 9.503288, -7.797289 9.512629, -7.332961 9.874994, -7.321134 9.883766, -6.839585 10.222911, -6.827342 10.231091, -6.329732 10.546199, -6.317102 10.553769, -5.80463 10.844081, -5.791644 10.851022, -5.265545 11.115839, -5.252234 11.122134, -4.713774 11.360817, -4.70017 11.366452, -4.150647 11.578427, -4.136783 11.583387, -3.577521 11.768142, -3.56343 11.772417, -2.995776 11.929508, -2.981493 11.933086, -2.406814 12.062134, -2.392372 12.065007, -1.812054 12.165701, -1.797489 12.167862, -1.212929 12.239961, -1.198275 12.241404, -0.610881 12.284733, -0.596174 12.285455, -0.007362 12.29991, 0.007362 12.29991, 0.596174 12.285455, 0.610881 12.284733, 1.198275 12.241404, 1.212929 12.239961, 1.797489 12.167862, 1.812054 12.165701, 2.392372 12.065007, 2.406814 12.062134, 2.981493 11.933086, 2.995776 11.929508, 3.56343 11.772417, 3.577521 11.768142, 4.136783 11.583387, 4.150647 11.578427, 4.70017 11.366452, 4.713774 11.360817, 5.252234 11.122134, 5.265545 11.115839, 5.791644 10.851022, 5.80463 10.844081, 6.317102 10.553769, 6.329732 10.546199, 6.827342 10.231091, 6.839585 10.222911, 7.321134 9.883766, 7.332961 9.874994, 7.797289 9.512629, 7.808671 9.503288, 8.254659 9.118576, 8.26557 9.108688, 8.692144 8.702555, 8.702555 8.692144, 9.108688 8.26557, 9.118576 8.254659, 9.503288 7.808671, 9.512629 7.797289, 9.874994 7.332961, 9.883766 7.321134, 10.222911 6.839585, 10.231091 6.827342, 10.546199 6.329732, 10.553769 6.317102, 10.844081 5.80463, 10.851022 5.791644, 11.115839 5.265545, 11.122134 5.252234, 11.360817 4.713774, 11.366452 4.70017, 11.578427 4.150647, 11.583387 4.136783, 11.768142 3.577521, 11.772417 3.56343, 11.929508 2.995776, 11.933086 2.981493, 12.062134 2.406814, 12.065007 2.392372, 12.165701 1.812054, 12.167862 1.797489, 12.239961 1.212929, 12.241404 1.198275, 12.284733 0.610881, 12.285455 0.596174, 12.29991 0.007362))",data/renders/procedural/circle_05_socket_v1.png,data/renders/procedural/circle_05_socket_v2.png,a0235e6f5863f5e9,44eda64fd51349ee
circle_05_shrunk0.20,shrunk,"POLYGON ((11.79994 1.73434e-16, 11.785726 -0.578996, 11.74312 -1.156596, 11.672223 -1.731411, 11.573207 -2.302054, 11.44631 -2.867151, 11.291838 -3.425342, 11.110163 -3.97528, 10.901723 -4.515641, 10.667019 -5.045124, 10.406618 -5.562453, 10.121146 -6.066381, 9.811291 -6.555695, 9.4778 -7.029216, 9.121477 -7.485803, 8.743179 -7.924355, 8.343817 -8.343817, 7.924355 -8.743179, 7.485803 -9.121477, 7.029216 -9.4778, 6.555695 -9.811291, 6.066381 -10.121146, 5.562453 -10.406618, 5.045124 -10.667019, 4.515641 -10.901723, 3.97528 -11.110163, 3.425342 -11.291838, 2.867151 -11.44631, 2.302054 -11.573207, 1.731411 -11.672223, 1.156596 -11.74312, 0.578996 -11.785726, 5.243884e-16 -11.79994, -0.578996 -11.785726, -1.156596 -11.74312, -1.731411 -11.672223, -2.302054 -11.573207, -2.867151 -11.44631, -3.425342 -11.291838, -3.97528 -11.110163, -4.515641 -10.901723, -5.045124 -10.667019, -5.562453 -10.406618, -6.066381 -10.121146, -6.555695 -9.811291, -7.029216 -9.4778, -7.485803 -9.121477, -7.924355 -8.743179, -8.343817 -8.343817, -8.743179 -7.924355, -9.121477 -7.485803, -9.4778 -7.029216, -9.811291 -6.555695, -10.121146 -6.066381, -10.406618 -5.562453, -10.667019 -5.045124, -10.901723 -4.515641, -11.110163 -3.97528, -11.291838 -3.425342, -11.44631 -2.867151, -11.573207 -2.302054, -11.672223 -1.731411, -11.74312 -1.156596, -11.785726 -0.578996, -11.79994 1.417887e-16, -11.785726 0.578996, -11.74312 1.156596, -11.672223 1.731411, -11.573207 2.302054, -11.44631 2.867151, -11.291838 3.425342, -11.110163 3.97528, -10.901723 4.515641, -10.667019 5.045124, -10.406618 5.562453, -10.121146 6.066381, -9.811291 6.555695, -9.4778 7.029216, -9.121477 7.485803, -8.743179 7.924355, -8.343817 8.343817, -7.924355 8.743179, -7.485803 9.121477, -7.029216 9.4778, -6.555695 9.811291, -6.066381 10.121146, -5.562453 10.406618, -5.045124 10.667019, -4.515641 10.901723, -3.97528 11.110163, -3.425342 11.291838, -2.867151 11.44631, -2.302054 11.573207, -1.731411 11.672223, -1.156596 11.74312, -0.578996 11.785726, 4.766727e-16 11.79994, 0.578996 11.785726, 1.156596 11.74312, 1.731411 11.672223, 2.302054 11.573207, 2.867151 11.44631, 3.425342 11.291838, 3.97528 11.110163, 4.515641 10.901723, 5.045124 10.667019, 5.562453 10.406618, 6.066381 10.121146, 6.555695 9.811291, 7.029216 9.4778, 7.485803 9.121477, 7.924355 8.743179, 8.343817 8.343817, 8.743179 7.924355, 9.121477 7.485803, 9.4778 7.029216, 9.811291 6.555695, 10.121146 6.066381, 10.406618 5.562453, 10.667019 5.045124, 10.901723 4.515641, 11.110163 3.97528, 11.291838 3.425342, 11.44631 2.867151, 11.573207 2.302054, 11.672223 1.731411, 11.74312 1.156596, 11.785726 0.578996, 11.79994 1.73434e-16))",data/renders/blocks/circle_05_shrunk0.20_socket_v1.png,data/renders/blocks/circle_05_shrunk0.20_socket_v2.png,f25dcdf57ceef29f,726e1829c73341b3
cross_01,catalog,"POLYGON ((10 2.8, 10.01472 2.799639, 10.029405 2.798555, 10.044019 2.796753, 10.058527 2.794236, 10.072894 2.791009, 10.087085 2.787082, 10.101067 2.782463, 10.114805 2.777164, 10.128267 2.771197, 10.141419 2.764576, 10.154231 2.757319, 10.166671 2.749441, 10.17871 2.740962, 10.190318 2.731903, 10.201468 2.722285, 10.212132 2.712132, 10.222285 2.701468, 10.231903 2.690318, 10.240962 2.67871, 10.249441 2.666671, 10.257319 2.654231, 10.264576 2.641419, 10.271197 2.628267, 10.277164 2.614805, 10.282463 2.601067, 10.287082 2.587085, 10.291009 2.572894, 10.294236 2.558527, 10.296753 2.544019, 10.298555 2.529405, 10.299639 2.51472, 10.3 2.5, 10.3 -2.5, 10.299639 -2.51472, 10.298555 -2.529405, 10.296753 -2.544019, 10.294236 -2.558527, 10.291009 -2.572894, 10.287082 -2.587085, 10.282463 -2.601067, 10.277164 -2.614805, 10.271197 -2.628267, 10.264576 -2.641419, 10.257319 -2.654231, 10.249441 -2.666671, 10.240962 -2.67871, 10.231903 -2.690318, 10.222285 -2.701468, 10.212132 -2.712132, 10.201468 -2.722285, 10.190318 -2.731903, 10.17871 -2.740962, 10.166671 -2.749441, 10.154231 -2.757319, 10.141419 -2.764576, 10.128267 -2.771197, 10.114805 -2.777164, 10.101067 -2.782463, 10.087085 -2.787082, 10.072894 -2.791009, 10.058527 -2.794236, 10.044019 -2.796753, 10.029405 -2.798555, 10.01472 -2.799639, 10 -2.8, 2.8 -2.8, 2.8 -10, 2.799639 -10.01472, 2.798555 -10.029405, 2.796753 -10.044019, 2.794236 -10.058527, 2.791009 -10.072894, 2.787082 -10.087085, 2.782463 -10.101067, 2.777164 -10.114805, 2.771197 -10.128267, 2.764576 -10.141419, 2.757319 -10.154231, 2.749441 -10.166671, 2.740962 -10.17871, 2.731903 -10.190318, 2.722285 -10.201468, 2.712132 -10.212132, 2.701468 -10.222285, 2.690318 -10.231903, 2.67871 -10.240962, 2.666671 -10.249441, 2.654231 -10.257319, 2.641419 -10.264576, 2.628267 -10.271197, 2.614805 -10.277164, 2.601067 -10.282463, 2.587085 -10.287082, 2.572894 -10.291009, 2.558527 -10.294236, 2.544019 -10.296753, 2.529405 -10.298555, 2.51472 -10.299639, 2.5 -10.3, -2.5 -10.3, -2.51472 -10.299639, -2.529405 -10.298555, -2.544019 -10.296753, -2.558527 -10.294236, -2.572894 -10.291009, -2.587085 -10.287082, -2.601067 -10.282463, -2.614805 -10.277164, -2.628267 -10.271197, -2.641419 -10.264576, -2.654231 -10.257319, -2.666671 -10.249441, -2.67871 -10.240962, -2.690318 -10.231903, -2.701468 -10.222285, -2.712132 -10.212132, -2.722285 -10.201468, -2.731903 -10.190318, -2.740962 -10.17871, -2.749441 -10.166671, -2.757319 -10.154231, -2.764576 -10.141419, -2.771197 -10.128267, -2.777164 -10.114805, -2.782463 -10.101067, -2.787082 -10.087085, -2.791009 -10.072894, -2.794236 -10.058527, -2.796753 -10.044019, -2.798555 -10.029405, -2.799639 -10.01472, -2.8 -10, -2.8 -2.8, -10 -2.8, -10.01472 -2.799639, -10.029405 -2.798555, -10.044019 -2.796753, -10.058527 -2.794236, -10.072894 -2.791009, -10.087085 -2.787082, -10.101067 -2.782463, -10.114805 -2.777164, -10.128267 -2.771197, -10.141419 -2.764576, -10.154231 -2.757319, -10.166671 -2.749441, -10.17871 -2.740962, -10.190318 -2.731903, -10.201468 -2.722285, -10.212132 -2.712132, -10.222285 -2.701468, -10.231903 -2.690318, -10.240962 -2.67871, -10.249441 -2.666671, -10.257319 -2.654231, -10.264576 -2.641419, -10.271197 -2.628267, -10.277164 -2.614805, -10.282463 -2.601067, -10.287082 -2.587085, -10.291009 -2.572894, -10.294236 -2.558527, -10.296753 -2.544019, -10.298555 -2.529405, -10.299639 -2.51472, -10.3 -2.5, -10.3 2.5, -10.299639 2.51472, -10.298555 2.529405, -10.296753 2.544019, -10.294236 2.558527, -10.291009 2.572894, -10.287082 2.587085, -10.282463 2.601067, -10.277164 2.614805, -10.271197 2.628267, -10.264576 2.641419, -10.257319 2.654231, -10.249441 2.666671, -10.240962 2.67871, -10.231903 2.690318, -10.222285 2.701468, -10.212132 2.712132, -10.201468 2.722285, -10.190318 2.731903, -10.17871 2.740962, -10.166671 2.749441, -10.154231 2.757319, -10.141419 2.764576, -10.128267 2.771197, -10.114805 2.777164, -10.101067 2.782463, -10.087085 2.787082, -10.072894 2.791009, -10.058527 2.794236, -10.044019 2.796753, -10.029405 2.798555, -10.01472 2.799639, -10 2.8, -2.8 2.8, -2.8 10, -2.799639 10.01472, -2.798555 10.029405, -2.796753 10.044019, -2.794236 10.058527, -2.791009 10.072894, -2.787082 10.087085, -2.782463 10.101067, -2.777164 10.114805, -2.771197 10.128267, -2.764576 10.141419, -2.757319 10.154231, -2.749441 10.166671, -2.740962 10.17871, -2.731903 10.190318, -2.722285 10.201468, -2.712132 10.212132, -2.701468 10.222285, -2.690318 10.231903, -2.67871 10.240962, -2.666671 10.249441, -2.654231 10.257319, -2.641419 10.264576, -2.628267 10.271197, -2.614805 10.277164, -2.601067 10.282463, -2.587085 10.287082, -2.572894 10.291009, -2.558527 10.294236, -2.544019 10.296753, -2.529405 10.298555, -2.51472 10.299639, -2.5 10.3, 2.5 10.3, 2.51472 10.299639, 2.529405 10.298555, 2.544019 10.296753, 2.558527 10.294236, 2.572894 10.291009, 2.587085 10.287082, 2.601067 10.282463, 2.614805 10.277164, 2.628267 10.271197, 2.641419 10.264576, 2.654231 10.257319, 2.666671 10.249441, 2.67871 10.240962, 2.690318 10.231903, 2.701468 10.222285, 2.712132 10.212132, 2.722285 10.201468, 2.731903 10.190318, 2.740962 10.17871, 2.749441 10.166671, 2.757319 10.154231, 2.764576 10.141419, 2.771197 10.128267, 2.777164 10.114805, 2.782463 10.101067, 2.787082 10.087085, 2.791009 10.072894, 2.794236 10.058527, 2.796753 10.044019, 2.798555 10.029405, 2.799639 10.01472, 2.8 10, 2.8 2.8, 10 2.8))",data/renders/procedural/cross_01_socket_v1.png,data/renders/procedural/cross_01_socket_v2.png,976c52b84bb7984a,4e0e5f03607ea172
cross_01_shrunk0.20,shrunk,"POLYGON ((9.8 2.3, 9.8 -2.3, 2.5 -2.3, 2.490186 -2.300241, 2.480397 -2.300963, 2.470654 -2.302165, 2.460982 -2.303843, 2.451404 -2.305994, 2.441943 -2.308612, 2.432622 -2.311691, 2.423463 -2.315224, 2.414489 -2.319202, 2.405721 -2.323616, 2.397179 -2.328454, 2.388886 -2.333706, 2.38086 -2.339358, 2.373121 -2.345398, 2.365688 -2.35181, 2.358579 -2.358579, 2.35181 -2.365688, 2.345398 -2.373121, 2.339358 -2.38086, 2.333706 -2.388886, 2.328454 -2.397179, 2.323616 -2.405721, 2.319202 -2.414489, 2.315224 -2.423463, 2.311691 -2.432622, 2.308612 -2.441943, 2.305994 -2.451404, 2.303843 -2.460982, 2.302165 -2.470654, 2.300963 -2.480397, 2.300241 -2.490186, 2.3 -2.5, 2.3 -9.8, -2.3 -9.8, -2.3 -2.5, -2.300241 -2.490186, -2.300963 -2.480397, -2.302165 -2.470654, -2.303843 -2.460982, -2.305994 -2.451404, -2.308612 -2.441943, -2.311691 -2.432622, -2.315224 -2.423463, -2.319202 -2.414489, -2.323616 -2.405721, -2.328454 -2.397179, -2.333706 -2.388886, -2.339358 -2.38086, -2.345398 -2.373121, -2.35181 -2.365688, -2.358579 -2.358579, -2.365688 -2.35181, -2.373121 -2.345398, -2.38086 -2.339358, -2.388886 -2.333706, -2.397179 -2.328454, -2.405721 -2.323616, -2.414489 -2.319202, -2.423463 -2.315224, -2.432622 -2.311691, -2.441943 -2.308612, -2.451404 -2.305994, -2.460982 -2.303843, -2.470654 -2.302165, -2.480397 -2.300963, -2.490186 -2.300241, -2.5 -2.3, -9.8 -2.3, -9.8 2.3, -2.5 2.3, -2.490186 2.300241, -2.480397 2.300963, -2.470654 2.302165, -2.460982 2.303843, -2.451404 2.305994, -2.441943 2.308612, -2.432622 2.311691, -2.423463 2.315224, -2.414489 2.319202, -2.405721 2.323616, -2.397179 2.328454, -2.388886 2.333706, -2.38086 2.339358, -2.373121 2.345398, -2.365688 2.35181, -2.358579 2.358579, -2.35181 2.365688, -2.345398 2.373121, -2.339358 2.38086, -2.333706 2.388886, -2.328454 2.397179, -2.323616 2.405721, -2.319202 2.414489, -2.315224 2.423463, -2.311691 2.432622, -2.308612 2.441943, -2.305994 2.451404, -2.303843 2.460982, -2.302165 2.470654, -2.300963 2.480397, -2.300241 2.490186, -2.3 2.5, -2.3 9.8, 2.3 9.8, 2.3 2.5, 2.300241 2.490186, 2.300963 2.480397, 2.302165 2.470654, 2.303843 2.460982, 2.305994 2.451404, 2.308612 2.441943, 2.311691 2.432622, 2.315224 2.423463, 2.319202 2.414489, 2.323616 2.405721, 2.328454 2.397179, 2.333706 2.388886, 2.339358 2.38086, 2.345398 2.373121, 2.35181 2.365688, 2.358579 2.358579, 2.365688 2.35181, 2.373121 2.345398, 2.38086 2.339358, 2.388886 2.333706, 2.397179 2.328454, 2.405721 2.323616, 2.414489 2.319202, 2.423463 2.315224, 2.432622 2.311691, 2.441943 2.308612, 2.451404 2.305994, 2.460982 2.303843, 2.470654 2.302165, 2.480397 2.300963, 2.490186 2.300241, 2.5 2.3, 9.8 2.3))",data/renders/blocks/cross_01_shrunk0.20_socket_v1.png,data/renders/blocks/cross_01_shrunk0.20_socket_v2.png,d5bb358aca2c646d,0d731faecad213aa
cross_02,catalog,"POLYGON ((10 4.3, 10.01472 4.299639, 10.029405 4.298555, 10.044019 4.296753, 10.058527 4.294236, 10.072894 4.291009, 10.087085 4.287082, 10.101067 4.282463, 10.114805 4.277164, 10.128267 4.271197, 10.141419 4.264576, 10.154231 4.257319, 10.166671 4.249441, 10.17871 4.240962, 10.190318 4.231903, 10.201468 4.222285, 10.212132 4.212132, 10.222285 4.201468, 10.231903 4.190318, 10.240962 4.17871, 10.249441 4.166671, 10.257319 4.154231, 10.264576 4.141419, 10.271197 4.128267, 10.277164 4.114805, 10.282463 4.101067, 10.287082 4.087085, 10.291009 4.072894, 10.294236 4.058527, 10.296753 4.044019, 10.298555 4.029405, 10.299639 4.01472, 10.3 4, 10.3 -4, 10.299639 -4.01472, 10.298555 -4.029405, 10.296753 -4.044019, 10.294236 -4.058527, 10.291009 -4.072894, 10.287082 -4.087085, 10.282463 -4.101067, 10.277164 -4.114805, 10.271197 -4.128267, 10.264576 -4.141419, 10.257319 -4.154231, 10.249441 -4.166671, 10.240962 -4.17871, 10.231903 -4.190318, 10.222285 -4.201468, 10.212132 -4.212132, 10.201468 -4.222285, 10.190318 -4.231903, 10.17871 -4.240962, 10.166671 -4.249441, 10.154231 -4.257319, 10.141419 -4.264576, 10.128267 -4.271197, 10.114805 -4.277164, 10.101067 -4.282463, 10.087085 -4.287082, 10.072894 -4.291009, 10.058527 -4.294236, 10.044019 -4.296753, 10.029405 -4.298555, 10.01472 -4.299639, 10 -4.3, 4.3 -4.3, 4.3 -10, 4.299639 -10.01472, 4.298555 -10.029405, 4.296753 -10.044019, 4.294236 -10.058527, 4.291009 -10.072894, 4.287082 -10.087085, 4.282463 -10.101067, 4.277164 -10.114805, 4.271197 -10.128267, 4.264576 -10.141419, 4.257319 -10.154231, 4.249441 -10.166671, 4.240962 -10.17871, 4.231903 -10.190318, 4.222285 -10.201468, 4.212132 -10.212132, 4.201468 -10.222285, 4.190318 -10.231903, 4.17871 -10.240962, 4.166671 -10.249441, 4.154231 -10.257319, 4.141419 -10.264576, 4.128267 -10.271197, 4.114805 -10.277164, 4.101067 -10.282463, 4.087085 -10.287082, 4.072894 -10.291009, 4.058527 -10.294236, 4.044019 -10.296753, 4.029405 -10.298555, 4.01472 -10.299639, 4 -10.3, -4 -10.3, -4.01472 -10.299639, -4.029405 -10.298555, -4.044019 -10.296753, -4.058527 -10.294236, -4.072894 -10.291009, -4.087085 -10.287082, -4.101067 -10.282463, -4.114805 -10.277164, -4.128267 -10.271197, -4.141419 -10.264576, -4.154231 -10.257319, -4.166671 -10.249441, -4.17871 -10.240962, -4.190318 -10.231903, -4.201468 -10.222285, -4.212132 -10.212132, -4.222285 -10.201468, -4.231903 -10.190318, -4.240962 -10.17871, -4.249441 -10.166671, -4.257319 -10.154231, -4.264576 -10.141419, -4.271197 -10.128267, -4.277164 -10.114805, -4.282463 -10.101067, -4.287082 -10.087085, -4.291009 -10.072894, -4.294236 -10.058527, -4.296753 -10.044019, -4.298555 -10.029405, -4.299639 -10.01472, -4.3 -10, -4.3 -4.3, -10 -4.3, -10.01472 -4.299639, -10.029405 -4.298555, -10.044019 -4.296753, -10.058527 -4.294236, -10.072894 -4.291009, -10.087085 -4.287082, -10.101067 -4.282463, -10.114805 -4.277164, -10.128267 -4.271197, -10.141419 -4.264576, -10.154231 -4.257319, -10.166671 -4.249441, -10.17871 -4.240962, -10.190318 -4.231903, -10.201468 -4.222285, -10.212132 -4.212132, -10.222285 -4.201468, -10.231903 -4.190318, -10.240962 -4.17871, -10.249441 -4.166671, -10.257319 -4.154231, -10.264576 -4.141419, -10.271197 -4.128267, -10.277164 -4.114805, -10.282463 -4.101067, -10.287082 -4.087085, -10.291009 -4.072894, -10.294236 -4.058527, -10.296753 -4.044019, -10.298555 -4.029405, -10.299639 -4.01472, -10.3 -4, -10.3 4, -10.299639 4.01472, -10.298555 4.029405, -10.296753 4.044019, -10.294236 4.058527, -10.291009 4.072894, -10.287082 4.087085, -10.282463 4.101067, -10.277164 4.114805, -10.271197 4.128267, -10.264576 4.141419, -10.257319 4.154231, -10.249441 4.166671, -10.240962 4.17871, -10.231903 4.190318, -10.222285 4.201468, -10.212132 4.212132, -10.201468 4.222285, -10.190318 4.231903, -10.17871 4.240962, -10.166671 4.249441, -10.154231 4.257319, -10.141419 4.264576, -10.128267 4.271197, -10.114805 4.277164, -10.101067 4.282463, -10.087085 4.287082, -10.072894 4.291009, -10.058527 4.294236, -10.044019 4.296753, -10.029405 4.298555, -10.01472 4.299639, -10 4.3, -4.3 4.3, -4.3 10, -4.299639 10.01472, -4.298555 10.029405, -4.296753 10.044019, -4.294236 10.058527, -4.291009 10.072894, -4.287082 10.087085, -4.282463 10.101067, -4.277164 10.114805, -4.271197 10.128267, -4.264576 10.141419, -4.257319 10.154231, -4.249441 10.166671, -4.240962 10.17871, -4.231903 10.190318, -4.222285 10.201468, -4.212132 10.212132, -4.201468 10.222285, -4.190318 10.231903, -4.17871 10.240962, -4.166671 10.249441, -4.154231 10.257319, -4.141419 10.264576, -4.128267 10.271197, -4.114805 10.277164, -4.101067 10.282463, -4.087085 10.287082, -4.072894 10.291009, -4.058527 10.294236, -4.044019 10.296753, -4.029405 10.298555, -4.01472 10.299639, -4 10.3, 4 10.3, 4.01472 10.299639, 4.029405 10.298555, 4.044019 10.296753, 4.058527 10.294236, 4.072894 10.291009, 4.087085 10.287082, 4.101067 10.282463, 4.114805 10.277164, 4.128267 10.271197, 4.141419 10.264576, 4.154231 10.257319, 4.166671 10.249441, 4.17871 10.240962, 4.190318 10.231903, 4.201468 10.222285, 4.212132 10.212132, 4.222285 10.201468, 4.231903 10.190318, 4.240962 10.17871, 4.249441 10.166671, 4.257319 10.154231, 4.264576 10.141419, 4.271197 10.128267, 4.277164 10.114805, 4.282463 10.101067, 4.287082 10.087085, 4.291009 10.072894, 4.294236 10.058527, 4.296753 10.044019, 4.298555 10.029405, 4.299639 10.01472, 4.3 10, 4.3 4.3, 10 4.3))",data/renders/procedural/cross_02_socket_v1.png,data/renders/procedural/cross_02_socket_v2.png,2092ee6bc0094b5d,b8a3ce9fb4936534
cross_02_shrunk0.20,shrunk,"POLYGON ((9.8 3.8, 9.8 -3.8, 4 -3.8, 3.990186 -3.800241, 3.980397 -3.800963, 3.970654 -3.802165, 3.960982 -3.803843, 3.951404 -3.805994, 3.941943 -3.808612, 3.932622 -3.811691, 3.923463 -3.815224, 3.914489 -3.819202, 3.905721 -3.823616, 3.897179 -3.828454, 3.888886 -3.833706, 3.88086 -3.839358, 3.873121 -3.845398, 3.865688 -3.85181, 3.858579 -3.858579, 3.85181 -3.865688, 3.845398 -3.873121, 3.839358 -3.88086, 3.833706 -3.888886, 3.828454 -3.897179, 3.823616 -3.905721, 3.819202 -3.914489, 3.815224 -3.923463, 3.811691 -3.932622, 3.808612 -3.941943, 3.805994 -3.951404, 3.803843 -3.960982, 3.802165 -3.970654, 3.800963 -3.980397, 3.800241 -3.990186, 3.8 -4, 3.8 -9.8, -3.8 -9.8, -3.8 -4, -3.800241 -3.990186, -3.800963 -3.980397, -3.802165 -3.970654, -3.803843 -3.960982, -3.805994 -3.951404, -3.808612 -3.941943, -3.811691 -3.932622, -3.815224 -3.923463, -3.819202 -3.914489, -3.823616 -3.905721, -3.828454 -3.897179, -3.833706 -3.888886, -3.839358 -3.88086, -3.845398 -3.873121, -3.85181 -3.865688, -3.858579 -3.858579, -3.865688 -3.85181, -3.873121 -3.845398, -3.88086 -3.839358, -3.888886 -3.833706, -3.897179 -3.828454, -3.905721 -3.823616, -3.914489 -3.819202, -3.923463 -3.815224, -3.932622 -3.811691, -3.941943 -3.808612, -3.951404 -3.805994, -3.960982 -3.803843, -3.970654 -3.802165, -3.980397 -3.800963, -3.990186 -3.800241, -4 -3.8, -9.8 -3.8, -9.8 3.8, -4 3.8, -3.990186 3.800241, -3.980397 3.800963, -3.970654 3.802165, -3.960982 3.803843, -3.951404 3.805994, -3.941943 3.808612, -3.932622 3.811691, -3.923463 3.815224, -3.914489 3.819202, -3.905721 3.823616, -3.897179 3.828454, -3.888886 3.833706, -3.88086 3.839358, -3.873121 3.845398, -3.865688 3.85181, -3.858579 3.858579, -3.85181 3.865688, -3.845398 3.873121, -3.839358 3.88086, -3.833706 3.888886, -3.828454 3.897179, -3.823616 3.905721, -3.819202 3.914489, -3.815224 3.923463, -3.811691 3.932622, -3.808612 3.941943, -3.805994 3.951404, -3.803843 3.960982, -3.802165 3.970654, -3.800963 3.980397, -3.800241 3.990186, -3.8 4, -3.8 9.8, 3.8 9.8, 3.8 4, 3.800241 3.990186, 3.800963 3.980397, 3.802165 3.970654, 3.803843 3.960982, 3.805994 3.951404, 3.808612 3.941943, 3.811691 3.932622, 3.815224 3.923463, 3.819202 3.914489, 3.823616 3.905721, 3.828454 3.897179, 3.833706 3.888886, 3.839358 3.88086, 3.845398 3.873121, 3.85181 3.865688, 3.858579 3.858579, 3.865688 3.85181, 3.873121 3.845398, 3.88086 3.839358, 3.888886 3.833706, 3.897179 3.828454, 3.905721 3.823616, 3.914489 3.819202, 3.923463 3.815224, 3.932622 3.811691, 3.941943 3.808612, 3.951404 3.805994, 3.960982 3.803843, 3.970654 3.802165, 3.980397 3.800963, 3.990186 3.800241, 4 3.8, 9.8 3.8))",data/renders/blocks/cross_02_shrunk0.20_socket_v1.png,data/renders/blocks/cross_02_shrunk0.20_socket_v2.png,bb96f348ec11565a,659b9c57545676a4
cross_03,catalog,"POLYGON ((8 3.3, 8.01472 3.299639, 8.029405 3.298555, 8.044019 3.296753, 8.058527 3.294236, 8.072894 3.291009, 8.087085 3.287082, 8.101067 3.282463, 8.114805 3.277164, 8.128267 3.271197, 8.141419 3.264576, 8.154231 3.257319, 8.166671 3.249441, 8.17871 3.240962, 8.190318 3.231903, 8.201468 3.222285, 8.212132 3.212132, 8.222285 3.201468, 8.231903 3.190318, 8.240962 3.17871, 8.249441 3.166671, 8.257319 3.154231, 8.264576 3.141419, 8.271197 3.128267, 8.277164 3.114805, 8.282463 3.101067, 8.287082 3.087085, 8.291009 3.072894, 8.294236 3.058527, 8.296753 3.044019, 8.298555 3.029405, 8.299639 3.01472, 8.3 3, 8.3 -3, 8.299639 -3.01472, 8.298555 -3.029405, 8.296753 -3.044019, 8.294236 -3.058527, 8.291009 -3.072894, 8.287082 -3.087085, 8.282463 -3.101067, 8.277164 -3.114805, 8.271197 -3.128267, 8.264576 -3.141419, 8.257319 -3.154231, 8.249441 -3.166671, 8.240962 -3.17871, 8.231903 -3.190318, 8.222285 -3.201468, 8.212132 -3.212132, 8.201468 -3.222285, 8.190318 -3.231903, 8.17871 -3.240962, 8.166671 -3.249441, 8.154231 -3.257319, 8.141419 -3.264576, 8.128267 -3.271197, 8.114805 -3.277164, 8.101067 -3.282463, 8.087085 -3.287082, 8.072894 -3.291009, 8.058527 -3.294236, 8.044019 -3.296753, 8.029405 -3.298555, 8.01472 -3.299639, 8 -3.3, 3.3 -3.3, 3.3 -8, 3.299639 -8.01472, 3.298555 -8.029405, 3.296753 -8.044019, 3.294236 -8.058527, 3.291009 -8.072894, 3.287082 -8.087085, 3.282463 -8.101067, 3.277164 -8.114805, 3.271197 -8.128267, 3.264576 -8.141419, 3.257319 -8.154231, 3.249441 -8.166671, 3.240962 -8.17871, 3.231903 -8.190318, 3.222285 -8.201468, 3.212132 -8.212132, 3.201468 -8.222285, 3.190318 -8.231903, 3.17871 -8.240962, 3.166671 -8.249441, 3.154231 -8.257319, 3.141419 -8.264576, 3.128267 -8.271197, 3.114805 -8.277164, 3.101067 -8.282463, 3.087085 -8.287082, 3.072894 -8.291009, 3.058527 -8.294236, 3.044019 -8.296753, 3.029405 -8.298555, 3.01472 -8.299639, 3 -8.3, -3 -8.3, -3.01472 -8.299639, -3.029405 -8.298555, -3.044019 -8.296753, -3.058527 -8.294236, -3.072894 -8.291009, -3.087085 -8.287082, -3.101067 -8.282463, -3.114805 -8.277164, -3.128267 -8.271197, -3.141419 -8.264576, -3.154231 -8.257319, -3.166671 -8.249441, -3.17871 -8.240962, -3.190318 -8.231903, -3.201468 -8.222285, -3.212132 -8.212132, -3.222285 -8.201468, -3.231903 -8.190318, -3.240962 -8.17871, -3.249441 -8.166671, -3.257319 -8.154231, -3.264576 -8.141419, -3.271197 -8.128267, -3.277164 -8.114805, -3.282463 -8.101067, -3.287082 -8.087085, -3.291009 -8.072894, -3.294236 -8.058527, -3.296753 -8.044019, -3.298555 -8.029405, -3.299639 -8.01472, -3.3 -8, -3.3 -3.3, -8 -3.3, -8.01472 -3.299639, -8.029405 -3.298555, -8.044019 -3.296753, -8.058527 -3.294236, -8.072894 -3.291009, -8.087085 -3.287082, -8.101067 -3.282463, -8.114805 -3.277164, -8.128267 -3.271197, -8.141419 -3.264576, -8.154231 -3.257319, -8.166671 -3.249441, -8.17871 -3.240962, -8.190318 -3.231903, -8.201468 -3.222285, -8.212132 -3.212132, -8.222285 -3.201468, -8.231903 -3.190318, -8.240962 -3.17871, -8.249441 -3.166671, -8.257319 -3.154231, -8.264576 -3.141419, -8.271197 -3.128267, -8.277164 -3.114805, -8.282463 -3.101067, -8.287082 -3.087085, -8.291009 -3.072894, -8.294236 -3.058527, -8.296753 -3.044019, -8.298555 -3.029405, -8.299639 -3.01472, -8.3 -3, -8.3 3, -8.299639 3.01472, -8.298555 3.029405, -8.296753 3.044019, -8.294236 3.058527, -8.291009 3.072894, -8.287082 3.087085, -8.282463 3.101067, -8.277164 3.114805, -8.271197 3.128267, -8.264576 3.141419, -8.257319 3.154231, -8.249441 3.166671, -8.240962 3.17871, -8.231903 3.190318, -8.222285 3.201468, -8.212132 3.212132, -8.201468 3.222285, -8.190318 3.231903, -8.17871 3.240962, -8.166671 3.249441, -8.154231 3.257319, -8.141419 3.264576, -8.128267 3.271197, -8.114805 3.277164, -8.101067 3.282463, -8.087085 3.287082, -8.072894 3.291009, -8.058527 3.294236, -8.044019 3.296753, -8.029405 3.298555, -8.01472 3.299639, -8 3.3, -3.3 3.3, -3.3 8, -3.299639 8.01472, -3.298555 8.029405, -3.296753 8.044019, -3.294236 8.058527, -3.291009 8.072894, -3.287082 8.087085, -3.282463 8.101067, -3.277164 8.114805, -3.271197 8.128267, -3.264576 8.141419, -3.257319 8.154231, -3.249441 8.166671, -3.240962 8.17871, -3.231903 8.190318, -3.222285 8.201468, -3.212132 8.212132, -3.201468 8.222285, -3.190318 8.231903, -3.17871 8.240962, -3.166671 8.249441, -3.154231 8.257319, -3.141419 8.264576, -3.128267 8.271197, -3.114805 8.277164, -3.101067 8.282463, -3.087085 8.287082, -3.072894 8.291009, -3.058527 8.294236, -3.044019 8.296753, -3.029405 8.298555, -3.01472 8.299639, -3 8.3, 3 8.3, 3.01472 8.299639, 3.029405 8.298555, 3.044019 8.296753, 3.058527 8.294236, 3.072894 8.291009, 3.087085 8.287082, 3.101067 8.282463, 3.114805 8.277164, 3.128267 8.271197, 3.141419 8.264576, 3.154231 8.257319, 3.166671 8.249441, 3.17871 8.240962, 3.190318 8.231903, 3.201468 8.222285, 3.212132 8.212132, 3.222285 8.201468, 3.231903 8.190318, 3.240962 8.17871, 3.249441 8.166671, 3.257319 8.154231, 3.264576 8.141419, 3.271197 8.128267, 3.277164 8.114805, 3.282463 8.101067, 3.287082 8.087085, 3.291009 8.072894, 3.294236 8.058527, 3.296753 8.044019, 3.298555 8.029405, 3.299639 8.01472, 3.3 8, 3.3 3.3, 8 3.3))",data/renders/procedural/cross_03_socket_v1.png,data/renders/procedural/cross_03_socket_v2.png,ad92d78b599ee016,5ea7988ffec95760
cross_03_shrunk0.20,shrunk,"POLYGON ((7.8 2.8, 7.8 -2.8, 3 -2.8, 2.990186 -2.800241, 2.980397 -2.800963, 2.970654 -2.802165, 2.960982 -2.803843, 2.951404 -2.805994, 2.941943 -2.808612, 2.932622 -2.811691, 2.923463 -2.815224, 2.914489 -2.819202, 2.905721 -2.823616, 2.897179 -2.828454, 2.888886 -2.833706, 2.88086 -2.839358, 2.873121 -2.845398, 2.865688 -2.85181, 2.858579 -2.858579, 2.85181 -2.865688, 2.845398 -2.873121, 2.839358 -2.88086, 2.833706 -2.888886, 2.828454 -2.897179, 2.823616 -2.905721, 2.819202 -2.914489, 2.815224 -2.923463, 2.811691 -2.932622, 2.808612 -2.941943, 2.805994 -2.951404, 2.803843 -2.960982, 2.802165 -2.970654, 2.800963 -2.980397, 2.800241 -2.990186, 2.8 -3, 2.8 -7.8, -2.8 -7.8, -2.8 -3, -2.800241 -2.990186, -2.800963 -2.980397, -2.802165 -2.970654, -2.803843 -2.960982, -2.805994 -2.951404, -2.808612 -2.941943, -2.811691 -2.932622, -2.815224 -2.923463, -2.819202 -2.914489, -2.823616 -2.905721, -2.828454 -2.897179, -2.833706 -2.888886, -2.839358 -2.88086, -2.845398 -2.873121, -2.85181 -2.865688, -2.858579 -2.858579, -2.865688 -2.85181, -2.873121 -2.845398, -2.88086 -2.839358, -2.888886 -2.833706, -2.897179 -2.828454, -2.905721 -2.823616, -2.914489 -2.819202, -2.923463 -2.815224, -2.932622 -2.811691, -2.941943 -2.808612, -2.951404 -2.805994, -2.960982 -2.803843, -2.970654 -2.802165, -2.980397 -2.800963, -2.990186 -2.800241, -3 -2.8, -7.8 -2.8, -7.8 2.8, -3 2.8, -2.990186 2.800241, -2.980397 2.800963, -2.970654 2.802165, -2.960982 2.803843, -2.951404 2.805994, -2.941943 2.808612, -2.932622 2.811691, -2.923463 2.815224, -2.914489 2.819202, -2.905721 2.823616, -2.897179 2.828454, -2.888886 2.833706, -2.88086 2.839358, -2.873121 2.845398, -2.865688 2.85181, -2.858579 2.858579, -2.85181 2.865688, -2.845398 2.873121, -2.839358 2.88086, -2.833706 2.888886, -2.828454 2.897179, -2.823616 2.905721, -2.819202 2.914489, -2.815224 2.923463, -2.811691 2.932622, -2.808612 2.941943, -2.805994 2.951404, -2.803843 2.960982, -2.802165 2.970654, -2.800963 2.980397, -2.800241 2.990186, -2.8 3, -2.8 7.8, 2.8 7.8, 2.8 3, 2.800241 2.990186, 2.800963 2.980397, 2.802165 2.970654, 2.803843 2.960982, 2.805994 2.951404, 2.808612 2.941943, 2.811691 2.932622, 2.815224 2.923463, 2.819202 2.914489, 2.823616 2.905721, 2.828454 2.897179, 2.833706 2.888886, 2.839358 2.88086, 2.845398 2.873121, 2.85181 2.865688, 2.858579 2.858579, 2.865688 2.85181, 2.873121 2.845398, 2.88086 2.839358, 2.888886 2.833706, 2.897179 2.828454, 2.905721 2.823616, 2.914489 2.819202, 2.923463 2.815224, 2.932622 2.811691, 2.941943 2.808612, 2.951404 2.805994, 2.960982 2.803843, 2.970654 2.802165, 2.980397 2.800963, 2.990186 2.800241, 3 2.8, 7.8 2.8))",data/renders/blocks/cross_03_shrunk0.20_socket_v1.png,data/renders/blocks/cross_03_shrunk0.20_socket_v2.png,86dc85609046aa10,710597aef47603d7
cross_04,catalog,"POLYGON ((10 3.3, 10.01472 3.299639, 10.029405 3.298555, 10.044019 3.296753, 10.058527 3.294236, 10.072894 3.291009, 10.087085 3.287082, 10.101067 3.282463, 10.114805 3.277164, 10.128267 3.271197, 10.141419 3.264576, 10.154231 3.257319, 10.166671 3.249441, 10.17871 3.240962, 10.190318 3.231903, 10.201468 3.222285, 10.212132 3.212132, 10.222285 3.201468, 10.231903 3.190318, 10.240962 3.17871, 10.249441 3.166671, 10.257319 3.154231, 10.264576 3.141419, 10.271197 3.128267, 10.277164 3.114805, 10.282463 3.101067, 10.287082 3.087085, 10.291009 3.072894, 10.294236 3.058527, 10.296753 3.044019, 10.298555 3.029405, 10.299639 3.01472, 10.3 3, 10.3 -3, 10.299639 -3.01472, 10.298555 -3.029405, 10.296753 -3.044019, 10.294236 -3.058527, 10.291009 -3.072894, 10.287082 -3.087085, 10.282463 -3.101067, 10.277164 -3.114805, 10.271197 -3.128267, 10.264576 -3.141419, 10.257319 -3.154231, 10.249441 -3.166671, 10.240962 -3.17871, 10.231903 -3.190318, 10.222285 -3.201468, 10.212132 -3.212132, 10.201468 -3.222285, 10.190318 -3.231903, 10.17871 -3.240962, 10.166671 -3.249441, 10.154231 -3.257319, 10.141419 -3.264576, 10.128267 -3.271197, 10.114805 -3.277164, 10.101067 -3.282463, 10.087085 -3.287082, 10.072894 -3.291009, 10.058527 -3.294236, 10.044019 -3.296753, 10.029405 -3.298555, 10.01472 -3.299639, 10 -3.3, 3.3 -3.3, 3.3 -7, 3.299639 -7.01472, 3.298555 -7.029405, 3.296753 -7.044019, 3.294236 -7.058527, 3.291009 -7.072894, 3.287082 -7.087085, 3.282463 -7.101067, 3.277164 -7.114805, 3.271197 -7.128267, 3.264576 -7.141419, 3.257319 -7.154231, 3.249441 -7.166671, 3.240962 -7.17871, 3.231903 -7.190318, 3.222285 -7.201468, 3.212132 -7.212132, 3.201468 -7.222285, 3.190318 -7.231903, 3.17871 -7.240962, 3.166671 -7.249441, 3.154231 -7.257319, 3.141419 -7.264576, 3.128267 -7.271197, 3.114805 -7.277164, 3.101067 -7.282463, 3.087085 -7.287082, 3.072894 -7.291009, 3.058527 -7.294236, 3.044019 -7.296753, 3.029405 -7.298555, 3.01472 -7.299639, 3 -7.3, -3 -7.3, -3.01472 -7.299639, -3.029405 -7.298555, -3.044019 -7.296753, -3.058527 -7.294236, -3.072894 -7.291009, -3.087085 -7.287082, -3.101067 -7.282463, -3.114805 -7.277164, -3.128267 -7.271197, -3.141419 -7.264576, -3.154231 -7.257319, -3.166671 -7.249441, -3.17871 -7.240962, -3.190318 -7.231903, -3.201468 -7.222285, -3.212132 -7.212132, -3.222285 -7.201468, -3.231903 -7.190318, -3.240962 -7.17871, -3.249441 -7.166671, -3.257319 -7.154231, -3.264576 -7.141419, -3.271197 -7.128267, -3.277164 -7.114805, -3.282463 -7.101067, -3.287082 -7.087085, -3.291009 -7.072894, -3.294236 -7.058527, -3.296753 -7.044019, -3.298555 -7.029405, -3.299639 -7.01472, -3.3 -7, -3.3 -3.3, -10 -3.3, -10.01472 -3.299639, -10.029405 -3.298555, -10.044019 -3.296753, -10.058527 -3.294236, -10.072894 -3.291009, -10.087085 -3.287082, -10.101067 -3.282463, -10.114805 -3.277164, -10.128267 -3.271197, -10.141419 -3.264576, -10.154231 -3.257319, -10.166671 -3.249441, -10.17871 -3.240962, -10.190318 -3.231903, -10.201468 -3.222285, -10.212132 -3.212132, -10.222285 -3.201468, -10.231903 -3.190318, -10.240962 -3.17871, -10.249441 -3.166671, -10.257319 -3.154231, -10.264576 -3.141419, -10.271197 -3.128267, -10.277164 -3.114805, -10.282463 -3.101067, -10.287082 -3.087085, -10.291009 -3.072894, -10.294236 -3.058527, -10.296753 -3.044019, -10.298555 -3.029405, -10.299639 -3.01472, -10.3 -3, -10.3 3, -10.299639 3.01472, -10.298555 3.029405, -10.296753 3.044019, -10.294236 3.058527, -10.291009 3.072894, -10.287082 3.087085, -10.282463 3.101067, -10.277164 3.114805, -10.271197 3.128267, -10.264576 3.141419, -10.257319 3.154231, -10.249441 3.166671, -10.240962 3.17871, -10.231903 3.190318, -10.222285 3.201468, -10.212132 3.212132, -10.201468 3.222285, -10.190318 3.231903, -10.17871 3.240962, -10.166671 3.249441, -10.154231 3.257319, -10.141419 3.264576, -10.128267 3.271197, -10.114805 3.277164, -10.101067 3.282463, -10.087085 3.287082, -10.072894 3.291009, -10.058527 3.294236, -10.044019 3.296753, -10.029405 3.298555, -10.01472 3.299639, -10 3.3, -3.3 3.3, -3.3 7, -3.299639 7.01472, -3.298555 7.029405, -3.296753 7.044019, -3.294236 7.058527, -3.291009 7.072894, -3.287082 7.087085, -3.282463 7.101067, -3.277164 7.114805, -3.271197 7.128267, -3.264576 7.141419, -3.257319 7.154231, -3.249441 7.166671, -3.240962 7.17871, -3.231903 7.190318, -3.222285 7.201468, -3.212132 7.212132, -3.201468 7.222285, -3.190318 7.231903, -3.17871 7.240962, -3.166671 7.249441, -3.154231 7.257319, -3.141419 7.264576, -3.128267 7.271197, -3.114805 7.277164, -3.101067 7.282463, -3.087085 7.287082, -3.072894 7.291009, -3.058527 7.294236, -3.044019 7.296753, -3.029405 7.298555, -3.01472 7.299639, -3 7.3, 3 7.3, 3.01472 7.299639, 3.029405 7.298555, 3.044019 7.296753, 3.058527 7.294236, 3.072894 7.291009, 3.087085 7.287082, 3.101067 7.282463, 3.114805 7.277164, 3.128267 7.271197, 3.141419 7.264576, 3.154231 7.257319, 3.166671 7.249441, 3.17871 7.240962, 3.190318 7.231903, 3.201468 7.222285, 3.212132 7.212132, 3.222285 7.201468, 3.231903 7.190318, 3.240962 7.17871, 3.249441 7.166671, 3.257319 7.154231, 3.264576 7.141419, 3.271197 7.128267, 3.277164 7.114805, 3.282463 7.101067, 3.287082 7.087085, 3.291009 7.072894, 3.294236 7.058527, 3.296753 7.044019, 3.298555 7.029405, 3.299639 7.01472, 3.3 7, 3.3 3.3, 10 3.3))",data/renders/procedural/cross_04_socket_v1.png,data/renders/procedural/cross_04_socket_v2.png,01a004a5c22babd2,8dd68bbab80e59b1
cross_04_shrunk0.20,shrunk,"POLYGON ((9.8 2.8, 9.8 -2.8, 3 -2.8, 2.990186 -2.800241, 2.980397 -2.800963, 2.970654 -2.802165, 2.960982 -2.803843, 2.951404 -2.805994, 2.941943 -2.808612, 2.932622 -2.811691, 2.923463 -2.815224, 2.914489 -2.819202, 2.905721 -2.823616, 2.897179 -2.828454, 2.888886 -2.833706, 2.88086 -2.839358, 2.873121 -2.845398, 2.865688 -2.85181, 2.858579 -2.858579, 2.85181 -2.865688, 2.845398 -2.873121, 2.839358 -2.88086, 2.833706 -2.888886, 2.828454 -2.897179, 2.823616 -2.905721, 2.819202 -2.914489, 2.815224 -2.923463, 2.811691 -2.932622, 2.808612 -2.941943, 2.805994 -2.951404, 2.803843 -2.960982, 2.802165 -2.970654, 2.800963 -2.980397, 2.800241 -2.990186, 2.8 -3, 2.8 -6.8, -2.8 -6.8, -2.8 -3, -2.800241 -2.990186, -2.800963 -2.980397, -2.802165 -2.970654, -2.803843 -2.960982, -2.805994 -2.951404, -2.808612 -2.941943, -2.811691 -2.932622, -2.815224 -2.923463, -2.819202 -2.914489, -2.823616 -2.905721, -2.828454 -2.897179, -2.833706 -2.888886, -2.839358 -2.88086, -2.845398 -2.873121, -2.85181 -2.865688, -2.858579 -2.858579, -2.865688 -2.85181, -2.873121 -2.845398, -2.88086 -2.839358, -2.888886 -2.833706, -2.897179 -2.828454, -2.905721 -2.823616, -2.914489 -2.819202, -2.923463 -2.815224, -2.932622 -2.811691, -2.941943 -2.808612, -2.951404 -2.805994, -2.960982 -2.803843, -2.970654 -2.802165, -2.980397 -2.800963, -2.990186 -2.800241, -3 -2.8, -9.8 -2.8, -9.8 2.8, -3 2.8, -2.990186 2.800241, -2.980397 2.800963, -2.970654 2.802165, -2.960982 2.803843, -2.951404 2.805994, -2.941943 2.808612, -2.932622 2.811691, -2.923463 2.815224, -2.914489 2.819202, -2.905721 2.823616, -2.897179 2.828454, -2.888886 2.833706, -2.88086 2.839358, -2.873121 2.845398, -2.865688 2.85181, -2.858579 2.858579, -2.85181 2.865688, -2.845398 2.873121, -2.839358 2.88086, -2.833706 2.888886, -2.828454 2.897179, -2.823616 2.905721, -2.819202 2.914489, -2.815224 2.923463, -2.811691 2.932622, -2.808612 2.941943, -2.805994 2.951404, -2.803843 2.960982, -2.802165 2.970654, -2.800963 2.980397, -2.800241 2.990186, -2.8 3, -2.8 6.8, 2.8 6.8, 2.8 3, 2.800241 2.990186, 2.800963 2.980397, 2.802165 2.970654, 2.803843 2.960982, 2.805994 2.951404, 2.808612 2.941943, 2.811691 2.932622, 2.815224 2.923463, 2.819202 2.914489, 2.823616 2.905721, 2.828454 2.897179, 2.833706 2.888886, 2.839358 2.88086, 2.845398 2.873121, 2.85181 2.865688, 2.858579 2.858579, 2.865688 2.85181, 2.873121 2.845398, 2.88086 2.839358, 2.888886 2.833706, 2.897179 2.828454, 2.905721 2.823616, 2.914489 2.819202, 2.923463 2.815224, 2.932622 2.811691, 2.941943 2.808612, 2.951404 2.805994, 2.960982 2.803843, 2.970654 2.802165, 2.980397 2.800963, 2.990186 2.800241, 3 2.8, 9.8 2.8))",data/renders/blocks/cross_04_shrunk0.20_socket_v1.png,data/renders/blocks/cross_04_shrunk0.20_socket_v2.png,8815259e1d71a972,d1ee9dac9999e3c8
double_d_01,catalog,"POLYGON ((8.290273 -0.399904, 8.289551 -0.414611, 8.260665 -0.806207, 8.259222 -0.82086, 8.211156 -1.210567, 8.208995 -1.225132, 8.141866 -1.612011, 8.138993 -1.626453, 8.052961 -2.009572, 8.049383 -2.023855, 7.944656 -2.402291, 7.940381 -2.416382, 7.817211 -2.789223, 7.81225 -2.803087, 7.670934 -3.169436, 7.665299 -3.18304, 7.506177 -3.542013, 7.499882 -3.555324, 7.323337 -3.906057, 7.316396 -3.919043, 7.122855 -4.260691, 7.115285 -4.273321, 6.905213 -4.605061, 6.897032 -4.617304, 6.670936 -4.938337, 6.662164 -4.950164, 6.420588 -5.259716, 6.411246 -5.271098, 6.154772 -5.568424, 6.144883 -5.579334, 5.874128 -5.863716, 5.863716 -5.874128, 5.579334 -6.144883, 5.568424 -6.154772, 5.484502 -6.227163, 5.472705 -6.236827, 5.460432 -6.24588, 5.447714 -6.254297, 5.434586 -6.262057, 5.42108 -6.269139, 5.407231 -6.275527, 5.393076 -6.281202, 5.378651 -6.28615, 5.363993 -6.290359, 5.349139 -6.293818, 5.33413 -6.296517, 5.319002 -6.298451, 5.303796 -6.299612, 5.28855 -6.3, -5.28855 -6.3, -5.303796 -6.299612, -5.319002 -6.298451, -5.33413 -6.296517, -5.349139 -6.293818, -5.363992 -6.290359, -5.378651 -6.28615, -5.393076 -6.281202, -5.407231 -6.275527, -5.42108 -6.269139, -5.434586 -6.262057, -5.447714 -6.254297, -5.460432 -6.24588, -5.472705 -6.236827, -5.484502 -6.227163, -5.568423 -6.154772, -5.579334 -6.144883, -5.863716 -5.874128, -5.874128 -5.863716, -6.144883 -5.579334, -6.154772 -5.568424, -6.411246 -5.271098, -6.420588 -5.259716, -6.662164 -4.950164, -6.670936 -4.938337, -6.897032 -4.617304, -6.905213 -4.605061, -7.115285 -4.273321, -7.122855 -4.260691, -7.316396 -3.919043, -7.323337 -3.906057, -7.499882 -3.555324, -7.506177 -3.542013, -7.665299 -3.18304, -7.670934 -3.169436, -7.81225 -2.803087, -7.817211 -2.789223, -7.940381 -2.416382, -7.944655 -2.402291, -8.049383 -2.023855, -8.052961 -2.009572, -8.138993 -1.626453, -8.141865 -1.612011, -8.208995 -1.225132, -8.211156 -1.210567, -8.259222 -0.82086, -8.260665 -0.806207, -8.289551 -0.414611, -8.290273 -0.399904, -8.29991 -0.007362, -8.29991 0.007362, -8.290273 0.399904, -8.289551 0.414611, -8.260665 0.806206, -8.259222 0.82086, -8.211156 1.210567, -8.208995 1.225132, -8.141865 1.612011, -8.138993 1.626453, -8.052961 2.009572, -8.049383 2.023855, -7.944655 2.402291, -7.940381 2.416382, -7.817211 2.789223, -7.81225 2.803087, -7.670934 3.169436, -7.665299 3.18304, -7.506177 3.542013, -7.499882 3.555324, -7.323337 3.906057, -7.316396 3.919043, -7.122855 4.260691, -7.115285 4.273321, -6.905213 4.605061, -6.897032 4.617304, -6.670936 4.938337, -6.662164 4.950164, -6.420588 5.259716, -6.411246 5.271098, -6.154772 5.568423, -6.144883 5.579334, -5.874128 5.863716, -5.863716 5.874128, -5.579334 6.144883, -5.568423 6.154772, -5.484502 6.227163, -5.473507 6.236202, -5.462094 6.244709, -5.450292 6.252665, -5.438125 6.260053, -5.425621 6.266855, -5.412809 6.273056, -5.399718 6.278643, -5.386375 6.283602, -5.372813 6.287923, -5.359061 6.291596, -5.34515 6.294612, -5.331112 6.296965, -5.316978 6.29865, -5.30278 6.299662, -5.28855 6.3, 5.28855 6.3, 5.303796 6.299612, 5.319002 6.29845, 5.33413 6.296517, 5.349139 6.293818, 5.363993 6.290359, 5.378651 6.28615, 5.393076 6.281202, 5.407231 6.275526, 5.42108 6.269139, 5.434586 6.262057, 5.447714 6.254297, 5.460432 6.24588, 5.472705 6.236827, 5.484502 6.227163, 5.568424 6.154772, 5.579334 6.144883, 5.863716 5.874128, 5.874128 5.863716, 6.144883 5.579334, 6.154772 5.568423, 6.411246 5.271098, 6.420588 5.259716, 6.662164 4.950164, 6.670936 4.938337, 6.897032 4.617304, 6.905213 4.605061, 7.115285 4.273321, 7.122855 4.260691, 7.316396 3.919043, 7.323337 3.906057, 7.499882 3.555324, 7.506177 3.542013, 7.665299 3.18304, 7.670934 3.169436, 7.81225 2.803087, 7.817211 2.789223, 7.940381 2.416382, 7.944656 2.402291, 8.049383 2.023855, 8.052961 2.009572, 8.138993 1.626453, 8.141866 1.612011, 8.208995 1.225132, 8.211156 1.210567, 8.259222 0.82086, 8.260665 0.806206, 8.289551 0.414611, 8.290273 0.399904, 8.29991 0.007362, 8.29991 -0.007362, 8.290273 -0.399904))",data/renders/procedural/double_d_01_socket_v1.png,data/renders/procedural/double_d_01_socket_v2.png,88e5b3c25ce4a292,57a90baae04a973f
double_d_01_shrunk0.20,shrunk,"POLYGON ((7.790544 -0.382725, 7.762381 -0.764528, 7.715517 -1.144489, 7.650066 -1.521693, 7.566185 -1.895231, 7.464077 -2.264203, 7.343987 -2.627721, 7.206205 -2.984908, 7.051062 -3.334904, 6.878933 -3.676866, 6.690231 -4.00997, 6.485413 -4.333414, 6.26497 -4.646419, 6.029435 -4.948229, 5.779374 -5.238119, 5.51539 -5.51539, 5.238119 -5.779374, 5.214208 -5.8, -5.214208 -5.8, -5.238119 -5.779374, -5.51539 -5.51539, -5.779374 -5.238119, -6.029435 -4.948229, -6.26497 -4.646419, -6.485413 -4.333414, -6.690231 -4.00997, -6.878933 -3.676866, -7.051062 -3.334904, -7.206205 -2.984908, -7.343987 -2.627721, -7.464077 -2.264203, -7.566185 -1.895231, -7.650066 -1.521693, -7.715517 -1.144489, -7.762381 -0.764528, -7.790544 -0.382725, -7.79994 -7.506046e-16, -7.790544 0.382725, -7.762381 0.764528, -7.715517 1.144489, -7.650066 1.521693, -7.566185 1.895231, -7.464077 2.264203, -7.343987 2.627721, -7.206205 2.984908, -7.051062 3.334904, -6.878933 3.676866, -6.690231 4.00997, -6.485413 4.333414, -6.26497 4.646419, -6.029435 4.948229, -5.779374 5.238119, -5.51539 5.51539, -5.238119 5.779374, -5.214208 5.8, 5.214208 5.8, 5.238119 5.779374, 5.51539 5.51539, 5.779374 5.238119, 6.029435 4.948229, 6.26497 4.646419, 6.485413 4.333414, 6.690231 4.00997, 6.878933 3.676866, 7.051062 3.334904, 7.206205 2.984908, 7.343987 2.627721, 7.464077 2.264203, 7.566185 1.895231, 7.650066 1.521693, 7.715517 1.144489, 7.762381 0.764528, 7.790544 0.382725, 7.79994 -7.187948e-16, 7.790544 -0.382725))",data/renders/blocks/double_d_01_shrunk0.20_socket_v1.png,data/renders/blocks/double_d_01_shrunk0.20_socket_v2.png,e377cf43acaf27c5,739ce5740eb3a4fa
double_d_02,catalog,"POLYGON ((8.290273 -0.399904, 8.289551 -0.414611, 8.260665 -0.806206, 8.259221 -0.82086, 8.211156 -1.210567, 8.208995 -1.225132, 8.141865 -1.612011, 8.138993 -1.626453, 8.05296 -2.009572, 8.049383 -2.023855, 7.944655 -2.402291, 7.940381 -2.416382, 7.817211 -2.789223, 7.81225 -2.803087, 7.670934 -3.169436, 7.665299 -3.18304, 7.506177 -3.542013, 7.499881 -3.555324, 7.323337 -3.906057, 7.316396 -3.919043, 7.186768 -4.147869, 7.179377 -4.160216, 7.171402 -4.172195, 7.162862 -4.183777, 7.153776 -4.194936, 7.144166 -4.205647, 7.134053 -4.215885, 7.123461 -4.225625, 7.112414 -4.234847, 7.100938 -4.243529, 7.089058 -4.25165, 7.076803 -4.259192, 7.0642 -4.266138, 7.051279 -4.272471, 7.038068 -4.278177, 7.0246 -4.283244, 7.010903 -4.287659, 6.997011 -4.291411, 6.982955 -4.294494, 6.968767 -4.296899, 6.95448 -4.29862, 6.940128 -4.299655, 6.925742 -4.3, -6.925742 -4.3, -6.940812 -4.299621, -6.955845 -4.298486, -6.970801 -4.296597, -6.985644 -4.293959, -7.000335 -4.290578, -7.014838 -4.286464, -7.029116 -4.281627, -7.043133 -4.276078, -7.056854 -4.269833, -7.070243 -4.262906, -7.083268 -4.255315, -7.095895 -4.247079, -7.108092 -4.238219, -7.119829 -4.228758, -7.131075 -4.218719, -7.141803 -4.208128, -7.151986 -4.197012, -7.161597 -4.185398, -7.170613 -4.173315, -7.17901 -4.160795, -7.186768 -4.147869, -7.316396 -3.919043, -7.323338 -3.906057, -7.499882 -3.555324, -7.506177 -3.542013, -7.665299 -3.18304, -7.670934 -3.169436, -7.812251 -2.803087, -7.817211 -2.789223, -7.940381 -2.416382, -7.944656 -2.402291, -8.049383 -2.023855, -8.052961 -2.009572, -8.138993 -1.626453, -8.141866 -1.612011, -8.208996 -1.225132, -8.211156 -1.210567, -8.259222 -0.82086, -8.260665 -0.806206, -8.289551 -0.414611, -8.290273 -0.399904, -8.29991 -0.007362, -8.29991 0.007362, -8.290273 0.399904, -8.289551 0.414611, -8.260665 0.806206, -8.259222 0.82086, -8.211156 1.210567, -8.208996 1.225132, -8.141866 1.612011, -8.138993 1.626453, -8.052961 2.009572, -8.049383 2.023855, -7.944656 2.402291, -7.940381 2.416382, -7.817211 2.789223, -7.812251 2.803087, -7.670934 3.169436, -7.665299 3.18304, -7.506177 3.542013, -7.499882 3.555324, -7.323338 3.906057, -7.316396 3.919043, -7.186768 4.147869, -7.17901 4.160795, -7.170613 4.173315, -7.161597 4.185398, -7.151986 4.197012, -7.141803 4.208128, -7.131075 4.218719, -7.119829 4.228758, -7.108092 4.238219, -7.095895 4.247079, -7.083268 4.255315, -7.070243 4.262906, -7.056854 4.269833, -7.043133 4.276078, -7.029116 4.281627, -7.014838 4.286464, -7.000335 4.290578, -6.985644 4.293959, -6.970801 4.296597, -6.955845 4.298486, -6.940812 4.299621, -6.925742 4.3, 6.925742 4.3, 6.940128 4.299655, 6.95448 4.29862, 6.968767 4.296899, 6.982955 4.294494, 6.997011 4.291411, 7.010903 4.287659, 7.0246 4.283244, 7.038068 4.278177, 7.051279 4.272471, 7.0642 4.266138, 7.076803 4.259192, 7.089058 4.25165, 7.100938 4.243529, 7.112414 4.234847, 7.123461 4.225625, 7.134053 4.215885, 7.144166 4.205647, 7.153776 4.194936, 7.162862 4.183777, 7.171402 4.172195, 7.179377 4.160216, 7.186768 4.147869, 7.316396 3.919043, 7.323337 3.906057, 7.499881 3.555324, 7.506177 3.542013, 7.665299 3.18304, 7.670934 3.169436, 7.81225 2.803087, 7.817211 2.789223, 7.940381 2.416382, 7.944655 2.402291, 8.049383 2.023855, 8.05296 2.009572, 8.138993 1.626453, 8.141865 1.612011, 8.208995 1.225132, 8.211156 1.210567, 8.259221 0.82086, 8.260665 0.806206, 8.289551 0.414611, 8.290273 0.399904, 8.299909 0.007362, 8.299909 -0.007362, 8.290273 -0.399904))",data/renders/procedural/double_d_02_socket_v1.png,data/renders/procedural/double_d_02_socket_v2.png,ac09e5474dd348a4,310827f9184dcf7d
double_d_03,catalog,"POLYGON ((10.287864 -0.498039, 10.287142 -0.512746, 10.251034 -1.002241, 10.249591 -1.016895, 10.189509 -1.504028, 10.187348 -1.518593, 10.103436 -2.002192, 10.100563 -2.016634, 9.993023 -2.495532, 9.989445 -2.509816, 9.858536 -2.982861, 9.854262 -2.996951, 9.700299 -3.463003, 9.695339 -3.476867, 9.518693 -3.934803, 9.513058 -3.948407, 9.314156 -4.397123, 9.30786 -4.410434, 9.08718 -4.848851, 9.080239 -4.861837, 8.838312 -5.288897, 8.830742 -5.301527, 8.568152 -5.716202, 8.559972 -5.728445, 8.277351 -6.129736, 8.268579 -6.141563, 7.966609 -6.528502, 7.957267 -6.539885, 7.636674 -6.911541, 7.626785 -6.922452, 7.356004 -7.206862, 7.345259 -7.217591, 7.333984 -7.227763, 7.322209 -7.237351, 7.309964 -7.246331, 7.297281 -7.25468, 7.284191 -7.262376, 7.270728 -7.2694, 7.256928 -7.275734, 7.242824 -7.281362, 7.228454 -7.286268, 7.213854 -7.290442, 7.199061 -7.293871, 7.184114 -7.296547, 7.169051 -7.298464, 7.15391 -7.299616, 7.13873 -7.3, -7.13873 -7.3, -7.153018 -7.29966, -7.167273 -7.298639, -7.181463 -7.296941, -7.195557 -7.294569, -7.209521 -7.291528, -7.223325 -7.287826, -7.236937 -7.28347, -7.250326 -7.278471, -7.263462 -7.272841, -7.276315 -7.266591, -7.288855 -7.259735, -7.301055 -7.252291, -7.312886 -7.244274, -7.324322 -7.235702, -7.335337 -7.226596, -7.345906 -7.216975, -7.356004 -7.206862, -7.626785 -6.922452, -7.636674 -6.911541, -7.957267 -6.539885, -7.966608 -6.528502, -8.268579 -6.141563, -8.277351 -6.129736, -8.559972 -5.728445, -8.568152 -5.716202, -8.830742 -5.301527, -8.838312 -5.288897, -9.080239 -4.861837, -9.08718 -4.848851, -9.30786 -4.410434, -9.314156 -4.397123, -9.513058 -3.948407, -9.518693 -3.934803, -9.695338 -3.476867, -9.700299 -3.463003, -9.854262 -2.996951, -9.858536 -2.982861, -9.989445 -2.509816, -9.993023 -2.495532, -10.100563 -2.016634, -10.103436 -2.002192, -10.187348 -1.518593, -10.189509 -1.504028, -10.249591 -1.016895, -10.251034 -1.002241, -10.287142 -0.512746, -10.287864 -0.498039, -10.29991 -0.007362, -10.29991 0.007362, -10.287864 0.498039, -10.287142 0.512746, -10.251034 1.002241, -10.249591 1.016895, -10.189509 1.504028, -10.187348 1.518593, -10.103436 2.002192, -10.100563 2.016634, -9.993023 2.495532, -9.989445 2.509816, -9.858536 2.982861, -9.854262 2.996951, -9.700299 3.463003, -9.695338 3.476867, -9.518693 3.934803, -9.513058 3.948407, -9.314156 4.397123, -9.30786 4.410434, -9.08718 4.848851, -9.080239 4.861837, -8.838312 5.288897, -8.830742 5.301527, -8.568152 5.716202, -8.559972 5.728445, -8.277351 6.129735, -8.268579 6.141562, -7.966608 6.528502, -7.957267 6.539885, -7.636674 6.911541, -7.626785 6.922452, -7.356004 7.206862, -7.345906 7.216975, -7.335337 7.226596, -7.324322 7.235702, -7.312886 7.244274, -7.301055 7.252291, -7.288855 7.259735, -7.276315 7.26659, -7.263462 7.27284, -7.250326 7.278471, -7.236937 7.28347, -7.223325 7.287826, -7.209521 7.291528, -7.195557 7.294569, -7.181463 7.296941, -7.167273 7.298639, -7.153018 7.29966, -7.13873 7.3, 7.13873 7.3, 7.153018 7.29966, 7.167273 7.298639, 7.181463 7.296941, 7.195557 7.294569, 7.209521 7.291528, 7.223325 7.287826, 7.236937 7.28347, 7.250326 7.278471, 7.263462 7.27284, 7.276315 7.26659, 7.288855 7.259735, 7.301055 7.252291, 7.312886 7.244274, 7.324322 7.235702, 7.335337 7.226596, 7.345906 7.216975, 7.356004 7.206862, 7.626785 6.922452, 7.636674 6.911541, 7.957267 6.539885, 7.966609 6.528502, 8.268579 6.141562, 8.277351 6.129735, 8.559972 5.728445, 8.568152 5.716202, 8.830742 5.301527, 8.838312 5.288897, 9.080239 4.861837, 9.08718 4.848851, 9.30786 4.410434, 9.314156 4.397123, 9.513058 3.948407, 9.518693 3.934803, 9.695339 3.476867, 9.700299 3.463003, 9.854262 2.996951, 9.858536 2.982861, 9.989445 2.509816, 9.993023 2.495532, 10.100563 2.016634, 10.103436 2.002192, 10.187348 1.518593, 10.189509 1.504028, 10.249591 1.016895, 10.251034 1.002241, 10.287142 0.512746, 10.287864 0.498039, 10.29991 0.007362, 10.29991 -0.007362, 10.287864 -0.498039))",data/renders/procedural/double_d_03_socket_v1.png,data/renders/procedural/double_d_03_socket_v2.png,d46a166aaff0f61b,c5f3ee3abfaac54f
double_d_03_shrunk0.20,shrunk,"POLYGON ((9.788135 -0.48086, 9.75275 -0.960562, 9.69387 -1.43795, 9.611637 -1.911873, 9.506248 -2.381191, 9.377958 -2.844772, 9.227075 -3.3015, 9.053964 -3.750275, 8.859041 -4.190014, 8.642775 -4.61966, 8.405689 -5.038176, 8.148352 -5.444555, 7.871385 -5.837817, 7.575456 -6.217016, 7.261276 -6.581237, 7.052997 -6.8, -7.052997 -6.8, -7.261276 -6.581237, -7.575456 -6.217016, -7.871385 -5.837817, -8.148352 -5.444555, -8.405689 -5.038176, -8.642775 -4.61966, -8.859041 -4.190014, -9.053964 -3.750275, -9.227075 -3.3015, -9.377958 -2.844772, -9.506248 -2.381191, -9.611637 -1.911873, -9.69387 -1.43795, -9.75275 -0.960562, -9.788135 -0.48086, -9.79994 -5.498291e-17, -9.788135 0.48086, -9.75275 0.960562, -9.69387 1.43795, -9.611637 1.911873, -9.506248 2.381191, -9.377958 2.844772, -9.227075 3.3015, -9.053964 3.750275, -8.859041 4.190014, -8.642775 4.61966, -8.405689 5.038176, -8.148352 5.444555, -7.871385 5.837817, -7.575456 6.217016, -7.261276 6.581237, -7.052997 6.8, 7.052997 6.8, 7.261276 6.581237, 7.575456 6.217016, 7.871385 5.837817, 8.148352 5.444555, 8.405689 5.038176, 8.642775 4.61966, 8.859041 4.190014, 9.053964 3.750275, 9.227075 3.3015, 9.377958 2.844772, 9.506248 2.381191, 9.611637 1.911873, 9.69387 1.43795, 9.75275 0.960562, 9.788135 0.48086, 9.79994 -2.342349e-17, 9.788135 -0.48086))",data/renders/blocks/double_d_03_shrunk0.20_socket_v1.png,data/renders/blocks/double_d_03_shrunk0.20_socket_v2.png,34581d5fc73dd871,4f5b71f9f773b72f
dshape_01,catalog,"POLYGON ((8.290273 0.121373, 8.289551 0.106666, 8.260665 -0.284929, 8.259222 -0.299583, 8.211156 -0.68929, 8.208995 -0.703855, 8.141866 -1.090734, 8.138993 -1.105176, 8.052961 -1.488295, 8.049383 -1.502578, 7.944656 -1.881014, 7.940381 -1.895105, 7.817211 -2.267946, 7.81225 -2.28181, 7.670934 -2.648159, 7.665299 -2.661763, 7.506177 -3.020736, 7.499882 -3.034047, 7.323337 -3.38478, 7.316396 -3.397766, 7.122855 -3.739414, 7.115285 -3.752044, 6.905213 -4.083784, 6.897032 -4.096027, 6.670936 -4.41706, 6.662164 -4.428887, 6.420588 -4.738439, 6.411246 -4.749821, 6.154772 -5.047146, 6.144883 -5.058057, 5.874128 -5.342439, 5.863716 -5.352851, 5.579334 -5.623606, 5.568424 -5.633495, 5.271098 -5.889969, 5.259716 -5.899311, 4.950164 -6.140887, 4.938337 -6.149659, 4.617304 -6.375755, 4.605061 -6.383936, 4.273321 -6.594008, 4.260691 -6.601578, 3.919043 -6.795119, 3.906057 -6.80206, 3.555324 -6.978605, 3.542013 -6.9849, 3.18304 -7.144022, 3.169436 -7.149657, 2.803087 -7.290973, 2.789223 -7.295934, 2.416382 -7.419104, 2.402291 -7.423379, 2.023855 -7.528106, 2.009572 -7.531684, 1.626453 -7.617716, 1.612011 -7.620589, 1.225132 -7.687718, 1.210567 -7.689879, 0.82086 -7.737945, 0.806207 -7.739388, 0.414611 -7.768274, 0.399904 -7.768996, 0.007362 -7.778633, -0.007362 -7.778633, -0.399904 -7.768996, -0.414611 -7.768274, -0.806206 -7.739388, -0.82086 -7.737945, -1.210567 -7.689879, -1.225132 -7.687718, -1.612011 -7.620589, -1.626453 -7.617716, -2.009572 -7.531684, -2.023855 -7.528106, -2.402291 -7.423379, -2.416382 -7.419104, -2.789223 -7.295934, -2.803087 -7.290973, -3.169436 -7.149657, -3.18304 -7.144022, -3.542013 -6.9849, -3.555324 -6.978605, -3.906057 -6.80206, -3.919043 -6.795119, -4.260691 -6.601578, -4.273321 -6.594008, -4.605061 -6.383936, -4.617304 -6.375755, -4.938337 -6.149659, -4.950164 -6.140887, -5.259716 -5.899311, -5.271098 -5.889969, -5.568423 -5.633495, -5.579334 -5.623606, -5.863716 -5.352851, -5.874128 -5.342439, -6.144883 -5.058057, -6.154772 -5.047146, -6.411246 -4.749821, -6.420588 -4.738439, -6.662164 -4.428887, -6.670936 -4.41706, -6.897032 -4.096027, -6.905213 -4.083784, -7.115285 -3.752044, -7.122855 -3.739414, -7.316396 -3.397766, -7.323337 -3.38478, -7.499882 -3.034047, -7.506177 -3.020736, -7.665299 -2.661763, -7.670934 -2.648159, -7.81225 -2.28181, -7.817211 -2.267946, -7.940381 -1.895105, -7.944655 -1.881014, -8.049383 -1.502578, -8.052961 -1.488295, -8.138993 -1.105176, -8.141865 -1.090734, -8.208995 -0.703855, -8.211156 -0.68929, -8.259222 -0.299583, -8.260665 -0.284929, -8.289551 0.106666, -8.290273 0.121373, -8.29991 0.513915, -8.29991 0.528639, -8.290273 0.921181, -8.289551 0.935888, -8.260665 1.327483, -8.259222 1.342137, -8.211156 1.731844, -8.208995 1.746409, -8.141865 2.133288, -8.138993 2.14773, -8.052961 2.530849, -8.049383 2.545132, -7.944655 2.923568, -7.940381 2.937659, -7.817211 3.3105, -7.81225 3.324364, -7.670934 3.690713, -7.665299 3.704317, -7.506177 4.06329, -7.499882 4.076601, -7.323337 4.427334, -7.316396 4.44032, -7.122855 4.781968, -7.115285 4.794598, -6.905213 5.126338, -6.897032 5.138581, -6.670936 5.459614, -6.662164 5.471441, -6.420588 5.780993, -6.411246 5.792375, -6.154772 6.0897, -6.144883 6.100611, -5.874128 6.384993, -5.863716 6.395405, -5.579334 6.66616, -5.568423 6.676049, -5.484502 6.74844, -5.473507 6.757479, -5.462095 6.765986, -5.450292 6.773942, -5.438125 6.78133, -5.425621 6.788132, -5.412809 6.794333, -5.399718 6.79992, -5.386375 6.804879, -5.372813 6.8092, -5.359061 6.812873, -5.34515 6.815889, -5.331112 6.818242, -5.316978 6.819927, -5.30278 6.820939, -5.28855 6.821277, 5.28855 6.821277, 5.303796 6.820889, 5.319002 6.819727, 5.33413 6.817794, 5.349139 6.815095, 5.363992 6.811636, 5.378651 6.807427, 5.393076 6.802479, 5.407231 6.796804, 5.42108 6.790416, 5.434586 6.783334, 5.447714 6.775574, 5.460432 6.767157, 5.472705 6.758104, 5.484502 6.74844, 5.568424 6.676049, 5.579334 6.66616, 5.863716 6.395405, 5.874128 6.384993, 6.144883 6.100611, 6.154772 6.0897, 6.411246 5.792375, 6.420588 5.780993, 6.662164 5.471441, 6.670936 5.459614, 6.897032 5.138581, 6.905213 5.126338, 7.115285 4.794598, 7.122855 4.781968, 7.316396 4.44032, 7.323337 4.427334, 7.499882 4.076601, 7.506177 4.06329, 7.665299 3.704317, 7.670934 3.690713, 7.81225 3.324364, 7.817211 3.3105, 7.940381 2.937659, 7.944656 2.923568, 8.049383 2.545132, 8.052961 2.530849, 8.138993 2.14773, 8.141866 2.133288, 8.208995 1.746409, 8.211156 1.731844, 8.259222 1.342137, 8.260665 1.327483, 8.289551 0.935888, 8.290273 0.921181, 8.29991 0.528639, 8.29991 0.513915, 8.290273 0.121373))",data/renders/procedural/dshape_01_socket_v1.png,data/renders/procedural/dshape_01_socket_v2.png,716f195d447856ff,d9d286ffc90a94b1
dshape_01_shrunk0.20,shrunk,"POLYGON ((7.790544 0.151539, 7.762381 -0.230264, 7.715517 -0.610225, 7.650066 -0.987429, 7.566185 -1.360967, 7.464077 -1.729939, 7.343987 -2.093456, 7.206205 -2.450644, 7.051062 -2.80064, 6.878933 -3.142602, 6.690231 -3.475706, 6.485413 -3.79915, 6.26497 -4.112155, 6.029435 -4.413965, 5.779374 -4.703855, 5.51539 -4.981126, 5.238119 -5.24511, 4.948229 -5.495171, 4.646419 -5.730706, 4.333414 -5.951149, 4.00997 -6.155967, 3.676866 -6.344669, 3.334904 -6.516798, 2.984908 -6.671941, 2.627721 -6.809723, 2.264203 -6.929813, 1.895231 -7.031921, 1.521693 -7.115802, 1.144489 -7.181253, 0.764528 -7.228117, 0.382725 -7.25628, 9.622283e-17 -7.265676, -0.382725 -7.25628, -0.764528 -7.228117, -1.144489 -7.181253, -1.521693 -7.115802, -1.895231 -7.031921, -2.264203 -6.929813, -2.627721 -6.809723, -2.984908 -6.671941, -3.334904 -6.516798, -3.676866 -6.344669, -4.00997 -6.155967, -4.333414 -5.951149, -4.646419 -5.730706, -4.948229 -5.495171, -5.238119 -5.24511, -5.51539 -4.981126, -5.779374 -4.703855, -6.029435 -4.413965, -6.26497 -4.112155, -6.485413 -3.79915, -6.690231 -3.475706, -6.878933 -3.142602, -7.051062 -2.80064, -7.206205 -2.450644, -7.343987 -2.093456, -7.464077 -1.729939, -7.566185 -1.360967, -7.650066 -0.987429, -7.715517 -0.610225, -7.762381 -0.230264, -7.790544 0.151539, -7.79994 0.534264, -7.790544 0.916989, -7.762381 1.298792, -7.715517 1.678753, -7.650066 2.055957, -7.566185 2.429495, -7.464077 2.798467, -7.343987 3.161985, -7.206205 3.519172, -7.051062 3.869168, -6.878933 4.21113, -6.690231 4.544234, -6.485413 4.867678, -6.26497 5.180683, -6.029435 5.482493, -5.779374 5.772383, -5.51539 6.049654, -5.238119 6.313638, -5.214208 6.334264, 5.214208 6.334264, 5.238119 6.313638, 5.51539 6.049654, 5.779374 5.772383, 6.029435 5.482493, 6.26497 5.180683, 6.485413 4.867678, 6.690231 4.544234, 6.878933 4.21113, 7.051062 3.869168, 7.206205 3.519172, 7.343987 3.161985, 7.464077 2.798467, 7.566185 2.429495, 7.650066 2.055957, 7.715517 1.678753, 7.762381 1.298792, 7.790544 0.916989, 7.79994 0.534264, 7.790544 0.151539))",data/renders/blocks/dshape_01_shrunk0.20_socket_v1.png,data/renders/blocks/dshape_01_shrunk0.20_socket_v2.png,a6ff88b6cfdc40d0,4f733cb8a5dff0cf
dshape_02,catalog,"POLYGON ((8.290273 0.953127, 8.289551 0.93842, 8.260665 0.546825, 8.259222 0.532171, 8.211156 0.142464, 8.208995 0.127899, 8.141865 -0.25898, 8.138993 -0.273422, 8.052961 -0.656541, 8.049383 -0.670824, 7.944655 -1.04926, 7.940381 -1.063351, 7.817211 -1.436192, 7.81225 -1.450056, 7.670934 -1.816405, 7.665299 -1.830009, 7.506177 -2.188982, 7.499882 -2.202293, 7.323337 -2.553026, 7.316396 -2.566012, 7.122855 -2.90766, 7.115285 -2.92029, 6.905213 -3.25203, 6.897032 -3.264273, 6.670936 -3.585306, 6.662164 -3.597133, 6.420587 -3.906685, 6.411246 -3.918067, 6.154772 -4.215392, 6.144883 -4.226303, 5.874128 -4.510685, 5.863716 -4.521097, 5.579334 -4.791852, 5.568423 -4.80174, 5.271098 -5.058215, 5.259716 -5.067556, 4.950164 -5.309133, 4.938337 -5.317904, 4.617304 -5.544001, 4.605061 -5.552182, 4.273321 -5.762254, 4.260691 -5.769824, 3.919043 -5.963365, 3.906057 -5.970306, 3.555324 -6.14685, 3.542013 -6.153146, 3.18304 -6.312268, 3.169436 -6.317903, 2.803087 -6.459219, 2.789223 -6.46418, 2.416382 -6.58735, 2.402291 -6.591624, 2.023855 -6.696352, 2.009572 -6.699929, 1.626453 -6.785962, 1.612011 -6.788834, 1.225132 -6.855964, 1.210567 -6.858125, 0.82086 -6.90619, 0.806206 -6.907634, 0.414611 -6.93652, 0.399904 -6.937242, 0.007362 -6.946878, -0.007362 -6.946878, -0.399904 -6.937242, -0.414611 -6.93652, -0.806207 -6.907634, -0.82086 -6.90619, -1.210567 -6.858125, -1.225132 -6.855964, -1.612011 -6.788834, -1.626453 -6.785962, -2.009572 -6.699929, -2.023855 -6.696352, -2.402291 -6.591624, -2.416382 -6.58735, -2.789223 -6.46418, -2.803087 -6.459219, -3.169436 -6.317903, -3.18304 -6.312268, -3.542013 -6.153146, -3.555324 -6.14685, -3.906057 -5.970306, -3.919043 -5.963365, -4.260691 -5.769824, -4.273321 -5.762254, -4.605061 -5.552182, -4.617304 -5.544001, -4.938337 -5.317904, -4.950164 -5.309133, -5.259716 -5.067556, -5.271098 -5.058215, -5.568424 -4.80174, -5.579334 -4.791852, -5.863716 -4.521097, -5.874128 -4.510685, -6.144883 -4.226303, -6.154772 -4.215392, -6.411246 -3.918067, -6.420588 -3.906685, -6.662164 -3.597133, -6.670936 -3.585306, -6.897032 -3.264273, -6.905213 -3.25203, -7.115285 -2.92029, -7.122855 -2.90766, -7.316396 -2.566012, -7.323337 -2.553026, -7.499882 -2.202293, -7.506177 -2.188982, -7.665299 -1.830009, -7.670934 -1.816405, -7.81225 -1.450056, -7.817211 -1.436192, -7.940381 -1.063351, -7.944656 -1.04926, -8.049383 -0.670824, -8.052961 -0.656541, -8.138993 -0.273422, -8.141866 -0.25898, -8.208995 0.127899, -8.211156 0.142464, -8.259222 0.532171, -8.260665 0.546825, -8.289551 0.93842, -8.290273 0.953127, -8.29991 1.345669, -8.29991 1.360394, -8.290273 1.752935, -8.289551 1.767642, -8.260665 2.159238, -8.259222 2.173892, -8.211156 2.563598, -8.208995 2.578164, -8.141866 2.965042, -8.138993 2.979484, -8.052961 3.362603, -8.049383 3.376886, -7.944656 3.755322, -7.940381 3.769413, -7.817211 4.142255, -7.81225 4.156119, -7.670934 4.522467, -7.665299 4.536071, -7.506177 4.895044, -7.499882 4.908355, -7.323337 5.259089, -7.316396 5.272075, -7.186768 5.500901, -7.17901 5.513827, -7.170613 5.526347, -7.161597 5.538429, -7.151986 5.550043, -7.141803 5.56116, -7.131075 5.571751, -7.119829 5.581789, -7.108092 5.591251, -7.095895 5.60011, -7.083268 5.608346, -7.070243 5.615937, -7.056854 5.622864, -7.043133 5.62911, -7.029116 5.634658, -7.014838 5.639496, -7.000335 5.64361, -6.985644 5.64699, -6.970801 5.649628, -6.955845 5.651517, -6.940812 5.652652, -6.925742 5.653031, 6.925742 5.653031, 6.940128 5.652686, 6.954481 5.651652, 6.968767 5.64993, 6.982955 5.647525, 6.997011 5.644443, 7.010903 5.64069, 7.0246 5.636275, 7.038068 5.631209, 7.051279 5.625502, 7.0642 5.619169, 7.076803 5.612223, 7.089059 5.604681, 7.100938 5.59656, 7.112415 5.587878, 7.123462 5.578657, 7.134054 5.568916, 7.144166 5.558678, 7.153776 5.547967, 7.162862 5.536808, 7.171402 5.525226, 7.179377 5.513248, 7.186768 5.500901, 7.316396 5.272075, 7.323337 5.259089, 7.499882 4.908355, 7.506177 4.895044, 7.665299 4.536071, 7.670934 4.522467, 7.81225 4.156119, 7.817211 4.142255, 7.940381 3.769413, 7.944655 3.755322, 8.049383 3.376886, 8.052961 3.362603, 8.138993 2.979484, 8.141865 2.965042, 8.208995 2.578164, 8.211156 2.563598, 8.259222 2.173892, 8.260665 2.159238, 8.289551 1.767642, 8.290273 1.752935, 8.29991 1.360394, 8.29991 1.345669, 8.290273 0.953127))",data/renders/procedural/dshape_02_socket_v1.png,data/renders/procedural/dshape_02_socket_v2.png,a94c24fc246a6bed,b5d21ad745e73665
dshape_02_shrunk0.20,shrunk,"POLYGON ((7.790544 0.999133, 7.762381 0.61733, 7.715517 0.237369, 7.650066 -0.139835, 7.566185 -0.513373, 7.464077 -0.882345, 7.343987 -1.245863, 7.206205 -1.60305, 7.051062 -1.953046, 6.878933 -2.295008, 6.690231 -2.628113, 6.485413 -2.951557, 6.26497 -3.264561, 6.029435 -3.566372, 5.779374 -3.856262, 5.51539 -4.133533, 5.238119 -4.397516, 4.948229 -4.647577, 4.646419 -4.883113, 4.333414 -5.103555, 4.00997 -5.308374, 3.676866 -5.497075, 3.334904 -5.669204, 2.984908 -5.824347, 2.627721 -5.962129, 2.264203 -6.082219, 1.895231 -6.184328, 1.521693 -6.268208, 1.144489 -6.333659, 0.764528 -6.380523, 0.382725 -6.408687, -4.511676e-17 -6.418082, -0.382725 -6.408687, -0.764528 -6.380523, -1.144489 -6.333659, -1.521693 -6.268208, -1.895231 -6.184328, -2.264203 -6.082219, -2.627721 -5.962129, -2.984908 -5.824347, -3.334904 -5.669204, -3.676866 -5.497075, -4.00997 -5.308374, -4.333414 -5.103555, -4.646419 -4.883113, -4.948229 -4.647577, -5.238119 -4.397516, -5.51539 -4.133533, -5.779374 -3.856262, -6.029435 -3.566372, -6.26497 -3.264561, -6.485413 -2.951557, -6.690231 -2.628113, -6.878933 -2.295008, -7.051062 -1.953046, -7.206205 -1.60305, -7.343987 -1.245863, -7.464077 -0.882345, -7.566185 -0.513373, -7.650066 -0.139835, -7.715517 0.237369, -7.762381 0.61733, -7.790544 0.999133, -7.79994 1.381858, -7.790544 1.764583, -7.762381 2.146386, -7.715517 2.526347, -7.650066 2.903551, -7.566185 3.277089, -7.464077 3.646061, -7.343987 4.009578, -7.206205 4.366765, -7.051062 4.716762, -6.878933 5.058724, -6.809178 5.181858, 6.809178 5.181858, 6.878933 5.058724, 7.051062 4.716762, 7.206205 4.366765, 7.343987 4.009578, 7.464077 3.646061, 7.566185 3.277089, 7.650066 2.903551, 7.715517 2.526347, 7.762381 2.146386, 7.790544 1.764583, 7.79994 1.381858, 7.790544 0.999133))",data/renders/blocks/dshape_02_shrunk0.20_socket_v1.png,data/renders/blocks/dshape_02_shrunk0.20_socket_v2.png,136b9cacbe1d70bc,078cb86ed861e873
dshape_03,catalog,"POLYGON ((8.290273 1.917702, 8.289551 1.902995, 8.260665 1.511399, 8.259222 1.496745, 8.211156 1.107039, 8.208995 1.092473, 8.141866 0.705594, 8.138993 0.691153, 8.052961 0.308034, 8.049383 0.29375, 7.944656 -0.084686, 7.940381 -0.098776, 7.817211 -0.471618, 7.81225 -0.485482, 7.670934 -0.85183, 7.665299 -0.865434, 7.506177 -1.224408, 7.499882 -1.237719, 7.323337 -1.588452, 7.316396 -1.601438, 7.122855 -1.943086, 7.115285 -1.955716, 6.905213 -2.287456, 6.897032 -2.299699, 6.670936 -2.620731, 6.662164 -2.632558, 6.420588 -2.94211, 6.411246 -2.953493, 6.154772 -3.250818, 6.144883 -3.261728, 5.874128 -3.546111, 5.863716 -3.556523, 5.579334 -3.827278, 5.568423 -3.837166, 5.271098 -4.093641, 5.259716 -4.102982, 4.950164 -4.344559, 4.938337 -4.35333, 4.617304 -4.579427, 4.605061 -4.587607, 4.273321 -4.797679, 4.260691 -4.805249, 3.919043 -4.998791, 3.906057 -5.005732, 3.555324 -5.182276, 3.542013 -5.188572, 3.18304 -5.347694, 3.169436 -5.353329, 2.803087 -5.494645, 2.789223 -5.499605, 2.416382 -5.622776, 2.402291 -5.62705, 2.023855 -5.731777, 2.009572 -5.735355, 1.626453 -5.821387, 1.612011 -5.82426, 1.225132 -5.89139, 1.210567 -5.89355, 0.82086 -5.941616, 0.806206 -5.943059, 0.414611 -5.971945, 0.399904 -5.972668, 0.007362 -5.982304, -0.007362 -5.982304, -0.399904 -5.972668, -0.414611 -5.971945, -0.806206 -5.943059, -0.82086 -5.941616, -1.210567 -5.89355, -1.225132 -5.89139, -1.612011 -5.82426, -1.626453 -5.821387, -2.009572 -5.735355, -2.023855 -5.731777, -2.402291 -5.62705, -2.416382 -5.622776, -2.789223 -5.499605, -2.803087 -5.494645, -3.169436 -5.353329, -3.18304 -5.347694, -3.542013 -5.188572, -3.555324 -5.182276, -3.906057 -5.005732, -3.919043 -4.998791, -4.260691 -4.805249, -4.273321 -4.797679, -4.605061 -4.587607, -4.617304 -4.579427, -4.938337 -4.35333, -4.950164 -4.344559, -5.259716 -4.102982, -5.271098 -4.093641, -5.568423 -3.837166, -5.579334 -3.827278, -5.863716 -3.556523, -5.874128 -3.546111, -6.144883 -3.261728, -6.154772 -3.250818, -6.411246 -2.953493, -6.420588 -2.94211, -6.662164 -2.632558, -6.670936 -2.620731, -6.897032 -2.299699, -6.905213 -2.287456, -7.115285 -1.955716, -7.122855 -1.943086, -7.316396 -1.601438, -7.323337 -1.588452, -7.499882 -1.237719, -7.506177 -1.224408, -7.665299 -0.865434, -7.670934 -0.85183, -7.81225 -0.485482, -7.817211 -0.471618, -7.940381 -0.098776, -7.944656 -0.084686, -8.049383 0.29375, -8.052961 0.308034, -8.138993 0.691153, -8.141866 0.705594, -8.208995 1.092473, -8.211156 1.107039, -8.259222 1.496745, -8.260665 1.511399, -8.289551 1.902995, -8.290273 1.917702, -8.29991 2.310243, -8.29991 2.324968, -8.290273 2.717509, -8.289551 2.732216, -8.260665 3.123812, -8.259222 3.138466, -8.211156 3.528173, -8.208995 3.542738, -8.141866 3.929617, -8.138993 3.944059, -8.052961 4.327177, -8.049383 4.341461, -8.033842 4.397619, -8.029653 4.411451, -8.024803 4.425065, -8.019302 4.43843, -8.013165 4.451514, -8.006404 4.464287, -7.999037 4.47672, -7.991079 4.488784, -7.982549 4.50045, -7.973467 4.511692, -7.963854 4.522484, -7.953733 4.5328, -7.943127 4.542617, -7.93206 4.551912, -7.920559 4.560663, -7.908649 4.56885, -7.896359 4.576453, -7.883717 4.583457, -7.870752 4.589843, -7.857495 4.595597, -7.843976 4.600706, -7.830227 4.605158, -7.816279 4.608943, -7.802166 4.612052, -7.787919 4.614477, -7.773571 4.616214, -7.759157 4.617257, -7.744709 4.617606, 7.744709 4.617606, 7.759157 4.617257, 7.773571 4.616214, 7.787919 4.614477, 7.802166 4.612052, 7.816279 4.608943, 7.830227 4.605158, 7.843976 4.600706, 7.857495 4.595597, 7.870752 4.589843, 7.883717 4.583457, 7.896359 4.576453, 7.908649 4.56885, 7.920559 4.560663, 7.93206 4.551912, 7.943127 4.542617, 7.953733 4.5328, 7.963854 4.522484, 7.973467 4.511692, 7.982549 4.50045, 7.991079 4.488784, 7.999037 4.47672, 8.006404 4.464287, 8.013165 4.451514, 8.019302 4.43843, 8.024803 4.425065, 8.029653 4.411451, 8.033842 4.397619, 8.049383 4.341461, 8.052961 4.327177, 8.138993 3.944059, 8.141866 3.929617, 8.208995 3.542738, 8.211156 3.528173, 8.259222 3.138466, 8.260665 3.123812, 8.289551 2.732216, 8.290273 2.717509, 8.29991 2.324968, 8.29991 2.310243, 8.290273 1.917702))",data/renders/procedural/dshape_03_socket_v1.png,data/renders/procedural/dshape_03_socket_v2.png,f1c530dcb908923d,8d03a44fb6ba2fd3
dshape_03_shrunk0.20,shrunk,"POLYGON ((-7.58757 4.16111, 7.58757 4.16111, 7.650066 3.882803, 7.715517 3.505599, 7.762381 3.125638, 7.790544 2.743835, 7.79994 2.36111, 7.790544 1.978385, 7.762381 1.596582, 7.715517 1.216621, 7.650066 0.839417, 7.566185 0.465879, 7.464077 0.096907, 7.343987 -0.266611, 7.206205 -0.623798, 7.051062 -0.973794, 6.878933 -1.315756, 6.690231 -1.64886, 6.485413 -1.972304, 6.26497 -2.285309, 6.029435 -2.587119, 5.779374 -2.877009, 5.51539 -3.15428, 5.238119 -3.418264, 4.948229 -3.668325, 4.646419 -3.90386, 4.333414 -4.124303, 4.00997 -4.329121, 3.676866 -4.517823, 3.334904 -4.689952, 2.984908 -4.845095, 2.627721 -4.982877, 2.264203 -5.102967, 1.895231 -5.205075, 1.521693 -5.288956, 1.144489 -5.354407, 0.764528 -5.401271, 0.382725 -5.429434, -2.593909e-16 -5.43883, -0.382725 -5.429434, -0.764528 -5.401271, -1.144489 -5.354407, -1.521693 -5.288956, -1.895231 -5.205075, -2.264203 -5.102967, -2.627721 -4.982877, -2.984908 -4.845095, -3.334904 -4.689952, -3.676866 -4.517823, -4.00997 -4.329121, -4.333414 -4.124303, -4.646419 -3.90386, -4.948229 -3.668325, -5.238119 -3.418264, -5.51539 -3.15428, -5.779374 -2.877009, -6.029435 -2.587119, -6.26497 -2.285309, -6.485413 -1.972304, -6.690231 -1.64886, -6.878933 -1.315756, -7.051062 -0.973794, -7.206205 -0.623798, -7.343987 -0.266611, -7.464077 0.096907, -7.566185 0.465879, -7.650066 0.839417, -7.715517 1.216621, -7.762381 1.596582, -7.790544 1.978385, -7.79994 2.36111, -7.790544 2.743835, -7.762381 3.125638, -7.715517 3.505599, -7.650066 3.882803, -7.58757 4.16111))",data/renders/blocks/dshape_03_shrunk0.20_socket_v1.png,data/renders/blocks/dshape_03_shrunk0.20_socket_v2.png,02c4996d1675244c,b5aebc8121814ac2
dshape_04,catalog,"POLYGON ((10.287864 0.754683, 10.287142 0.739976, 10.251034 0.250482, 10.249591 0.235828, 10.189509 -0.251305, 10.187348 -0.265871, 10.103436 -0.749469, 10.100563 -0.763911, 9.993023 -1.24281, 9.989445 -1.257093, 9.858536 -1.730138, 9.854262 -1.744229, 9.700299 -2.21028, 9.695339 -2.224144, 9.518693 -2.68208, 9.513058 -2.695684, 9.314156 -3.144401, 9.30786 -3.157712, 9.08718 -3.596128, 9.080239 -3.609114, 8.838312 -4.036174, 8.830742 -4.048804, 8.568152 -4.463479, 8.559972 -4.475722, 8.277351 -4.877013, 8.268579 -4.88884, 7.966609 -5.27578, 7.957267 -5.287162, 7.636674 -5.658819, 7.626785 -5.669729, 7.288342 -6.025207, 7.27793 -6.035619, 6.922452 -6.374063, 6.911541 -6.383951, 6.539885 -6.704545, 6.528502 -6.713886, 6.141563 -7.015857, 6.129736 -7.024628, 5.728445 -7.307249, 5.716202 -7.31543, 5.301527 -7.57802, 5.288897 -7.58559, 4.861837 -7.827516, 4.848851 -7.834457, 4.410434 -8.055138, 4.397123 -8.061433, 3.948407 -8.260336, 3.934803 -8.265971, 3.476867 -8.442616, 3.463003 -8.447577, 2.996951 -8.601539, 2.982861 -8.605814, 2.509816 -8.736723, 2.495532 -8.740301, 2.016634 -8.847841, 2.002192 -8.850714, 1.518593 -8.934626, 1.504028 -8.936786, 1.016895 -8.996869, 1.002241 -8.998312, 0.512746 -9.034419, 0.498039 -9.035142, 0.007362 -9.047187, -0.007362 -9.047187, -0.498039 -9.035142, -0.512746 -9.034419, -1.002241 -8.998312, -1.016895 -8.996869, -1.504028 -8.936786, -1.518593 -8.934626, -2.002192 -8.850714, -2.016634 -8.847841, -2.495532 -8.740301, -2.509816 -8.736723, -2.982861 -8.605814, -2.996951 -8.601539, -3.463003 -8.447577, -3.476867 -8.442616, -3.934803 -8.265971, -3.948407 -8.260336, -4.397123 -8.061433, -4.410434 -8.055138, -4.848851 -7.834457, -4.861837 -7.827516, -5.288897 -7.58559, -5.301527 -7.57802, -5.716202 -7.31543, -5.728445 -7.307249, -6.129735 -7.024628, -6.141562 -7.015857, -6.528502 -6.713886, -6.539885 -6.704545, -6.911541 -6.383951, -6.922452 -6.374063, -7.27793 -6.035619, -7.288342 -6.025207, -7.626785 -5.669729, -7.636674 -5.658819, -7.957267 -5.287162, -7.966608 -5.27578, -8.268579 -4.88884, -8.277351 -4.877013, -8.559972 -4.475722, -8.568152 -4.463479, -8.830742 -4.048804, -8.838312 -4.036174, -9.080239 -3.609114, -9.08718 -3.596128, -9.30786 -3.157712, -9.314156 -3.144401, -9.513058 -2.695684, -9.518693 -2.68208, -9.695338 -2.224144, -9.700299 -2.21028, -9.854262 -1.744229, -9.858536 -1.730138, -9.989445 -1.257093, -9.993023 -1.24281, -10.100563 -0.763911, -10.103436 -0.749469, -10.187348 -0.265871, -10.189509 -0.251305, -10.249591 0.235828, -10.251034 0.250482, -10.287142 0.739976, -10.287864 0.754683, -10.29991 1.24536, -10.29991 1.260085, -10.287864 1.750762, -10.287142 1.765469, -10.251034 2.254963, -10.249591 2.269617, -10.189509 2.756751, -10.187348 2.771316, -10.103436 3.254914, -10.100563 3.269356, -9.993023 3.748255, -9.989445 3.762538, -9.858536 4.235583, -9.854262 4.249674, -9.700299 4.715726, -9.695338 4.72959, -9.518693 5.187525, -9.513058 5.201129, -9.314156 5.649846, -9.30786 5.663157, -9.08718 6.101573, -9.080239 6.114559, -8.838312 6.541619, -8.830742 6.554249, -8.568152 6.968924, -8.559972 6.981167, -8.277351 7.382458, -8.268579 7.394285, -8.235016 7.437292, -8.225928 7.448381, -8.21632 7.459023, -8.206215 7.469193, -8.195635 7.47887, -8.184605 7.488029, -8.173151 7.496652, -8.161297 7.504717, -8.149071 7.512207, -8.136502 7.519104, -8.123617 7.525392, -8.110447 7.531058, -8.097021 7.536088, -8.08337 7.540471, -8.069525 7.544197, -8.055518 7.547257, -8.041381 7.549644, -8.027146 7.551353, -8.012846 7.55238, -7.998512 7.552723, 7.998512 7.552723, 8.013641 7.552341, 8.028732 7.551197, 8.043745 7.549293, 8.058643 7.546635, 8.073389 7.543228, 8.087944 7.539083, 8.102271 7.534208, 8.116334 7.528618, 8.130097 7.522325, 8.143526 7.515346, 8.156585 7.507699, 8.169242 7.499403, 8.181465 7.490479, 8.193222 7.480951, 8.204484 7.470841, 8.215222 7.460177, 8.225408 7.448984, 8.235016 7.437292, 8.268579 7.394285, 8.277351 7.382458, 8.559972 6.981167, 8.568152 6.968924, 8.830742 6.554249, 8.838312 6.541619, 9.080239 6.114559, 9.08718 6.101573, 9.30786 5.663157, 9.314156 5.649846, 9.513058 5.201129, 9.518693 5.187525, 9.695339 4.72959, 9.700299 4.715726, 9.854262 4.249674, 9.858536 4.235583, 9.989445 3.762538, 9.993023 3.748255, 10.100563 3.269356, 10.103436 3.254914, 10.187348 2.771316, 10.189509 2.756751, 10.249591 2.269617, 10.251034 2.254963, 10.287142 1.765469, 10.287864 1.750762, 10.29991 1.260085, 10.29991 1.24536, 10.287864 0.754683))",data/renders/procedural/dshape_04_socket_v1.png,data/renders/procedural/dshape_04_socket_v2.png,6024980f4256edf5,b3432461f46f48df
dshape_04_shrunk0.20,shrunk,"POLYGON ((-7.898019 7.075382, 7.898019 7.075382, 8.148352 6.719937, 8.405689 6.313558, 8.642775 5.895042, 8.859041 5.465396, 9.053964 5.025657, 9.227075 4.576883, 9.377958 4.120155, 9.506248 3.656573, 9.611637 3.187256, 9.69387 2.713332, 9.75275 2.235944, 9.788135 1.756243, 9.79994 1.275382, 9.788135 0.794522, 9.75275 0.31482, 9.69387 -0.162568, 9.611637 -0.636491, 9.506248 -1.105809, 9.377958 -1.56939, 9.227075 -2.026118, 9.053964 -2.474892, 8.859041 -2.914632, 8.642775 -3.344277, 8.405689 -3.762794, 8.148352 -4.169173, 7.871385 -4.562435, 7.575456 -4.941634, 7.261276 -5.305855, 6.929604 -5.654222, 6.581237 -5.985894, 6.217016 -6.300074, 5.837817 -6.596003, 5.444555 -6.87297, 5.038176 -7.130306, 4.61966 -7.367393, 4.190014 -7.583658, 3.750275 -7.778581, 3.3015 -7.951693, 2.844772 -8.102575, 2.381191 -8.230866, 1.911873 -8.336254, 1.43795 -8.418488, 0.960562 -8.477368, 0.48086 -8.512753, -1.338172e-15 -8.524557, -0.48086 -8.512753, -0.960562 -8.477368, -1.43795 -8.418488, -1.911873 -8.336254, -2.381191 -8.230866, -2.844772 -8.102575, -3.3015 -7.951693, -3.750275 -7.778581, -4.190014 -7.583658, -4.61966 -7.367393, -5.038176 -7.130306, -5.444555 -6.87297, -5.837817 -6.596003, -6.217016 -6.300074, -6.581237 -5.985894, -6.929604 -5.654222, -7.261276 -5.305855, -7.575456 -4.941634, -7.871385 -4.562435, -8.148352 -4.169173, -8.405689 -3.762794, -8.642775 -3.344277, -8.859041 -2.914632, -9.053964 -2.474892, -9.227075 -2.026118, -9.377958 -1.56939, -9.506248 -1.105809, -9.611637 -0.636491, -9.69387 -0.162568, -9.75275 0.31482, -9.788135 0.794522, -9.79994 1.275382, -9.788135 1.756243, -9.75275 2.235944, -9.69387 2.713332, -9.611637 3.187256, -9.506248 3.656573, -9.377958 4.120155, -9.227075 4.576883, -9.053964 5.025657, -8.859041 5.465396, -8.642775 5.895042, -8.405689 6.313558, -8.148352 6.719937, -7.898019 7.075382))",data/renders/blocks/dshape_04_shrunk0.20_socket_v1.png,data/renders/blocks/dshape_04_shrunk0.20_socket_v2.png,637319c686051007,3073929330ec9c2a
ell_01,catalog,"POLYGON ((-6.946197 11.353803, -6.945835 11.368524, -6.944752 11.383208, -6.94295 11.397822, -6.940432 11.41233, -6.937206 11.426697, -6.933279 11.440889, -6.92866 11.45487, -6.923361 11.468608, -6.917393 11.48207, -6.910773 11.495222, -6.903515 11.508034, -6.895638 11.520474, -6.887159 11.532513, -6.8781 11.544121, -6.868482 11.555271, -6.858329 11.565935, -6.847664 11.576089, -6.836515 11.585706, -6.824906 11.594766, -6.812868 11.603244, -6.800427 11.611122, -6.787616 11.61838, -6.774463 11.625, -6.761002 11.630967, -6.747264 11.636267, -6.733282 11.640885, -6.719091 11.644813, -6.704724 11.648039, -6.690216 11.650556, -6.675602 11.652359, -6.660917 11.653442, -6.646197 11.653803, -0.646197 11.653803, -0.631476 11.653442, -0.616792 11.652359, -0.602178 11.650556, -0.58767 11.648039, -0.573303 11.644813, -0.559111 11.640885, -0.54513 11.636267, -0.531392 11.630967, -0.51793 11.625, -0.504778 11.61838, -0.491966 11.611122, -0.479526 11.603244, -0.467487 11.594766, -0.455879 11.585706, -0.444729 11.576089, -0.434065 11.565935, -0.423911 11.555271, -0.414294 11.544121, -0.405234 11.532513, -0.396756 11.520474, -0.388878 11.508034, -0.38162 11.495222, -0.375 11.48207, -0.369033 11.468608, -0.363733 11.45487, -0.359115 11.440889, -0.355187 11.426697, -0.351961 11.41233, -0.349444 11.397822, -0.347641 11.383208, -0.346558 11.368524, -0.346197 11.353803, -0.346197 -0.346197, 11.353803 -0.346197, 11.368524 -0.346558, 11.383208 -0.347641, 11.397822 -0.349444, 11.41233 -0.351961, 11.426697 -0.355187, 11.440889 -0.359115, 11.45487 -0.363733, 11.468608 -0.369033, 11.48207 -0.375, 11.495222 -0.38162, 11.508034 -0.388878, 11.520474 -0.396756, 11.532513 -0.405234, 11.544121 -0.414294, 11.555271 -0.423911, 11.565935 -0.434065, 11.576089 -0.444729, 11.585706 -0.455879, 11.594766 -0.467487, 11.603244 -0.479526, 11.611122 -0.491966, 11.61838 -0.504778, 11.625 -0.51793, 11.630967 -0.531392, 11.636267 -0.54513, 11.640885 -0.559111, 11.644813 -0.573303, 11.648039 -0.58767, 11.650556 -0.602178, 11.652359 -0.616792, 11.653442 -0.631476, 11.653803 -0.646197, 11.653803 -6.646197, 11.653442 -6.660917, 11.652359 -6.675602, 11.650556 -6.690216, 11.648039 -6.704724, 11.644813 -6.719091, 11.640885 -6.733282, 11.636267 -6.747264, 11.630967 -6.761002, 11.625 -6.774463, 11.61838 -6.787616, 11.611122 -6.800427, 11.603244 -6.812868, 11.594766 -6.824906, 11.585706 -6.836515, 11.576089 -6.847664, 11.565935 -6.858329, 11.555271 -6.868482, 11.544121 -6.8781, 11.532513 -6.887159, 11.520474 -6.895638, 11.508034 -6.903515, 11.495222 -6.910773, 11.48207 -6.917393, 11.468608 -6.923361, 11.45487 -6.92866, 11.440889 -6.933279, 11.426697 -6.937206, 11.41233 -6.940432, 11.397822 -6.94295, 11.383208 -6.944752, 11.368524 -6.945835, 11.353803 -6.946197, -6.646197 -6.946197, -6.660917 -6.945835, -6.675602 -6.944752, -6.690216 -6.94295, -6.704724 -6.940432, -6.719091 -6.937206, -6.733282 -6.933279, -6.747264 -6.92866, -6.761002 -6.923361, -6.774463 -6.917393, -6.787616 -6.910773, -6.800427 -6.903515, -6.812868 -6.895638, -6.824906 -6.887159, -6.836515 -6.8781, -6.847664 -6.868482, -6.858329 -6.858329, -6.868482 -6.847664, -6.8781 -6.836515, -6.887159 -6.824906, -6.895638 -6.812868, -6.903515 -6.800427, -6.910773 -6.787616, -6.917393 -6.774463, -6.923361 -6.761002, -6.92866 -6.747264, -6.933279 -6.733282, -6.937206 -6.719091, -6.940432 -6.704724, -6.94295 -6.690216, -6.944752 -6.675602, -6.945835 -6.660917, -6.946197 -6.646197, -6.946197 11.353803))",data/renders/procedural/ell_01_socket_v1.png,data/renders/procedural/ell_01_socket_v2.png,333b449320ce131a,18c6159ff02d3892
ell_01_shrunk0.20,shrunk,"POLYGON ((-6.36753 11.23247, -0.76753 11.23247, -0.76753 -0.56753, -0.767289 -0.577344, -0.766567 -0.587134, -0.765365 -0.596876, -0.763687 -0.606548, -0.761536 -0.616126, -0.758918 -0.625587, -0.755839 -0.634908, -0.752306 -0.644067, -0.748328 -0.653041, -0.743914 -0.661809, -0.739076 -0.670351, -0.733824 -0.678644, -0.728172 -0.68667, -0.722132 -0.694409, -0.71572 -0.701842, -0.708951 -0.708951, -0.701842 -0.71572, -0.694409 -0.722132, -0.68667 -0.728172, -0.678644 -0.733824, -0.670351 -0.739076, -0.661809 -0.743914, -0.653041 -0.748328, -0.644067 -0.752306, -0.634908 -0.755839, -0.625587 -0.758918, -0.616126 -0.761536, -0.606548 -0.763687, -0.596876 -0.765365, -0.587134 -0.766567, -0.577344 -0.767289, -0.56753 -0.76753, 11.23247 -0.76753, 11.23247 -6.36753, -6.36753 -6.36753, -6.36753 11.23247))",data/renders/blocks/ell_01_shrunk0.20_socket_v1.png,data/renders/blocks/ell_01_shrunk0.20_socket_v2.png,1021b18423619082,b95eeb5dd3c74af6
ell_02,catalog,"POLYGON ((6.946197 11.353803, 6.946197 -6.646197, 6.945835 -6.660917, 6.944752 -6.675602, 6.94295 -6.690216, 6.940432 -6.704724, 6.937206 -6.719091, 6.933279 -6.733282, 6.92866 -6.747264, 6.923361 -6.761002, 6.917393 -6.774463, 6.910773 -6.787616, 6.903515 -6.800427, 6.895638 -6.812868, 6.887159 -6.824906, 6.8781 -6.836515, 6.868482 -6.847664, 6.858329 -6.858329, 6.847664 -6.868482, 6.836515 -6.8781, 6.824906 -6.887159, 6.812868 -6.895638, 6.800427 -6.903515, 6.787616 -6.910773, 6.774463 -6.917393, 6.761002 -6.923361, 6.747264 -6.92866, 6.733282 -6.933279, 6.719091 -6.937206, 6.704724 -6.940432, 6.690216 -6.94295, 6.675602 -6.944752, 6.660917 -6.945835, 6.646197 -6.946197, -11.353803 -6.946197, -11.368524 -6.945835, -11.383208 -6.944752, -11.397822 -6.94295, -11.41233 -6.940432, -11.426697 -6.937206, -11.440889 -6.933279, -11.45487 -6.92866, -11.468608 -6.923361, -11.48207 -6.917393, -11.495222 -6.910773, -11.508034 -6.903515, -11.520474 -6.895638, -11.532513 -6.887159, -11.544121 -6.8781, -11.555271 -6.868482, -11.565935 -6.858329, -11.576089 -6.847664, -11.585706 -6.836515, -11.594766 -6.824906, -11.603244 -6.812868, -11.611122 -6.800427, -11.61838 -6.787616, -11.625 -6.774463, -11.630967 -6.761002, -11.636267 -6.747264, -11.640885 -6.733282, -11.644813 -6.719091, -11.648039 -6.704724, -11.650556 -6.690216, -11.652359 -6.675602, -11.653442 -6.660917, -11.653803 -6.646197, -11.653803 -0.646197, -11.653442 -0.631476, -11.652359 -0.616792, -11.650556 -0.602178, -11.648039 -0.58767, -11.644813 -0.573303, -11.640885 -0.559111, -11.636267 -0.54513, -11.630967 -0.531392, -11.625 -0.51793, -11.61838 -0.504778, -11.611122 -0.491966, -11.603244 -0.479526, -11.594766 -0.467487, -11.585706 -0.455879, -11.576089 -0.444729, -11.565935 -0.434065, -11.555271 -0.423911, -11.544121 -0.414294, -11.532513 -0.405234, -11.520474 -0.396756, -11.508034 -0.388878, -11.495222 -0.38162, -11.48207 -0.375, -11.468608 -0.369033, -11.45487 -0.363733, -11.440889 -0.359115, -11.426697 -0.355187, -11.41233 -0.351961, -11.397822 -0.349444, -11.383208 -0.347641, -11.368524 -0.346558, -11.353803 -0.346197, 0.346197 -0.346197, 0.346197 11.353803, 0.346558 11.368524, 0.347641 11.383208, 0.349444 11.397822, 0.351961 11.41233, 0.355187 11.426697, 0.359115 11.440889, 0.363733 11.45487, 0.369033 11.468608, 0.375 11.48207, 0.38162 11.495222, 0.388878 11.508034, 0.396756 11.520474, 0.405234 11.532513, 0.414294 11.544121, 0.423911 11.555271, 0.434065 11.565935, 0.444729 11.576089, 0.455879 11.585706, 0.467487 11.594766, 0.479526 11.603244, 0.491966 11.611122, 0.504778 11.61838, 0.51793 11.625, 0.531392 11.630967, 0.54513 11.636267, 0.559111 11.640885, 0.573303 11.644813, 0.58767 11.648039, 0.602178 11.650556, 0.616792 11.652359, 0.631476 11.653442, 0.646197 11.653803, 6.646197 11.653803, 6.660917 11.653442, 6.675602 11.652359, 6.690216 11.650556, 6.704724 11.648039, 6.719091 11.644813, 6.733282 11.640885, 6.747264 11.636267, 6.761002 11.630967, 6.774463 11.625, 6.787616 11.61838, 6.800427 11.611122, 6.812868 11.603244, 6.824906 11.594766, 6.836515 11.585706, 6.847664 11.576089, 6.858329 11.565935, 6.868482 11.555271, 6.8781 11.544121, 6.887159 11.532513, 6.895638 11.520474, 6.903515 11.508034, 6.910773 11.495222, 6.917393 11.48207, 6.923361 11.468608, 6.92866 11.45487, 6.933279 11.440889, 6.937206 11.426697, 6.940432 11.41233, 6.94295 11.397822, 6.944752 11.383208, 6.945835 11.368524, 6.946197 11.353803))",data/renders/procedural/ell_02_socket_v1.png,data/renders/procedural/ell_02_socket_v2.png,e5c0efcd3d0eb18b,8f30b8f751ec5298
ell_02_shrunk0.20,shrunk,"POLYGON ((6.36753 11.23247, 6.36753 -6.36753, -11.23247 -6.36753, -11.23247 -0.76753, 0.56753 -0.76753, 0.577344 -0.767289, 0.587134 -0.766567, 0.596876 -0.765365, 0.606548 -0.763687, 0.616126 -0.761536, 0.625587 -0.758918, 0.634908 -0.755839, 0.644067 -0.752306, 0.653041 -0.748328, 0.661809 -0.743914, 0.670351 -0.739076, 0.678644 -0.733824, 0.68667 -0.728172, 0.694409 -0.722132, 0.701842 -0.71572, 0.708951 -0.708951, 0.71572 -0.701842, 0.722132 -0.694409, 0.728172 -0.68667, 0.733824 -0.678644, 0.739076 -0.670351, 0.743914 -0.661809, 0.748328 -0.653041, 0.752306 -0.644067, 0.755839 -0.634908, 0.758918 -0.625587, 0.761536 -0.616126, 0.763687 -0.606548, 0.765365 -0.596876, 0.766567 -0.587134, 0.767289 -0.577344, 0.76753 -0.56753, 0.76753 11.23247, 6.36753 11.23247))",data/renders/blocks/ell_02_shrunk0.20_socket_v1.png,data/renders/blocks/ell_02_shrunk0.20_socket_v2.png,dee10c8f3ed22f46,2cafabb8bc69f022
ell_03,catalog,"POLYGON ((-8.341341 8.958967, -8.340979 8.973687, -8.339896 8.988372, -8.338093 9.002986, -8.335576 9.017494, -8.33235 9.031861, -8.328423 9.046052, -8.323804 9.060034, -8.318504 9.073772, -8.312537 9.087234, -8.305917 9.100386, -8.298659 9.113198, -8.290781 9.125638, -8.282303 9.137677, -8.273244 9.149285, -8.263626 9.160435, -8.253473 9.171099, -8.242808 9.181252, -8.231659 9.19087, -8.22005 9.199929, -8.208012 9.208408, -8.195571 9.216286, -8.18276 9.223543, -8.169607 9.230164, -8.156146 9.236131, -8.142407 9.24143, -8.128426 9.246049, -8.114235 9.249976, -8.099868 9.253203, -8.08536 9.25572, -8.070746 9.257522, -8.056061 9.258606, -8.041341 9.258967, -2.041341 9.258967, -2.02662 9.258606, -2.011935 9.257522, -1.997321 9.25572, -1.982813 9.253203, -1.968446 9.249976, -1.954255 9.246049, -1.940274 9.24143, -1.926535 9.236131, -1.913074 9.230164, -1.899922 9.223543, -1.88711 9.216286, -1.874669 9.208408, -1.862631 9.199929, -1.851023 9.19087, -1.839873 9.181252, -1.829208 9.171099, -1.819055 9.160435, -1.809437 9.149285, -1.800378 9.137677, -1.7919 9.125638, -1.784022 9.113198, -1.776764 9.100386, -1.770144 9.087234, -1.764177 9.073772, -1.758877 9.060034, -1.754258 9.046052, -1.750331 9.031861, -1.747105 9.017494, -1.744588 9.002986, -1.742785 8.988372, -1.741702 8.973687, -1.741341 8.958967, -1.741341 1.258967, 11.958659 1.258967, 11.97338 1.258606, 11.988065 1.257522, 12.002679 1.25572, 12.017187 1.253203, 12.031554 1.249976, 12.045745 1.246049, 12.059726 1.24143, 12.073465 1.236131, 12.086926 1.230164, 12.100078 1.223543, 12.11289 1.216286, 12.125331 1.208408, 12.137369 1.199929, 12.148977 1.19087, 12.160127 1.181252, 12.170792 1.171099, 12.180945 1.160435, 12.190563 1.149285, 12.199622 1.137677, 12.2081 1.125638, 12.215978 1.113198, 12.223236 1.100386, 12.229856 1.087234, 12.235823 1.073772, 12.241123 1.060034, 12.245742 1.046052, 12.249669 1.031861, 12.252895 1.017494, 12.255412 1.002986, 12.257215 0.988372, 12.258298 0.973687, 12.258659 0.958967, 12.258659 -5.041033, 12.258298 -5.055753, 12.257215 -5.070438, 12.255412 -5.085052, 12.252895 -5.09956, 12.249669 -5.113927, 12.245742 -5.128118, 12.241123 -5.1421, 12.235823 -5.155838, 12.229856 -5.169299, 12.223236 -5.182452, 12.215978 -5.195264, 12.2081 -5.207704, 12.199622 -5.219743, 12.190563 -5.231351, 12.180945 -5.242501, 12.170792 -5.253165, 12.160127 -5.263318, 12.148977 -5.272936, 12.137369 -5.281995, 12.125331 -5.290474, 12.11289 -5.298352, 12.100078 -5.305609, 12.086926 -5.31223, 12.073465 -5.318197, 12.059726 -5.323496, 12.045745 -5.328115, 12.031554 -5.332042, 12.017187 -5.335269, 12.002679 -5.337786, 11.988065 -5.339588, 11.97338 -5.340672, 11.958659 -5.341033, -8.041341 -5.341033, -8.056061 -5.340672, -8.070746 -5.339588, -8.08536 -5.337786, -8.099868 -5.335269, -8.114235 -5.332042, -8.128426 -5.328115, -8.142407 -5.323496, -8.156146 -5.318197, -8.169607 -5.31223, -8.18276 -5.305609, -8.195571 -5.298352, -8.208012 -5.290474, -8.22005 -5.281995, -8.231659 -5.272936, -8.242808 -5.263318, -8.253473 -5.253165, -8.263626 -5.242501, -8.273244 -5.231351, -8.282303 -5.219743, -8.290781 -5.207704, -8.298659 -5.195264, -8.305917 -5.182452, -8.312537 -5.169299, -8.318504 -5.155838, -8.323804 -5.1421, -8.328423 -5.128118, -8.33235 -5.113927, -8.335576 -5.09956, -8.338093 -5.085052, -8.339896 -5.070438, -8.340979 -5.055753, -8.341341 -5.041033, -8.341341 8.958967))",data/renders/procedural/ell_03_socket_v1.png,data/renders/procedural/ell_03_socket_v2.png,b6e4b1036f5040d4,f1a33a1c2a47c2b1
ell_03_shrunk0.20,shrunk,"POLYGON ((-7.770896 8.828937, -2.170896 8.828937, -2.170896 1.028937, -2.170655 1.019123, -2.169933 1.009333, -2.168732 0.999591, -2.167053 0.989919, -2.164902 0.980341, -2.162284 0.97088, -2.159205 0.961559, -2.155672 0.9524, -2.151694 0.943426, -2.14728 0.934658, -2.142442 0.926116, -2.13719 0.917823, -2.131538 0.909797, -2.125498 0.902058, -2.119086 0.894625, -2.112318 0.887516, -2.105208 0.880747, -2.097775 0.874335, -2.090036 0.868295, -2.08201 0.862643, -2.073717 0.857391, -2.065176 0.852553, -2.056407 0.848139, -2.047433 0.844161, -2.038274 0.840628, -2.028953 0.837549, -2.019492 0.834931, -2.009914 0.83278, -2.000242 0.831102, -1.9905 0.8299, -1.98071 0.829178, -1.970896 0.828937, 11.829104 0.828937, 11.829104 -4.771063, -7.770896 -4.771063, -7.770896 8.828937))",data/renders/blocks/ell_03_shrunk0.20_socket_v1.png,data/renders/blocks/ell_03_shrunk0.20_socket_v2.png,38f30ca4f47d7433,c80f18e6cbf9f992
ell_04,catalog,"POLYGON ((8.341341 8.958967, 8.341341 -5.041033, 8.340979 -5.055753, 8.339896 -5.070438, 8.338093 -5.085052, 8.335576 -5.09956, 8.33235 -5.113927, 8.328423 -5.128118, 8.323804 -5.1421, 8.318504 -5.155838, 8.312537 -5.169299, 8.305917 -5.182452, 8.298659 -5.195264, 8.290781 -5.207704, 8.282303 -5.219743, 8.273244 -5.231351, 8.263626 -5.242501, 8.253473 -5.253165, 8.242808 -5.263318, 8.231659 -5.272936, 8.22005 -5.281995, 8.208012 -5.290474, 8.195571 -5.298352, 8.18276 -5.305609, 8.169607 -5.31223, 8.156146 -5.318197, 8.142407 -5.323496, 8.128426 -5.328115, 8.114235 -5.332042, 8.099868 -5.335269, 8.08536 -5.337786, 8.070746 -5.339588, 8.056061 -5.340672, 8.041341 -5.341033, -11.958659 -5.341033, -11.97338 -5.340672, -11.988065 -5.339588, -12.002679 -5.337786, -12.017187 -5.335269, -12.031554 -5.332042, -12.045745 -5.328115, -12.059726 -5.323496, -12.073465 -5.318197, -12.086926 -5.31223, -12.100078 -5.305609, -12.11289 -5.298352, -12.125331 -5.290474, -12.137369 -5.281995, -12.148977 -5.272936, -12.160127 -5.263318, -12.170792 -5.253165, -12.180945 -5.242501, -12.190563 -5.231351, -12.199622 -5.219743, -12.2081 -5.207704, -12.215978 -5.195264, -12.223236 -5.182452, -12.229856 -5.169299, -12.235823 -5.155838, -12.241123 -5.1421, -12.245742 -5.128118, -12.249669 -5.113927, -12.252895 -5.09956, -12.255412 -5.085052, -12.257215 -5.070438, -12.258298 -5.055753, -12.258659 -5.041033, -12.258659 0.958967, -12.258298 0.973687, -12.257215 0.988372, -12.255412 1.002986, -12.252895 1.017494, -12.249669 1.031861, -12.245742 1.046052, -12.241123 1.060034, -12.235823 1.073772, -12.229856 1.087234, -12.223236 1.100386, -12.215978 1.113198, -12.2081 1.125638, -12.199622 1.137677, -12.190563 1.149285, -12.180945 1.160435, -12.170792 1.171099, -12.160127 1.181252, -12.148977 1.19087, -12.137369 1.199929, -12.125331 1.208408, -12.11289 1.216286, -12.100078 1.223543, -12.086926 1.230164, -12.073465 1.236131, -12.059726 1.24143, -12.045745 1.246049, -12.031554 1.249976, -12.017187 1.253203, -12.002679 1.25572, -11.988065 1.257522, -11.97338 1.258606, -11.958659 1.258967, 1.741341 1.258967, 1.741341 8.958967, 1.741702 8.973687, 1.742785 8.988372, 1.744588 9.002986, 1.747105 9.017494, 1.750331 9.031861, 1.754258 9.046052, 1.758877 9.060034, 1.764177 9.073772, 1.770144 9.087234, 1.776764 9.100386, 1.784022 9.113198, 1.7919 9.125638, 1.800378 9.137677, 1.809437 9.149285, 1.819055 9.160435, 1.829208 9.171099, 1.839873 9.181252, 1.851023 9.19087, 1.862631 9.199929, 1.874669 9.208408, 1.88711 9.216286, 1.899922 9.223543, 1.913074 9.230164, 1.926535 9.236131, 1.940274 9.24143, 1.954255 9.246049, 1.968446 9.249976, 1.982813 9.253203, 1.997321 9.25572, 2.011935 9.257522, 2.02662 9.258606, 2.041341 9.258967, 8.041341 9.258967, 8.056061 9.258606, 8.070746 9.257522, 8.08536 9.25572, 8.099868 9.253203, 8.114235 9.249976, 8.128426 9.246049, 8.142407 9.24143, 8.156146 9.236131, 8.169607 9.230164, 8.18276 9.223543, 8.195571 9.216286, 8.208012 9.208408, 8.22005 9.199929, 8.231659 9.19087, 8.242808 9.181252, 8.253473 9.171099, 8.263626 9.160435, 8.273244 9.149285, 8.282303 9.137677, 8.290781 9.125638, 8.298659 9.113198, 8.305917 9.100386, 8.312537 9.087234, 8.318504 9.073772, 8.323804 9.060034, 8.328423 9.046052, 8.33235 9.031861, 8.335576 9.017494, 8.338093 9.002986, 8.339896 8.988372, 8.340979 8.973687, 8.341341 8.958967))",data/renders/procedural/ell_04_socket_v1.png,data/renders/procedural/ell_04_socket_v2.png,b0deb8325103082a,25cd04896451d441
ell_04_shrunk0.20,shrunk,"POLYGON ((7.770896 8.828937, 7.770896 -4.771063, -11.829104 -4.771063, -11.829104 0.828937, 1.970896 0.828937, 1.98071 0.829178, 1.9905 0.8299, 2.000242 0.831102, 2.009914 0.83278, 2.019492 0.834931, 2.028953 0.837549, 2.038274 0.840628, 2.047433 0.844161, 2.056407 0.848139, 2.065176 0.852553, 2.073717 0.857391, 2.08201 0.862643, 2.090036 0.868295, 2.097775 0.874335, 2.105208 0.880747, 2.112318 0.887516, 2.119086 0.894625, 2.125498 0.902058, 2.131538 0.909797, 2.13719 0.917823, 2.142442 0.926116, 2.14728 0.934658, 2.151694 0.943426, 2.155672 0.9524, 2.159205 0.961559, 2.162284 0.97088, 2.164902 0.980341, 2.167053 0.989919, 2.168732 0.999591, 2.169933 1.009333, 2.170655 1.019123, 2.170896 1.028937, 2.170896 8.828937, 7.770896 8.828937))",data/renders/blocks/ell_04_shrunk0.20_socket_v1.png,data/renders/blocks/ell_04_shrunk0.20_socket_v2.png,b42cb6ec1ed6ef04,a1a7e82622ed775e
ell_05,catalog,"POLYGON ((-6.29254 12.00746, -6.292179 12.02218, -6.291096 12.036865, -6.289293 12.051479, -6.286776 12.065987, -6.28355 12.080354, -6.279622 12.094545, -6.275004 12.108527, -6.269704 12.122265, -6.263737 12.135726, -6.257117 12.148879, -6.249859 12.16169, -6.241981 12.174131, -6.233503 12.186169, -6.224443 12.197778, -6.214826 12.208927, -6.204672 12.219592, -6.194008 12.229745, -6.182858 12.239363, -6.17125 12.248422, -6.159211 12.256901, -6.146771 12.264778, -6.133959 12.272036, -6.120807 12.278656, -6.107345 12.284624, -6.093607 12.289923, -6.079626 12.294542, -6.065434 12.298469, -6.051067 12.301695, -6.036559 12.304213, -6.021945 12.306015, -6.007261 12.307098, -5.99254 12.30746, -1.99254 12.30746, -1.97782 12.307098, -1.963135 12.306015, -1.948521 12.304213, -1.934013 12.301695, -1.919646 12.298469, -1.905455 12.294542, -1.891473 12.289923, -1.877735 12.284624, -1.864274 12.278656, -1.851121 12.272036, -1.83831 12.264778, -1.825869 12.256901, -1.813831 12.248422, -1.802222 12.239363, -1.791073 12.229745, -1.780408 12.219592, -1.770255 12.208927, -1.760637 12.197778, -1.751578 12.186169, -1.743099 12.174131, -1.735222 12.16169, -1.727964 12.148879, -1.721344 12.135726, -1.715376 12.122265, -1.710077 12.108527, -1.705458 12.094545, -1.701531 12.080354, -1.698305 12.065987, -1.695787 12.051479, -1.693985 12.036865, -1.692902 12.02218, -1.69254 12.00746, -1.69254 -1.69254, 12.00746 -1.69254, 12.02218 -1.692902, 12.036865 -1.693985, 12.051479 -1.695787, 12.065987 -1.698305, 12.080354 -1.701531, 12.094545 -1.705458, 12.108527 -1.710077, 12.122265 -1.715376, 12.135726 -1.721344, 12.148879 -1.727964, 12.16169 -1.735222, 12.174131 -1.743099, 12.186169 -1.751578, 12.197778 -1.760637, 12.208927 -1.770255, 12.219592 -1.780408, 12.229745 -1.791073, 12.239363 -1.802222, 12.248422 -1.813831, 12.256901 -1.825869, 12.264778 -1.83831, 12.272036 -1.851121, 12.278656 -1.864274, 12.284624 -1.877735, 12.289923 -1.891473, 12.294542 -1.905455, 12.298469 -1.919646, 12.301695 -1.934013, 12.304213 -1.948521, 12.306015 -1.963135, 12.307098 -1.97782, 12.30746 -1.99254, 12.30746 -5.99254, 12.307098 -6.007261, 12.306015 -6.021945, 12.304213 -6.036559, 12.301695 -6.051067, 12.298469 -6.065434, 12.294542 -6.079626, 12.289923 -6.093607, 12.284624 -6.107345, 12.278656 -6.120807, 12.272036 -6.133959, 12.264778 -6.146771, 12.256901 -6.159211, 12.248422 -6.17125, 12.239363 -6.182858, 12.229745 -6.194008, 12.219592 -6.204672, 12.208927 -6.214826, 12.197778 -6.224443, 12.186169 -6.233503, 12.174131 -6.241981, 12.16169 -6.249859, 12.148879 -6.257117, 12.135726 -6.263737, 12.122265 -6.269704, 12.108527 -6.275004, 12.094545 -6.279622, 12.080354 -6.28355, 12.065987 -6.286776, 12.051479 -6.289293, 12.036865 -6.291096, 12.02218 -6.292179, 12.00746 -6.29254, -5.99254 -6.29254, -6.007261 -6.292179, -6.021945 -6.291096, -6.036559 -6.289293, -6.051067 -6.286776, -6.065434 -6.28355, -6.079626 -6.279622, -6.093607 -6.275004, -6.107345 -6.269704, -6.120807 -6.263737, -6.133959 -6.257117, -6.146771 -6.249859, -6.159211 -6.241981, -6.17125 -6.233503, -6.182858 -6.224443, -6.194008 -6.214826, -6.204672 -6.204672, -6.214826 -6.194008, -6.224443 -6.182858, -6.233503 -6.17125, -6.241981 -6.159211, -6.249859 -6.146771, -6.257117 -6.133959, -6.263737 -6.120807, -6.269704 -6.107345, -6.275004 -6.093607, -6.279622 -6.079626, -6.28355 -6.065434, -6.286776 -6.051067, -6.289293 -6.036559, -6.291096 -6.021945, -6.292179 -6.007261, -6.29254 -5.99254, -6.29254 12.00746))",data/renders/procedural/ell_05_socket_v1.png,data/renders/procedural/ell_05_socket_v2.png,3b985cf47a034fc8,dcf0af3adbaeda0e
ell_05_shrunk0.20,shrunk,"POLYGON ((-5.698579 11.901421, -2.098579 11.901421, -2.098579 -1.898579, -2.098338 -1.908393, -2.097616 -1.918182, -2.096414 -1.927925, -2.094736 -1.937597, -2.092585 -1.947175, -2.089967 -1.956636, -2.086888 -1.965957, -2.083355 -1.975116, -2.079377 -1.98409, -2.074963 -1.992858, -2.070125 -2.0014, -2.064873 -2.009693, -2.05922 -2.017719, -2.053181 -2.025458, -2.046769 -2.032891, -2.04 -2.04, -2.032891 -2.046769, -2.025458 -2.053181, -2.017719 -2.05922, -2.009693 -2.064873, -2.0014 -2.070125, -1.992858 -2.074963, -1.98409 -2.079377, -1.975116 -2.083355, -1.965957 -2.086888, -1.956636 -2.089967, -1.947175 -2.092585, -1.937597 -2.094736, -1.927925 -2.096414, -1.918182 -2.097616, -1.908393 -2.098338, -1.898579 -2.098579, 11.901421 -2.098579, 11.901421 -5.698579, -5.698579 -5.698579, -5.698579 11.901421))",data/renders/blocks/ell_05_shrunk0.20_socket_v1.png,data/renders/blocks/ell_05_shrunk0.20_socket_v2.png,e2ef8049a218d3c3,6315963c7c0abf6c
ell_06,catalog,"POLYGON ((6.29254 12.00746, 6.29254 -5.99254, 6.292179 -6.007261, 6.291096 -6.021945, 6.289293 -6.036559, 6.286776 -6.051067, 6.28355 -6.065434, 6.279622 -6.079626, 6.275004 -6.093607, 6.269704 -6.107345, 6.263737 -6.120807, 6.257117 -6.133959, 6.249859 -6.146771, 6.241981 -6.159211, 6.233503 -6.17125, 6.224443 -6.182858, 6.214826 -6.194008, 6.204672 -6.204672, 6.194008 -6.214826, 6.182858 -6.224443, 6.17125 -6.233503, 6.159211 -6.241981, 6.146771 -6.249859, 6.133959 -6.257117, 6.120807 -6.263737, 6.107345 -6.269704, 6.093607 -6.275004, 6.079626 -6.279622, 6.065434 -6.28355, 6.051067 -6.286776, 6.036559 -6.289293, 6.021945 -6.291096, 6.007261 -6.292179, 5.99254 -6.29254, -12.00746 -6.29254, -12.02218 -6.292179, -12.036865 -6.291096, -12.051479 -6.289293, -12.065987 -6.286776, -12.080354 -6.28355, -12.094545 -6.279622, -12.108527 -6.275004, -12.122265 -6.269704, -12.135726 -6.263737, -12.148879 -6.257117, -12.16169 -6.249859, -12.174131 -6.241981, -12.186169 -6.233503, -12.197778 -6.224443, -12.208927 -6.214826, -12.219592 -6.204672, -12.229745 -6.194008, -12.239363 -6.182858, -12.248422 -6.17125, -12.256901 -6.159211, -12.264778 -6.146771, -12.272036 -6.133959, -12.278656 -6.120807, -12.284624 -6.107345, -12.289923 -6.093607, -12.294542 -6.079626, -12.298469 -6.065434, -12.301695 -6.051067, -12.304213 -6.036559, -12.306015 -6.021945, -12.307098 -6.007261, -12.30746 -5.99254, -12.30746 -1.99254, -12.307098 -1.97782, -12.306015 -1.963135, -12.304213 -1.948521, -12.301695 -1.934013, -12.298469 -1.919646, -12.294542 -1.905455, -12.289923 -1.891473, -12.284624 -1.877735, -12.278656 -1.864274, -12.272036 -1.851121, -12.264778 -1.83831, -12.256901 -1.825869, -12.248422 -1.813831, -12.239363 -1.802222, -12.229745 -1.791073, -12.219592 -1.780408, -12.208927 -1.770255, -12.197778 -1.760637, -12.186169 -1.751578, -12.174131 -1.743099, -12.16169 -1.735222, -12.148879 -1.727964, -12.135726 -1.721344, -12.122265 -1.715376, -12.108527 -1.710077, -12.094545 -1.705458, -12.080354 -1.701531, -12.065987 -1.698305, -12.051479 -1.695787, -12.036865 -1.693985, -12.02218 -1.692902, -12.00746 -1.69254, 1.69254 -1.69254, 1.69254 12.00746, 1.692902 12.02218, 1.693985 12.036865, 1.695787 12.051479, 1.698305 12.065987, 1.701531 12.080354, 1.705458 12.094545, 1.710077 12.108527, 1.715376 12.122265, 1.721344 12.135726, 1.727964 12.148879, 1.735222 12.16169, 1.743099 12.174131, 1.751578 12.186169, 1.760637 12.197778, 1.770255 12.208927, 1.780408 12.219592, 1.791073 12.229745, 1.802222 12.239363, 1.813831 12.248422, 1.825869 12.256901, 1.83831 12.264778, 1.851121 12.272036, 1.864274 12.278656, 1.877735 12.284624, 1.891473 12.289923, 1.905455 12.294542, 1.919646 12.298469, 1.934013 12.301695, 1.948521 12.304213, 1.963135 12.306015, 1.97782 12.307098, 1.99254 12.30746, 5.99254 12.30746, 6.007261 12.307098, 6.021945 12.306015, 6.036559 12.304213, 6.051067 12.301695, 6.065434 12.298469, 6.079626 12.294542, 6.093607 12.289923, 6.107345 12.284624, 6.120807 12.278656, 6.133959 12.272036, 6.146771 12.264778, 6.159211 12.256901, 6.17125 12.248422, 6.182858 12.239363, 6.194008 12.229745, 6.204672 12.219592, 6.214826 12.208927, 6.224443 12.197778, 6.233503 12.186169, 6.241981 12.174131, 6.249859 12.16169, 6.257117 12.148879, 6.263737 12.135726, 6.269704 12.122265, 6.275004 12.108527, 6.279622 12.094545, 6.28355 12.080354, 6.286776 12.065987, 6.289293 12.051479, 6.291096 12.036865, 6.292179 12.02218, 6.29254 12.00746))",data/renders/procedural/ell_06_socket_v1.png,data/renders/procedural/ell_06_socket_v2.png,3b3f1110f0262260,6589d1266254f1bf
ell_06_shrunk0.20,shrunk,"POLYGON ((5.698579 11.901421, 5.698579 -5.698579, -11.901421 -5.698579, -11.901421 -2.098579, 1.898579 -2.098579, 1.908393 -2.098338, 1.918182 -2.097616, 1.927925 -2.096414, 1.937597 -2.094736, 1.947175 -2.092585, 1.956636 -2.089967, 1.965957 -2.086888, 1.975116 -2.083355, 1.98409 -2.079377, 1.992858 -2.074963, 2.0014 -2.070125, 2.009693 -2.064873, 2.017719 -2.05922, 2.025458 -2.053181, 2.032891 -2.046769, 2.04 -2.04, 2.046769 -2.032891, 2.053181 -2.025458, 2.05922 -2.017719, 2.064873 -2.009693, 2.070125 -2.0014, 2.074963 -1.992858, 2.079377 -1.98409, 2.083355 -1.975116, 2.086888 -1.965957, 2.089967 -1.956636, 2.092585 -1.947175, 2.094736 -1.937597, 2.096414 -1.927925, 2.097616 -1.918182, 2.098338 -1.908393, 2.098579 -1.898579, 2.098579 11.901421, 5.698579 11.901421))",data/renders/blocks/ell_06_shrunk0.20_socket_v1.png,data/renders/blocks/ell_06_shrunk0.20_socket_v2.png,f38cc3f16a580252,f81842c790d6558c
ellipse_01,catalog,"POLYGON ((10.299749 0.012264, 10.3 5.098021e-16, 10.299749 -0.012264, 10.287704 -0.30667, 10.286956 -0.318862, 10.285713 -0.331013, 10.249605 -0.624709, 10.247893 -0.636648, 10.245703 -0.648509, 10.185621 -0.940789, 10.183014 -0.952313, 10.179956 -0.963726, 10.096044 -1.253885, 10.092641 -1.26486, 10.08882 -1.275697, 9.981279 -1.563036, 9.977196 -1.573362, 9.972732 -1.583529, 9.841823 -1.867356, 9.832202 -1.886403, 9.67824 -2.166034, 9.667789 -2.183575, 9.491143 -2.458336, 9.480088 -2.474364, 9.281186 -2.743594, 9.269726 -2.758144, 9.049045 -3.021194, 9.037348 -3.034334, 8.795422 -3.29057, 8.783625 -3.302388, 8.521035 -3.551193, 8.509247 -3.561785, 8.226626 -3.802559, 8.214928 -3.812029, 7.912958 -4.044193, 7.90141 -4.052641, 7.580816 -4.275635, 7.569459 -4.283158, 7.231015 -4.496445, 7.219874 -4.503134, 6.864396 -4.7062, 6.853484 -4.712137, 6.481827 -4.904493, 6.47115 -4.909753, 6.084211 -5.090936, 6.073766 -5.095586, 5.672475 -5.265158, 5.662254 -5.269258, 5.247579 -5.426812, 5.237572 -5.430413, 4.810512 -5.575568, 4.800702 -5.578716, 4.362286 -5.711124, 4.352659 -5.713857, 3.903942 -5.833198, 3.89448 -5.835551, 3.436544 -5.941538, 3.427228 -5.943539, 2.961176 -6.035917, 2.951987 -6.03759, 2.478942 -6.116136, 2.46986 -6.117501, 1.990962 -6.182025, 1.981968 -6.183099, 1.49837 -6.233446, 1.489445 -6.234241, 1.002312 -6.27029, 0.993436 -6.270815, 0.503941 -6.292479, 0.495095 -6.29274, 0.004418 -6.299967, -0.004418 -6.299967, -0.495095 -6.29274, -0.503941 -6.292479, -0.993436 -6.270815, -1.002312 -6.27029, -1.489445 -6.234241, -1.49837 -6.233446, -1.981968 -6.183099, -1.990962 -6.182025, -2.46986 -6.117501, -2.478942 -6.116136, -2.951987 -6.03759, -2.961176 -6.035917, -3.427228 -5.943539, -3.436544 -5.941538, -3.89448 -5.835551, -3.903942 -5.833198, -4.352659 -5.713857, -4.362286 -5.711124, -4.800702 -5.578716, -4.810512 -5.575568, -5.237572 -5.430413, -5.247579 -5.426812, -5.662254 -5.269258, -5.672475 -5.265158, -6.073766 -5.095586, -6.084211 -5.090936, -6.47115 -4.909753, -6.481827 -4.904493, -6.853484 -4.712137, -6.864396 -4.7062, -7.219874 -4.503134, -7.231015 -4.496445, -7.569459 -4.283158, -7.580816 -4.275635, -7.90141 -4.052641, -7.912958 -4.044193, -8.214928 -3.812029, -8.226626 -3.802559, -8.509247 -3.561785, -8.521035 -3.551193, -8.783625 -3.302388, -8.795422 -3.29057, -9.037348 -3.034334, -9.049045 -3.021194, -9.269726 -2.758144, -9.281186 -2.743594, -9.480088 -2.474364, -9.491143 -2.458336, -9.667789 -2.183575, -9.67824 -2.166034, -9.832202 -1.886403, -9.841823 -1.867356, -9.972732 -1.583529, -9.977196 -1.573362, -9.981279 -1.563036, -10.08882 -1.275697, -10.092641 -1.26486, -10.096044 -1.253885, -10.179956 -0.963726, -10.183014 -0.952313, -10.185621 -0.940789, -10.245703 -0.648509, -10.247893 -0.636648, -10.249605 -0.624709, -10.285713 -0.331013, -10.286956 -0.318862, -10.287704 -0.30667, -10.299749 -0.012264, -10.3 5.098021e-16, -10.299749 0.012264, -10.287704 0.30667, -10.286956 0.318862, -10.285713 0.331013, -10.249605 0.624709, -10.247893 0.636648, -10.245703 0.648509, -10.185621 0.940789, -10.183014 0.952313, -10.179956 0.963726, -10.096044 1.253885, -10.092641 1.26486, -10.08882 1.275697, -9.981279 1.563036, -9.977196 1.573362, -9.972732 1.583529, -9.841823 1.867356, -9.832202 1.886403, -9.67824 2.166034, -9.667789 2.183575, -9.491143 2.458336, -9.480088 2.474364, -9.281186 2.743594, -9.269726 2.758144, -9.049045 3.021194, -9.037348 3.034334, -8.795422 3.29057, -8.783625 3.302388, -8.521035 3.551193, -8.509247 3.561785, -8.226626 3.802559, -8.214928 3.812029, -7.912958 4.044193, -7.90141 4.052641, -7.580816 4.275635, -7.569459 4.283158, -7.231015 4.496445, -7.219874 4.503134, -6.864396 4.7062, -6.853484 4.712137, -6.481827 4.904493, -6.47115 4.909753, -6.084211 5.090936, -6.073766 5.095586, -5.672475 5.265158, -5.662254 5.269258, -5.247579 5.426812, -5.237572 5.430413, -4.810512 5.575568, -4.800702 5.578716, -4.362286 5.711124, -4.352659 5.713857, -3.903942 5.833198, -3.89448 5.835551, -3.436544 5.941538, -3.427228 5.943539, -2.961176 6.035917, -2.951987 6.03759, -2.478942 6.116136, -2.46986 6.117501, -1.990962 6.182025, -1.981968 6.183099, -1.49837 6.233446, -1.489445 6.234241, -1.002312 6.27029, -0.993436 6.270815, -0.503941 6.292479, -0.495095 6.29274, -0.004418 6.299967, 0.004418 6.299967, 0.495095 6.29274, 0.503941 6.292479, 0.993436 6.270815, 1.002312 6.27029, 1.489445 6.234241, 1.49837 6.233446, 1.981968 6.183099, 1.990962 6.182025, 2.46986 6.117501, 2.478942 6.116136, 2.951987 6.03759, 2.961176 6.035917, 3.427228 5.943539, 3.436544 5.941538, 3.89448 5.835551, 3.903942 5.833198, 4.352659 5.713857, 4.362286 5.711124, 4.800702 5.578716, 4.810512 5.575568, 5.237572 5.430413, 5.247579 5.426812, 5.662254 5.269258, 5.672475 5.265158, 6.073766 5.095586, 6.084211 5.090936, 6.47115 4.909753, 6.481827 4.904493, 6.853484 4.712137, 6.864396 4.7062, 7.219874 4.503134, 7.231015 4.496445, 7.569459 4.283158, 7.580816 4.275635, 7.90141 4.052641, 7.912958 4.044193, 8.214928 3.812029, 8.226626 3.802559, 8.509247 3.561785, 8.521035 3.551193, 8.783625 3.302388, 8.795422 3.29057, 9.037348 3.034334, 9.049045 3.021194, 9.269726 2.758144, 9.281186 2.743594, 9.480088 2.474364, 9.491143 2.458336, 9.667789 2.183575, 9.67824 2.166034, 9.832202 1.886403, 9.841823 1.867356, 9.972732 1.583529, 9.977196 1.573362, 9.981279 1.563036, 10.08882 1.275697, 10.092641 1.26486, 10.096044 1.253885, 10.179956 0.963726, 10.183014 0.952313, 10.185621 0.940789, 10.245703 0.648509, 10.247893 0.636648, 10.249605 0.624709, 10.285713 0.331013, 10.286956 0.318862, 10.287704 0.30667, 10.299749 0.012264))",data/renders/procedural/ellipse_01_socket_v1.png,data/renders/procedural/ellipse_01_socket_v2.png,8645a6e9dc3902d2,84a9be3c64cdc6c5
ellipse_01_shrunk0.20,shrunk,"POLYGON ((9.799833 4.32115e-16, 9.788455 -0.278089, 9.754324 -0.555713, 9.697448 -0.832392, 9.617855 -1.107617, 9.515597 -1.380841, 9.390771 -1.65148, 9.243526 -1.91891, 9.074075 -2.182481, 8.882701 -2.44152, 8.669761 -2.695344, 8.435685 -2.943265, 8.180973 -3.184606, 7.906195 -3.418699, 7.611985 -3.644896, 7.299037 -3.862572, 6.968102 -4.071128, 6.619982 -4.26999, 6.255527 -4.458619, 5.875633 -4.636502, 5.481236 -4.803162, 5.073307 -4.958152, 4.652856 -5.101062, 4.220921 -5.231512, 3.77857 -5.349161, 3.326896 -5.453699, 2.867015 -5.544853, 2.400062 -5.622387, 1.92719 -5.686099, 1.449566 -5.735825, 0.968367 -5.771435, 0.484781 -5.792838, 2.578787e-16 -5.799978, -0.484781 -5.792838, -0.968367 -5.771435, -1.449566 -5.735825, -1.92719 -5.686099, -2.400062 -5.622387, -2.867015 -5.544853, -3.326896 -5.453699, -3.77857 -5.349161, -4.220921 -5.231512, -4.652856 -5.101062, -5.073307 -4.958152, -5.481236 -4.803162, -5.875633 -4.636502, -6.255527 -4.458619, -6.619982 -4.26999, -6.968102 -4.071128, -7.299037 -3.862572, -7.611985 -3.644896, -7.906195 -3.418699, -8.180973 -3.184606, -8.435685 -2.943265, -8.669761 -2.695344, -8.882701 -2.44152, -9.074075 -2.182481, -9.243526 -1.91891, -9.390771 -1.65148, -9.515597 -1.380841, -9.617855 -1.107617, -9.697448 -0.832392, -9.754324 -0.555713, -9.788455 -0.278089, -9.799833 3.789952e-16, -9.788455 0.278089, -9.754324 0.555713, -9.697448 0.832392, -9.617855 1.107617, -9.515597 1.380841, -9.390771 1.65148, -9.243526 1.91891, -9.074075 2.182481, -8.882701 2.44152, -8.669761 2.695344, -8.435685 2.943265, -8.180973 3.184606, -7.906195 3.418699, -7.611985 3.644896, -7.299037 3.862572, -6.968102 4.071128, -6.619982 4.26999, -6.255527 4.458619, -5.875633 4.636502, -5.481236 4.803162, -5.073307 4.958152, -4.652856 5.101062, -4.220921 5.231512, -3.77857 5.349161, -3.326896 5.453699, -2.867015 5.544853, -2.400062 5.622387, -1.92719 5.686099, -1.449566 5.735825, -0.968367 5.771435, -0.484781 5.792838, 2.285599e-16 5.799978, 0.484781 5.792838, 0.968367 5.771435, 1.449566 5.735825, 1.92719 5.686099, 2.400062 5.622387, 2.867015 5.544853, 3.326896 5.453699, 3.77857 5.349161, 4.220921 5.231512, 4.652856 5.101062, 5.073307 4.958152, 5.481236 4.803162, 5.875633 4.636502, 6.255527 4.458619, 6.619982 4.26999, 6.968102 4.071128, 7.299037 3.862572, 7.611985 3.644896, 7.906195 3.418699, 8.180973 3.184606, 8.435685 2.943265, 8.669761 2.695344, 8.882701 2.44152, 9.074075 2.182481, 9.243526 1.91891, 9.390771 1.65148, 9.515597 1.380841, 9.617855 1.107617, 9.697448 0.832392, 9.754324 0.555713, 9.788455 0.278089, 9.799833 4.32115e-16))",data/renders/blocks/ellipse_01_shrunk0.20_socket_v1.png,data/renders/blocks/ellipse_01_shrunk0.20_socket_v2.png,9492d42d2fd664cc,06d0f77615f8bc08
ellipse_02,catalog,"POLYGON ((9.299708 0.013243, 9.3 8.692263e-16, 9.299708 -0.013243, 9.288867 -0.258582, 9.287996 -0.271729, 9.286549 -0.284825, 9.254053 -0.529572, 9.252068 -0.542387, 9.249532 -0.555105, 9.195458 -0.798672, 9.192459 -0.81095, 9.188946 -0.82309, 9.113425 -1.06489, 9.109549 -1.076466, 9.105206 -1.087876, 9.008419 -1.327325, 9.003823 -1.338088, 8.99881 -1.348662, 8.880992 -1.585185, 8.875837 -1.595069, 8.870319 -1.604755, 8.731752 -1.83778, 8.72032 -1.85555, 8.561339 -2.084518, 8.549418 -2.100523, 8.370406 -2.324881, 8.358223 -2.339206, 8.15961 -2.558414, 8.147346 -2.571173, 7.929612 -2.784703, 7.917405 -2.796027, 7.681074 -3.003365, 7.669026 -3.01339, 7.414667 -3.214035, 7.402849 -3.222894, 7.131076 -3.416364, 7.119533 -3.424184, 6.830999 -3.610012, 6.819757 -3.616908, 6.515158 -3.794647, 6.504228 -3.800723, 6.184298 -3.969944, 6.17368 -3.975294, 5.839189 -4.135591, 5.828874 -4.140296, 5.480628 -4.291282, 5.470604 -4.295414, 5.109443 -4.436724, 5.099691 -4.440346, 4.726484 -4.571641, 4.716985 -4.574806, 4.332631 -4.695769, 4.323364 -4.698522, 3.928789 -4.808862, 3.919731 -4.811244, 3.515886 -4.910695, 3.507014 -4.912737, 3.094872 -5.00106, 3.086163 -5.002792, 2.666717 -5.079773, 2.658149 -5.081218, 2.232409 -5.146672, 2.22396 -5.147849, 1.792951 -5.201619, 1.784599 -5.202542, 1.34936 -5.244498, 1.341083 -5.245181, 0.902663 -5.275222, 0.894438 -5.275672, 0.453893 -5.293726, 0.4457 -5.293949, 0.004091 -5.299972, -0.004091 -5.299972, -0.4457 -5.293949, -0.453893 -5.293726, -0.894438 -5.275672, -0.902663 -5.275222, -1.341083 -5.245181, -1.34936 -5.244498, -1.784599 -5.202542, -1.792951 -5.201619, -2.22396 -5.147849, -2.232409 -5.146672, -2.658149 -5.081218, -2.666717 -5.079773, -3.086163 -5.002792, -3.094872 -5.00106, -3.507014 -4.912737, -3.515886 -4.910695, -3.919731 -4.811244, -3.928789 -4.808862, -4.323364 -4.698522, -4.332631 -4.695769, -4.716985 -4.574806, -4.726484 -4.571641, -5.099691 -4.440346, -5.109443 -4.436724, -5.470604 -4.295414, -5.480628 -4.291282, -5.828874 -4.140296, -5.839189 -4.135591, -6.17368 -3.975294, -6.184298 -3.969944, -6.504228 -3.800723, -6.515158 -3.794647, -6.819757 -3.616908, -6.830999 -3.610012, -7.119533 -3.424184, -7.131076 -3.416364, -7.402849 -3.222894, -7.414667 -3.214035, -7.669026 -3.01339, -7.681074 -3.003365, -7.917405 -2.796027, -7.929612 -2.784703, -8.147346 -2.571173, -8.15961 -2.558414, -8.358223 -2.339206, -8.370406 -2.324881, -8.549418 -2.100523, -8.561339 -2.084518, -8.72032 -1.85555, -8.731752 -1.83778, -8.870319 -1.604755, -8.875837 -1.595069, -8.880992 -1.585185, -8.99881 -1.348662, -9.003823 -1.338088, -9.008419 -1.327325, -9.105206 -1.087876, -9.109549 -1.076466, -9.113425 -1.06489, -9.188946 -0.82309, -9.192459 -0.81095, -9.195458 -0.798672, -9.249532 -0.555105, -9.252068 -0.542387, -9.254053 -0.529572, -9.286549 -0.284825, -9.287996 -0.271729, -9.288867 -0.258582, -9.299708 -0.013243, -9.3 8.692263e-16, -9.299708 0.013243, -9.288867 0.258582, -9.287996 0.271729, -9.286549 0.284825, -9.254053 0.529572, -9.252068 0.542387, -9.249532 0.555105, -9.195458 0.798672, -9.192459 0.81095, -9.188946 0.82309, -9.113425 1.06489, -9.109549 1.076466, -9.105206 1.087876, -9.008419 1.327325, -9.003823 1.338088, -8.99881 1.348662, -8.880992 1.585185, -8.875837 1.595069, -8.870319 1.604755, -8.731752 1.83778, -8.72032 1.85555, -8.561339 2.084518, -8.549418 2.100523, -8.370406 2.324881, -8.358223 2.339206, -8.15961 2.558414, -8.147346 2.571173, -7.929612 2.784703, -7.917405 2.796027, -7.681074 3.003365, -7.669026 3.01339, -7.414667 3.214035, -7.402849 3.222894, -7.131076 3.416364, -7.119533 3.424184, -6.830999 3.610012, -6.819757 3.616908, -6.515158 3.794647, -6.504228 3.800723, -6.184298 3.969944, -6.17368 3.975294, -5.839189 4.135591, -5.828874 4.140296, -5.480628 4.291282, -5.470604 4.295414, -5.109443 4.436724, -5.099691 4.440346, -4.726484 4.571641, -4.716985 4.574806, -4.332631 4.695769, -4.323364 4.698522, -3.928789 4.808862, -3.919731 4.811244, -3.515886 4.910695, -3.507014 4.912737, -3.094872 5.00106, -3.086163 5.002792, -2.666717 5.079773, -2.658149 5.081218, -2.232409 5.146672, -2.22396 5.147849, -1.792951 5.201619, -1.784599 5.202542, -1.34936 5.244498, -1.341083 5.245181, -0.902663 5.275222, -0.894438 5.275672, -0.453893 5.293726, -0.4457 5.293949, -0.004091 5.299972, 0.004091 5.299972, 0.4457 5.293949, 0.453893 5.293726, 0.894438 5.275672, 0.902663 5.275222, 1.341083 5.245181, 1.34936 5.244498, 1.784599 5.202542, 1.792951 5.201619, 2.22396 5.147849, 2.232409 5.146672, 2.658149 5.081218, 2.666717 5.079773, 3.086163 5.002792, 3.094872 5.00106, 3.507014 4.912737, 3.515886 4.910695, 3.919731 4.811244, 3.928789 4.808862, 4.323364 4.698522, 4.332631 4.695769, 4.716985 4.574806, 4.726484 4.571641, 5.099691 4.440346, 5.109443 4.436724, 5.470604 4.295414, 5.480628 4.291282, 5.828874 4.140296, 5.839189 4.135591, 6.17368 3.975294, 6.184298 3.969944, 6.504228 3.800723, 6.515158 3.794647, 6.819757 3.616908, 6.830999 3.610012, 7.119533 3.424184, 7.131076 3.416364, 7.402849 3.222894, 7.414667 3.214035, 7.669026 3.01339, 7.681074 3.003365, 7.917405 2.796027, 7.929612 2.784703, 8.147346 2.571173, 8.15961 2.558414, 8.358223 2.339206, 8.370406 2.324881, 8.549418 2.100523, 8.561339 2.084518, 8.72032 1.85555, 8.731752 1.83778, 8.870319 1.604755, 8.875837 1.595069, 8.880992 1.585185, 8.99881 1.348662, 9.003823 1.338088, 9.008419 1.327325, 9.105206 1.087876, 9.109549 1.076466, 9.113425 1.06489, 9.188946 0.82309, 9.192459 0.81095, 9.195458 0.798672, 9.249532 0.555105, 9.252068 0.542387, 9.254053 0.529572, 9.286549 0.284825, 9.287996 0.271729, 9.288867 0.258582, 9.299708 0.013243))",data/renders/procedural/ellipse_02_socket_v1.png,data/renders/procedural/ellipse_02_socket_v2.png,fd5e99dcc6fe69e6,c8773c6c2a6b5898
ellipse_02_shrunk0.20,shrunk,"POLYGON ((8.799805 7.600452e-17, 8.789742 -0.227728, 8.759541 -0.455185, 8.70917 -0.682075, 8.63859 -0.908053, 8.547781 -1.132714, 8.436759 -1.355594, 8.305595 -1.576171, 8.15443 -1.793883, 7.98348 -2.008136, 7.793041 -2.218323, 7.583486 -2.423833, 7.355257 -2.624062, 7.108868 -2.818421, 6.844893 -3.006339, 6.563964 -3.187269, 6.266764 -3.360691, 5.954023 -3.52611, 5.626515 -3.68306, 5.285054 -3.831104, 4.930488 -3.969834, 4.5637 -4.09887, 4.185605 -4.217864, 3.797141 -4.326495, 3.399274 -4.424474, 2.992994 -4.51154, 2.579308 -4.587464, 2.159241 -4.652047, 1.733834 -4.705118, 1.30414 -4.74654, 0.871222 -4.776204, 0.43615 -4.794033, -3.626921e-16 -4.799981, -0.43615 -4.794033, -0.871222 -4.776204, -1.30414 -4.74654, -1.733834 -4.705118, -2.159241 -4.652047, -2.579308 -4.587464, -2.992994 -4.51154, -3.399274 -4.424474, -3.797141 -4.326495, -4.185605 -4.217864, -4.5637 -4.09887, -4.930488 -3.969834, -5.285054 -3.831104, -5.626515 -3.68306, -5.954023 -3.52611, -6.266764 -3.360691, -6.563964 -3.187269, -6.844893 -3.006339, -7.108868 -2.818421, -7.355257 -2.624062, -7.583486 -2.423833, -7.793041 -2.218323, -7.98348 -2.008136, -8.15443 -1.793883, -8.305595 -1.576171, -8.436759 -1.355594, -8.547781 -1.132714, -8.63859 -0.908053, -8.70917 -0.682075, -8.759541 -0.455185, -8.789742 -0.227728, -8.799805 1.794736e-17, -8.789742 0.227728, -8.759541 0.455185, -8.70917 0.682075, -8.63859 0.908053, -8.547781 1.132714, -8.436759 1.355594, -8.305595 1.576171, -8.15443 1.793883, -7.98348 2.008136, -7.793041 2.218323, -7.583486 2.423833, -7.355257 2.624062, -7.108868 2.818421, -6.844893 3.006339, -6.563964 3.187269, -6.266764 3.360691, -5.954023 3.52611, -5.626515 3.68306, -5.285054 3.831104, -4.930488 3.969834, -4.5637 4.09887, -4.185605 4.217864, -3.797141 4.326495, -3.399274 4.424474, -2.992994 4.51154, -2.579308 4.587464, -2.159241 4.652047, -1.733834 4.705118, -1.30414 4.74654, -0.871222 4.776204, -0.43615 4.794033, -3.893797e-16 4.799981, 0.43615 4.794033, 0.871222 4.776204, 1.30414 4.74654, 1.733834 4.705118, 2.159241 4.652047, 2.579308 4.587464, 2.992994 4.51154, 3.399274 4.424474, 3.797141 4.326495, 4.185605 4.217864, 4.5637 4.09887, 4.930488 3.969834, 5.285054 3.831104, 5.626515 3.68306, 5.954023 3.52611, 6.266764 3.360691, 6.563964 3.187269, 6.844893 3.006339, 7.108868 2.818421, 7.355257 2.624062, 7.583486 2.423833, 7.793041 2.218323, 7.98348 2.008136, 8.15443 1.793883, 8.305595 1.576171, 8.436759 1.355594, 8.547781 1.132714, 8.63859 0.908053, 8.70917 0.682075, 8.759541 0.455185, 8.789742 0.227728, 8.799805 7.600452e-17))",data/renders/blocks/ellipse_02_shrunk0.20_socket_v1.png,data/renders/blocks/ellipse_02_shrunk0.20_socket_v2.png,e5a133aac1037286,40885d5bd68861b3
ellipse_03,catalog,"POLYGON ((12.299797 0.011039, 12.299797 -0.011039, 12.285342 -0.403581, 12.283726 -0.425534, 12.240397 -0.81713, 12.237211 -0.838713, 12.165112 -1.22842, 12.160445 -1.249409, 12.059751 -1.636287, 12.053728 -1.656487, 11.92468 -2.039606, 11.917451 -2.058857, 11.76036 -2.437293, 11.752091 -2.45548, 11.567336 -2.828321, 11.558194 -2.845365, 11.34622 -3.211713, 11.336372 -3.227573, 11.09769 -3.586546, 11.087291 -3.601212, 10.822475 -3.951945, 10.811666 -3.965434, 10.521354 -4.307082, 10.510258 -4.319431, 10.19515 -4.651171, 10.18387 -4.662432, 9.844725 -4.983464, 9.833348 -4.993697, 9.470983 -5.303248, 9.459578 -5.312517, 9.074866 -5.609843, 9.063489 -5.618216, 8.657357 -5.902598, 8.646047 -5.910141, 8.219474 -6.180896, 8.208263 -6.187673, 7.762275 -6.444148, 7.751182 -6.450219, 7.286854 -6.691796, 7.275893 -6.697218, 6.794344 -6.923314, 6.78352 -6.928138, 6.28591 -7.13821, 6.275225 -7.142481, 5.762753 -7.336022, 5.752202 -7.339784, 5.226102 -7.516328, 5.21568 -7.519615, 4.677221 -7.678737, 4.666919 -7.681583, 4.117396 -7.822899, 4.107203 -7.825331, 3.547941 -7.948501, 3.537845 -7.950544, 2.970191 -8.055271, 2.960179 -8.056944, 2.3855 -8.142976, 2.375557 -8.144295, 1.795239 -8.211425, 1.78535 -8.212403, 1.20079 -8.260469, 1.190941 -8.261116, 0.603547 -8.290002, 0.593721 -8.290323, 0.004909 -8.29996, -0.004909 -8.29996, -0.593721 -8.290323, -0.603547 -8.290002, -1.190941 -8.261116, -1.20079 -8.260469, -1.78535 -8.212403, -1.795239 -8.211425, -2.375557 -8.144295, -2.3855 -8.142976, -2.960179 -8.056944, -2.970191 -8.055271, -3.537845 -7.950544, -3.547941 -7.948501, -4.107203 -7.825331, -4.117396 -7.822899, -4.666919 -7.681583, -4.677221 -7.678737, -5.21568 -7.519615, -5.226102 -7.516328, -5.752202 -7.339784, -5.762753 -7.336022, -6.275225 -7.142481, -6.28591 -7.13821, -6.78352 -6.928138, -6.794344 -6.923314, -7.275893 -6.697218, -7.286854 -6.691796, -7.751182 -6.450219, -7.762275 -6.444148, -8.208263 -6.187673, -8.219474 -6.180896, -8.646047 -5.910141, -8.657357 -5.902598, -9.063489 -5.618216, -9.074866 -5.609843, -9.459578 -5.312517, -9.470983 -5.303248, -9.833348 -4.993697, -9.844725 -4.983464, -10.18387 -4.662432, -10.19515 -4.651171, -10.510258 -4.319431, -10.521354 -4.307082, -10.811666 -3.965434, -10.822475 -3.951945, -11.087291 -3.601212, -11.09769 -3.586546, -11.336372 -3.227573, -11.34622 -3.211713, -11.558194 -2.845365, -11.567336 -2.828321, -11.752091 -2.45548, -11.76036 -2.437293, -11.917451 -2.058857, -11.92468 -2.039606, -12.053728 -1.656487, -12.059751 -1.636287, -12.160445 -1.249409, -12.165112 -1.22842, -12.237211 -0.838713, -12.240397 -0.81713, -12.283726 -0.425534, -12.285342 -0.403581, -12.299797 -0.011039, -12.299797 0.011039, -12.285342 0.403581, -12.283726 0.425534, -12.240397 0.81713, -12.237211 0.838713, -12.165112 1.22842, -12.160445 1.249409, -12.059751 1.636287, -12.053728 1.656487, -11.92468 2.039606, -11.917451 2.058857, -11.76036 2.437293, -11.752091 2.45548, -11.567336 2.828321, -11.558194 2.845365, -11.34622 3.211713, -11.336372 3.227573, -11.09769 3.586546, -11.087291 3.601212, -10.822475 3.951945, -10.811666 3.965434, -10.521354 4.307082, -10.510258 4.319431, -10.19515 4.651171, -10.18387 4.662432, -9.844725 4.983464, -9.833348 4.993697, -9.470983 5.303248, -9.459578 5.312517, -9.074866 5.609843, -9.063489 5.618216, -8.657357 5.902598, -8.646047 5.910141, -8.219474 6.180896, -8.208263 6.187673, -7.762275 6.444148, -7.751182 6.450219, -7.286854 6.691796, -7.275893 6.697218, -6.794344 6.923314, -6.78352 6.928138, -6.28591 7.13821, -6.275225 7.142481, -5.762753 7.336022, -5.752202 7.339784, -5.226102 7.516328, -5.21568 7.519615, -4.677221 7.678737, -4.666919 7.681583, -4.117396 7.822899, -4.107203 7.825331, -3.547941 7.948501, -3.537845 7.950544, -2.970191 8.055271, -2.960179 8.056944, -2.3855 8.142976, -2.375557 8.144295, -1.795239 8.211425, -1.78535 8.212403, -1.20079 8.260469, -1.190941 8.261116, -0.603547 8.290002, -0.593721 8.290323, -0.004909 8.29996, 0.004909 8.29996, 0.593721 8.290323, 0.603547 8.290002, 1.190941 8.261116, 1.20079 8.260469, 1.78535 8.212403, 1.795239 8.211425, 2.375557 8.144295, 2.3855 8.142976, 2.960179 8.056944, 2.970191 8.055271, 3.537845 7.950544, 3.547941 7.948501, 4.107203 7.825331, 4.117396 7.822899, 4.666919 7.681583, 4.677221 7.678737, 5.21568 7.519615, 5.226102 7.516328, 5.752202 7.339784, 5.762753 7.336022, 6.275225 7.142481, 6.28591 7.13821, 6.78352 6.928138, 6.794344 6.923314, 7.275893 6.697218, 7.286854 6.691796, 7.751182 6.450219, 7.762275 6.444148, 8.208263 6.187673, 8.219474 6.180896, 8.646047 5.910141, 8.657357 5.902598, 9.063489 5.618216, 9.074866 5.609843, 9.459578 5.312517, 9.470983 5.303248, 9.833348 4.993697, 9.844725 4.983464, 10.18387 4.662432, 10.19515 4.651171, 10.510258 4.319431, 10.521354 4.307082, 10.811666 3.965434, 10.822475 3.951945, 11.087291 3.601212, 11.09769 3.586546, 11.336372 3.227573, 11.34622 3.211713, 11.558194 2.845365, 11.567336 2.828321, 11.752091 2.45548, 11.76036 2.437293, 11.917451 2.058857, 11.92468 2.039606, 12.053728 1.656487, 12.059751 1.636287, 12.160445 1.249409, 12.165112 1.22842, 12.237211 0.838713, 12.240397 0.81713, 12.283726 0.425534, 12.285342 0.403581, 12.299797 0.011039))",data/renders/procedural/ellipse_03_socket_v1.png,data/renders/procedural/ellipse_03_socket_v2.png,3746a75adbc1613e,8cc625fd1a93b405
ellipse_03_shrunk0.20,shrunk,"POLYGON ((11.799864 -2.420955e-16, 11.785951 -0.377844, 11.74423 -0.754909, 11.67476 -1.130408, 11.577643 -1.503542, 11.453028 -1.873499, 11.301121 -2.239446, 11.122188 -2.600538, 10.916562 -2.955915, 10.684646 -3.304712, 10.426915 -3.64606, 10.143921 -3.979096, 9.836286 -4.302969, 9.504706 -4.61684, 9.149946 -4.919895, 8.772838 -5.211344, 8.374277 -5.490425, 7.955218 -5.75641, 7.516671 -6.008606, 7.0597 -6.246355, 6.585418 -6.46904, 6.094983 -6.676083, 5.589593 -6.866949, 5.070488 -7.041146, 4.538939 -7.198226, 3.99625 -7.337785, 3.443753 -7.459465, 2.882804 -7.562955, 2.31478 -7.647991, 1.741074 -7.714356, 1.163096 -7.761881, 0.582262 -7.790444, -5.507025e-17 -7.799973, -0.582262 -7.790444, -1.163096 -7.761881, -1.741074 -7.714356, -2.31478 -7.647991, -2.882804 -7.562955, -3.443753 -7.459465, -3.99625 -7.337785, -4.538939 -7.198226, -5.070488 -7.041146, -5.589593 -6.866949, -6.094983 -6.676083, -6.585418 -6.46904, -7.0597 -6.246355, -7.516671 -6.008606, -7.955218 -5.75641, -8.374277 -5.490425, -8.772838 -5.211344, -9.149946 -4.919895, -9.504706 -4.61684, -9.836286 -4.302969, -10.143921 -3.979096, -10.426915 -3.64606, -10.684646 -3.304712, -10.916562 -2.955915, -11.122188 -2.600538, -11.301121 -2.239446, -11.453028 -1.873499, -11.577643 -1.503542, -11.67476 -1.130408, -11.74423 -0.754909, -11.785951 -0.377844, -11.799864 -2.899585e-16, -11.785951 0.377844, -11.74423 0.754909, -11.67476 1.130408, -11.577643 1.503542, -11.453028 1.873499, -11.301121 2.239446, -11.122188 2.600538, -10.916562 2.955915, -10.684646 3.304712, -10.426915 3.64606, -10.143921 3.979096, -9.836286 4.302969, -9.504706 4.61684, -9.149946 4.919895, -8.772838 5.211344, -8.374277 5.490425, -7.955218 5.75641, -7.516671 6.008606, -7.0597 6.246355, -6.585418 6.46904, -6.094983 6.676083, -5.589593 6.866949, -5.070488 7.041146, -4.538939 7.198226, -3.99625 7.337785, -3.443753 7.459465, -2.882804 7.562955, -2.31478 7.647991, -1.741074 7.714356, -1.163096 7.761881, -0.582262 7.790444, -8.707133e-17 7.799973, 0.582262 7.790444, 1.163096 7.761881, 1.741074 7.714356, 2.31478 7.647991, 2.882804 7.562955, 3.443753 7.459465, 3.99625 7.337785, 4.538939 7.198226, 5.070488 7.041146, 5.589593 6.866949, 6.094983 6.676083, 6.585418 6.46904, 7.0597 6.246355, 7.516671 6.008606, 7.955218 5.75641, 8.374277 5.490425, 8.772838 5.211344, 9.149946 4.919895, 9.504706 4.61684, 9.836286 4.302969, 10.143921 3.979096, 10.426915 3.64606, 10.684646 3.304712, 10.916562 2.955915, 11.122188 2.600538, 11.301121 2.239446, 11.453028 1.873499, 11.577643 1.503542, 11.67476 1.130408, 11.74423 0.754909, 11.785951 0.377844, 11.799864 -2.420955e-16))",data/renders/blocks/ellipse_03_shrunk0.20_socket_v1.png,data/renders/blocks/ellipse_03_shrunk0.20_socket_v2.png,4d6591beb2a14551,bf6a0d3eadfd1b2b
gear_01,catalog,"POLYGON ((2.876259 8.286275, 5.737995 6.634051, 8.486461 7.216017, 8.500704 7.218675, 8.515059 7.220643, 8.529492 7.221915, 8.54397 7.222488, 8.558459 7.222362, 8.572925 7.221537, 8.587334 7.220014, 8.601652 7.217797, 8.615847 7.214891, 8.629885 7.211304, 8.643734 7.207042, 8.65736 7.202118, 8.670733 7.19654, 8.683821 7.190324, 8.696594 7.183483, 8.709021 7.176033, 8.721075 7.167992, 8.732725 7.159378, 8.743947 7.150212, 8.754713 7.140515, 8.764997 7.130309, 8.774778 7.119619, 8.78403 7.108468, 8.792734 7.096884, 8.800868 7.084894, 8.808413 7.072524, 10.529192 4.092047, 10.536132 4.079328, 10.542449 4.066289, 10.548129 4.052959, 10.553159 4.039371, 10.557528 4.025556, 10.561224 4.011546, 10.564239 3.997374, 10.566566 3.983073, 10.568201 3.968676, 10.569138 3.954217, 10.569376 3.93973, 10.568914 3.925248, 10.567753 3.910805, 10.565897 3.896435, 10.563349 3.882172, 10.560115 3.868048, 10.556203 3.854097, 10.551622 3.840351, 10.546382 3.826842, 10.540497 3.813602, 10.533979 3.800662, 10.526844 3.788051, 10.519108 3.7758, 10.51079 3.763936, 10.501908 3.752488, 10.492485 3.741482, 8.614255 1.652224, 8.614255 -1.652224, 10.492485 -3.741482, 10.501908 -3.752488, 10.51079 -3.763936, 10.519108 -3.7758, 10.526844 -3.788051, 10.533979 -3.800662, 10.540497 -3.813602, 10.546382 -3.826842, 10.551622 -3.840351, 10.556203 -3.854097, 10.560115 -3.868048, 10.563349 -3.882172, 10.565897 -3.896435, 10.567753 -3.910805, 10.568914 -3.925248, 10.569376 -3.93973, 10.569138 -3.954217, 10.568201 -3.968676, 10.566566 -3.983073, 10.564239 -3.997374, 10.561224 -4.011546, 10.557528 -4.025556, 10.553159 -4.039371, 10.548129 -4.052959, 10.542449 -4.066289, 10.536132 -4.079328, 10.529192 -4.092047, 8.808413 -7.072524, 8.800868 -7.084894, 8.792734 -7.096884, 8.78403 -7.108468, 8.774778 -7.119619, 8.764997 -7.130309, 8.754713 -7.140515, 8.743947 -7.150212, 8.732725 -7.159378, 8.721075 -7.167992, 8.709021 -7.176033, 8.696594 -7.183483, 8.683821 -7.190324, 8.670733 -7.19654, 8.65736 -7.202118, 8.643734 -7.207042, 8.629885 -7.211304, 8.615847 -7.214891, 8.601652 -7.217797, 8.587334 -7.220014, 8.572925 -7.221537, 8.558459 -7.222362, 8.54397 -7.222488, 8.529492 -7.221915, 8.515059 -7.220643, 8.500704 -7.218675, 8.486461 -7.216017, 5.737995 -6.634051, 2.876259 -8.286275, 2.006024 -10.957499, 2.001204 -10.971163, 1.995731 -10.984579, 1.989615 -10.997715, 1.982873 -11.01054, 1.97552 -11.023024, 1.967572 -11.035139, 1.959049 -11.046856, 1.949969 -11.058148, 1.940356 -11.068988, 1.93023 -11.079352, 1.919615 -11.089214, 1.908537 -11.098553, 1.89702 -11.107346, 1.885093 -11.115572, 1.872782 -11.123213, 1.860116 -11.13025, 1.847126 -11.136668, 1.833841 -11.142451, 1.820292 -11.147586, 1.806511 -11.152061, 1.79253 -11.155865, 1.778382 -11.15899, 1.764099 -11.161428, 1.749715 -11.163173, 1.735264 -11.164222, 1.720779 -11.164572, -1.720779 -11.164572, -1.735264 -11.164222, -1.749715 -11.163173, -1.764099 -11.161428, -1.778382 -11.15899, -1.79253 -11.155865, -1.806511 -11.152061, -1.820292 -11.147586, -1.833841 -11.142451, -1.847126 -11.136668, -1.860116 -11.13025, -1.872782 -11.123213, -1.885093 -11.115572, -1.89702 -11.107346, -1.908537 -11.098553, -1.919615 -11.089214, -1.93023 -11.079352, -1.940356 -11.068988, -1.949969 -11.058148, -1.959049 -11.046856, -1.967572 -11.035139, -1.97552 -11.023024, -1.982873 -11.01054, -1.989615 -10.997715, -1.995731 -10.984579, -2.001204 -10.971163, -2.006024 -10.957499, -2.876259 -8.286275, -5.737995 -6.634051, -8.486461 -7.216017, -8.500704 -7.218675, -8.515059 -7.220643, -8.529492 -7.221915, -8.54397 -7.222488, -8.558459 -7.222362, -8.572925 -7.221537, -8.587334 -7.220014, -8.601652 -7.217797, -8.615847 -7.214891, -8.629885 -7.211304, -8.643734 -7.207042, -8.65736 -7.202118, -8.670733 -7.19654, -8.683821 -7.190324, -8.696594 -7.183483, -8.709021 -7.176033, -8.721075 -7.167992, -8.732725 -7.159378, -8.743947 -7.150212, -8.754713 -7.140515, -8.764997 -7.130309, -8.774778 -7.119619, -8.78403 -7.108468, -8.792734 -7.096884, -8.800868 -7.084894, -8.808413 -7.072524, -10.529192 -4.092047, -10.536132 -4.079328, -10.542449 -4.066289, -10.548129 -4.052959, -10.553159 -4.039371, -10.557528 -4.025556, -10.561224 -4.011546, -10.564239 -3.997374, -10.566566 -3.983073, -10.568201 -3.968676, -10.569138 -3.954217, -10.569376 -3.93973, -10.568914 -3.925248, -10.567753 -3.910805, -10.565897 -3.896435, -10.563349 -3.882172, -10.560115 -3.868048, -10.556203 -3.854097, -10.551622 -3.840351, -10.546382 -3.826842, -10.540497 -3.813602, -10.533979 -3.800662, -10.526844 -3.788051, -10.519108 -3.7758, -10.51079 -3.763936, -10.501908 -3.752488, -10.492485 -3.741482, -8.614255 -1.652224, -8.614255 1.652224, -10.492485 3.741482, -10.501908 3.752488, -10.51079 3.763936, -10.519108 3.7758, -10.526844 3.788051, -10.533979 3.800662, -10.540497 3.813602, -10.546382 3.826842, -10.551622 3.840351, -10.556203 3.854097, -10.560115 3.868048, -10.563349 3.882172, -10.565897 3.896435, -10.567753 3.910805, -10.568914 3.925248, -10.569376 3.93973, -10.569138 3.954217, -10.568201 3.968676, -10.566566 3.983073, -10.564239 3.997374, -10.561224 4.011546, -10.557528 4.025556, -10.553159 4.039371, -10.548129 4.052959, -10.542449 4.066289, -10.536132 4.079328, -10.529192 4.092047, -8.808413 7.072524, -8.800868 7.084894, -8.792734 7.096884, -8.78403 7.108468, -8.774778 7.119619, -8.764997 7.130309, -8.754713 7.140515, -8.743947 7.150212, -8.732725 7.159378, -8.721075 7.167992, -8.709021 7.176033, -8.696594 7.183483, -8.683821 7.190324, -8.670733 7.19654, -8.65736 7.202118, -8.643734 7.207042, -8.629885 7.211304, -8.615847 7.214891, -8.601652 7.217797, -8.587334 7.220014, -8.572925 7.221537, -8.558459 7.222362, -8.54397 7.222488, -8.529492 7.221915, -8.515059 7.220643, -8.500704 7.218675, -8.486461 7.216017, -5.737995 6.634051, -2.876259 8.286275, -2.006024 10.957499, -2.001204 10.971163, -1.995731 10.984579, -1.989615 10.997715, -1.982873 11.01054, -1.97552 11.023024, -1.967572 11.035139, -1.959049 11.046856, -1.949969 11.058148, -1.940356 11.068988, -1.93023 11.079352, -1.919615 11.089214, -1.908537 11.098553, -1.89702 11.107346, -1.885093 11.115572, -1.872782 11.123213, -1.860116 11.13025, -1.847126 11.136668, -1.833841 11.142451, -1.820292 11.147586, -1.806511 11.152061, -1.79253 11.155865, -1.778382 11.15899, -1.764099 11.161428, -1.749715 11.163173, -1.735264 11.164222, -1.720779 11.164572, 1.720779 11.164572, 1.735264 11.164222, 1.749715 11.163173, 1.764099 11.161428, 1.778382 11.15899, 1.79253 11.155865, 1.806511 11.152061, 1.820292 11.147586, 1.833841 11.142451, 1.847126 11.136668, 1.860116 11.13025, 1.872782 11.123213, 1.885093 11.115572, 1.89702 11.107346, 1.908537 11.098553, 1.919615 11.089214, 1.93023 11.079352, 1.940356 11.068988, 1.949969 11.058148, 1.959049 11.046856, 1.967572 11.035139, 1.97552 11.023024, 1.982873 11.01054, 1.989615 10.997715, 1.995731 10.984579, 2.001204 10.971163, 2.006024 10.957499, 2.876259 8.286275))",data/renders/procedural/gear_01_socket_v1.png,data/renders/procedural/gear_01_socket_v2.png,8c6ba90e5d1ad502,d60b8fd6e32a31a6
gear_01_shrunk0.20,shrunk,"POLYGON ((2.526644 7.910775, 5.58761 6.143526, 5.596181 6.138852, 5.60497 6.134603, 5.613956 6.130787, 5.623118 6.127415, 5.632433 6.124493, 5.641879 6.122029, 5.651435 6.12003, 5.661076 6.118499, 5.670781 6.11744, 5.680526 6.116857, 5.690288 6.116749, 5.700044 6.117118, 5.70977 6.117962, 5.719443 6.119281, 5.72904 6.121069, 8.447995 6.696787, 10.023585 3.967785, 8.165521 1.90096, 8.159174 1.893542, 8.153196 1.885824, 8.147601 1.877824, 8.142404 1.86956, 8.137616 1.861052, 8.133249 1.852321, 8.129314 1.843387, 8.125819 1.834271, 8.122773 1.824996, 8.120183 1.815583, 8.118056 1.806055, 8.116396 1.796435, 8.115207 1.786745, 8.114493 1.777009, 8.114255 1.767249, 8.114255 -1.767249, 8.114493 -1.777009, 8.115207 -1.786745, 8.116396 -1.796435, 8.118056 -1.806055, 8.120183 -1.815583, 8.122773 -1.824996, 8.125819 -1.834271, 8.129314 -1.843387, 8.133249 -1.852321, 8.137616 -1.861052, 8.142404 -1.86956, 8.147601 -1.877824, 8.153196 -1.885824, 8.159174 -1.893542, 8.165521 -1.90096, 10.023585 -3.967785, 8.447995 -6.696787, 5.72904 -6.121069, 5.719443 -6.119281, 5.70977 -6.117962, 5.700044 -6.117118, 5.690288 -6.116749, 5.680526 -6.116857, 5.670781 -6.11744, 5.661076 -6.118499, 5.651435 -6.12003, 5.641879 -6.122029, 5.632433 -6.124493, 5.623118 -6.127415, 5.613956 -6.130787, 5.60497 -6.134603, 5.596181 -6.138852, 5.58761 -6.143526, 2.526644 -7.910775, 2.518312 -7.915861, 2.510237 -7.921348, 2.502439 -7.927222, 2.494938 -7.93347, 2.48775 -7.940076, 2.480893 -7.947026, 2.474384 -7.954301, 2.468237 -7.961886, 2.462468 -7.969761, 2.45709 -7.977908, 2.452116 -7.986309, 2.447558 -7.994942, 2.443426 -8.003787, 2.439731 -8.012823, 2.436481 -8.022029, 1.57559 -10.664572, -1.57559 -10.664572, -2.436481 -8.022029, -2.439731 -8.012823, -2.443426 -8.003787, -2.447558 -7.994942, -2.452116 -7.986309, -2.45709 -7.977908, -2.462468 -7.969761, -2.468237 -7.961886, -2.474384 -7.954301, -2.480893 -7.947026, -2.48775 -7.940076, -2.494938 -7.93347, -2.502439 -7.927222, -2.510237 -7.921348, -2.518312 -7.915861, -2.526644 -7.910775, -5.58761 -6.143526, -5.596181 -6.138852, -5.60497 -6.134603, -5.613956 -6.130787, -5.623118 -6.127415, -5.632433 -6.124493, -5.641879 -6.122029, -5.651435 -6.12003, -5.661076 -6.118499, -5.670781 -6.11744, -5.680526 -6.116857, -5.690288 -6.116749, -5.700044 -6.117118, -5.70977 -6.117962, -5.719443 -6.119281, -5.72904 -6.121069, -8.447995 -6.696787, -10.023585 -3.967785, -8.165521 -1.90096, -8.159174 -1.893542, -8.153196 -1.885824, -8.147601 -1.877824, -8.142404 -1.86956, -8.137616 -1.861052, -8.133249 -1.852321, -8.129314 -1.843387, -8.125819 -1.834271, -8.122773 -1.824996, -8.120183 -1.815583, -8.118056 -1.806055, -8.116396 -1.796435, -8.115207 -1.786745, -8.114493 -1.777009, -8.114255 -1.767249, -8.114255 1.767249, -8.114493 1.777009, -8.115207 1.786745, -8.116396 1.796435, -8.118056 1.806055, -8.120183 1.815583, -8.122773 1.824996, -8.125819 1.834271, -8.129314 1.843387, -8.133249 1.852321, -8.137616 1.861052, -8.142404 1.86956, -8.147601 1.877824, -8.153196 1.885824, -8.159174 1.893542, -8.165521 1.90096, -10.023585 3.967785, -8.447995 6.696787, -5.72904 6.121069, -5.719443 6.119281, -5.70977 6.117962, -5.700044 6.117118, -5.690288 6.116749, -5.680526 6.116857, -5.670781 6.11744, -5.661076 6.118499, -5.651435 6.12003, -5.641879 6.122029, -5.632433 6.124493, -5.623118 6.127415, -5.613956 6.130787, -5.60497 6.134603, -5.596181 6.138852, -5.58761 6.143526, -2.526644 7.910775, -2.518312 7.915861, -2.510237 7.921348, -2.502439 7.927222, -2.494938 7.93347, -2.48775 7.940076, -2.480893 7.947026, -2.474384 7.954301, -2.468237 7.961886, -2.462468 7.969761, -2.45709 7.977908, -2.452116 7.986309, -2.447558 7.994942, -2.443426 8.003787, -2.439731 8.012823, -2.436481 8.022029, -1.57559 10.664572, 1.57559 10.664572, 2.436481 8.022029, 2.439731 8.012823, 2.443426 8.003787, 2.447558 7.994942, 2.452116 7.986309, 2.45709 7.977908, 2.462468 7.969761, 2.468237 7.961886, 2.474384 7.954301, 2.480893 7.947026, 2.48775 7.940076, 2.494938 7.93347, 2.502439 7.927222, 2.510237 7.921348, 2.518312 7.915861, 2.526644 7.910775))",data/renders/blocks/gear_01_shrunk0.20_socket_v1.png,data/renders/blocks/gear_01_shrunk0.20_socket_v2.png,2654b155611e38f4,aa41ab0470e47af2
gear_02,catalog,"POLYGON ((2.237047 8.485165, 4.418086 7.581749, 6.658119 8.897179, 6.670907 8.904275, 6.684026 8.91074, 6.697444 8.916558, 6.71113 8.921714, 6.725051 8.926198, 6.739173 8.929998, 6.753465 8.933105, 6.76789 8.935511, 6.782416 8.937212, 6.797007 8.938203, 6.81163 8.938482, 6.826248 8.938048, 6.840828 8.936902, 6.855335 8.935046, 6.869734 8.932486, 6.883992 8.929227, 6.898073 8.925277, 6.911945 8.920646, 6.925575 8.915344, 6.938931 8.909384, 6.95198 8.90278, 6.964692 8.895548, 6.977036 8.887705, 6.988984 8.87927, 7.000506 8.870263, 7.011575 8.860705, 7.022165 8.850618, 8.850618 7.022165, 8.860705 7.011575, 8.870263 7.000506, 8.87927 6.988984, 8.887705 6.977036, 8.895548 6.964692, 8.90278 6.95198, 8.909384 6.938931, 8.915344 6.925575, 8.920646 6.911945, 8.925277 6.898073, 8.929227 6.883992, 8.932486 6.869734, 8.935046 6.855335, 8.936902 6.840828, 8.938048 6.826248, 8.938482 6.81163, 8.938203 6.797007, 8.937212 6.782416, 8.935511 6.76789, 8.933105 6.753465, 8.929998 6.739173, 8.926198 6.725051, 8.921714 6.71113, 8.916558 6.697444, 8.91074 6.684026, 8.904275 6.670907, 8.897179 6.658119, 7.581749 4.418086, 8.485165 2.237047, 10.999257 1.583255, 11.013317 1.57923, 11.027165 1.574525, 11.040767 1.56915, 11.05409 1.563119, 11.067104 1.556446, 11.079777 1.549147, 11.092079 1.541238, 11.103982 1.53274, 11.115456 1.523671, 11.126474 1.514054, 11.137011 1.503912, 11.147041 1.493268, 11.15654 1.482148, 11.165486 1.470578, 11.173857 1.458586, 11.181634 1.4462, 11.188798 1.43345, 11.195333 1.420366, 11.201221 1.406979, 11.206451 1.393321, 11.211008 1.379424, 11.214883 1.365321, 11.218066 1.351047, 11.22055 1.336634, 11.222328 1.322118, 11.223397 1.307532, 11.223753 1.292911, 11.223753 -1.292911, 11.223397 -1.307532, 11.222328 -1.322118, 11.22055 -1.336634, 11.218066 -1.351047, 11.214883 -1.365321, 11.211008 -1.379424, 11.206451 -1.393321, 11.201221 -1.406979, 11.195333 -1.420366, 11.188798 -1.43345, 11.181634 -1.4462, 11.173857 -1.458586, 11.165486 -1.470578, 11.15654 -1.482148, 11.147041 -1.493268, 11.137011 -1.503912, 11.126474 -1.514054, 11.115456 -1.523671, 11.103982 -1.53274, 11.092079 -1.541238, 11.079777 -1.549147, 11.067104 -1.556446, 11.05409 -1.563119, 11.040767 -1.56915, 11.027165 -1.574525, 11.013317 -1.57923, 10.999257 -1.583255, 8.485165 -2.237047, 7.581749 -4.418086, 8.897179 -6.658119, 8.904275 -6.670907, 8.91074 -6.684026, 8.916558 -6.697444, 8.921714 -6.71113, 8.926198 -6.725051, 8.929998 -6.739173, 8.933105 -6.753465, 8.935511 -6.76789, 8.937212 -6.782416, 8.938203 -6.797007, 8.938482 -6.81163, 8.938048 -6.826248, 8.936902 -6.840828, 8.935046 -6.855335, 8.932486 -6.869734, 8.929227 -6.883992, 8.925277 -6.898073, 8.920646 -6.911945, 8.915344 -6.925575, 8.909384 -6.938931, 8.90278 -6.95198, 8.895548 -6.964692, 8.887705 -6.977036, 8.87927 -6.988984, 8.870263 -7.000506, 8.860705 -7.011575, 8.850618 -7.022165, 7.022165 -8.850618, 7.011575 -8.860705, 7.000506 -8.870263, 6.988984 -8.87927, 6.977036 -8.887705, 6.964692 -8.895548, 6.95198 -8.90278, 6.938931 -8.909384, 6.925575 -8.915344, 6.911945 -8.920646, 6.898073 -8.925277, 6.883992 -8.929227, 6.869734 -8.932486, 6.855335 -8.935046, 6.840828 -8.936902, 6.826248 -8.938048, 6.81163 -8.938482, 6.797007 -8.938203, 6.782416 -8.937212, 6.76789 -8.935511, 6.753465 -8.933105, 6.739173 -8.929998, 6.725051 -8.926198, 6.71113 -8.921714, 6.697444 -8.916558, 6.684026 -8.91074, 6.670907 -8.904275, 6.658119 -8.897179, 4.418086 -7.581749, 2.237047 -8.485165, 1.583255 -10.999257, 1.57923 -11.013317, 1.574525 -11.027165, 1.56915 -11.040767, 1.563119 -11.05409, 1.556446 -11.067104, 1.549147 -11.079777, 1.541238 -11.092079, 1.53274 -11.103982, 1.523671 -11.115456, 1.514054 -11.126474, 1.503912 -11.137011, 1.493268 -11.147041, 1.482148 -11.15654, 1.470578 -11.165486, 1.458586 -11.173857, 1.4462 -11.181634, 1.43345 -11.188798, 1.420366 -11.195333, 1.406979 -11.201221, 1.393321 -11.206451, 1.379424 -11.211008, 1.365321 -11.214883, 1.351047 -11.218066, 1.336634 -11.22055, 1.322118 -11.222328, 1.307532 -11.223397, 1.292911 -11.223753, -1.292911 -11.223753, -1.307532 -11.223397, -1.322118 -11.222328, -1.336634 -11.22055, -1.351047 -11.218066, -1.365321 -11.214883, -1.379424 -11.211008, -1.393321 -11.206451, -1.406979 -11.201221, -1.420366 -11.195333, -1.43345 -11.188798, -1.4462 -11.181634, -1.458586 -11.173857, -1.470578 -11.165486, -1.482148 -11.15654, -1.493268 -11.147041, -1.503912 -11.137011, -1.514054 -11.126474, -1.523671 -11.115456, -1.53274 -11.103982, -1.541238 -11.092079, -1.549147 -11.079777, -1.556446 -11.067104, -1.563119 -11.05409, -1.56915 -11.040767, -1.574525 -11.027165, -1.57923 -11.013317, -1.583255 -10.999257, -2.237047 -8.485165, -4.418086 -7.581749, -6.658119 -8.897179, -6.670907 -8.904275, -6.684026 -8.91074, -6.697444 -8.916558, -6.71113 -8.921714, -6.725051 -8.926198, -6.739173 -8.929998, -6.753465 -8.933105, -6.76789 -8.935511, -6.782416 -8.937212, -6.797007 -8.938203, -6.81163 -8.938482, -6.826248 -8.938048, -6.840828 -8.936902, -6.855335 -8.935046, -6.869734 -8.932486, -6.883992 -8.929227, -6.898073 -8.925277, -6.911945 -8.920646, -6.925575 -8.915344, -6.938931 -8.909384, -6.95198 -8.90278, -6.964692 -8.895548, -6.977036 -8.887705, -6.988984 -8.87927, -7.000506 -8.870263, -7.011575 -8.860705, -7.022165 -8.850618, -8.850618 -7.022165, -8.860705 -7.011575, -8.870263 -7.000506, -8.87927 -6.988984, -8.887705 -6.977036, -8.895548 -6.964692, -8.90278 -6.95198, -8.909384 -6.938931, -8.915344 -6.925575, -8.920646 -6.911945, -8.925277 -6.898073, -8.929227 -6.883992, -8.932486 -6.869734, -8.935046 -6.855335, -8.936902 -6.840828, -8.938048 -6.826248, -8.938482 -6.81163, -8.938203 -6.797007, -8.937212 -6.782416, -8.935511 -6.76789, -8.933105 -6.753465, -8.929998 -6.739173, -8.926198 -6.725051, -8.921714 -6.71113, -8.916558 -6.697444, -8.91074 -6.684026, -8.904275 -6.670907, -8.897179 -6.658119, -7.581749 -4.418086, -8.485165 -2.237047, -10.999257 -1.583255, -11.013317 -1.57923, -11.027165 -1.574525, -11.040767 -1.56915, -11.05409 -1.563119, -11.067104 -1.556446, -11.079777 -1.549147, -11.092079 -1.541238, -11.103982 -1.53274, -11.115456 -1.523671, -11.126474 -1.514054, -11.137011 -1.503912, -11.147041 -1.493268, -11.15654 -1.482148, -11.165486 -1.470578, -11.173857 -1.458586, -11.181634 -1.4462, -11.188798 -1.43345, -11.195333 -1.420366, -11.201221 -1.406979, -11.206451 -1.393321, -11.211008 -1.379424, -11.214883 -1.365321, -11.218066 -1.351047, -11.22055 -1.336634, -11.222328 -1.322118, -11.223397 -1.307532, -11.223753 -1.292911, -11.223753 1.292911, -11.223397 1.307532, -11.222328 1.322118, -11.22055 1.336634, -11.218066 1.351047, -11.214883 1.365321, -11.211008 1.379424, -11.206451 1.393321, -11.201221 1.406979, -11.195333 1.420366, -11.188798 1.43345, -11.181634 1.4462, -11.173857 1.458586, -11.165486 1.470578, -11.15654 1.482148, -11.147041 1.493268, -11.137011 1.503912, -11.126474 1.514054, -11.115456 1.523671, -11.103982 1.53274, -11.092079 1.541238, -11.079777 1.549147, -11.067104 1.556446, -11.05409 1.563119, -11.040767 1.56915, -11.027165 1.574525, -11.013317 1.57923, -10.999257 1.583255, -8.485165 2.237047, -7.581749 4.418086, -8.897179 6.658119, -8.904275 6.670907, -8.91074 6.684026, -8.916558 6.697444, -8.921714 6.71113, -8.926198 6.725051, -8.929998 6.739173, -8.933105 6.753465, -8.935511 6.76789, -8.937212 6.782416, -8.938203 6.797007, -8.938482 6.81163, -8.938048 6.826248, -8.936902 6.840828, -8.935046 6.855335, -8.932486 6.869734, -8.929227 6.883992, -8.925277 6.898073, -8.920646 6.911945, -8.915344 6.925575, -8.909384 6.938931, -8.90278 6.95198, -8.895548 6.964692, -8.887705 6.977036, -8.87927 6.988984, -8.870263 7.000506, -8.860705 7.011575, -8.850618 7.022165, -7.022165 8.850618, -7.011575 8.860705, -7.000506 8.870263, -6.988984 8.87927, -6.977036 8.887705, -6.964692 8.895548, -6.95198 8.90278, -6.938931 8.909384, -6.925575 8.915344, -6.911945 8.920646, -6.898073 8.925277, -6.883992 8.929227, -6.869734 8.932486, -6.855335 8.935046, -6.840828 8.936902, -6.826248 8.938048, -6.81163 8.938482, -6.797007 8.938203, -6.782416 8.937212, -6.76789 8.935511, -6.753465 8.933105, -6.739173 8.929998, -6.725051 8.926198, -6.71113 8.921714, -6.697444 8.916558, -6.684026 8.91074, -6.670907 8.904275, -6.658119 8.897179, -4.418086 7.581749, -2.237047 8.485165, -1.583255 10.999257, -1.57923 11.013317, -1.574525 11.027165, -1.56915 11.040767, -1.563119 11.05409, -1.556446 11.067104, -1.549147 11.079777, -1.541238 11.092079, -1.53274 11.103982, -1.523671 11.115456, -1.514054 11.126474, -1.503912 11.137011, -1.493268 11.147041, -1.482148 11.15654, -1.470578 11.165486, -1.458586 11.173857, -1.4462 11.181634, -1.43345 11.188798, -1.420366 11.195333, -1.406979 11.201221, -1.393321 11.206451, -1.379424 11.211008, -1.365321 11.214883, -1.351047 11.218066, -1.336634 11.22055, -1.322118 11.222328, -1.307532 11.223397, -1.292911 11.223753, 1.292911 11.223753, 1.307532 11.223397, 1.322118 11.222328, 1.336634 11.22055, 1.351047 11.218066, 1.365321 11.214883, 1.379424 11.211008, 1.393321 11.206451, 1.406979 11.201221, 1.420366 11.195333, 1.43345 11.188798, 1.4462 11.181634, 1.458586 11.173857, 1.470578 11.165486, 1.482148 11.15654, 1.493268 11.147041, 1.503912 11.137011, 1.514054 11.126474, 1.523671 11.115456, 1.53274 11.103982, 1.541238 11.092079, 1.549147 11.079777, 1.556446 11.067104, 1.563119 11.05409, 1.56915 11.040767, 1.574525 11.027165, 1.57923 11.013317, 1.583255 10.999257, 2.237047 8.485165))",data/renders/procedural/gear_02_socket_v1.png,data/renders/procedural/gear_02_socket_v2.png,6094099ece505771,59d293019e7288d7
gear_02_shrunk0.20,shrunk,"POLYGON ((1.907749 8.080368, 4.364701 7.062665, 4.373771 7.059164, 4.383 7.056108, 4.392367 7.053504, 4.401849 7.051358, 4.411424 7.049676, 4.42107 7.048461, 4.430764 7.047716, 4.440482 7.047443, 4.450202 7.047642, 4.4599 7.048314, 4.469555 7.049456, 4.479143 7.051066, 4.488641 7.05314, 4.498027 7.055673, 4.507279 7.05866, 4.516375 7.062092, 4.525294 7.065962, 4.534013 7.070262, 4.542514 7.074979, 6.77796 8.387717, 8.387717 6.77796, 7.074979 4.542514, 7.070262 4.534013, 7.065962 4.525294, 7.062092 4.516375, 7.05866 4.507279, 7.055673 4.498027, 7.05314 4.488641, 7.051066 4.479143, 7.049456 4.469555, 7.048314 4.4599, 7.047642 4.450202, 7.047443 4.440482, 7.047716 4.430764, 7.048461 4.42107, 7.049676 4.411424, 7.051358 4.401849, 7.053504 4.392367, 7.056108 4.383, 7.059164 4.373771, 7.062665 4.364701, 8.080368 1.907749, 8.084306 1.89886, 8.088671 1.890173, 8.093453 1.881708, 8.098641 1.873486, 8.104222 1.865526, 8.110183 1.857846, 8.116511 1.850465, 8.123189 1.8434, 8.130203 1.836668, 8.137536 1.830285, 8.145171 1.824266, 8.153089 1.818624, 8.161272 1.813375, 8.1697 1.808529, 8.178354 1.804098, 8.187213 1.800094, 8.196256 1.796524, 8.205461 1.793398, 8.214808 1.790724, 10.723753 1.13827, 10.723753 -1.13827, 8.214808 -1.790724, 8.205461 -1.793398, 8.196256 -1.796524, 8.187213 -1.800094, 8.178354 -1.804098, 8.1697 -1.808529, 8.161272 -1.813375, 8.153089 -1.818624, 8.145171 -1.824266, 8.137536 -1.830285, 8.130203 -1.836668, 8.123189 -1.8434, 8.116511 -1.850465, 8.110183 -1.857846, 8.104222 -1.865526, 8.098641 -1.873486, 8.093453 -1.881708, 8.088671 -1.890173, 8.084306 -1.89886, 8.080368 -1.907749, 7.062665 -4.364701, 7.059164 -4.373771, 7.056108 -4.383, 7.053504 -4.392367, 7.051358 -4.401849, 7.049676 -4.411424, 7.048461 -4.42107, 7.047716 -4.430764, 7.047443 -4.440482, 7.047642 -4.450202, 7.048314 -4.4599, 7.049456 -4.469555, 7.051066 -4.479143, 7.05314 -4.488641, 7.055673 -4.498027, 7.05866 -4.507279, 7.062092 -4.516375, 7.065962 -4.525294, 7.070262 -4.534013, 7.074979 -4.542514, 8.387717 -6.77796, 6.77796 -8.387717, 4.542514 -7.074979, 4.534013 -7.070262, 4.525294 -7.065962, 4.516375 -7.062092, 4.507279 -7.05866, 4.498027 -7.055673, 4.488641 -7.05314, 4.479143 -7.051066, 4.469555 -7.049456, 4.4599 -7.048314, 4.450202 -7.047642, 4.440482 -7.047443, 4.430764 -7.047716, 4.42107 -7.048461, 4.411424 -7.049676, 4.401849 -7.051358, 4.392367 -7.053504, 4.383 -7.056108, 4.373771 -7.059164, 4.364701 -7.062665, 1.907749 -8.080368, 1.89886 -8.084306, 1.890173 -8.088671, 1.881708 -8.093453, 1.873486 -8.098641, 1.865526 -8.104222, 1.857846 -8.110183, 1.850465 -8.116511, 1.8434 -8.123189, 1.836668 -8.130203, 1.830285 -8.137536, 1.824266 -8.145171, 1.818624 -8.153089, 1.813375 -8.161272, 1.808529 -8.1697, 1.804098 -8.178354, 1.800094 -8.187213, 1.796524 -8.196256, 1.793398 -8.205461, 1.790724 -8.214808, 1.13827 -10.723753, -1.13827 -10.723753, -1.790724 -8.214808, -1.793398 -8.205461, -1.796524 -8.196256, -1.800094 -8.187213, -1.804098 -8.178354, -1.808529 -8.1697, -1.813375 -8.161272, -1.818624 -8.153089, -1.824266 -8.145171, -1.830285 -8.137536, -1.836668 -8.130203, -1.8434 -8.123189, -1.850465 -8.116511, -1.857846 -8.110183, -1.865526 -8.104222, -1.873486 -8.098641, -1.881708 -8.093453, -1.890173 -8.088671, -1.89886 -8.084306, -1.907749 -8.080368, -4.364701 -7.062665, -4.373771 -7.059164, -4.383 -7.056108, -4.392367 -7.053504, -4.401849 -7.051358, -4.411424 -7.049676, -4.42107 -7.048461, -4.430764 -7.047716, -4.440482 -7.047443, -4.450202 -7.047642, -4.4599 -7.048314, -4.469555 -7.049456, -4.479143 -7.051066, -4.488641 -7.05314, -4.498027 -7.055673, -4.507279 -7.05866, -4.516375 -7.062092, -4.525294 -7.065962, -4.534013 -7.070262, -4.542514 -7.074979, -6.77796 -8.387717, -8.387717 -6.77796, -7.074979 -4.542514, -7.070262 -4.534013, -7.065962 -4.525294, -7.062092 -4.516375, -7.05866 -4.507279, -7.055673 -4.498027, -7.05314 -4.488641, -7.051066 -4.479143, -7.049456 -4.469555, -7.048314 -4.4599, -7.047642 -4.450202, -7.047443 -4.440482, -7.047716 -4.430764, -7.048461 -4.42107, -7.049676 -4.411424, -7.051358 -4.401849, -7.053504 -4.392367, -7.056108 -4.383, -7.059164 -4.373771, -7.062665 -4.364701, -8.080368 -1.907749, -8.084306 -1.89886, -8.088671 -1.890173, -8.093453 -1.881708, -8.098641 -1.873486, -8.104222 -1.865526, -8.110183 -1.857846, -8.116511 -1.850465, -8.123189 -1.8434, -8.130203 -1.836668, -8.137536 -1.830285, -8.145171 -1.824266, -8.153089 -1.818624, -8.161272 -1.813375, -8.1697 -1.808529, -8.178354 -1.804098, -8.187213 -1.800094, -8.196256 -1.796524, -8.205461 -1.793398, -8.214808 -1.790724, -10.723753 -1.13827, -10.723753 1.13827, -8.214808 1.790724, -8.205461 1.793398, -8.196256 1.796524, -8.187213 1.800094, -8.178354 1.804098, -8.1697 1.808529, -8.161272 1.813375, -8.153089 1.818624, -8.145171 1.824266, -8.137536 1.830285, -8.130203 1.836668, -8.123189 1.8434, -8.116511 1.850465, -8.110183 1.857846, -8.104222 1.865526, -8.098641 1.873486, -8.093453 1.881708, -8.088671 1.890173, -8.084306 1.89886, -8.080368 1.907749, -7.062665 4.364701, -7.059164 4.373771, -7.056108 4.383, -7.053504 4.392367, -7.051358 4.401849, -7.049676 4.411424, -7.048461 4.42107, -7.047716 4.430764, -7.047443 4.440482, -7.047642 4.450202, -7.048314 4.4599, -7.049456 4.469555, -7.051066 4.479143, -7.05314 4.488641, -7.055673 4.498027, -7.05866 4.507279, -7.062092 4.516375, -7.065962 4.525294, -7.070262 4.534013, -7.074979 4.542514, -8.387717 6.77796, -6.77796 8.387717, -4.542514 7.074979, -4.534013 7.070262, -4.525294 7.065962, -4.516375 7.062092, -4.507279 7.05866, -4.498027 7.055673, -4.488641 7.05314, -4.479143 7.051066, -4.469555 7.049456, -4.4599 7.048314, -4.450202 7.047642, -4.440482 7.047443, -4.430764 7.047716, -4.42107 7.048461, -4.411424 7.049676, -4.401849 7.051358, -4.392367 7.053504, -4.383 7.056108, -4.373771 7.059164, -4.364701 7.062665, -1.907749 8.080368, -1.89886 8.084306, -1.890173 8.088671, -1.881708 8.093453, -1.873486 8.098641, -1.865526 8.104222, -1.857846 8.110183, -1.850465 8.116511, -1.8434 8.123189, -1.836668 8.130203, -1.830285 8.137536, -1.824266 8.145171, -1.818624 8.153089, -1.813375 8.161272, -1.808529 8.1697, -1.804098 8.178354, -1.800094 8.187213, -1.796524 8.196256, -1.793398 8.205461, -1.790724 8.214808, -1.13827 10.723753, 1.13827 10.723753, 1.790724 8.214808, 1.793398 8.205461, 1.796524 8.196256, 1.800094 8.187213, 1.804098 8.178354, 1.808529 8.1697, 1.813375 8.161272, 1.818624 8.153089, 1.824266 8.145171, 1.830285 8.137536, 1.836668 8.130203, 1.8434 8.123189, 1.850465 8.116511, 1.857846 8.110183, 1.865526 8.104222, 1.873486 8.098641, 1.881708 8.093453, 1.890173 8.088671, 1.89886 8.084306, 1.907749 8.080368))",data/renders/blocks/gear_02_shrunk0.20_socket_v1.png,data/renders/blocks/gear_02_shrunk0.20_socket_v2.png,3014f4eb03295481,5143293460ba573f
gear_03,catalog,"POLYGON ((1.653872 9.133873, 3.134641 8.737102, 4.522382 10.139456, 4.532902 10.149582, 4.543902 10.159183, 4.555356 10.168238, 4.567237 10.176725, 4.579518 10.184624, 4.592167 10.191916, 4.605157 10.198584, 4.618456 10.204612, 4.632032 10.209986, 4.645854 10.214693, 4.659888 10.218721, 4.674102 10.222063, 4.688462 10.224708, 4.702933 10.226652, 4.717482 10.227889, 4.732073 10.228417, 4.746673 10.228235, 4.761247 10.227342, 4.77576 10.225741, 4.790178 10.223436, 4.804467 10.220432, 4.818593 10.216736, 4.832522 10.212358, 4.846222 10.207307, 4.859659 10.201595, 4.872803 10.195236, 4.885622 10.188246, 6.380469 9.325196, 6.392932 9.31759, 6.405011 9.309386, 6.416676 9.300604, 6.4279 9.291266, 6.438657 9.281392, 6.44892 9.271006, 6.458666 9.260134, 6.467871 9.2488, 6.476514 9.237032, 6.484574 9.224857, 6.492033 9.212304, 6.498871 9.199403, 6.505074 9.186185, 6.510626 9.172681, 6.515515 9.158923, 6.519728 9.144942, 6.523256 9.130774, 6.526091 9.116451, 6.528225 9.102006, 6.529654 9.087475, 6.530375 9.072892, 6.530385 9.058291, 6.529684 9.043706, 6.528275 9.029173, 6.52616 9.014726, 6.523345 9.000399, 6.519836 8.986226, 5.999232 7.083229, 7.083229 5.999232, 8.986226 6.519836, 9.000399 6.523345, 9.014726 6.52616, 9.029173 6.528275, 9.043706 6.529684, 9.058291 6.530385, 9.072892 6.530375, 9.087475 6.529654, 9.102006 6.528225, 9.116451 6.526091, 9.130774 6.523256, 9.144942 6.519728, 9.158923 6.515515, 9.172681 6.510626, 9.186185 6.505074, 9.199403 6.498871, 9.212304 6.492033, 9.224857 6.484574, 9.237032 6.476514, 9.2488 6.467871, 9.260134 6.458666, 9.271006 6.44892, 9.281392 6.438657, 9.291266 6.4279, 9.300604 6.416676, 9.309386 6.405011, 9.31759 6.392932, 9.325196 6.380469, 10.188246 4.885622, 10.195236 4.872803, 10.201595 4.859659, 10.207307 4.846222, 10.212358 4.832522, 10.216736 4.818593, 10.220432 4.804467, 10.223436 4.790178, 10.225741 4.77576, 10.227342 4.761247, 10.228235 4.746673, 10.228417 4.732073, 10.227889 4.717482, 10.226652 4.702933, 10.224708 4.688462, 10.222063 4.674102, 10.218721 4.659888, 10.214693 4.645854, 10.209986 4.632032, 10.204612 4.618456, 10.198584 4.605157, 10.191916 4.592167, 10.184624 4.579518, 10.176725 4.567237, 10.168238 4.555356, 10.159183 4.543902, 10.149582 4.532902, 10.139456 4.522382, 8.737102 3.134641, 9.133873 1.653872, 11.042218 1.15323, 11.056247 1.149183, 11.070062 1.144457, 11.083631 1.139065, 11.096921 1.133019, 11.109902 1.126334, 11.122542 1.119024, 11.134812 1.111109, 11.146681 1.102606, 11.158123 1.093535, 11.16911 1.083919, 11.179617 1.073779, 11.189617 1.06314, 11.199088 1.052027, 11.208007 1.040467, 11.216353 1.028486, 11.224106 1.016113, 11.231248 1.003378, 11.237761 0.99031, 11.243631 0.976941, 11.248844 0.963302, 11.253387 0.949425, 11.25725 0.935344, 11.260422 0.921092, 11.262898 0.906702, 11.26467 0.892209, 11.265735 0.877647, 11.266091 0.86305, 11.266091 -0.86305, 11.265735 -0.877647, 11.26467 -0.892209, 11.262898 -0.906702, 11.260422 -0.921092, 11.25725 -0.935344, 11.253387 -0.949425, 11.248844 -0.963302, 11.243631 -0.976941, 11.237761 -0.99031, 11.231248 -1.003378, 11.224106 -1.016113, 11.216353 -1.028486, 11.208007 -1.040467, 11.199088 -1.052027, 11.189617 -1.06314, 11.179617 -1.073779, 11.16911 -1.083919, 11.158123 -1.093535, 11.146681 -1.102606, 11.134812 -1.111109, 11.122542 -1.119024, 11.109902 -1.126334, 11.096921 -1.133019, 11.083631 -1.139065, 11.070062 -1.144457, 11.056247 -1.149183, 11.042218 -1.15323, 9.133873 -1.653872, 8.737102 -3.134641, 10.139456 -4.522382, 10.149582 -4.532902, 10.159183 -4.543902, 10.168238 -4.555356, 10.176725 -4.567237, 10.184624 -4.579518, 10.191916 -4.592167, 10.198584 -4.605157, 10.204612 -4.618456, 10.209986 -4.632032, 10.214693 -4.645854, 10.218721 -4.659888, 10.222063 -4.674102, 10.224708 -4.688462, 10.226652 -4.702933, 10.227889 -4.717482, 10.228417 -4.732073, 10.228235 -4.746673, 10.227342 -4.761247, 10.225741 -4.77576, 10.223436 -4.790178, 10.220432 -4.804467, 10.216736 -4.818593, 10.212358 -4.832522, 10.207307 -4.846222, 10.201595 -4.859659, 10.195236 -4.872803, 10.188246 -4.885622, 9.325196 -6.380469, 9.31759 -6.392932, 9.309386 -6.405011, 9.300604 -6.416676, 9.291266 -6.4279, 9.281392 -6.438657, 9.271006 -6.44892, 9.260134 -6.458666, 9.2488 -6.467871, 9.237032 -6.476514, 9.224857 -6.484574, 9.212304 -6.492033, 9.199403 -6.498871, 9.186185 -6.505074, 9.172681 -6.510626, 9.158923 -6.515515, 9.144942 -6.519728, 9.130774 -6.523256, 9.116451 -6.526091, 9.102006 -6.528225, 9.087475 -6.529654, 9.072892 -6.530375, 9.058291 -6.530385, 9.043706 -6.529684, 9.029173 -6.528275, 9.014726 -6.52616, 9.000399 -6.523345, 8.986226 -6.519836, 7.083229 -5.999232, 5.999232 -7.083229, 6.519836 -8.986226, 6.523345 -9.000399, 6.52616 -9.014726, 6.528275 -9.029173, 6.529684 -9.043706, 6.530385 -9.058291, 6.530375 -9.072892, 6.529654 -9.087475, 6.528225 -9.102006, 6.526091 -9.116451, 6.523256 -9.130774, 6.519728 -9.144942, 6.515515 -9.158923, 6.510626 -9.172681, 6.505074 -9.186185, 6.498871 -9.199403, 6.492033 -9.212304, 6.484574 -9.224857, 6.476514 -9.237032, 6.467871 -9.2488, 6.458666 -9.260134, 6.44892 -9.271006, 6.438657 -9.281392, 6.4279 -9.291266, 6.416676 -9.300604, 6.405011 -9.309386, 6.392932 -9.31759, 6.380469 -9.325196, 4.885622 -10.188246, 4.872803 -10.195236, 4.859659 -10.201595, 4.846222 -10.207307, 4.832522 -10.212358, 4.818593 -10.216736, 4.804467 -10.220432, 4.790178 -10.223436, 4.77576 -10.225741, 4.761247 -10.227342, 4.746673 -10.228235, 4.732073 -10.228417, 4.717482 -10.227889, 4.702933 -10.226652, 4.688462 -10.224708, 4.674102 -10.222063, 4.659888 -10.218721, 4.645854 -10.214693, 4.632032 -10.209986, 4.618456 -10.204612, 4.605157 -10.198584, 4.592167 -10.191916, 4.579518 -10.184624, 4.567237 -10.176725, 4.555356 -10.168238, 4.543902 -10.159183, 4.532902 -10.149582, 4.522382 -10.139456, 3.134641 -8.737102, 1.653872 -9.133873, 1.15323 -11.042218, 1.149183 -11.056247, 1.144457 -11.070062, 1.139065 -11.083631, 1.133019 -11.096921, 1.126334 -11.109902, 1.119024 -11.122542, 1.111109 -11.134812, 1.102606 -11.146681, 1.093535 -11.158123, 1.083919 -11.16911, 1.073779 -11.179617, 1.06314 -11.189617, 1.052027 -11.199088, 1.040467 -11.208007, 1.028486 -11.216353, 1.016113 -11.224106, 1.003378 -11.231248, 0.99031 -11.237761, 0.976941 -11.243631, 0.963302 -11.248844, 0.949425 -11.253387, 0.935344 -11.25725, 0.921092 -11.260422, 0.906702 -11.262898, 0.892209 -11.26467, 0.877647 -11.265735, 0.86305 -11.266091, -0.86305 -11.266091, -0.877647 -11.265735, -0.892209 -11.26467, -0.906702 -11.262898, -0.921092 -11.260422, -0.935344 -11.25725, -0.949425 -11.253387, -0.963302 -11.248844, -0.976941 -11.243631, -0.99031 -11.237761, -1.003378 -11.231248, -1.016113 -11.224106, -1.028486 -11.216353, -1.040467 -11.208007, -1.052027 -11.199088, -1.06314 -11.189617, -1.073779 -11.179617, -1.083919 -11.16911, -1.093535 -11.158123, -1.102606 -11.146681, -1.111109 -11.134812, -1.119024 -11.122542, -1.126334 -11.109902, -1.133019 -11.096921, -1.139065 -11.083631, -1.144457 -11.070062, -1.149183 -11.056247, -1.15323 -11.042218, -1.653872 -9.133873, -3.134641 -8.737102, -4.522382 -10.139456, -4.532902 -10.149582, -4.543902 -10.159183, -4.555356 -10.168238, -4.567237 -10.176725, -4.579518 -10.184624, -4.592167 -10.191916, -4.605157 -10.198584, -4.618456 -10.204612, -4.632032 -10.209986, -4.645854 -10.214693, -4.659888 -10.218721, -4.674102 -10.222063, -4.688462 -10.224708, -4.702933 -10.226652, -4.717482 -10.227889, -4.732073 -10.228417, -4.746673 -10.228235, -4.761247 -10.227342, -4.77576 -10.225741, -4.790178 -10.223436, -4.804467 -10.220432, -4.818593 -10.216736, -4.832522 -10.212358, -4.846222 -10.207307, -4.859659 -10.201595, -4.872803 -10.195236, -4.885622 -10.188246, -6.380469 -9.325196, -6.392932 -9.31759, -6.405011 -9.309386, -6.416676 -9.300604, -6.4279 -9.291266, -6.438657 -9.281392, -6.44892 -9.271006, -6.458666 -9.260134, -6.467871 -9.2488, -6.476514 -9.237032, -6.484574 -9.224857, -6.492033 -9.212304, -6.498871 -9.199403, -6.505074 -9.186185, -6.510626 -9.172681, -6.515515 -9.158923, -6.519728 -9.144942, -6.523256 -9.130774, -6.526091 -9.116451, -6.528225 -9.102006, -6.529654 -9.087475, -6.530375 -9.072892, -6.530385 -9.058291, -6.529684 -9.043706, -6.528275 -9.029173, -6.52616 -9.014726, -6.523345 -9.000399, -6.519836 -8.986226, -5.999232 -7.083229, -7.083229 -5.999232, -8.986226 -6.519836, -9.000399 -6.523345, -9.014726 -6.52616, -9.029173 -6.528275, -9.043706 -6.529684, -9.058291 -6.530385, -9.072892 -6.530375, -9.087475 -6.529654, -9.102006 -6.528225, -9.116451 -6.526091, -9.130774 -6.523256, -9.144942 -6.519728, -9.158923 -6.515515, -9.172681 -6.510626, -9.186185 -6.505074, -9.199403 -6.498871, -9.212304 -6.492033, -9.224857 -6.484574, -9.237032 -6.476514, -9.2488 -6.467871, -9.260134 -6.458666, -9.271006 -6.44892, -9.281392 -6.438657, -9.291266 -6.4279, -9.300604 -6.416676, -9.309386 -6.405011, -9.31759 -6.392932, -9.325196 -6.380469, -10.188246 -4.885622, -10.195236 -4.872803, -10.201595 -4.859659, -10.207307 -4.846222, -10.212358 -4.832522, -10.216736 -4.818593, -10.220432 -4.804467, -10.223436 -4.790178, -10.225741 -4.77576, -10.227342 -4.761247, -10.228235 -4.746673, -10.228417 -4.732073, -10.227889 -4.717482, -10.226652 -4.702933, -10.224708 -4.688462, -10.222063 -4.674102, -10.218721 -4.659888, -10.214693 -4.645854, -10.209986 -4.632032, -10.204612 -4.618456, -10.198584 -4.605157, -10.191916 -4.592167, -10.184624 -4.579518, -10.176725 -4.567237, -10.168238 -4.555356, -10.159183 -4.543902, -10.149582 -4.532902, -10.139456 -4.522382, -8.737102 -3.134641, -9.133873 -1.653872, -11.042218 -1.15323, -11.056247 -1.149183, -11.070062 -1.144457, -11.083631 -1.139065, -11.096921 -1.133019, -11.109902 -1.126334, -11.122542 -1.119024, -11.134812 -1.111109, -11.146681 -1.102606, -11.158123 -1.093535, -11.16911 -1.083919, -11.179617 -1.073779, -11.189617 -1.06314, -11.199088 -1.052027, -11.208007 -1.040467, -11.216353 -1.028486, -11.224106 -1.016113, -11.231248 -1.003378, -11.237761 -0.99031, -11.243631 -0.976941, -11.248844 -0.963302, -11.253387 -0.949425, -11.25725 -0.935344, -11.260422 -0.921092, -11.262898 -0.906702, -11.26467 -0.892209, -11.265735 -0.877647, -11.266091 -0.86305, -11.266091 0.86305, -11.265735 0.877647, -11.26467 0.892209, -11.262898 0.906702, -11.260422 0.921092, -11.25725 0.935344, -11.253387 0.949425, -11.248844 0.963302, -11.243631 0.976941, -11.237761 0.99031, -11.231248 1.003378, -11.224106 1.016113, -11.216353 1.028486, -11.208007 1.040467, -11.199088 1.052027, -11.189617 1.06314, -11.179617 1.073779, -11.16911 1.083919, -11.158123 1.093535, -11.146681 1.102606, -11.134812 1.111109, -11.122542 1.119024, -11.109902 1.126334, -11.096921 1.133019, -11.083631 1.139065, -11.070062 1.144457, -11.056247 1.149183, -11.042218 1.15323, -9.133873 1.653872, -8.737102 3.134641, -10.139456 4.522382, -10.149582 4.532902, -10.159183 4.543902, -10.168238 4.555356, -10.176725 4.567237, -10.184624 4.579518, -10.191916 4.592167, -10.198584 4.605157, -10.204612 4.618456, -10.209986 4.632032, -10.214693 4.645854, -10.218721 4.659888, -10.222063 4.674102, -10.224708 4.688462, -10.226652 4.702933, -10.227889 4.717482, -10.228417 4.732073, -10.228235 4.746673, -10.227342 4.761247, -10.225741 4.77576, -10.223436 4.790178, -10.220432 4.804467, -10.216736 4.818593, -10.212358 4.832522, -10.207307 4.846222, -10.201595 4.859659, -10.195236 4.872803, -10.188246 4.885622, -9.325196 6.380469, -9.31759 6.392932, -9.309386 6.405011, -9.300604 6.416676, -9.291266 6.4279, -9.281392 6.438657, -9.271006 6.44892, -9.260134 6.458666, -9.2488 6.467871, -9.237032 6.476514, -9.224857 6.484574, -9.212304 6.492033, -9.199403 6.498871, -9.186185 6.505074, -9.172681 6.510626, -9.158923 6.515515, -9.144942 6.519728, -9.130774 6.523256, -9.116451 6.526091, -9.102006 6.528225, -9.087475 6.529654, -9.072892 6.530375, -9.058291 6.530385, -9.043706 6.529684, -9.029173 6.528275, -9.014726 6.52616, -9.000399 6.523345, -8.986226 6.519836, -7.083229 5.999232, -5.999232 7.083229, -6.519836 8.986226, -6.523345 9.000399, -6.52616 9.014726, -6.528275 9.029173, -6.529684 9.043706, -6.530385 9.058291, -6.530375 9.072892, -6.529654 9.087475, -6.528225 9.102006, -6.526091 9.116451, -6.523256 9.130774, -6.519728 9.144942, -6.515515 9.158923, -6.510626 9.172681, -6.505074 9.186185, -6.498871 9.199403, -6.492033 9.212304, -6.484574 9.224857, -6.476514 9.237032, -6.467871 9.2488, -6.458666 9.260134, -6.44892 9.271006, -6.438657 9.281392, -6.4279 9.291266, -6.416676 9.300604, -6.405011 9.309386, -6.392932 9.31759, -6.380469 9.325196, -4.885622 10.188246, -4.872803 10.195236, -4.859659 10.201595, -4.846222 10.207307, -4.832522 10.212358, -4.818593 10.216736, -4.804467 10.220432, -4.790178 10.223436, -4.77576 10.225741, -4.761247 10.227342, -4.746673 10.228235, -4.732073 10.228417, -4.717482 10.227889, -4.702933 10.226652, -4.688462 10.224708, -4.674102 10.222063, -4.659888 10.218721, -4.645854 10.214693, -4.632032 10.209986, -4.618456 10.204612, -4.605157 10.198584, -4.592167 10.191916, -4.579518 10.184624, -4.567237 10.176725, -4.555356 10.168238, -4.543902 10.159183, -4.532902 10.149582, -4.522382 10.139456, -3.134641 8.737102, -1.653872 9.133873, -1.15323 11.042218, -1.149183 11.056247, -1.144457 11.070062, -1.139065 11.083631, -1.133019 11.096921, -1.126334 11.109902, -1.119024 11.122542, -1.111109 11.134812, -1.102606 11.146681, -1.093535 11.158123, -1.083919 11.16911, -1.073779 11.179617, -1.06314 11.189617, -1.052027 11.199088, -1.040467 11.208007, -1.028486 11.216353, -1.016113 11.224106, -1.003378 11.231248, -0.99031 11.237761, -0.976941 11.243631, -0.963302 11.248844, -0.949425 11.253387, -0.935344 11.25725, -0.921092 11.260422, -0.906702 11.262898, -0.892209 11.26467, -0.877647 11.265735, -0.86305 11.266091, 0.86305 11.266091, 0.877647 11.265735, 0.892209 11.26467, 0.906702 11.262898, 0.921092 11.260422, 0.935344 11.25725, 0.949425 11.253387, 0.963302 11.248844, 0.976941 11.243631, 0.99031 11.237761, 1.003378 11.231248, 1.016113 11.224106, 1.028486 11.216353, 1.040467 11.208007, 1.052027 11.199088, 1.06314 11.189617, 1.073779 11.179617, 1.083919 11.16911, 1.093535 11.158123, 1.102606 11.146681, 1.111109 11.134812, 1.119024 11.122542, 1.126334 11.109902, 1.133019 11.096921, 1.139065 11.083631, 1.144457 11.070062, 1.149183 11.056247, 1.15323 11.042218, 1.653872 9.133873))",data/renders/procedural/gear_03_socket_v1.png,data/renders/procedural/gear_03_socket_v2.png,c153cd9851144268,7f2977800d843389
gear_03_shrunk0.20,shrunk,"POLYGON ((1.356146 8.69601, 3.173548 8.209039, 3.18329 8.206688, 3.193138 8.204829, 3.203067 8.203465, 3.213052 8.2026, 3.223068 8.202236, 3.233089 8.202375, 3.243091 8.203016, 3.253048 8.204156, 3.262935 8.205794, 3.272728 8.207926, 3.282402 8.210545, 3.291932 8.213646, 3.301295 8.21722, 3.310468 8.221259, 3.319426 8.225752, 3.328148 8.230688, 3.336612 8.236055, 3.344797 8.241839, 3.352681 8.248026, 3.360246 8.2546, 3.367472 8.261545, 4.769249 9.678083, 5.996842 8.969333, 5.470972 7.047089, 5.468571 7.037358, 5.466659 7.02752, 5.465244 7.017599, 5.464327 7.007618, 5.463911 6.997605, 5.463997 6.987583, 5.464585 6.977578, 5.465674 6.967615, 5.46726 6.95772, 5.46934 6.947916, 5.471908 6.938228, 5.474959 6.928682, 5.478484 6.9193, 5.482475 6.910107, 5.486921 6.901125, 5.491811 6.892377, 5.497134 6.883885, 5.502875 6.87567, 5.509021 6.867753, 5.515555 6.860154, 5.522462 6.852892, 6.852892 5.522462, 6.860154 5.515555, 6.867753 5.509021, 6.87567 5.502875, 6.883885 5.497134, 6.892377 5.491811, 6.901125 5.486921, 6.910107 5.482475, 6.9193 5.478484, 6.928682 5.474959, 6.938228 5.471908, 6.947916 5.46934, 6.95772 5.46726, 6.967615 5.465674, 6.977578 5.464585, 6.987583 5.463997, 6.997605 5.463911, 7.007618 5.464327, 7.017599 5.465244, 7.02752 5.466659, 7.037358 5.468571, 7.047089 5.470972, 8.969333 5.996842, 9.678083 4.769249, 8.261545 3.367472, 8.2546 3.360246, 8.248026 3.352681, 8.241839 3.344797, 8.236055 3.336612, 8.230688 3.328148, 8.225752 3.319426, 8.221259 3.310468, 8.21722 3.301295, 8.213646 3.291932, 8.210545 3.282402, 8.207926 3.272728, 8.205794 3.262935, 8.204156 3.253048, 8.203016 3.243091, 8.202375 3.233089, 8.202236 3.223068, 8.2026 3.213052, 8.203465 3.203067, 8.204829 3.193138, 8.206688 3.18329, 8.209039 3.173548, 8.69601 1.356146, 8.698846 1.346534, 8.702159 1.337075, 8.705943 1.327795, 8.710186 1.318715, 8.714879 1.30986, 8.72001 1.30125, 8.725565 1.292909, 8.731532 1.284856, 8.737894 1.277113, 8.744636 1.269698, 8.751741 1.262629, 8.759192 1.255926, 8.766969 1.249604, 8.775053 1.24368, 8.783423 1.238168, 8.792059 1.233083, 8.800939 1.228436, 8.81004 1.224241, 8.819341 1.220506, 8.828816 1.217242, 8.838444 1.214457, 10.766091 0.708751, 10.766091 -0.708751, 8.838444 -1.214457, 8.828816 -1.217242, 8.819341 -1.220506, 8.81004 -1.224241, 8.800939 -1.228436, 8.792059 -1.233083, 8.783423 -1.238168, 8.775053 -1.24368, 8.766969 -1.249604, 8.759192 -1.255926, 8.751741 -1.262629, 8.744636 -1.269698, 8.737894 -1.277113, 8.731532 -1.284856, 8.725565 -1.292909, 8.72001 -1.30125, 8.714879 -1.30986, 8.710186 -1.318715, 8.705943 -1.327795, 8.702159 -1.337075, 8.698846 -1.346534, 8.69601 -1.356146, 8.209039 -3.173548, 8.206688 -3.18329, 8.204829 -3.193138, 8.203465 -3.203067, 8.2026 -3.213052, 8.202236 -3.223068, 8.202375 -3.233089, 8.203016 -3.243091, 8.204156 -3.253048, 8.205794 -3.262935, 8.207926 -3.272728, 8.210545 -3.282402, 8.213646 -3.291932, 8.21722 -3.301295, 8.221259 -3.310468, 8.225752 -3.319426, 8.230688 -3.328148, 8.236055 -3.336612, 8.241839 -3.344797, 8.248026 -3.352681, 8.2546 -3.360246, 8.261545 -3.367472, 9.678083 -4.769249, 8.969333 -5.996842, 7.047089 -5.470972, 7.037358 -5.468571, 7.02752 -5.466659, 7.017599 -5.465244, 7.007618 -5.464327, 6.997605 -5.463911, 6.987583 -5.463997, 6.977578 -5.464585, 6.967615 -5.465674, 6.95772 -5.46726, 6.947916 -5.46934, 6.938228 -5.471908, 6.928682 -5.474959, 6.9193 -5.478484, 6.910107 -5.482475, 6.901125 -5.486921, 6.892377 -5.491811, 6.883885 -5.497134, 6.87567 -5.502875, 6.867753 -5.509021, 6.860154 -5.515555, 6.852892 -5.522462, 5.522462 -6.852892, 5.515555 -6.860154, 5.509021 -6.867753, 5.502875 -6.87567, 5.497134 -6.883885, 5.491811 -6.892377, 5.486921 -6.901125, 5.482475 -6.910107, 5.478484 -6.9193, 5.474959 -6.928682, 5.471908 -6.938228, 5.46934 -6.947916, 5.46726 -6.95772, 5.465674 -6.967615, 5.464585 -6.977578, 5.463997 -6.987583, 5.463911 -6.997605, 5.464327 -7.007618, 5.465244 -7.017599, 5.466659 -7.02752, 5.468571 -7.037358, 5.470972 -7.047089, 5.996842 -8.969333, 4.769249 -9.678083, 3.367472 -8.261545, 3.360246 -8.2546, 3.352681 -8.248026, 3.344797 -8.241839, 3.336612 -8.236055, 3.328148 -8.230688, 3.319426 -8.225752, 3.310468 -8.221259, 3.301295 -8.21722, 3.291932 -8.213646, 3.282402 -8.210545, 3.272728 -8.207926, 3.262935 -8.205794, 3.253048 -8.204156, 3.243091 -8.203016, 3.233089 -8.202375, 3.223068 -8.202236, 3.213052 -8.2026, 3.203067 -8.203465, 3.193138 -8.204829, 3.18329 -8.206688, 3.173548 -8.209039, 1.356146 -8.69601, 1.346534 -8.698846, 1.337075 -8.702159, 1.327795 -8.705943, 1.318715 -8.710186, 1.30986 -8.714879, 1.30125 -8.72001, 1.292909 -8.725565, 1.284856 -8.731532, 1.277113 -8.737894, 1.269698 -8.744636, 1.262629 -8.751741, 1.255926 -8.759192, 1.249604 -8.766969, 1.24368 -8.775053, 1.238168 -8.783423, 1.233083 -8.792059, 1.228436 -8.800939, 1.224241 -8.81004, 1.220506 -8.819341, 1.217242 -8.828816, 1.214457 -8.838444, 0.708751 -10.766091, -0.708751 -10.766091, -1.214457 -8.838444, -1.217242 -8.828816, -1.220506 -8.819341, -1.224241 -8.81004, -1.228436 -8.800939, -1.233083 -8.792059, -1.238168 -8.783423, -1.24368 -8.775053, -1.249604 -8.766969, -1.255926 -8.759192, -1.262629 -8.751741, -1.269698 -8.744636, -1.277113 -8.737894, -1.284856 -8.731532, -1.292909 -8.725565, -1.30125 -8.72001, -1.30986 -8.714879, -1.318715 -8.710186, -1.327795 -8.705943, -1.337075 -8.702159, -1.346534 -8.698846, -1.356146 -8.69601, -3.173548 -8.209039, -3.18329 -8.206688, -3.193138 -8.204829, -3.203067 -8.203465, -3.213052 -8.2026, -3.223068 -8.202236, -3.233089 -8.202375, -3.243091 -8.203016, -3.253048 -8.204156, -3.262935 -8.205794, -3.272728 -8.207926, -3.282402 -8.210545, -3.291932 -8.213646, -3.301295 -8.21722, -3.310468 -8.221259, -3.319426 -8.225752, -3.328148 -8.230688, -3.336612 -8.236055, -3.344797 -8.241839, -3.352681 -8.248026, -3.360246 -8.2546, -3.367472 -8.261545, -4.769249 -9.678083, -5.996842 -8.969333, -5.470972 -7.047089, -5.468571 -7.037358, -5.466659 -7.02752, -5.465244 -7.017599, -5.464327 -7.007618, -5.463911 -6.997605, -5.463997 -6.987583, -5.464585 -6.977578, -5.465674 -6.967615, -5.46726 -6.95772, -5.46934 -6.947916, -5.471908 -6.938228, -5.474959 -6.928682, -5.478484 -6.9193, -5.482475 -6.910107, -5.486921 -6.901125, -5.491811 -6.892377, -5.497134 -6.883885, -5.502875 -6.87567, -5.509021 -6.867753, -5.515555 -6.860154, -5.522462 -6.852892, -6.852892 -5.522462, -6.860154 -5.515555, -6.867753 -5.509021, -6.87567 -5.502875, -6.883885 -5.497134, -6.892377 -5.491811, -6.901125 -5.486921, -6.910107 -5.482475, -6.9193 -5.478484, -6.928682 -5.474959, -6.938228 -5.471908, -6.947916 -5.46934, -6.95772 -5.46726, -6.967615 -5.465674, -6.977578 -5.464585, -6.987583 -5.463997, -6.997605 -5.463911, -7.007618 -5.464327, -7.017599 -5.465244, -7.02752 -5.466659, -7.037358 -5.468571, -7.047089 -5.470972, -8.969333 -5.996842, -9.678083 -4.769249, -8.261545 -3.367472, -8.2546 -3.360246, -8.248026 -3.352681, -8.241839 -3.344797, -8.236055 -3.336612, -8.230688 -3.328148, -8.225752 -3.319426, -8.221259 -3.310468, -8.21722 -3.301295, -8.213646 -3.291932, -8.210545 -3.282402, -8.207926 -3.272728, -8.205794 -3.262935, -8.204156 -3.253048, -8.203016 -3.243091, -8.202375 -3.233089, -8.202236 -3.223068, -8.2026 -3.213052, -8.203465 -3.203067, -8.204829 -3.193138, -8.206688 -3.18329, -8.209039 -3.173548, -8.69601 -1.356146, -8.698846 -1.346534, -8.702159 -1.337075, -8.705943 -1.327795, -8.710186 -1.318715, -8.714879 -1.30986, -8.72001 -1.30125, -8.725565 -1.292909, -8.731532 -1.284856, -8.737894 -1.277113, -8.744636 -1.269698, -8.751741 -1.262629, -8.759192 -1.255926, -8.766969 -1.249604, -8.775053 -1.24368, -8.783423 -1.238168, -8.792059 -1.233083, -8.800939 -1.228436, -8.81004 -1.224241, -8.819341 -1.220506, -8.828816 -1.217242, -8.838444 -1.214457, -10.766091 -0.708751, -10.766091 0.708751, -8.838444 1.214457, -8.828816 1.217242, -8.819341 1.220506, -8.81004 1.224241, -8.800939 1.228436, -8.792059 1.233083, -8.783423 1.238168, -8.775053 1.24368, -8.766969 1.249604, -8.759192 1.255926, -8.751741 1.262629, -8.744636 1.269698, -8.737894 1.277113, -8.731532 1.284856, -8.725565 1.292909, -8.72001 1.30125, -8.714879 1.30986, -8.710186 1.318715, -8.705943 1.327795, -8.702159 1.337075, -8.698846 1.346534, -8.69601 1.356146, -8.209039 3.173548, -8.206688 3.18329, -8.204829 3.193138, -8.203465 3.203067, -8.2026 3.213052, -8.202236 3.223068, -8.202375 3.233089, -8.203016 3.243091, -8.204156 3.253048, -8.205794 3.262935, -8.207926 3.272728, -8.210545 3.282402, -8.213646 3.291932, -8.21722 3.301295, -8.221259 3.310468, -8.225752 3.319426, -8.230688 3.328148, -8.236055 3.336612, -8.241839 3.344797, -8.248026 3.352681, -8.2546 3.360246, -8.261545 3.367472, -9.678083 4.769249, -8.969333 5.996842, -7.047089 5.470972, -7.037358 5.468571, -7.02752 5.466659, -7.017599 5.465244, -7.007618 5.464327, -6.997605 5.463911, -6.987583 5.463997, -6.977578 5.464585, -6.967615 5.465674, -6.95772 5.46726, -6.947916 5.46934, -6.938228 5.471908, -6.928682 5.474959, -6.9193 5.478484, -6.910107 5.482475, -6.901125 5.486921, -6.892377 5.491811, -6.883885 5.497134, -6.87567 5.502875, -6.867753 5.509021, -6.860154 5.515555, -6.852892 5.522462, -5.522462 6.852892, -5.515555 6.860154, -5.509021 6.867753, -5.502875 6.87567, -5.497134 6.883885, -5.491811 6.892377, -5.486921 6.901125, -5.482475 6.910107, -5.478484 6.9193, -5.474959 6.928682, -5.471908 6.938228, -5.46934 6.947916, -5.46726 6.95772, -5.465674 6.967615, -5.464585 6.977578, -5.463997 6.987583, -5.463911 6.997605, -5.464327 7.007618, -5.465244 7.017599, -5.466659 7.02752, -5.468571 7.037358, -5.470972 7.047089, -5.996842 8.969333, -4.769249 9.678083, -3.367472 8.261545, -3.360246 8.2546, -3.352681 8.248026, -3.344797 8.241839, -3.336612 8.236055, -3.328148 8.230688, -3.319426 8.225752, -3.310468 8.221259, -3.301295 8.21722, -3.291932 8.213646, -3.282402 8.210545, -3.272728 8.207926, -3.262935 8.205794, -3.253048 8.204156, -3.243091 8.203016, -3.233089 8.202375, -3.223068 8.202236, -3.213052 8.2026, -3.203067 8.203465, -3.193138 8.204829, -3.18329 8.206688, -3.173548 8.209039, -1.356146 8.69601, -1.346534 8.698846, -1.337075 8.702159, -1.327795 8.705943, -1.318715 8.710186, -1.30986 8.714879, -1.30125 8.72001, -1.292909 8.725565, -1.284856 8.731532, -1.277113 8.737894, -1.269698 8.744636, -1.262629 8.751741, -1.255926 8.759192, -1.249604 8.766969, -1.24368 8.775053, -1.238168 8.783423, -1.233083 8.792059, -1.228436 8.800939, -1.224241 8.81004, -1.220506 8.819341, -1.217242 8.828816, -1.214457 8.838444, -0.708751 10.766091, 0.708751 10.766091, 1.214457 8.838444, 1.217242 8.828816, 1.220506 8.819341, 1.224241 8.81004, 1.228436 8.800939, 1.233083 8.792059, 1.238168 8.783423, 1.24368 8.775053, 1.249604 8.766969, 1.255926 8.759192, 1.262629 8.751741, 1.269698 8.744636, 1.277113 8.737894, 1.284856 8.731532, 1.292909 8.725565, 1.30125 8.72001, 1.30986 8.714879, 1.318715 8.710186, 1.327795 8.705943, 1.337075 8.702159, 1.346534 8.698846, 1.356146 8.69601))",data/renders/blocks/gear_03_shrunk0.20_socket_v1.png,data/renders/blocks/gear_03_shrunk0.20_socket_v2.png,5d0d1eb0c5f97585,4200e8bdabebcce0
keyed_01,catalog,"POLYGON ((-1.8 7.793623, -1.8 9.693602, -1.799639 9.708322, -1.798555 9.723007, -1.796753 9.737621, -1.794236 9.752129, -1.791009 9.766496, -1.787082 9.780687, -1.782463 9.794669, -1.777164 9.808407, -1.771197 9.821868, -1.764576 9.835021, -1.757319 9.847832, -1.749441 9.860273, -1.740962 9.872311, -1.731903 9.88392, -1.722285 9.895069, -1.712132 9.905734, -1.701468 9.915887, -1.690318 9.925505, -1.67871 9.934564, -1.666671 9.943042, -1.654231 9.95092, -1.641419 9.958178, -1.628267 9.964798, -1.614805 9.970765, -1.601067 9.976065, -1.587085 9.980684, -1.572894 9.984611, -1.558527 9.987837, -1.544019 9.990355, -1.529405 9.992157, -1.51472 9.99324, -1.5 9.993602, 1.5 9.993602, 1.51472 9.99324, 1.529405 9.992157, 1.544019 9.990355, 1.558527 9.987837, 1.572894 9.984611, 1.587085 9.980684, 1.601067 9.976065, 1.614805 9.970765, 1.628267 9.964798, 1.641419 9.958178, 1.654231 9.95092, 1.666671 9.943042, 1.67871 9.934564, 1.690318 9.925505, 1.701468 9.915887, 1.712132 9.905734, 1.722285 9.895069, 1.731903 9.88392, 1.740962 9.872311, 1.749441 9.860273, 1.757319 9.847832, 1.764576 9.835021, 1.771197 9.821868, 1.777164 9.808407, 1.782463 9.794669, 1.787082 9.780687, 1.791009 9.766496, 1.794236 9.752129, 1.796753 9.737621, 1.798555 9.723007, 1.799639 9.708322, 1.8 9.693602, 1.8 7.793623, 2.009572 7.746562, 2.023855 7.742984, 2.402291 7.638257, 2.416382 7.633983, 2.789223 7.510813, 2.803087 7.505852, 3.169436 7.364536, 3.18304 7.358901, 3.542013 7.199779, 3.555324 7.193483, 3.906057 7.016939, 3.919043 7.009998, 4.260691 6.816457, 4.273321 6.808887, 4.605061 6.598815, 4.617304 6.590634, 4.938337 6.364537, 4.950164 6.355766, 5.259716 6.114189, 5.271098 6.104848, 5.568423 5.848373, 5.579334 5.838485, 5.863716 5.56773, 5.874128 5.557318, 6.144883 5.272935, 6.154772 5.262025, 6.411246 4.9647, 6.420588 4.953317, 6.662164 4.643765, 6.670936 4.631938, 6.897032 4.310906, 6.905213 4.298663, 7.115285 3.966923, 7.122855 3.954293, 7.316396 3.612645, 7.323337 3.599659, 7.499882 3.248926, 7.506177 3.235615, 7.665299 2.876641, 7.670934 2.863038, 7.81225 2.496689, 7.817211 2.482825, 7.940381 2.109983, 7.944656 2.095893, 8.049383 1.717457, 8.052961 1.703173, 8.138993 1.320055, 8.141866 1.305613, 8.208995 0.918734, 8.211156 0.904169, 8.259222 0.514462, 8.260665 0.499808, 8.289551 0.108212, 8.290273 0.093505, 8.29991 -0.299036, 8.29991 -0.313761, 8.290273 -0.706302, 8.289551 -0.721009, 8.260665 -1.112605, 8.259222 -1.127259, 8.211156 -1.516965, 8.208995 -1.531531, 8.141866 -1.91841, 8.138993 -1.932851, 8.052961 -2.31597, 8.049383 -2.330254, 7.944656 -2.70869, 7.940381 -2.72278, 7.817211 -3.095622, 7.81225 -3.109486, 7.670934 -3.475834, 7.665299 -3.489438, 7.506177 -3.848412, 7.499882 -3.861723, 7.323337 -4.212456, 7.316396 -4.225442, 7.122855 -4.56709, 7.115285 -4.57972, 6.905213 -4.91146, 6.897032 -4.923703, 6.670936 -5.244735, 6.662164 -5.256562, 6.420588 -5.566114, 6.411246 -5.577497, 6.154772 -5.874822, 6.144883 -5.885732, 5.874128 -6.170115, 5.863716 -6.180527, 5.579334 -6.451282, 5.568423 -6.46117, 5.271098 -6.717645, 5.259716 -6.726986, 4.950164 -6.968563, 4.938337 -6.977334, 4.617304 -7.203431, 4.605061 -7.211611, 4.273321 -7.421683, 4.260691 -7.429253, 3.919043 -7.622795, 3.906057 -7.629736, 3.555324 -7.80628, 3.542013 -7.812576, 3.18304 -7.971698, 3.169436 -7.977333, 2.803087 -8.118649, 2.789223 -8.123609, 2.416382 -8.24678, 2.402291 -8.251054, 2.023855 -8.355781, 2.009572 -8.359359, 1.626453 -8.445391, 1.612011 -8.448264, 1.225132 -8.515394, 1.210567 -8.517554, 0.82086 -8.56562, 0.806206 -8.567063, 0.414611 -8.595949, 0.399904 -8.596672, 0.007362 -8.606308, -0.007362 -8.606308, -0.399904 -8.596672, -0.414611 -8.595949, -0.806206 -8.567063, -0.82086 -8.56562, -1.210567 -8.517554, -1.225132 -8.515394, -1.612011 -8.448264, -1.626453 -8.445391, -2.009572 -8.359359, -2.023855 -8.355781, -2.402291 -8.251054, -2.416382 -8.24678, -2.789223 -8.123609, -2.803087 -8.118649, -3.169436 -7.977333, -3.18304 -7.971698, -3.542013 -7.812576, -3.555324 -7.80628, -3.906057 -7.629736, -3.919043 -7.622795, -4.260691 -7.429253, -4.273321 -7.421683, -4.605061 -7.211611, -4.617304 -7.203431, -4.938337 -6.977334, -4.950164 -6.968563, -5.259716 -6.726986, -5.271098 -6.717645, -5.568423 -6.46117, -5.579334 -6.451282, -5.863716 -6.180527, -5.874128 -6.170115, -6.144883 -5.885732, -6.154772 -5.874822, -6.411246 -5.577497, -6.420588 -5.566114, -6.662164 -5.256562, -6.670936 -5.244735, -6.897032 -4.923703, -6.905213 -4.91146, -7.115285 -4.57972, -7.122855 -4.56709, -7.316396 -4.225442, -7.323337 -4.212456, -7.499882 -3.861723, -7.506177 -3.848412, -7.665299 -3.489438, -7.670934 -3.475834, -7.81225 -3.109486, -7.817211 -3.095622, -7.940381 -2.72278, -7.944656 -2.70869, -8.049383 -2.330254, -8.052961 -2.31597, -8.138993 -1.932851, -8.141866 -1.91841, -8.208995 -1.531531, -8.211156 -1.516965, -8.259222 -1.127259, -8.260665 -1.112605, -8.289551 -0.721009, -8.290273 -0.706302, -8.29991 -0.313761, -8.29991 -0.299036, -8.290273 0.093505, -8.289551 0.108212, -8.260665 0.499808, -8.259222 0.514462, -8.211156 0.904169, -8.208995 0.918734, -8.141866 1.305613, -8.138993 1.320055, -8.052961 1.703173, -8.049383 1.717457, -7.944656 2.095893, -7.940381 2.109983, -7.817211 2.482825, -7.81225 2.496689, -7.670934 2.863038, -7.665299 2.876641, -7.506177 3.235615, -7.499882 3.248926, -7.323337 3.599659, -7.316396 3.612645, -7.122855 3.954293, -7.115285 3.966923, -6.905213 4.298663, -6.897032 4.310906, -6.670936 4.631938, -6.662164 4.643765, -6.420588 4.953317, -6.411246 4.9647, -6.154772 5.262025, -6.144883 5.272935, -5.874128 5.557318, -5.863716 5.56773, -5.579334 5.838485, -5.568423 5.848373, -5.271098 6.104848, -5.259716 6.114189, -4.950164 6.355766, -4.938337 6.364537, -4.617304 6.590634, -4.605061 6.598815, -4.273321 6.808887, -4.260691 6.816457, -3.919043 7.009998, -3.906057 7.016939, -3.555324 7.193483, -3.542013 7.199779, -3.18304 7.358901, -3.169436 7.364536, -2.803087 7.505852, -2.789223 7.510813, -2.416382 7.633983, -2.402291 7.638257, -2.023855 7.742984, -2.009572 7.746562, -1.8 7.793623))",data/renders/procedural/keyed_01_socket_v1.png,data/renders/procedural/keyed_01_socket_v2.png,b2b0bd20a5af7d8a,c0ebfb234939e65a
keyed_02,catalog,"POLYGON ((-2.8 7.326708, -2.8 9.513353, -2.799639 9.528074, -2.798555 9.542758, -2.796753 9.557372, -2.794236 9.57188, -2.791009 9.586247, -2.787082 9.600439, -2.782463 9.61442, -2.777164 9.628158, -2.771197 9.64162, -2.764576 9.654772, -2.757319 9.667584, -2.749441 9.680024, -2.740962 9.692063, -2.731903 9.703671, -2.722285 9.714821, -2.712132 9.725485, -2.701468 9.735639, -2.690318 9.745256, -2.67871 9.754316, -2.666671 9.762794, -2.654231 9.770672, -2.641419 9.77793, -2.628267 9.78455, -2.614805 9.790517, -2.601067 9.795816, -2.587085 9.800435, -2.572894 9.804363, -2.558527 9.807589, -2.544019 9.810106, -2.529405 9.811909, -2.51472 9.812992, -2.5 9.813353, 2.5 9.813353, 2.51472 9.812992, 2.529405 9.811909, 2.544019 9.810106, 2.558527 9.807589, 2.572894 9.804363, 2.587085 9.800435, 2.601067 9.795816, 2.614805 9.790517, 2.628267 9.78455, 2.641419 9.77793, 2.654231 9.770672, 2.666671 9.762794, 2.67871 9.754316, 2.690318 9.745256, 2.701468 9.735639, 2.712132 9.725485, 2.722285 9.714821, 2.731903 9.703671, 2.740962 9.692063, 2.749441 9.680024, 2.757319 9.667584, 2.764576 9.654772, 2.771197 9.64162, 2.777164 9.628158, 2.782463 9.61442, 2.787082 9.600439, 2.791009 9.586247, 2.794236 9.57188, 2.796753 9.557372, 2.798555 9.542758, 2.799639 9.528074, 2.8 9.513353, 2.8 7.326708, 2.803087 7.325604, 3.169436 7.184287, 3.18304 7.178652, 3.542013 7.019531, 3.555324 7.013235, 3.906057 6.836691, 3.919043 6.829749, 4.260691 6.636208, 4.273321 6.628638, 4.605061 6.418566, 4.617304 6.410386, 4.938337 6.184289, 4.950164 6.175517, 5.259716 5.933941, 5.271098 5.9246, 5.568423 5.668125, 5.579334 5.658236, 5.863716 5.387482, 5.874128 5.37707, 6.144883 5.092687, 6.154772 5.081777, 6.411246 4.784451, 6.420588 4.773069, 6.662164 4.463517, 6.670936 4.45169, 6.897032 4.130658, 6.905213 4.118414, 7.115285 3.786674, 7.122855 3.774045, 7.316396 3.432397, 7.323337 3.419411, 7.499882 3.068677, 7.506177 3.055366, 7.665299 2.696393, 7.670934 2.682789, 7.81225 2.316441, 7.817211 2.302577, 7.940381 1.929735, 7.944656 1.915645, 8.049383 1.537209, 8.052961 1.522925, 8.138993 1.139806, 8.141866 1.125364, 8.208995 0.738486, 8.211156 0.72392, 8.259222 0.334214, 8.260665 0.31956, 8.289551 -0.072036, 8.290273 -0.086743, 8.29991 -0.479284, 8.29991 -0.494009, 8.290273 -0.886551, 8.289551 -0.901258, 8.260665 -1.292853, 8.259222 -1.307507, 8.211156 -1.697214, 8.208995 -1.711779, 8.141866 -2.098658, 8.138993 -2.1131, 8.052961 -2.496219, 8.049383 -2.510502, 7.944656 -2.888938, 7.940381 -2.903029, 7.817211 -3.27587, 7.81225 -3.289734, 7.670934 -3.656083, 7.665299 -3.669687, 7.506177 -4.02866, 7.499882 -4.041971, 7.323337 -4.392704, 7.316396 -4.40569, 7.122855 -4.747338, 7.115285 -4.759968, 6.905213 -5.091708, 6.897032 -5.103951, 6.670936 -5.424984, 6.662164 -5.436811, 6.420588 -5.746362, 6.411246 -5.757745, 6.154772 -6.05507, 6.144883 -6.065981, 5.874128 -6.350363, 5.863716 -6.360775, 5.579334 -6.63153, 5.568423 -6.641418, 5.271098 -6.897893, 5.259716 -6.907234, 4.950164 -7.148811, 4.938337 -7.157582, 4.617304 -7.383679, 4.605061 -7.39186, 4.273321 -7.601932, 4.260691 -7.609502, 3.919043 -7.803043, 3.906057 -7.809984, 3.555324 -7.986528, 3.542013 -7.992824, 3.18304 -8.151946, 3.169436 -8.157581, 2.803087 -8.298897, 2.789223 -8.303858, 2.416382 -8.427028, 2.402291 -8.431302, 2.023855 -8.53603, 2.009572 -8.539607, 1.626453 -8.62564, 1.612011 -8.628512, 1.225132 -8.695642, 1.210567 -8.697803, 0.82086 -8.745868, 0.806206 -8.747312, 0.414611 -8.776198, 0.399904 -8.77692, 0.007362 -8.786556, -0.007362 -8.786556, -0.399904 -8.77692, -0.414611 -8.776198, -0.806206 -8.747312, -0.82086 -8.745868, -1.210567 -8.697803, -1.225132 -8.695642, -1.612011 -8.628512, -1.626453 -8.62564, -2.009572 -8.539607, -2.023855 -8.53603, -2.402291 -8.431302, -2.416382 -8.427028, -2.789223 -8.303858, -2.803087 -8.298897, -3.169436 -8.157581, -3.18304 -8.151946, -3.542013 -7.992824, -3.555324 -7.986528, -3.906057 -7.809984, -3.919043 -7.803043, -4.260691 -7.609502, -4.273321 -7.601932, -4.605061 -7.39186, -4.617304 -7.383679, -4.938337 -7.157582, -4.950164 -7.148811, -5.259716 -6.907234, -5.271098 -6.897893, -5.568423 -6.641418, -5.579334 -6.63153, -5.863716 -6.360775, -5.874128 -6.350363, -6.144883 -6.065981, -6.154772 -6.05507, -6.411246 -5.757745, -6.420588 -5.746362, -6.662164 -5.436811, -6.670936 -5.424984, -6.897032 -5.103951, -6.905213 -5.091708, -7.115285 -4.759968, -7.122855 -4.747338, -7.316396 -4.40569, -7.323337 -4.392704, -7.499882 -4.041971, -7.506177 -4.02866, -7.665299 -3.669687, -7.670934 -3.656083, -7.81225 -3.289734, -7.817211 -3.27587, -7.940381 -2.903029, -7.944656 -2.888938, -8.049383 -2.510502, -8.052961 -2.496219, -8.138993 -2.1131, -8.141866 -2.098658, -8.208995 -1.711779, -8.211156 -1.697214, -8.259222 -1.307507, -8.260665 -1.292853, -8.289551 -0.901258, -8.290273 -0.886551, -8.29991 -0.494009, -8.29991 -0.479284, -8.290273 -0.086743, -8.289551 -0.072036, -8.260665 0.31956, -8.259222 0.334214, -8.211156 0.72392, -8.208995 0.738486, -8.141866 1.125364, -8.138993 1.139806, -8.052961 1.522925, -8.049383 1.537209, -7.944656 1.915645, -7.940381 1.929735, -7.817211 2.302577, -7.81225 2.316441, -7.670934 2.682789, -7.665299 2.696393, -7.506177 3.055366, -7.499882 3.068677, -7.323337 3.419411, -7.316396 3.432397, -7.122855 3.774045, -7.115285 3.786674, -6.905213 4.118414, -6.897032 4.130658, -6.670936 4.45169, -6.662164 4.463517, -6.420588 4.773069, -6.411246 4.784451, -6.154772 5.081777, -6.144883 5.092687, -5.874128 5.37707, -5.863716 5.387482, -5.579334 5.658236, -5.568423 5.668125, -5.271098 5.9246, -5.259716 5.933941, -4.950164 6.175517, -4.938337 6.184289, -4.617304 6.410386, -4.605061 6.418566, -4.273321 6.628638, -4.260691 6.636208, -3.919043 6.829749, -3.906057 6.836691, -3.555324 7.013235, -3.542013 7.019531, -3.18304 7.178652, -3.169436 7.184287, -2.803087 7.325604, -2.8 7.326708))",data/renders/procedural/keyed_02_socket_v1.png,data/renders/procedural/keyed_02_socket_v2.png,aa95ef7b14eea530,21e8585bc722c10a
keyed_03,catalog,"POLYGON ((-1.8 -8.100022, -2.009572 -8.052961, -2.023855 -8.049383, -2.402291 -7.944656, -2.416382 -7.940381, -2.789223 -7.817211, -2.803087 -7.81225, -3.169436 -7.670934, -3.18304 -7.665299, -3.542013 -7.506177, -3.555324 -7.499882, -3.906057 -7.323337, -3.919043 -7.316396, -4.260691 -7.122855, -4.273321 -7.115285, -4.605061 -6.905213, -4.617304 -6.897032, -4.938337 -6.670936, -4.950164 -6.662164, -5.259716 -6.420588, -5.271098 -6.411246, -5.568423 -6.154772, -5.579334 -6.144883, -5.863716 -5.874128, -5.874128 -5.863716, -6.144883 -5.579334, -6.154772 -5.568423, -6.411246 -5.271098, -6.420588 -5.259716, -6.662164 -4.950164, -6.670936 -4.938337, -6.897032 -4.617304, -6.905213 -4.605061, -7.115285 -4.273321, -7.122855 -4.260691, -7.316396 -3.919043, -7.323337 -3.906057, -7.499882 -3.555324, -7.506177 -3.542013, -7.665299 -3.18304, -7.670934 -3.169436, -7.81225 -2.803087, -7.817211 -2.789223, -7.940381 -2.416382, -7.944656 -2.402291, -8.049383 -2.023855, -8.052961 -2.009572, -8.138993 -1.626453, -8.141866 -1.612011, -8.208995 -1.225132, -8.211156 -1.210567, -8.259222 -0.82086, -8.260665 -0.806206, -8.289551 -0.414611, -8.290273 -0.399904, -8.29991 -0.007362, -8.29991 0.007362, -8.290273 0.399904, -8.289551 0.414611, -8.260665 0.806206, -8.259222 0.82086, -8.211156 1.210567, -8.208995 1.225132, -8.141866 1.612011, -8.138993 1.626453, -8.052961 2.009572, -8.049383 2.023855, -7.944656 2.402291, -7.940381 2.416382, -7.817211 2.789223, -7.81225 2.803087, -7.670934 3.169436, -7.665299 3.18304, -7.506177 3.542013, -7.499882 3.555324, -7.323337 3.906057, -7.316396 3.919043, -7.122855 4.260691, -7.115285 4.273321, -6.905213 4.605061, -6.897032 4.617304, -6.670936 4.938337, -6.662164 4.950164, -6.420588 5.259716, -6.411246 5.271098, -6.154772 5.568423, -6.144883 5.579334, -5.874128 5.863716, -5.863716 5.874128, -5.579334 6.144883, -5.568423 6.154772, -5.271098 6.411246, -5.259716 6.420588, -4.950164 6.662164, -4.938337 6.670936, -4.617304 6.897032, -4.605061 6.905213, -4.273321 7.115285, -4.260691 7.122855, -3.919043 7.316396, -3.906057 7.323337, -3.555324 7.499882, -3.542013 7.506177, -3.18304 7.665299, -3.169436 7.670934, -2.803087 7.81225, -2.789223 7.817211, -2.416382 7.940381, -2.402291 7.944656, -2.023855 8.049383, -2.009572 8.052961, -1.8 8.100022, -1.8 10, -1.799639 10.01472, -1.798555 10.029405, -1.796753 10.044019, -1.794236 10.058527, -1.791009 10.072894, -1.787082 10.087085, -1.782463 10.101067, -1.777164 10.114805, -1.771197 10.128267, -1.764576 10.141419, -1.757319 10.154231, -1.749441 10.166671, -1.740962 10.17871, -1.731903 10.190318, -1.722285 10.201468, -1.712132 10.212132, -1.701468 10.222285, -1.690318 10.231903, -1.67871 10.240962, -1.666671 10.249441, -1.654231 10.257319, -1.641419 10.264576, -1.628267 10.271197, -1.614805 10.277164, -1.601067 10.282463, -1.587085 10.287082, -1.572894 10.291009, -1.558527 10.294236, -1.544019 10.296753, -1.529405 10.298555, -1.51472 10.299639, -1.5 10.3, 1.5 10.3, 1.51472 10.299639, 1.529405 10.298555, 1.544019 10.296753, 1.558527 10.294236, 1.572894 10.291009, 1.587085 10.287082, 1.601067 10.282463, 1.614805 10.277164, 1.628267 10.271197, 1.641419 10.264576, 1.654231 10.257319, 1.666671 10.249441, 1.67871 10.240962, 1.690318 10.231903, 1.701468 10.222285, 1.712132 10.212132, 1.722285 10.201468, 1.731903 10.190318, 1.740962 10.17871, 1.749441 10.166671, 1.757319 10.154231, 1.764576 10.141419, 1.771197 10.128267, 1.777164 10.114805, 1.782463 10.101067, 1.787082 10.087085, 1.791009 10.072894, 1.794236 10.058527, 1.796753 10.044019, 1.798555 10.029405, 1.799639 10.01472, 1.8 10, 1.8 8.100022, 2.009572 8.052961, 2.023855 8.049383, 2.402291 7.944656, 2.416382 7.940381, 2.789223 7.817211, 2.803087 7.81225, 3.169436 7.670934, 3.18304 7.665299, 3.542013 7.506177, 3.555324 7.499882, 3.906057 7.323337, 3.919043 7.316396, 4.260691 7.122855, 4.273321 7.115285, 4.605061 6.905213, 4.617304 6.897032, 4.938337 6.670936, 4.950164 6.662164, 5.259716 6.420588, 5.271098 6.411246, 5.568423 6.154772, 5.579334 6.144883, 5.863716 5.874128, 5.874128 5.863716, 6.144883 5.579334, 6.154772 5.568423, 6.411246 5.271098, 6.420588 5.259716, 6.662164 4.950164, 6.670936 4.938337, 6.897032 4.617304, 6.905213 4.605061, 7.115285 4.273321, 7.122855 4.260691, 7.316396 3.919043, 7.323337 3.906057, 7.499882 3.555324, 7.506177 3.542013, 7.665299 3.18304, 7.670934 3.169436, 7.81225 2.803087, 7.817211 2.789223, 7.940381 2.416382, 7.944656 2.402291, 8.049383 2.023855, 8.052961 2.009572, 8.138993 1.626453, 8.141866 1.612011, 8.208995 1.225132, 8.211156 1.210567, 8.259222 0.82086, 8.260665 0.806206, 8.289551 0.414611, 8.290273 0.399904, 8.29991 0.007362, 8.29991 -0.007362, 8.290273 -0.399904, 8.289551 -0.414611, 8.260665 -0.806206, 8.259222 -0.82086, 8.211156 -1.210567, 8.208995 -1.225132, 8.141866 -1.612011, 8.138993 -1.626453, 8.052961 -2.009572, 8.049383 -2.023855, 7.944656 -2.402291, 7.940381 -2.416382, 7.817211 -2.789223, 7.81225 -2.803087, 7.670934 -3.169436, 7.665299 -3.18304, 7.506177 -3.542013, 7.499882 -3.555324, 7.323337 -3.906057, 7.316396 -3.919043, 7.122855 -4.260691, 7.115285 -4.273321, 6.905213 -4.605061, 6.897032 -4.617304, 6.670936 -4.938337, 6.662164 -4.950164, 6.420588 -5.259716, 6.411246 -5.271098, 6.154772 -5.568423, 6.144883 -5.579334, 5.874128 -5.863716, 5.863716 -5.874128, 5.579334 -6.144883, 5.568423 -6.154772, 5.271098 -6.411246, 5.259716 -6.420588, 4.950164 -6.662164, 4.938337 -6.670936, 4.617304 -6.897032, 4.605061 -6.905213, 4.273321 -7.115285, 4.260691 -7.122855, 3.919043 -7.316396, 3.906057 -7.323337, 3.555324 -7.499882, 3.542013 -7.506177, 3.18304 -7.665299, 3.169436 -7.670934, 2.803087 -7.81225, 2.789223 -7.817211, 2.416382 -7.940381, 2.402291 -7.944656, 2.023855 -8.049383, 2.009572 -8.052961, 1.8 -8.100022, 1.8 -10, 1.799639 -10.01472, 1.798555 -10.029405, 1.796753 -10.044019, 1.794236 -10.058527, 1.791009 -10.072894, 1.787082 -10.087085, 1.782463 -10.101067, 1.777164 -10.114805, 1.771197 -10.128267, 1.764576 -10.141419, 1.757319 -10.154231, 1.749441 -10.166671, 1.740962 -10.17871, 1.731903 -10.190318, 1.722285 -10.201468, 1.712132 -10.212132, 1.701468 -10.222285, 1.690318 -10.231903, 1.67871 -10.240962, 1.666671 -10.249441, 1.654231 -10.257319, 1.641419 -10.264576, 1.628267 -10.271197, 1.614805 -10.277164, 1.601067 -10.282463, 1.587085 -10.287082, 1.572894 -10.291009, 1.558527 -10.294236, 1.544019 -10.296753, 1.529405 -10.298555, 1.51472 -10.299639, 1.5 -10.3, -1.5 -10.3, -1.51472 -10.299639, -1.529405 -10.298555, -1.544019 -10.296753, -1.558527 -10.294236, -1.572894 -10.291009, -1.587085 -10.287082, -1.601067 -10.282463, -1.614805 -10.277164, -1.628267 -10.271197, -1.641419 -10.264576, -1.654231 -10.257319, -1.666671 -10.249441, -1.67871 -10.240962, -1.690318 -10.231903, -1.701468 -10.222285, -1.712132 -10.212132, -1.722285 -10.201468, -1.731903 -10.190318, -1.740962 -10.17871, -1.749441 -10.166671, -1.757319 -10.154231, -1.764576 -10.141419, -1.771197 -10.128267, -1.777164 -10.114805, -1.782463 -10.101067, -1.787082 -10.087085, -1.791009 -10.072894, -1.794236 -10.058527, -1.796753 -10.044019, -1.798555 -10.029405, -1.799639 -10.01472, -1.8 -10, -1.8 -8.100022))",data/renders/procedural/keyed_03_socket_v1.png,data/renders/procedural/keyed_03_socket_v2.png,fa37b69124b4c371,c5a520d63e9b656f
keyed_04,catalog,"POLYGON ((-2.096585 7.803436, -2.096585 9.703415, -2.096224 9.718135, -2.095141 9.73282, -2.093338 9.747434, -2.090821 9.761942, -2.087595 9.776309, -2.083668 9.7905, -2.079049 9.804481, -2.073749 9.81822, -2.067782 9.831681, -2.061162 9.844834, -2.053904 9.857645, -2.046026 9.870086, -2.037548 9.882124, -2.028489 9.893732, -2.018871 9.904882, -2.008718 9.915547, -1.998053 9.9257, -1.986903 9.935318, -1.975295 9.944377, -1.963257 9.952855, -1.950816 9.960733, -1.938005 9.967991, -1.924852 9.974611, -1.911391 9.980578, -1.897652 9.985878, -1.883671 9.990497, -1.86948 9.994424, -1.855113 9.99765, -1.840605 10.000167, -1.825991 10.00197, -1.811306 10.003053, -1.796585 10.003415, 1.203415 10.003415, 1.218135 10.003053, 1.23282 10.00197, 1.247434 10.000167, 1.261942 9.99765, 1.276309 9.994424, 1.2905 9.990497, 1.304481 9.985878, 1.31822 9.980578, 1.331681 9.974611, 1.344834 9.967991, 1.357645 9.960733, 1.370086 9.952855, 1.382124 9.944377, 1.393732 9.935318, 1.404882 9.9257, 1.415547 9.915547, 1.4257 9.904882, 1.435318 9.893732, 1.444377 9.882124, 1.452855 9.870086, 1.460733 9.857645, 1.467991 9.844834, 1.474611 9.831681, 1.480578 9.81822, 1.485878 9.804481, 1.490497 9.7905, 1.494424 9.776309, 1.49765 9.761942, 1.500167 9.747434, 1.50197 9.73282, 1.503053 9.718135, 1.503415 9.703415, 1.503415 7.803436, 1.712986 7.756375, 1.72727 7.752797, 2.105706 7.64807, 2.119796 7.643796, 2.492638 7.520625, 2.506502 7.515665, 2.87285 7.374349, 2.886454 7.368714, 3.245428 7.209592, 3.258739 7.203296, 3.609472 7.026752, 3.622458 7.019811, 3.964106 6.826269, 3.976736 6.818699, 4.308476 6.608627, 4.320719 6.600447, 4.641751 6.37435, 4.653578 6.365579, 4.96313 6.124002, 4.974513 6.114661, 5.271838 5.858186, 5.282748 5.848298, 5.567131 5.577543, 5.577543 5.567131, 5.848298 5.282748, 5.858186 5.271838, 6.114661 4.974513, 6.124002 4.96313, 6.365579 4.653578, 6.37435 4.641751, 6.600447 4.320719, 6.608627 4.308476, 6.818699 3.976736, 6.826269 3.964106, 7.019811 3.622458, 7.026752 3.609472, 7.203296 3.258739, 7.209592 3.245428, 7.368714 2.886454, 7.374349 2.87285, 7.515665 2.506502, 7.520625 2.492638, 7.643796 2.119796, 7.64807 2.105706, 7.752797 1.72727, 7.756375 1.712986, 7.803436 1.503415, 9.703415 1.503415, 9.718135 1.503053, 9.73282 1.50197, 9.747434 1.500167, 9.761942 1.49765, 9.776309 1.494424, 9.7905 1.490497, 9.804481 1.485878, 9.81822 1.480578, 9.831681 1.474611, 9.844834 1.467991, 9.857645 1.460733, 9.870086 1.452855, 9.882124 1.444377, 9.893732 1.435318, 9.904882 1.4257, 9.915547 1.415547, 9.9257 1.404882, 9.935318 1.393732, 9.944377 1.382124, 9.952855 1.370086, 9.960733 1.357645, 9.967991 1.344834, 9.974611 1.331681, 9.980578 1.31822, 9.985878 1.304481, 9.990497 1.2905, 9.994424 1.276309, 9.99765 1.261942, 10.000167 1.247434, 10.00197 1.23282, 10.003053 1.218135, 10.003415 1.203415, 10.003415 -1.796585, 10.003053 -1.811306, 10.00197 -1.825991, 10.000167 -1.840605, 9.99765 -1.855113, 9.994424 -1.86948, 9.990497 -1.883671, 9.985878 -1.897652, 9.980578 -1.911391, 9.974611 -1.924852, 9.967991 -1.938005, 9.960733 -1.950816, 9.952855 -1.963257, 9.944377 -1.975295, 9.935318 -1.986903, 9.9257 -1.998053, 9.915547 -2.008718, 9.904882 -2.018871, 9.893732 -2.028489, 9.882124 -2.037548, 9.870086 -2.046026, 9.857645 -2.053904, 9.844834 -2.061162, 9.831681 -2.067782, 9.81822 -2.073749, 9.804481 -2.079049, 9.7905 -2.083668, 9.776309 -2.087595, 9.761942 -2.090821, 9.747434 -2.093338, 9.73282 -2.095141, 9.718135 -2.096224, 9.703415 -2.096585, 7.803436 -2.096585, 7.756375 -2.306157, 7.752797 -2.320441, 7.64807 -2.698877, 7.643796 -2.712967, 7.520625 -3.085809, 7.515665 -3.099673, 7.374349 -3.466021, 7.368714 -3.479625, 7.209592 -3.838599, 7.203296 -3.85191, 7.026752 -4.202643, 7.019811 -4.215629, 6.826269 -4.557277, 6.818699 -4.569907, 6.608627 -4.901647, 6.600447 -4.91389, 6.37435 -5.234922, 6.365579 -5.246749, 6.124002 -5.556301, 6.114661 -5.567684, 5.858186 -5.865009, 5.848298 -5.875919, 5.577543 -6.160302, 5.567131 -6.170714, 5.282748 -6.441469, 5.271838 -6.451357, 4.974513 -6.707832, 4.96313 -6.717173, 4.653578 -6.95875, 4.641751 -6.967521, 4.320719 -7.193618, 4.308476 -7.201798, 3.976736 -7.41187, 3.964106 -7.41944, 3.622458 -7.612982, 3.609472 -7.619923, 3.258739 -7.796467, 3.245428 -7.802763, 2.886454 -7.961885, 2.87285 -7.96752, 2.506502 -8.108836, 2.492638 -8.113796, 2.119796 -8.236967, 2.105706 -8.241241, 1.72727 -8.345968, 1.712986 -8.349546, 1.329867 -8.435578, 1.315426 -8.438451, 0.928547 -8.505581, 0.913982 -8.507741, 0.524275 -8.555807, 0.509621 -8.55725, 0.118025 -8.586136, 0.103318 -8.586859, -0.289223 -8.596495, -0.303948 -8.596495, -0.696489 -8.586859, -0.711196 -8.586136, -1.102792 -8.55725, -1.117446 -8.555807, -1.507152 -8.507741, -1.521718 -8.505581, -1.908597 -8.438451, -1.923038 -8.435578, -2.306157 -8.349546, -2.320441 -8.345968, -2.698877 -8.241241, -2.712967 -8.236967, -3.085809 -8.113796, -3.099673 -8.108836, -3.466021 -7.96752, -3.479625 -7.961885, -3.838599 -7.802763, -3.85191 -7.796467, -4.202643 -7.619923, -4.215629 -7.612982, -4.557277 -7.41944, -4.569907 -7.41187, -4.901647 -7.201798, -4.91389 -7.193618, -5.234922 -6.967521, -5.246749 -6.95875, -5.556301 -6.717173, -5.567684 -6.707832, -5.865009 -6.451357, -5.875919 -6.441469, -6.160302 -6.170714, -6.170714 -6.160302, -6.441469 -5.875919, -6.451357 -5.865009, -6.707832 -5.567684, -6.717173 -5.556301, -6.95875 -5.246749, -6.967521 -5.234922, -7.193618 -4.91389, -7.201798 -4.901647, -7.41187 -4.569907, -7.41944 -4.557277, -7.612982 -4.215629, -7.619923 -4.202643, -7.796467 -3.85191, -7.802763 -3.838599, -7.961885 -3.479625, -7.96752 -3.466021, -8.108836 -3.099673, -8.113796 -3.085809, -8.236967 -2.712967, -8.241241 -2.698877, -8.345968 -2.320441, -8.349546 -2.306157, -8.435578 -1.923038, -8.438451 -1.908597, -8.505581 -1.521718, -8.507741 -1.507152, -8.555807 -1.117446, -8.55725 -1.102792, -8.586136 -0.711196, -8.586859 -0.696489, -8.596495 -0.303948, -8.596495 -0.289223, -8.586859 0.103318, -8.586136 0.118025, -8.55725 0.509621, -8.555807 0.524275, -8.507741 0.913982, -8.505581 0.928547, -8.438451 1.315426, -8.435578 1.329867, -8.349546 1.712986, -8.345968 1.72727, -8.241241 2.105706, -8.236967 2.119796, -8.113796 2.492638, -8.108836 2.506502, -7.96752 2.87285, -7.961885 2.886454, -7.802763 3.245428, -7.796467 3.258739, -7.619923 3.609472, -7.612982 3.622458, -7.41944 3.964106, -7.41187 3.976736, -7.201798 4.308476, -7.193618 4.320719, -6.967521 4.641751, -6.95875 4.653578, -6.717173 4.96313, -6.707832 4.974513, -6.451357 5.271838, -6.441469 5.282748, -6.170714 5.567131, -6.160302 5.577543, -5.875919 5.848298, -5.865009 5.858186, -5.567684 6.114661, -5.556301 6.124002, -5.246749 6.365579, -5.234922 6.37435, -4.91389 6.600447, -4.901647 6.608627, -4.569907 6.818699, -4.557277 6.826269, -4.215629 7.019811, -4.202643 7.026752, -3.85191 7.203296, -3.838599 7.209592, -3.479625 7.368714, -3.466021 7.374349, -3.099673 7.515665, -3.085809 7.520625, -2.712967 7.643796, -2.698877 7.64807, -2.320441 7.752797, -2.306157 7.756375, -2.096585 7.803436))",data/renders/procedural/keyed_04_socket_v1.png,data/renders/procedural/keyed_04_socket_v2.png,972254496d8a543b,4c013dd8aa5370ca
keyed_05,catalog,"POLYGON ((10.287864 -0.812097, 10.287142 -0.826804, 10.251034 -1.316298, 10.249591 -1.330952, 10.189509 -1.818085, 10.187348 -1.832651, 10.103436 -2.316249, 10.100563 -2.330691, 9.993023 -2.80959, 9.989445 -2.823873, 9.858536 -3.296918, 9.854262 -3.311009, 9.700299 -3.777061, 9.695338 -3.790925, 9.518693 -4.24886, 9.513058 -4.262464, 9.314156 -4.711181, 9.30786 -4.724492, 9.08718 -5.162908, 9.080239 -5.175894, 8.838312 -5.602954, 8.830742 -5.615584, 8.568152 -6.030259, 8.559972 -6.042502, 8.277351 -6.443793, 8.268579 -6.45562, 7.966608 -6.84256, 7.957267 -6.853942, 7.636674 -7.225599, 7.626785 -7.236509, 7.288342 -7.591987, 7.27793 -7.602399, 6.922452 -7.940843, 6.911541 -7.950731, 6.539885 -8.271325, 6.528502 -8.280666, 6.141563 -8.582637, 6.129736 -8.591408, 5.728445 -8.874029, 5.716202 -8.88221, 5.301527 -9.1448, 5.288897 -9.15237, 4.861837 -9.394296, 4.848851 -9.401237, 4.410434 -9.621918, 4.397123 -9.628213, 3.948407 -9.827116, 3.934803 -9.832751, 3.476867 -10.009396, 3.463003 -10.014357, 2.996951 -10.168319, 2.982861 -10.172594, 2.509816 -10.303503, 2.495532 -10.307081, 2.016634 -10.414621, 2.002192 -10.417494, 1.518593 -10.501406, 1.504028 -10.503566, 1.016895 -10.563649, 1.002241 -10.565092, 0.512746 -10.601199, 0.498039 -10.601922, 0.007362 -10.613967, -0.007362 -10.613967, -0.498039 -10.601922, -0.512746 -10.601199, -1.002241 -10.565092, -1.016895 -10.563649, -1.504028 -10.503566, -1.518593 -10.501406, -2.002192 -10.417494, -2.016634 -10.414621, -2.495532 -10.307081, -2.509816 -10.303503, -2.982861 -10.172594, -2.996951 -10.168319, -3.463003 -10.014357, -3.476867 -10.009396, -3.934803 -9.832751, -3.948407 -9.827116, -4.397123 -9.628213, -4.410434 -9.621918, -4.848851 -9.401237, -4.861837 -9.394296, -5.288897 -9.15237, -5.301527 -9.1448, -5.716202 -8.88221, -5.728445 -8.874029, -6.129736 -8.591408, -6.141563 -8.582637, -6.528502 -8.280666, -6.539885 -8.271325, -6.911541 -7.950731, -6.922452 -7.940843, -7.27793 -7.602399, -7.288342 -7.591987, -7.626785 -7.236509, -7.636674 -7.225599, -7.957267 -6.853942, -7.966608 -6.84256, -8.268579 -6.45562, -8.277351 -6.443793, -8.559972 -6.042502, -8.568152 -6.030259, -8.830742 -5.615584, -8.838312 -5.602954, -9.080239 -5.175894, -9.08718 -5.162908, -9.30786 -4.724492, -9.314156 -4.711181, -9.513058 -4.262464, -9.518693 -4.24886, -9.695338 -3.790925, -9.700299 -3.777061, -9.854262 -3.311009, -9.858536 -3.296918, -9.989445 -2.823873, -9.993023 -2.80959, -10.100563 -2.330691, -10.103436 -2.316249, -10.187348 -1.832651, -10.189509 -1.818085, -10.249591 -1.330952, -10.251034 -1.316298, -10.287142 -0.826804, -10.287864 -0.812097, -10.29991 -0.32142, -10.29991 -0.306695, -10.287864 0.183982, -10.287142 0.198689, -10.251034 0.688183, -10.249591 0.702837, -10.189509 1.18997, -10.187348 1.204536, -10.103436 1.688134, -10.100563 1.702576, -9.993023 2.181475, -9.989445 2.195758, -9.858536 2.668803, -9.854262 2.682894, -9.700299 3.148946, -9.695338 3.16281, -9.518693 3.620745, -9.513058 3.634349, -9.314156 4.083066, -9.30786 4.096377, -9.08718 4.534793, -9.080239 4.547779, -8.838312 4.974839, -8.830742 4.987469, -8.568152 5.402144, -8.559972 5.414387, -8.277351 5.815678, -8.268579 5.827505, -7.966608 6.214445, -7.957267 6.225827, -7.636674 6.597484, -7.626785 6.608394, -7.288342 6.963873, -7.27793 6.974284, -6.922452 7.312728, -6.911541 7.322616, -6.539885 7.64321, -6.528502 7.652551, -6.141563 7.954522, -6.129736 7.963293, -5.728445 8.245914, -5.716202 8.254095, -5.301527 8.516685, -5.288897 8.524255, -4.861837 8.766181, -4.848851 8.773122, -4.410434 8.993803, -4.397123 9.000098, -3.948407 9.199001, -3.934803 9.204636, -3.476867 9.381281, -3.463003 9.386242, -2.996951 9.540204, -2.982861 9.544479, -2.509816 9.675388, -2.495532 9.678966, -2.3 9.722874, -2.3 11.685943, -2.299639 11.700663, -2.298555 11.715348, -2.296753 11.729962, -2.294236 11.74447, -2.291009 11.758837, -2.287082 11.773028, -2.282463 11.787009, -2.277164 11.800748, -2.271197 11.814209, -2.264576 11.827362, -2.257319 11.840173, -2.249441 11.852614, -2.240962 11.864652, -2.231903 11.876261, -2.222285 11.88741, -2.212132 11.898075, -2.201468 11.908228, -2.190318 11.917846, -2.17871 11.926905, -2.166671 11.935383, -2.154231 11.943261, -2.141419 11.950519, -2.128267 11.957139, -2.114805 11.963106, -2.101067 11.968406, -2.087085 11.973025, -2.072894 11.976952, -2.058527 11.980178, -2.044019 11.982695, -2.029405 11.984498, -2.01472 11.985581, -2 11.985943, 2 11.985943, 2.01472 11.985581, 2.029405 11.984498, 2.044019 11.982695, 2.058527 11.980178, 2.072894 11.976952, 2.087085 11.973025, 2.101067 11.968406, 2.114805 11.963106, 2.128267 11.957139, 2.141419 11.950519, 2.154231 11.943261, 2.166671 11.935383, 2.17871 11.926905, 2.190318 11.917846, 2.201468 11.908228, 2.212132 11.898075, 2.222285 11.88741, 2.231903 11.876261, 2.240962 11.864652, 2.249441 11.852614, 2.257319 11.840173, 2.264576 11.827362, 2.271197 11.814209, 2.277164 11.800748, 2.282463 11.787009, 2.287082 11.773028, 2.291009 11.758837, 2.294236 11.74447, 2.296753 11.729962, 2.298555 11.715348, 2.299639 11.700663, 2.3 11.685943, 2.3 9.722874, 2.495532 9.678966, 2.509816 9.675388, 2.982861 9.544479, 2.996951 9.540204, 3.463003 9.386242, 3.476867 9.381281, 3.934803 9.204636, 3.948407 9.199001, 4.397123 9.000098, 4.410434 8.993803, 4.848851 8.773122, 4.861837 8.766181, 5.288897 8.524255, 5.301527 8.516685, 5.716202 8.254095, 5.728445 8.245914, 6.129736 7.963293, 6.141563 7.954522, 6.528502 7.652551, 6.539885 7.64321, 6.911541 7.322616, 6.922452 7.312728, 7.27793 6.974284, 7.288342 6.963873, 7.626785 6.608394, 7.636674 6.597484, 7.957267 6.225827, 7.966608 6.214445, 8.268579 5.827505, 8.277351 5.815678, 8.559972 5.414387, 8.568152 5.402144, 8.830742 4.987469, 8.838312 4.974839, 9.080239 4.547779, 9.08718 4.534793, 9.30786 4.096377, 9.314156 4.083066, 9.513058 3.634349, 9.518693 3.620745, 9.695338 3.16281, 9.700299 3.148946, 9.854262 2.682894, 9.858536 2.668803, 9.989445 2.195758, 9.993023 2.181475, 10.100563 1.702576, 10.103436 1.688134, 10.187348 1.204536, 10.189509 1.18997, 10.249591 0.702837, 10.251034 0.688183, 10.287142 0.198689, 10.287864 0.183982, 10.29991 -0.306695, 10.29991 -0.32142, 10.287864 -0.812097))",data/renders/procedural/keyed_05_socket_v1.png,data/renders/procedural/keyed_05_socket_v2.png,c0bbdf38bd60a1d4,c77e73937dc0e8de
notched_01,catalog,"POLYGON ((8 6.704478, 8.01472 6.704117, 8.029405 6.703033, 8.044019 6.701231, 8.058527 6.698714, 8.072894 6.695487, 8.087085 6.69156, 8.101067 6.686941, 8.114805 6.681642, 8.128267 6.675675, 8.141419 6.669054, 8.154231 6.661797, 8.166671 6.653919, 8.17871 6.64544, 8.190318 6.636381, 8.201468 6.626763, 8.212132 6.61661, 8.222285 6.605946, 8.231903 6.594796, 8.240962 6.583188, 8.249441 6.571149, 8.257319 6.558709, 8.264576 6.545897, 8.271197 6.532744, 8.277164 6.519283, 8.282463 6.505545, 8.287082 6.491563, 8.291009 6.477372, 8.294236 6.463005, 8.296753 6.448497, 8.298555 6.433883, 8.299639 6.419198, 8.3 6.404478, 8.3 -5.595522, 8.299639 -5.610242, 8.298555 -5.624927, 8.296753 -5.639541, 8.294236 -5.654049, 8.291009 -5.668416, 8.287082 -5.682607, 8.282463 -5.696589, 8.277164 -5.710327, 8.271197 -5.723789, 8.264576 -5.736941, 8.257319 -5.749753, 8.249441 -5.762193, 8.240962 -5.774232, 8.231903 -5.78584, 8.222285 -5.79699, 8.212132 -5.807654, 8.201468 -5.817807, 8.190318 -5.827425, 8.17871 -5.836484, 8.166671 -5.844963, 8.154231 -5.852841, 8.141419 -5.860098, 8.128267 -5.866719, 8.114805 -5.872686, 8.101067 -5.877985, 8.087085 -5.882604, 8.072894 -5.886531, 8.058527 -5.889758, 8.044019 -5.892275, 8.029405 -5.894077, 8.01472 -5.895161, 8 -5.895522, -8 -5.895522, -8.01472 -5.895161, -8.029405 -5.894077, -8.044019 -5.892275, -8.058527 -5.889758, -8.072894 -5.886531, -8.087085 -5.882604, -8.101067 -5.877985, -8.114805 -5.872686, -8.128267 -5.866719, -8.141419 -5.860098, -8.154231 -5.852841, -8.166671 -5.844963, -8.17871 -5.836484, -8.190318 -5.827425, -8.201468 -5.817807, -8.212132 -5.807654, -8.222285 -5.79699, -8.231903 -5.78584, -8.240962 -5.774232, -8.249441 -5.762193, -8.257319 -5.749753, -8.264576 -5.736941, -8.271197 -5.723789, -8.277164 -5.710327, -8.282463 -5.696589, -8.287082 -5.682607, -8.291009 -5.668416, -8.294236 -5.654049, -8.296753 -5.639541, -8.298555 -5.624927, -8.299639 -5.610242, -8.3 -5.595522, -8.3 6.404478, -8.299639 6.419198, -8.298555 6.433883, -8.296753 6.448497, -8.294236 6.463005, -8.291009 6.477372, -8.287082 6.491563, -8.282463 6.505545, -8.277164 6.519283, -8.271197 6.532744, -8.264576 6.545897, -8.257319 6.558709, -8.249441 6.571149, -8.240962 6.583188, -8.231903 6.594796, -8.222285 6.605946, -8.212132 6.61661, -8.201468 6.626763, -8.190318 6.636381, -8.17871 6.64544, -8.166671 6.653919, -8.154231 6.661797, -8.141419 6.669054, -8.128267 6.675675, -8.114805 6.681642, -8.101067 6.686941, -8.087085 6.69156, -8.072894 6.695487, -8.058527 6.698714, -8.044019 6.701231, -8.029405 6.703033, -8.01472 6.704117, -8 6.704478, -3 6.704478, -2.98528 6.704117, -2.970595 6.703033, -2.955981 6.701231, -2.941473 6.698714, -2.927106 6.695487, -2.912915 6.69156, -2.898933 6.686941, -2.885195 6.681642, -2.871733 6.675675, -2.858581 6.669054, -2.845769 6.661797, -2.833329 6.653919, -2.82129 6.64544, -2.809682 6.636381, -2.798532 6.626763, -2.787868 6.61661, -2.777715 6.605946, -2.768097 6.594796, -2.759038 6.583188, -2.750559 6.571149, -2.742681 6.558709, -2.735424 6.545897, -2.728803 6.532744, -2.722836 6.519283, -2.717537 6.505545, -2.712918 6.491563, -2.708991 6.477372, -2.705764 6.463005, -2.703247 6.448497, -2.701445 6.433883, -2.700361 6.419198, -2.7 6.404478, -2.7 3.704478, 2.7 3.704478, 2.7 6.404478, 2.700361 6.419198, 2.701445 6.433883, 2.703247 6.448497, 2.705764 6.463005, 2.708991 6.477372, 2.712918 6.491563, 2.717537 6.505545, 2.722836 6.519283, 2.728803 6.532744, 2.735424 6.545897, 2.742681 6.558709, 2.750559 6.571149, 2.759038 6.583188, 2.768097 6.594796, 2.777715 6.605946, 2.787868 6.61661, 2.798532 6.626763, 2.809682 6.636381, 2.82129 6.64544, 2.833329 6.653919, 2.845769 6.661797, 2.858581 6.669054, 2.871733 6.675675, 2.885195 6.681642, 2.898933 6.686941, 2.912915 6.69156, 2.927106 6.695487, 2.941473 6.698714, 2.955981 6.701231, 2.970595 6.703033, 2.98528 6.704117, 3 6.704478, 8 6.704478))",data/renders/procedural/notched_01_socket_v1.png,data/renders/procedural/notched_01_socket_v2.png,cae30b7924f2f345,44a4bc7347379969
notched_02,catalog,"POLYGON ((7.663175 6.704478, 7.677895 6.704117, 7.69258 6.703033, 7.707194 6.701231, 7.721702 6.698714, 7.736069 6.695487, 7.75026 6.69156, 7.764242 6.686941, 7.77798 6.681642, 7.791441 6.675675, 7.804594 6.669054, 7.817405 6.661797, 7.829846 6.653919, 7.841884 6.64544, 7.853493 6.636381, 7.864642 6.626763, 7.875307 6.61661, 7.88546 6.605946, 7.895078 6.594796, 7.904137 6.583188, 7.912615 6.571149, 7.920493 6.558709, 7.927751 6.545897, 7.934371 6.532744, 7.940338 6.519283, 7.945638 6.505545, 7.950257 6.491563, 7.954184 6.477372, 7.95741 6.463005, 7.959928 6.448497, 7.96173 6.433883, 7.962813 6.419198, 7.963175 6.404478, 7.963175 -5.595522, 7.962813 -5.610242, 7.96173 -5.624927, 7.959928 -5.639541, 7.95741 -5.654049, 7.954184 -5.668416, 7.950257 -5.682607, 7.945638 -5.696589, 7.940338 -5.710327, 7.934371 -5.723789, 7.927751 -5.736941, 7.920493 -5.749753, 7.912615 -5.762193, 7.904137 -5.774232, 7.895078 -5.78584, 7.88546 -5.79699, 7.875307 -5.807654, 7.864642 -5.817807, 7.853493 -5.827425, 7.841884 -5.836484, 7.829846 -5.844963, 7.817405 -5.852841, 7.804594 -5.860098, 7.791441 -5.866719, 7.77798 -5.872686, 7.764242 -5.877985, 7.75026 -5.882604, 7.736069 -5.886531, 7.721702 -5.889758, 7.707194 -5.892275, 7.69258 -5.894077, 7.677895 -5.895161, 7.663175 -5.895522, -8.336825 -5.895522, -8.351546 -5.895161, -8.366231 -5.894077, -8.380845 -5.892275, -8.395353 -5.889758, -8.409719 -5.886531, -8.423911 -5.882604, -8.437892 -5.877985, -8.45163 -5.872686, -8.465092 -5.866719, -8.478244 -5.860098, -8.491056 -5.852841, -8.503496 -5.844963, -8.515535 -5.836484, -8.527143 -5.827425, -8.538293 -5.817807, -8.548957 -5.807654, -8.559111 -5.79699, -8.568729 -5.78584, -8.577788 -5.774232, -8.586266 -5.762193, -8.594144 -5.749753, -8.601402 -5.736941, -8.608022 -5.723789, -8.613989 -5.710327, -8.619289 -5.696589, -8.623908 -5.682607, -8.627835 -5.668416, -8.631061 -5.654049, -8.633578 -5.639541, -8.635381 -5.624927, -8.636464 -5.610242, -8.636825 -5.595522, -8.636825 6.404478, -8.636464 6.419198, -8.635381 6.433883, -8.633578 6.448497, -8.631061 6.463005, -8.627835 6.477372, -8.623908 6.491563, -8.619289 6.505545, -8.613989 6.519283, -8.608022 6.532744, -8.601402 6.545897, -8.594144 6.558709, -8.586266 6.571149, -8.577788 6.583188, -8.568729 6.594796, -8.559111 6.605946, -8.548957 6.61661, -8.538293 6.626763, -8.527143 6.636381, -8.515535 6.64544, -8.503496 6.653919, -8.491056 6.661797, -8.478244 6.669054, -8.465092 6.675675, -8.45163 6.681642, -8.437892 6.686941, -8.423911 6.69156, -8.409719 6.695487, -8.395353 6.698714, -8.380845 6.701231, -8.366231 6.703033, -8.351546 6.704117, -8.336825 6.704478, -7.336825 6.704478, -7.322105 6.704117, -7.30742 6.703033, -7.292806 6.701231, -7.278298 6.698714, -7.263931 6.695487, -7.24974 6.69156, -7.235758 6.686941, -7.22202 6.681642, -7.208559 6.675675, -7.195406 6.669054, -7.182595 6.661797, -7.170154 6.653919, -7.158116 6.64544, -7.146507 6.636381, -7.135358 6.626763, -7.124693 6.61661, -7.11454 6.605946, -7.104922 6.594796, -7.095863 6.583188, -7.087385 6.571149, -7.079507 6.558709, -7.072249 6.545897, -7.065629 6.532744, -7.059662 6.519283, -7.054362 6.505545, -7.049743 6.491563, -7.045816 6.477372, -7.04259 6.463005, -7.040072 6.448497, -7.03827 6.433883, -7.037187 6.419198, -7.036825 6.404478, -7.036825 3.704478, -1.636825 3.704478, -1.636825 6.404478, -1.636464 6.419198, -1.635381 6.433883, -1.633578 6.448497, -1.631061 6.463005, -1.627835 6.477372, -1.623908 6.491563, -1.619289 6.505545, -1.613989 6.519283, -1.608022 6.532744, -1.601402 6.545897, -1.594144 6.558709, -1.586266 6.571149, -1.577788 6.583188, -1.568729 6.594796, -1.559111 6.605946, -1.548957 6.61661, -1.538293 6.626763, -1.527143 6.636381, -1.515535 6.64544, -1.503496 6.653919, -1.491056 6.661797, -1.478244 6.669054, -1.465092 6.675675, -1.45163 6.681642, -1.437892 6.686941, -1.423911 6.69156, -1.409719 6.695487, -1.395353 6.698714, -1.380845 6.701231, -1.366231 6.703033, -1.351546 6.704117, -1.336825 6.704478, 7.663175 6.704478))",data/renders/procedural/notched_02_socket_v1.png,data/renders/procedural/notched_02_socket_v2.png,50decefe22ca4b6d,74783bf9c77ec38f
notched_02_shrunk0.20,shrunk,"POLYGON ((7.325698 6.310029, 7.325698 -5.289971, -8.274302 -5.289971, -8.274302 6.310029, -7.674302 6.310029, -7.674302 3.510029, -7.674061 3.500216, -7.673339 3.490426, -7.672137 3.480683, -7.670459 3.471011, -7.668308 3.461433, -7.66569 3.451972, -7.662611 3.442651, -7.659078 3.433492, -7.6551 3.424518, -7.650686 3.41575, -7.645848 3.407209, -7.640596 3.398915, -7.634943 3.390889, -7.628904 3.383151, -7.622492 3.375717, -7.615723 3.368608, -7.608614 3.361839, -7.601181 3.355427, -7.593442 3.349388, -7.585416 3.343735, -7.577122 3.338483, -7.568581 3.333645, -7.559813 3.329231, -7.550839 3.325253, -7.54168 3.32172, -7.532359 3.318641, -7.522898 3.316023, -7.51332 3.313872, -7.503648 3.312194, -7.493905 3.310992, -7.484115 3.31027, -7.474302 3.310029, -1.474302 3.310029, -1.464488 3.31027, -1.454698 3.310992, -1.444956 3.312194, -1.435284 3.313872, -1.425706 3.316023, -1.416245 3.318641, -1.406924 3.32172, -1.397765 3.325253, -1.388791 3.329231, -1.380023 3.333645, -1.371481 3.338483, -1.363188 3.343735, -1.355162 3.349388, -1.347423 3.355427, -1.33999 3.361839, -1.332881 3.368608, -1.326112 3.375717, -1.3197 3.383151, -1.31366 3.390889, -1.308008 3.398915, -1.302756 3.407209, -1.297918 3.41575, -1.293504 3.424518, -1.289526 3.433492, -1.285993 3.442651, -1.282914 3.451972, -1.280296 3.461433, -1.278145 3.471011, -1.276467 3.480683, -1.275265 3.490426, -1.274543 3.500216, -1.274302 3.510029, -1.274302 6.310029, 7.325698 6.310029))",data/renders/blocks/notched_02_shrunk0.20_socket_v1.png,data/renders/blocks/notched_02_shrunk0.20_socket_v2.png,c087f5d3fbfadf76,de3ef1eb04324944
notched_03,catalog,"POLYGON ((-7.663175 6.704478, 1.336825 6.704478, 1.351546 6.704117, 1.366231 6.703033, 1.380845 6.701231, 1.395353 6.698714, 1.409719 6.695487, 1.423911 6.69156, 1.437892 6.686941, 1.45163 6.681642, 1.465092 6.675675, 1.478244 6.669054, 1.491056 6.661797, 1.503496 6.653919, 1.515535 6.64544, 1.527143 6.636381, 1.538293 6.626763, 1.548957 6.61661, 1.559111 6.605946, 1.568729 6.594796, 1.577788 6.583188, 1.586266 6.571149, 1.594144 6.558709, 1.601402 6.545897, 1.608022 6.532744, 1.613989 6.519283, 1.619289 6.505545, 1.623908 6.491563, 1.627835 6.477372, 1.631061 6.463005, 1.633578 6.448497, 1.635381 6.433883, 1.636464 6.419198, 1.636825 6.404478, 1.636825 3.704478, 7.036825 3.704478, 7.036825 6.404478, 7.037187 6.419198, 7.03827 6.433883, 7.040072 6.448497, 7.04259 6.463005, 7.045816 6.477372, 7.049743 6.491563, 7.054362 6.505545, 7.059662 6.519283, 7.065629 6.532744, 7.072249 6.545897, 7.079507 6.558709, 7.087385 6.571149, 7.095863 6.583188, 7.104922 6.594796, 7.11454 6.605946, 7.124693 6.61661, 7.135358 6.626763, 7.146507 6.636381, 7.158116 6.64544, 7.170154 6.653919, 7.182595 6.661797, 7.195406 6.669054, 7.208559 6.675675, 7.22202 6.681642, 7.235758 6.686941, 7.24974 6.69156, 7.263931 6.695487, 7.278298 6.698714, 7.292806 6.701231, 7.30742 6.703033, 7.322105 6.704117, 7.336825 6.704478, 8.336825 6.704478, 8.351546 6.704117, 8.366231 6.703033, 8.380845 6.701231, 8.395353 6.698714, 8.409719 6.695487, 8.423911 6.69156, 8.437892 6.686941, 8.45163 6.681642, 8.465092 6.675675, 8.478244 6.669054, 8.491056 6.661797, 8.503496 6.653919, 8.515535 6.64544, 8.527143 6.636381, 8.538293 6.626763, 8.548957 6.61661, 8.559111 6.605946, 8.568729 6.594796, 8.577788 6.583188, 8.586266 6.571149, 8.594144 6.558709, 8.601402 6.545897, 8.608022 6.532744, 8.613989 6.519283, 8.619289 6.505545, 8.623908 6.491563, 8.627835 6.477372, 8.631061 6.463005, 8.633578 6.448497, 8.635381 6.433883, 8.636464 6.419198, 8.636825 6.404478, 8.636825 -5.595522, 8.636464 -5.610242, 8.635381 -5.624927, 8.633578 -5.639541, 8.631061 -5.654049, 8.627835 -5.668416, 8.623908 -5.682607, 8.619289 -5.696589, 8.613989 -5.710327, 8.608022 -5.723789, 8.601402 -5.736941, 8.594144 -5.749753, 8.586266 -5.762193, 8.577788 -5.774232, 8.568729 -5.78584, 8.559111 -5.79699, 8.548957 -5.807654, 8.538293 -5.817807, 8.527143 -5.827425, 8.515535 -5.836484, 8.503496 -5.844963, 8.491056 -5.852841, 8.478244 -5.860098, 8.465092 -5.866719, 8.45163 -5.872686, 8.437892 -5.877985, 8.423911 -5.882604, 8.409719 -5.886531, 8.395353 -5.889758, 8.380845 -5.892275, 8.366231 -5.894077, 8.351546 -5.895161, 8.336825 -5.895522, -7.663175 -5.895522, -7.677895 -5.895161, -7.69258 -5.894077, -7.707194 -5.892275, -7.721702 -5.889758, -7.736069 -5.886531, -7.75026 -5.882604, -7.764242 -5.877985, -7.77798 -5.872686, -7.791441 -5.866719, -7.804594 -5.860098, -7.817405 -5.852841, -7.829846 -5.844963, -7.841884 -5.836484, -7.853493 -5.827425, -7.864642 -5.817807, -7.875307 -5.807654, -7.88546 -5.79699, -7.895078 -5.78584, -7.904137 -5.774232, -7.912615 -5.762193, -7.920493 -5.749753, -7.927751 -5.736941, -7.934371 -5.723789, -7.940338 -5.710327, -7.945638 -5.696589, -7.950257 -5.682607, -7.954184 -5.668416, -7.95741 -5.654049, -7.959928 -5.639541, -7.96173 -5.624927, -7.962813 -5.610242, -7.963175 -5.595522, -7.963175 6.404478, -7.962813 6.419198, -7.96173 6.433883, -7.959928 6.448497, -7.95741 6.463005, -7.954184 6.477372, -7.950257 6.491563, -7.945638 6.505545, -7.940338 6.519283, -7.934371 6.532744, -7.927751 6.545897, -7.920493 6.558709, -7.912615 6.571149, -7.904137 6.583188, -7.895078 6.594796, -7.88546 6.605946, -7.875307 6.61661, -7.864642 6.626763, -7.853493 6.636381, -7.841884 6.64544, -7.829846 6.653919, -7.817405 6.661797, -7.804594 6.669054, -7.791441 6.675675, -7.77798 6.681642, -7.764242 6.686941, -7.75026 6.69156, -7.736069 6.695487, -7.721702 6.698714, -7.707194 6.701231, -7.69258 6.703033, -7.677895 6.704117, -7.663175 6.704478))",data/renders/procedural/notched_03_socket_v1.png,data/renders/procedural/notched_03_socket_v2.png,6c174b9a804047af,32027a1c4b912e30
notched_03_shrunk0.20,shrunk,"POLYGON ((-7.325698 6.310029, 1.274302 6.310029, 1.274302 3.510029, 1.274543 3.500216, 1.275265 3.490426, 1.276467 3.480683, 1.278145 3.471011, 1.280296 3.461433, 1.282914 3.451972, 1.285993 3.442651, 1.289526 3.433492, 1.293504 3.424518, 1.297918 3.41575, 1.302756 3.407209, 1.308008 3.398915, 1.31366 3.390889, 1.3197 3.383151, 1.326112 3.375717, 1.332881 3.368608, 1.33999 3.361839, 1.347423 3.355427, 1.355162 3.349388, 1.363188 3.343735, 1.371481 3.338483, 1.380023 3.333645, 1.388791 3.329231, 1.397765 3.325253, 1.406924 3.32172, 1.416245 3.318641, 1.425706 3.316023, 1.435284 3.313872, 1.444956 3.312194, 1.454698 3.310992, 1.464488 3.31027, 1.474302 3.310029, 7.474302 3.310029, 7.484115 3.31027, 7.493905 3.310992, 7.503648 3.312194, 7.51332 3.313872, 7.522898 3.316023, 7.532359 3.318641, 7.54168 3.32172, 7.550839 3.325253, 7.559813 3.329231, 7.568581 3.333645, 7.577122 3.338483, 7.585416 3.343735, 7.593442 3.349388, 7.601181 3.355427, 7.608614 3.361839, 7.615723 3.368608, 7.622492 3.375717, 7.628904 3.383151, 7.634943 3.390889, 7.640596 3.398915, 7.645848 3.407209, 7.650686 3.41575, 7.6551 3.424518, 7.659078 3.433492, 7.662611 3.442651, 7.66569 3.451972, 7.668308 3.461433, 7.670459 3.471011, 7.672137 3.480683, 7.673339 3.490426, 7.674061 3.500216, 7.674302 3.510029, 7.674302 6.310029, 8.274302 6.310029, 8.274302 -5.289971, -7.325698 -5.289971, -7.325698 6.310029))",data/renders/blocks/notched_03_shrunk0.20_socket_v1.png,data/renders/blocks/notched_03_shrunk0.20_socket_v2.png,88454b9f87c1e95f,1631eef604b11d8f
notched_04,catalog,"POLYGON ((8 7.010646, 8.01472 7.010285, 8.029405 7.009201, 8.044019 7.007399, 8.058527 7.004882, 8.072894 7.001655, 8.087085 6.997728, 8.101067 6.993109, 8.114805 6.98781, 8.128267 6.981843, 8.141419 6.975222, 8.154231 6.967965, 8.166671 6.960087, 8.17871 6.951608, 8.190318 6.942549, 8.201468 6.932931, 8.212132 6.922778, 8.222285 6.912114, 8.231903 6.900964, 8.240962 6.889356, 8.249441 6.877317, 8.257319 6.864877, 8.264576 6.852065, 8.271197 6.838913, 8.277164 6.825451, 8.282463 6.811713, 8.287082 6.797731, 8.291009 6.78354, 8.294236 6.769173, 8.296753 6.754665, 8.298555 6.740051, 8.299639 6.725366, 8.3 6.710646, 8.3 -5.289354, 8.299639 -5.304074, 8.298555 -5.318759, 8.296753 -5.333373, 8.294236 -5.347881, 8.291009 -5.362248, 8.287082 -5.376439, 8.282463 -5.390421, 8.277164 -5.404159, 8.271197 -5.417621, 8.264576 -5.430773, 8.257319 -5.443585, 8.249441 -5.456025, 8.240962 -5.468064, 8.231903 -5.479672, 8.222285 -5.490822, 8.212132 -5.501486, 8.201468 -5.511639, 8.190318 -5.521257, 8.17871 -5.530316, 8.166671 -5.538795, 8.154231 -5.546673, 8.141419 -5.55393, 8.128267 -5.560551, 8.114805 -5.566518, 8.101067 -5.571817, 8.087085 -5.576436, 8.072894 -5.580363, 8.058527 -5.58359, 8.044019 -5.586107, 8.029405 -5.587909, 8.01472 -5.588993, 8 -5.589354, -8 -5.589354, -8.01472 -5.588993, -8.029405 -5.587909, -8.044019 -5.586107, -8.058527 -5.58359, -8.072894 -5.580363, -8.087085 -5.576436, -8.101067 -5.571817, -8.114805 -5.566518, -8.128267 -5.560551, -8.141419 -5.55393, -8.154231 -5.546673, -8.166671 -5.538795, -8.17871 -5.530316, -8.190318 -5.521257, -8.201468 -5.511639, -8.212132 -5.501486, -8.222285 -5.490822, -8.231903 -5.479672, -8.240962 -5.468064, -8.249441 -5.456025, -8.257319 -5.443585, -8.264576 -5.430773, -8.271197 -5.417621, -8.277164 -5.404159, -8.282463 -5.390421, -8.287082 -5.376439, -8.291009 -5.362248, -8.294236 -5.347881, -8.296753 -5.333373, -8.298555 -5.318759, -8.299639 -5.304074, -8.3 -5.289354, -8.3 6.710646, -8.299639 6.725366, -8.298555 6.740051, -8.296753 6.754665, -8.294236 6.769173, -8.291009 6.78354, -8.287082 6.797731, -8.282463 6.811713, -8.277164 6.825451, -8.271197 6.838913, -8.264576 6.852065, -8.257319 6.864877, -8.249441 6.877317, -8.240962 6.889356, -8.231903 6.900964, -8.222285 6.912114, -8.212132 6.922778, -8.201468 6.932931, -8.190318 6.942549, -8.17871 6.951608, -8.166671 6.960087, -8.154231 6.967965, -8.141419 6.975222, -8.128267 6.981843, -8.114805 6.98781, -8.101067 6.993109, -8.087085 6.997728, -8.072894 7.001655, -8.058527 7.004882, -8.044019 7.007399, -8.029405 7.009201, -8.01472 7.010285, -8 7.010646, -4 7.010646, -3.98528 7.010285, -3.970595 7.009201, -3.955981 7.007399, -3.941473 7.004882, -3.927106 7.001655, -3.912915 6.997728, -3.898933 6.993109, -3.885195 6.98781, -3.871733 6.981843, -3.858581 6.975222, -3.845769 6.967965, -3.833329 6.960087, -3.82129 6.951608, -3.809682 6.942549, -3.798532 6.932931, -3.787868 6.922778, -3.777715 6.912114, -3.768097 6.900964, -3.759038 6.889356, -3.750559 6.877317, -3.742681 6.864877, -3.735424 6.852065, -3.728803 6.838913, -3.722836 6.825451, -3.717537 6.811713, -3.712918 6.797731, -3.708991 6.78354, -3.705764 6.769173, -3.703247 6.754665, -3.701445 6.740051, -3.700361 6.725366, -3.7 6.710646, -3.7 3.010646, 3.7 3.010646, 3.7 6.710646, 3.700361 6.725366, 3.701445 6.740051, 3.703247 6.754665, 3.705764 6.769173, 3.708991 6.78354, 3.712918 6.797731, 3.717537 6.811713, 3.722836 6.825451, 3.728803 6.838913, 3.735424 6.852065, 3.742681 6.864877, 3.750559 6.877317, 3.759038 6.889356, 3.768097 6.900964, 3.777715 6.912114, 3.787868 6.922778, 3.798532 6.932931, 3.809682 6.942549, 3.82129 6.951608, 3.833329 6.960087, 3.845769 6.967965, 3.858581 6.975222, 3.871733 6.981843, 3.885195 6.98781, 3.898933 6.993109, 3.912915 6.997728, 3.927106 7.001655, 3.941473 7.004882, 3.955981 7.007399, 3.970595 7.009201, 3.98528 7.010285, 4 7.010646, 8 7.010646))",data/renders/procedural/notched_04_socket_v1.png,data/renders/procedural/notched_04_socket_v2.png,cbd823efad29c486,587c1fbc22dfcf9d
notched_04_shrunk0.20,shrunk,"POLYGON ((7.8 6.666133, 7.8 -4.933867, -7.8 -4.933867, -7.8 6.666133, -4.2 6.666133, -4.2 2.866133, -4.199759 2.85632, -4.199037 2.84653, -4.197835 2.836787, -4.196157 2.827115, -4.194006 2.817537, -4.191388 2.808076, -4.188309 2.798755, -4.184776 2.789597, -4.180798 2.780622, -4.176384 2.771854, -4.171546 2.763313, -4.166294 2.755019, -4.160642 2.746993, -4.154602 2.739255, -4.14819 2.731821, -4.141421 2.724712, -4.134312 2.717943, -4.126879 2.711531, -4.11914 2.705492, -4.111114 2.699839, -4.102821 2.694587, -4.094279 2.689749, -4.085511 2.685335, -4.076537 2.681357, -4.067378 2.677824, -4.058057 2.674745, -4.048596 2.672127, -4.039018 2.669976, -4.029346 2.668298, -4.019603 2.667096, -4.009814 2.666374, -4 2.666133, 4 2.666133, 4.009814 2.666374, 4.019603 2.667096, 4.029346 2.668298, 4.039018 2.669976, 4.048596 2.672127, 4.058057 2.674745, 4.067378 2.677824, 4.076537 2.681357, 4.085511 2.685335, 4.094279 2.689749, 4.102821 2.694587, 4.111114 2.699839, 4.11914 2.705492, 4.126879 2.711531, 4.134312 2.717943, 4.141421 2.724712, 4.14819 2.731821, 4.154602 2.739255, 4.160642 2.746993, 4.166294 2.755019, 4.171546 2.763313, 4.176384 2.771854, 4.180798 2.780622, 4.184776 2.789597, 4.188309 2.798755, 4.191388 2.808076, 4.194006 2.817537, 4.196157 2.827115, 4.197835 2.836787, 4.199037 2.84653, 4.199759 2.85632, 4.2 2.866133, 4.2 6.666133, 7.8 6.666133))",data/renders/blocks/notched_04_shrunk0.20_socket_v1.png,data/renders/blocks/notched_04_shrunk0.20_socket_v2.png,cb5fb43bcf256296,2921c60e1326ac6b
obround_01,catalog,"POLYGON ((6 4.3, 6.007362 4.29991, 6.203633 4.295091, 6.21834 4.294369, 6.414138 4.279926, 6.428792 4.278483, 6.623645 4.25445, 6.63821 4.252289, 6.83165 4.218724, 6.846092 4.215852, 7.037651 4.172836, 7.051935 4.169258, 7.241153 4.116894, 7.255243 4.11262, 7.441664 4.051035, 7.455528 4.046074, 7.638702 3.975416, 7.652306 3.969781, 7.831793 3.89022, 7.845104 3.883924, 8.02047 3.795652, 8.033456 3.788711, 8.20428 3.691941, 8.21691 3.684371, 8.38278 3.579335, 8.395023 3.571154, 8.55554 3.458106, 8.567367 3.449334, 8.722143 3.328546, 8.733525 3.319204, 8.882188 3.190967, 8.893098 3.181079, 9.035289 3.045701, 9.045701 3.035289, 9.181079 2.893098, 9.190967 2.882188, 9.319204 2.733525, 9.328546 2.722143, 9.449334 2.567367, 9.458106 2.55554, 9.571154 2.395023, 9.579335 2.38278, 9.684371 2.21691, 9.691941 2.20428, 9.788711 2.033456, 9.795652 2.02047, 9.883924 1.845104, 9.89022 1.831793, 9.969781 1.652306, 9.975416 1.638702, 10.046074 1.455528, 10.051035 1.441664, 10.11262 1.255243, 10.116894 1.241153, 10.169258 1.051935, 10.172836 1.037651, 10.215852 0.846092, 10.218724 0.83165, 10.252289 0.63821, 10.25445 0.623645, 10.278483 0.428792, 10.279926 0.414138, 10.294369 0.21834, 10.295091 0.203633, 10.29991 0.007362, 10.29991 -0.007362, 10.295091 -0.203633, 10.294369 -0.21834, 10.279926 -0.414138, 10.278483 -0.428792, 10.25445 -0.623645, 10.252289 -0.63821, 10.218724 -0.83165, 10.215852 -0.846092, 10.172836 -1.037651, 10.169258 -1.051935, 10.116894 -1.241153, 10.11262 -1.255243, 10.051035 -1.441664, 10.046074 -1.455528, 9.975416 -1.638702, 9.969781 -1.652306, 9.89022 -1.831793, 9.883924 -1.845104, 9.795652 -2.02047, 9.788711 -2.033456, 9.691941 -2.20428, 9.684371 -2.21691, 9.579335 -2.38278, 9.571154 -2.395023, 9.458106 -2.55554, 9.449334 -2.567367, 9.328546 -2.722143, 9.319204 -2.733525, 9.190967 -2.882188, 9.181079 -2.893098, 9.045701 -3.035289, 9.035289 -3.045701, 8.893098 -3.181079, 8.882188 -3.190967, 8.733525 -3.319204, 8.722143 -3.328546, 8.567367 -3.449334, 8.55554 -3.458106, 8.395023 -3.571154, 8.38278 -3.579335, 8.21691 -3.684371, 8.20428 -3.691941, 8.033456 -3.788711, 8.02047 -3.795652, 7.845104 -3.883924, 7.831793 -3.89022, 7.652306 -3.969781, 7.638702 -3.975416, 7.455528 -4.046074, 7.441664 -4.051035, 7.255243 -4.11262, 7.241153 -4.116894, 7.051935 -4.169258, 7.037651 -4.172836, 6.846092 -4.215852, 6.83165 -4.218724, 6.63821 -4.252289, 6.623645 -4.25445, 6.428792 -4.278483, 6.414138 -4.279926, 6.21834 -4.294369, 6.203633 -4.295091, 6.007362 -4.29991, 6 -4.3, -6 -4.3, -6.007362 -4.29991, -6.203633 -4.295091, -6.21834 -4.294369, -6.414138 -4.279926, -6.428792 -4.278483, -6.623645 -4.25445, -6.63821 -4.252289, -6.83165 -4.218724, -6.846092 -4.215852, -7.037651 -4.172836, -7.051935 -4.169258, -7.241153 -4.116894, -7.255243 -4.11262, -7.441664 -4.051035, -7.455528 -4.046074, -7.638702 -3.975416, -7.652306 -3.969781, -7.831793 -3.89022, -7.845104 -3.883924, -8.02047 -3.795652, -8.033456 -3.788711, -8.20428 -3.691941, -8.21691 -3.684371, -8.38278 -3.579335, -8.395023 -3.571154, -8.55554 -3.458106, -8.567367 -3.449334, -8.722143 -3.328546, -8.733525 -3.319204, -8.882188 -3.190967, -8.893098 -3.181079, -9.035289 -3.045701, -9.045701 -3.035289, -9.181079 -2.893098, -9.190967 -2.882188, -9.319204 -2.733525, -9.328546 -2.722143, -9.449334 -2.567367, -9.458106 -2.55554, -9.571154 -2.395023, -9.579335 -2.38278, -9.684371 -2.21691, -9.691941 -2.20428, -9.788711 -2.033456, -9.795652 -2.02047, -9.883924 -1.845104, -9.89022 -1.831793, -9.969781 -1.652306, -9.975416 -1.638702, -10.046074 -1.455528, -10.051035 -1.441664, -10.11262 -1.255243, -10.116894 -1.241153, -10.169258 -1.051935, -10.172836 -1.037651, -10.215852 -0.846092, -10.218724 -0.83165, -10.252289 -0.63821, -10.25445 -0.623645, -10.278483 -0.428792, -10.279926 -0.414138, -10.294369 -0.21834, -10.295091 -0.203633, -10.29991 -0.007362, -10.29991 0.007362, -10.295091 0.203633, -10.294369 0.21834, -10.279926 0.414138, -10.278483 0.428792, -10.25445 0.623645, -10.252289 0.63821, -10.218724 0.83165, -10.215852 0.846092, -10.172836 1.037651, -10.169258 1.051935, -10.116894 1.241153, -10.11262 1.255243, -10.051035 1.441664, -10.046074 1.455528, -9.975416 1.638702, -9.969781 1.652306, -9.89022 1.831793, -9.883924 1.845104, -9.795652 2.02047, -9.788711 2.033456, -9.691941 2.20428, -9.684371 2.21691, -9.579335 2.38278, -9.571154 2.395023, -9.458106 2.55554, -9.449334 2.567367, -9.328546 2.722143, -9.319204 2.733525, -9.190967 2.882188, -9.181079 2.893098, -9.045701 3.035289, -9.035289 3.045701, -8.893098 3.181079, -8.882188 3.190967, -8.733525 3.319204, -8.722143 3.328546, -8.567367 3.449334, -8.55554 3.458106, -8.395023 3.571154, -8.38278 3.579335, -8.21691 3.684371, -8.20428 3.691941, -8.033456 3.788711, -8.02047 3.795652, -7.845104 3.883924, -7.831793 3.89022, -7.652306 3.969781, -7.638702 3.975416, -7.455528 4.046074, -7.441664 4.051035, -7.255243 4.11262, -7.241153 4.116894, -7.051935 4.169258, -7.037651 4.172836, -6.846092 4.215852, -6.83165 4.218724, -6.63821 4.252289, -6.623645 4.25445, -6.428792 4.278483, -6.414138 4.279926, -6.21834 4.294369, -6.203633 4.295091, -6.007362 4.29991, -6 4.3, 6 4.3))",data/renders/procedural/obround_01_socket_v1.png,data/renders/procedural/obround_01_socket_v2.png,00257ebfc500ed5d,deea805fa000a0a8
obround_02,catalog,"POLYGON ((4 4.3, 4.007362 4.29991, 4.203633 4.295091, 4.21834 4.294369, 4.414138 4.279926, 4.428792 4.278483, 4.623645 4.25445, 4.63821 4.252289, 4.83165 4.218724, 4.846092 4.215852, 5.037651 4.172836, 5.051935 4.169258, 5.241153 4.116894, 5.255243 4.11262, 5.441664 4.051035, 5.455528 4.046074, 5.638702 3.975416, 5.652306 3.969781, 5.831793 3.89022, 5.845104 3.883924, 6.02047 3.795652, 6.033456 3.788711, 6.20428 3.691941, 6.21691 3.684371, 6.38278 3.579335, 6.395023 3.571154, 6.55554 3.458106, 6.567367 3.449334, 6.722143 3.328546, 6.733525 3.319204, 6.882188 3.190967, 6.893098 3.181079, 7.035289 3.045701, 7.045701 3.035289, 7.181079 2.893098, 7.190967 2.882188, 7.319204 2.733525, 7.328546 2.722143, 7.449334 2.567367, 7.458106 2.55554, 7.571154 2.395023, 7.579335 2.38278, 7.684371 2.21691, 7.691941 2.20428, 7.788711 2.033456, 7.795652 2.02047, 7.883924 1.845104, 7.89022 1.831793, 7.969781 1.652306, 7.975416 1.638702, 8.046074 1.455528, 8.051035 1.441664, 8.11262 1.255243, 8.116894 1.241153, 8.169258 1.051935, 8.172836 1.037651, 8.215852 0.846092, 8.218724 0.83165, 8.252289 0.63821, 8.25445 0.623645, 8.278483 0.428792, 8.279926 0.414138, 8.294369 0.21834, 8.295091 0.203633, 8.29991 0.007362, 8.29991 -0.007362, 8.295091 -0.203633, 8.294369 -0.21834, 8.279926 -0.414138, 8.278483 -0.428792, 8.25445 -0.623645, 8.252289 -0.63821, 8.218724 -0.83165, 8.215852 -0.846092, 8.172836 -1.037651, 8.169258 -1.051935, 8.116894 -1.241153, 8.11262 -1.255243, 8.051035 -1.441664, 8.046074 -1.455528, 7.975416 -1.638702, 7.969781 -1.652306, 7.89022 -1.831793, 7.883924 -1.845104, 7.795652 -2.02047, 7.788711 -2.033456, 7.691941 -2.20428, 7.684371 -2.21691, 7.579335 -2.38278, 7.571154 -2.395023, 7.458106 -2.55554, 7.449334 -2.567367, 7.328546 -2.722143, 7.319204 -2.733525, 7.190967 -2.882188, 7.181079 -2.893098, 7.045701 -3.035289, 7.035289 -3.045701, 6.893098 -3.181079, 6.882188 -3.190967, 6.733525 -3.319204, 6.722143 -3.328546, 6.567367 -3.449334, 6.55554 -3.458106, 6.395023 -3.571154, 6.38278 -3.579335, 6.21691 -3.684371, 6.20428 -3.691941, 6.033456 -3.788711, 6.02047 -3.795652, 5.845104 -3.883924, 5.831793 -3.89022, 5.652306 -3.969781, 5.638702 -3.975416, 5.455528 -4.046074, 5.441664 -4.051035, 5.255243 -4.11262, 5.241153 -4.116894, 5.051935 -4.169258, 5.037651 -4.172836, 4.846092 -4.215852, 4.83165 -4.218724, 4.63821 -4.252289, 4.623645 -4.25445, 4.428792 -4.278483, 4.414138 -4.279926, 4.21834 -4.294369, 4.203633 -4.295091, 4.007362 -4.29991, 4 -4.3, -4 -4.3, -4.007362 -4.29991, -4.203633 -4.295091, -4.21834 -4.294369, -4.414138 -4.279926, -4.428792 -4.278483, -4.623645 -4.25445, -4.63821 -4.252289, -4.83165 -4.218724, -4.846092 -4.215852, -5.037651 -4.172836, -5.051935 -4.169258, -5.241153 -4.116894, -5.255243 -4.11262, -5.441664 -4.051035, -5.455528 -4.046074, -5.638702 -3.975416, -5.652306 -3.969781, -5.831793 -3.89022, -5.845104 -3.883924, -6.02047 -3.795652, -6.033456 -3.788711, -6.20428 -3.691941, -6.21691 -3.684371, -6.38278 -3.579335, -6.395023 -3.571154, -6.55554 -3.458106, -6.567367 -3.449334, -6.722143 -3.328546, -6.733525 -3.319204, -6.882188 -3.190967, -6.893098 -3.181079, -7.035289 -3.045701, -7.045701 -3.035289, -7.181079 -2.893098, -7.190967 -2.882188, -7.319204 -2.733525, -7.328546 -2.722143, -7.449334 -2.567367, -7.458106 -2.55554, -7.571154 -2.395023, -7.579335 -2.38278, -7.684371 -2.21691, -7.691941 -2.20428, -7.788711 -2.033456, -7.795652 -2.02047, -7.883924 -1.845104, -7.89022 -1.831793, -7.969781 -1.652306, -7.975416 -1.638702, -8.046074 -1.455528, -8.051035 -1.441664, -8.11262 -1.255243, -8.116894 -1.241153, -8.169258 -1.051935, -8.172836 -1.037651, -8.215852 -0.846092, -8.218724 -0.83165, -8.252289 -0.63821, -8.25445 -0.623645, -8.278483 -0.428792, -8.279926 -0.414138, -8.294369 -0.21834, -8.295091 -0.203633, -8.29991 -0.007362, -8.29991 0.007362, -8.295091 0.203633, -8.294369 0.21834, -8.279926 0.414138, -8.278483 0.428792, -8.25445 0.623645, -8.252289 0.63821, -8.218724 0.83165, -8.215852 0.846092, -8.172836 1.037651, -8.169258 1.051935, -8.116894 1.241153, -8.11262 1.255243, -8.051035 1.441664, -8.046074 1.455528, -7.975416 1.638702, -7.969781 1.652306, -7.89022 1.831793, -7.883924 1.845104, -7.795652 2.02047, -7.788711 2.033456, -7.691941 2.20428, -7.684371 2.21691, -7.579335 2.38278, -7.571154 2.395023, -7.458106 2.55554, -7.449334 2.567367, -7.328546 2.722143, -7.319204 2.733525, -7.190967 2.882188, -7.181079 2.893098, -7.045701 3.035289, -7.035289 3.045701, -6.893098 3.181079, -6.882188 3.190967, -6.733525 3.319204, -6.722143 3.328546, -6.567367 3.449334, -6.55554 3.458106, -6.395023 3.571154, -6.38278 3.579335, -6.21691 3.684371, -6.20428 3.691941, -6.033456 3.788711, -6.02047 3.795652, -5.845104 3.883924, -5.831793 3.89022, -5.652306 3.969781, -5.638702 3.975416, -5.455528 4.046074, -5.441664 4.051035, -5.255243 4.11262, -5.241153 4.116894, -5.051935 4.169258, -5.037651 4.172836, -4.846092 4.215852, -4.83165 4.218724, -4.63821 4.252289, -4.623645 4.25445, -4.428792 4.278483, -4.414138 4.279926, -4.21834 4.294369, -4.203633 4.295091, -4.007362 4.29991, -4 4.3, 4 4.3))",data/renders/procedural/obround_02_socket_v1.png,data/renders/procedural/obround_02_socket_v2.png,4997bf9307633524,dc4d3976ea85e1b6
obround_03,catalog,"POLYGON ((7 5.3, 7.007362 5.29991, 7.252701 5.293887, 7.267408 5.293164, 7.512155 5.275111, 7.526809 5.273667, 7.770376 5.243626, 7.784941 5.241466, 8.02674 5.19951, 8.041182 5.196637, 8.280631 5.142867, 8.294915 5.139289, 8.531437 5.073834, 8.545528 5.06956, 8.778554 4.992579, 8.792418 4.987618, 9.021386 4.899296, 9.03499 4.893661, 9.259348 4.794209, 9.272659 4.787914, 9.491867 4.677574, 9.504853 4.670632, 9.718383 4.549669, 9.731013 4.542099, 9.93835 4.410804, 9.950594 4.402624, 10.151239 4.261313, 10.163066 4.252542, 10.356536 4.101556, 10.367918 4.092215, 10.553747 3.931918, 10.564657 3.92203, 10.742396 3.752808, 10.752808 3.742396, 10.92203 3.564657, 10.931918 3.553747, 11.092215 3.367918, 11.101556 3.356536, 11.252542 3.163066, 11.261313 3.151239, 11.402624 2.950594, 11.410804 2.93835, 11.542099 2.731013, 11.549669 2.718383, 11.670632 2.504853, 11.677574 2.491867, 11.787914 2.272659, 11.794209 2.259348, 11.893661 2.03499, 11.899296 2.021386, 11.987618 1.792418, 11.992579 1.778554, 12.06956 1.545528, 12.073834 1.531437, 12.139289 1.294915, 12.142867 1.280631, 12.196637 1.041182, 12.19951 1.02674, 12.241466 0.784941, 12.243626 0.770376, 12.273667 0.526809, 12.275111 0.512155, 12.293164 0.267408, 12.293887 0.252701, 12.29991 0.007362, 12.29991 -0.007362, 12.293887 -0.252701, 12.293164 -0.267408, 12.275111 -0.512155, 12.273667 -0.526809, 12.243626 -0.770376, 12.241466 -0.784941, 12.19951 -1.02674, 12.196637 -1.041182, 12.142867 -1.280631, 12.139289 -1.294915, 12.073834 -1.531437, 12.06956 -1.545528, 11.992579 -1.778554, 11.987618 -1.792418, 11.899296 -2.021386, 11.893661 -2.03499, 11.794209 -2.259348, 11.787914 -2.272659, 11.677574 -2.491867, 11.670632 -2.504853, 11.549669 -2.718383, 11.542099 -2.731013, 11.410804 -2.93835, 11.402624 -2.950594, 11.261313 -3.151239, 11.252542 -3.163066, 11.101556 -3.356536, 11.092215 -3.367918, 10.931918 -3.553747, 10.92203 -3.564657, 10.752808 -3.742396, 10.742396 -3.752808, 10.564657 -3.92203, 10.553747 -3.931918, 10.367918 -4.092215, 10.356536 -4.101556, 10.163066 -4.252542, 10.151239 -4.261313, 9.950594 -4.402624, 9.93835 -4.410804, 9.731013 -4.542099, 9.718383 -4.549669, 9.504853 -4.670632, 9.491867 -4.677574, 9.272659 -4.787914, 9.259348 -4.794209, 9.03499 -4.893661, 9.021386 -4.899296, 8.792418 -4.987618, 8.778554 -4.992579, 8.545528 -5.06956, 8.531437 -5.073834, 8.294915 -5.139289, 8.280631 -5.142867, 8.041182 -5.196637, 8.02674 -5.19951, 7.784941 -5.241466, 7.770376 -5.243626, 7.526809 -5.273667, 7.512155 -5.275111, 7.267408 -5.293164, 7.252701 -5.293887, 7.007362 -5.29991, 7 -5.3, -7 -5.3, -7.007362 -5.29991, -7.252701 -5.293887, -7.267408 -5.293164, -7.512155 -5.275111, -7.526809 -5.273667, -7.770376 -5.243626, -7.784941 -5.241466, -8.02674 -5.19951, -8.041182 -5.196637, -8.280631 -5.142867, -8.294915 -5.139289, -8.531437 -5.073834, -8.545528 -5.06956, -8.778554 -4.992579, -8.792418 -4.987618, -9.021386 -4.899296, -9.03499 -4.893661, -9.259348 -4.794209, -9.272659 -4.787914, -9.491867 -4.677574, -9.504853 -4.670632, -9.718383 -4.549669, -9.731013 -4.542099, -9.93835 -4.410804, -9.950594 -4.402624, -10.151239 -4.261313, -10.163066 -4.252542, -10.356536 -4.101556, -10.367918 -4.092215, -10.553747 -3.931918, -10.564657 -3.92203, -10.742396 -3.752808, -10.752808 -3.742396, -10.92203 -3.564657, -10.931918 -3.553747, -11.092215 -3.367918, -11.101556 -3.356536, -11.252542 -3.163066, -11.261313 -3.151239, -11.402624 -2.950594, -11.410804 -2.93835, -11.542099 -2.731013, -11.549669 -2.718383, -11.670632 -2.504853, -11.677574 -2.491867, -11.787914 -2.272659, -11.794209 -2.259348, -11.893661 -2.03499, -11.899296 -2.021386, -11.987618 -1.792418, -11.992579 -1.778554, -12.06956 -1.545528, -12.073834 -1.531437, -12.139289 -1.294915, -12.142867 -1.280631, -12.196637 -1.041182, -12.19951 -1.02674, -12.241466 -0.784941, -12.243626 -0.770376, -12.273667 -0.526809, -12.275111 -0.512155, -12.293164 -0.267408, -12.293887 -0.252701, -12.29991 -0.007362, -12.29991 0.007362, -12.293887 0.252701, -12.293164 0.267408, -12.275111 0.512155, -12.273667 0.526809, -12.243626 0.770376, -12.241466 0.784941, -12.19951 1.02674, -12.196637 1.041182, -12.142867 1.280631, -12.139289 1.294915, -12.073834 1.531437, -12.06956 1.545528, -11.992579 1.778554, -11.987618 1.792418, -11.899296 2.021386, -11.893661 2.03499, -11.794209 2.259348, -11.787914 2.272659, -11.677574 2.491867, -11.670632 2.504853, -11.549669 2.718383, -11.542099 2.731013, -11.410804 2.93835, -11.402624 2.950594, -11.261313 3.151239, -11.252542 3.163066, -11.101556 3.356536, -11.092215 3.367918, -10.931918 3.553747, -10.92203 3.564657, -10.752808 3.742396, -10.742396 3.752808, -10.564657 3.92203, -10.553747 3.931918, -10.367918 4.092215, -10.356536 4.101556, -10.163066 4.252542, -10.151239 4.261313, -9.950594 4.402624, -9.93835 4.410804, -9.731013 4.542099, -9.718383 4.549669, -9.504853 4.670632, -9.491867 4.677574, -9.272659 4.787914, -9.259348 4.794209, -9.03499 4.893661, -9.021386 4.899296, -8.792418 4.987618, -8.778554 4.992579, -8.545528 5.06956, -8.531437 5.073834, -8.294915 5.139289, -8.280631 5.142867, -8.041182 5.196637, -8.02674 5.19951, -7.784941 5.241466, -7.770376 5.243626, -7.526809 5.273667, -7.512155 5.275111, -7.267408 5.293164, -7.252701 5.293887, -7.007362 5.29991, -7 5.3, 7 5.3))",data/renders/procedural/obround_03_socket_v1.png,data/renders/procedural/obround_03_socket_v2.png,037aee496ad453bb,eb38151b8e9fb30e
obround_03_shrunk0.20,shrunk,"POLYGON ((6.997546 4.8, 7.235522 4.794158, 7.470476 4.776827, 7.704297 4.747988, 7.936422 4.70771, 8.16629 4.656092, 8.393349 4.593256, 8.617051 4.519355, 8.836857 4.434566, 9.052239 4.339094, 9.262676 4.233169, 9.467662 4.117046, 9.666704 3.991004, 9.859321 3.855348, 10.04505 3.710404, 10.223443 3.556521, 10.39407 3.39407, 10.556521 3.223443, 10.710404 3.04505, 10.855348 2.859321, 10.991004 2.666704, 11.117046 2.467662, 11.233169 2.262676, 11.339094 2.052239, 11.434566 1.836857, 11.519355 1.617051, 11.593256 1.393349, 11.656092 1.16629, 11.70771 0.936422, 11.747988 0.704297, 11.776827 0.470476, 11.794158 0.235522, 11.79994 -6.213742e-17, 11.794158 -0.235522, 11.776827 -0.470476, 11.747988 -0.704297, 11.70771 -0.936422, 11.656092 -1.16629, 11.593256 -1.393349, 11.519355 -1.617051, 11.434566 -1.836857, 11.339094 -2.052239, 11.233169 -2.262676, 11.117046 -2.467662, 10.991004 -2.666704, 10.855348 -2.859321, 10.710404 -3.04505, 10.556521 -3.223443, 10.39407 -3.39407, 10.223443 -3.556521, 10.04505 -3.710404, 9.859321 -3.855348, 9.666704 -3.991004, 9.467662 -4.117046, 9.262676 -4.233169, 9.052239 -4.339094, 8.836857 -4.434566, 8.617051 -4.519355, 8.393349 -4.593256, 8.16629 -4.656092, 7.936422 -4.70771, 7.704297 -4.747988, 7.470476 -4.776827, 7.235522 -4.794158, 6.997546 -4.8, -6.997546 -4.8, -7.235522 -4.794158, -7.470476 -4.776827, -7.704297 -4.747988, -7.936422 -4.70771, -8.16629 -4.656092, -8.393349 -4.593256, -8.617051 -4.519355, -8.836857 -4.434566, -9.052239 -4.339094, -9.262676 -4.233169, -9.467662 -4.117046, -9.666704 -3.991004, -9.859321 -3.855348, -10.04505 -3.710404, -10.223443 -3.556521, -10.39407 -3.39407, -10.556521 -3.223443, -10.710404 -3.04505, -10.855348 -2.859321, -10.991004 -2.666704, -11.117046 -2.467662, -11.233169 -2.262676, -11.339094 -2.052239, -11.434566 -1.836857, -11.519355 -1.617051, -11.593256 -1.393349, -11.656092 -1.16629, -11.70771 -0.936422, -11.747988 -0.704297, -11.776827 -0.470476, -11.794158 -0.235522, -11.79994 -3.816852e-17, -11.794158 0.235522, -11.776827 0.470476, -11.747988 0.704297, -11.70771 0.936422, -11.656092 1.16629, -11.593256 1.393349, -11.519355 1.617051, -11.434566 1.836857, -11.339094 2.052239, -11.233169 2.262676, -11.117046 2.467662, -10.991004 2.666704, -10.855348 2.859321, -10.710404 3.04505, -10.556521 3.223443, -10.39407 3.39407, -10.223443 3.556521, -10.04505 3.710404, -9.859321 3.855348, -9.666704 3.991004, -9.467662 4.117046, -9.262676 4.233169, -9.052239 4.339094, -8.836857 4.434566, -8.617051 4.519355, -8.393349 4.593256, -8.16629 4.656092, -7.936422 4.70771, -7.704297 4.747988, -7.470476 4.776827, -7.235522 4.794158, -6.997546 4.8, 6.997546 4.8))",data/renders/blocks/obround_03_shrunk0.20_socket_v1.png,data/renders/blocks/obround_03_shrunk0.20_socket_v2.png,507e7149330018fc,4758ef80cc5e3a15
obround_04,catalog,"POLYGON ((4 3.3, 4.007362 3.29991, 4.154565 3.296296, 4.169272 3.295574, 4.316121 3.284741, 4.330775 3.283298, 4.476915 3.265273, 4.49148 3.263113, 4.63656 3.237939, 4.651001 3.235066, 4.794671 3.202804, 4.808954 3.199227, 4.950868 3.159954, 4.964959 3.155679, 5.104774 3.109491, 5.118638 3.10453, 5.256019 3.051536, 5.269623 3.045902, 5.404238 2.986231, 5.417549 2.979935, 5.549074 2.913731, 5.56206 2.90679, 5.690178 2.834212, 5.702808 2.826642, 5.82721 2.747865, 5.839453 2.739684, 5.95984 2.654898, 5.971667 2.646127, 6.087749 2.555535, 6.099132 2.546194, 6.210629 2.450016, 6.221539 2.440128, 6.328183 2.338594, 6.338594 2.328183, 6.440128 2.221539, 6.450016 2.210629, 6.546194 2.099132, 6.555535 2.087749, 6.646127 1.971667, 6.654898 1.95984, 6.739684 1.839453, 6.747865 1.82721, 6.826642 1.702808, 6.834212 1.690178, 6.90679 1.56206, 6.913731 1.549074, 6.979935 1.417549, 6.986231 1.404238, 7.045902 1.269623, 7.051536 1.256019, 7.10453 1.118638, 7.109491 1.104774, 7.155679 0.964959, 7.159954 0.950868, 7.199227 0.808954, 7.202804 0.794671, 7.235066 0.651001, 7.237939 0.63656, 7.263113 0.49148, 7.265273 0.476915, 7.283298 0.330775, 7.284741 0.316121, 7.295574 0.169272, 7.296296 0.154565, 7.29991 0.007362, 7.29991 -0.007362, 7.296296 -0.154565, 7.295574 -0.169272, 7.284741 -0.316121, 7.283298 -0.330775, 7.265273 -0.476915, 7.263113 -0.49148, 7.237939 -0.63656, 7.235066 -0.651001, 7.202804 -0.794671, 7.199227 -0.808954, 7.159954 -0.950868, 7.155679 -0.964959, 7.109491 -1.104774, 7.10453 -1.118638, 7.051536 -1.256019, 7.045902 -1.269623, 6.986231 -1.404238, 6.979935 -1.417549, 6.913731 -1.549074, 6.90679 -1.56206, 6.834212 -1.690178, 6.826642 -1.702808, 6.747865 -1.82721, 6.739684 -1.839453, 6.654898 -1.95984, 6.646127 -1.971667, 6.555535 -2.087749, 6.546194 -2.099132, 6.450016 -2.210629, 6.440128 -2.221539, 6.338594 -2.328183, 6.328183 -2.338594, 6.221539 -2.440128, 6.210629 -2.450016, 6.099132 -2.546194, 6.087749 -2.555535, 5.971667 -2.646127, 5.95984 -2.654898, 5.839453 -2.739684, 5.82721 -2.747865, 5.702808 -2.826642, 5.690178 -2.834212, 5.56206 -2.90679, 5.549074 -2.913731, 5.417549 -2.979935, 5.404238 -2.986231, 5.269623 -3.045902, 5.256019 -3.051536, 5.118638 -3.10453, 5.104774 -3.109491, 4.964959 -3.155679, 4.950868 -3.159954, 4.808954 -3.199227, 4.794671 -3.202804, 4.651001 -3.235066, 4.63656 -3.237939, 4.49148 -3.263113, 4.476915 -3.265273, 4.330775 -3.283298, 4.316121 -3.284741, 4.169272 -3.295574, 4.154565 -3.296296, 4.007362 -3.29991, 4 -3.3, -4 -3.3, -4.007362 -3.29991, -4.154565 -3.296296, -4.169272 -3.295574, -4.316121 -3.284741, -4.330775 -3.283298, -4.476915 -3.265273, -4.49148 -3.263113, -4.63656 -3.237939, -4.651001 -3.235066, -4.794671 -3.202804, -4.808954 -3.199227, -4.950868 -3.159954, -4.964959 -3.155679, -5.104774 -3.109491, -5.118638 -3.10453, -5.256019 -3.051536, -5.269623 -3.045902, -5.404238 -2.986231, -5.417549 -2.979935, -5.549074 -2.913731, -5.56206 -2.90679, -5.690178 -2.834212, -5.702808 -2.826642, -5.82721 -2.747865, -5.839453 -2.739684, -5.95984 -2.654898, -5.971667 -2.646127, -6.087749 -2.555535, -6.099132 -2.546194, -6.210629 -2.450016, -6.221539 -2.440128, -6.328183 -2.338594, -6.338594 -2.328183, -6.440128 -2.221539, -6.450016 -2.210629, -6.546194 -2.099132, -6.555535 -2.087749, -6.646127 -1.971667, -6.654898 -1.95984, -6.739684 -1.839453, -6.747865 -1.82721, -6.826642 -1.702808, -6.834212 -1.690178, -6.90679 -1.56206, -6.913731 -1.549074, -6.979935 -1.417549, -6.986231 -1.404238, -7.045902 -1.269623, -7.051536 -1.256019, -7.10453 -1.118638, -7.109491 -1.104774, -7.155679 -0.964959, -7.159954 -0.950868, -7.199227 -0.808954, -7.202804 -0.794671, -7.235066 -0.651001, -7.237939 -0.63656, -7.263113 -0.49148, -7.265273 -0.476915, -7.283298 -0.330775, -7.284741 -0.316121, -7.295574 -0.169272, -7.296296 -0.154565, -7.29991 -0.007362, -7.29991 0.007362, -7.296296 0.154565, -7.295574 0.169272, -7.284741 0.316121, -7.283298 0.330775, -7.265273 0.476915, -7.263113 0.49148, -7.237939 0.63656, -7.235066 0.651001, -7.202804 0.794671, -7.199227 0.808954, -7.159954 0.950868, -7.155679 0.964959, -7.109491 1.104774, -7.10453 1.118638, -7.051536 1.256019, -7.045902 1.269623, -6.986231 1.404238, -6.979935 1.417549, -6.913731 1.549074, -6.90679 1.56206, -6.834212 1.690178, -6.826642 1.702808, -6.747865 1.82721, -6.739684 1.839453, -6.654898 1.95984, -6.646127 1.971667, -6.555535 2.087749, -6.546194 2.099132, -6.450016 2.210629, -6.440128 2.221539, -6.338594 2.328183, -6.328183 2.338594, -6.221539 2.440128, -6.210629 2.450016, -6.099132 2.546194, -6.087749 2.555535, -5.971667 2.646127, -5.95984 2.654898, -5.839453 2.739684, -5.82721 2.747865, -5.702808 2.826642, -5.690178 2.834212, -5.56206 2.90679, -5.549074 2.913731, -5.417549 2.979935, -5.404238 2.986231, -5.269623 3.045902, -5.256019 3.051536, -5.118638 3.10453, -5.104774 3.109491, -4.964959 3.155679, -4.950868 3.159954, -4.808954 3.199227, -4.794671 3.202804, -4.651001 3.235066, -4.63656 3.237939, -4.49148 3.263113, -4.476915 3.265273, -4.330775 3.283298, -4.316121 3.284741, -4.169272 3.295574, -4.154565 3.296296, -4.007362 3.29991, -4 3.3, 4 3.3))",data/renders/procedural/obround_04_socket_v1.png,data/renders/procedural/obround_04_socket_v2.png,f9ab969bb5e4ddc3,47e0eab52c4d2641
polygon_01,catalog,"POLYGON ((9.526279 -5.8, -9.526279 -5.8, -9.540886 -5.799644, -9.555457 -5.798578, -9.56996 -5.796803, -9.584359 -5.794324, -9.59862 -5.791148, -9.612709 -5.78728, -9.626594 -5.782731, -9.64024 -5.777512, -9.653616 -5.771634, -9.666691 -5.765113, -9.679432 -5.757962, -9.69181 -5.750199, -9.703795 -5.741843, -9.715359 -5.732914, -9.726475 -5.723432, -9.737116 -5.71342, -9.747257 -5.702901, -9.756874 -5.691902, -9.765943 -5.680447, -9.774445 -5.668565, -9.782357 -5.656282, -9.789663 -5.643629, -9.796343 -5.630635, -9.802383 -5.617331, -9.807768 -5.603749, -9.812486 -5.589921, -9.816525 -5.57588, -9.819875 -5.561659, -9.822529 -5.547291, -9.82448 -5.532811, -9.825724 -5.518254, -9.826257 -5.503653, -9.826079 -5.489043, -9.82519 -5.47446, -9.823592 -5.459937, -9.821289 -5.445509, -9.818286 -5.43121, -9.814591 -5.417075, -9.810211 -5.403136, -9.805159 -5.389427, -9.799444 -5.37598, -9.793082 -5.362827, -9.786087 -5.35, -0.259808 11.15, -0.252196 11.162472, -0.243987 11.174558, -0.235199 11.18623, -0.225853 11.19746, -0.215971 11.208222, -0.205577 11.21849, -0.194695 11.22824, -0.183352 11.237449, -0.171574 11.246094, -0.159389 11.254156, -0.146825 11.261615, -0.133914 11.268453, -0.120685 11.274655, -0.107169 11.280205, -0.0934 11.28509, -0.079409 11.2893, -0.065229 11.292823, -0.050895 11.295651, -0.03644 11.297779, -0.021899 11.2992, -0.007305 11.299911, 0.007305 11.299911, 0.021899 11.2992, 0.03644 11.297779, 0.050895 11.295651, 0.065229 11.292823, 0.079409 11.2893, 0.0934 11.28509, 0.107169 11.280205, 0.120685 11.274655, 0.133914 11.268453, 0.146825 11.261615, 0.159389 11.254156, 0.171574 11.246094, 0.183352 11.237449, 0.194695 11.22824, 0.205577 11.21849, 0.215971 11.208222, 0.225853 11.19746, 0.235199 11.18623, 0.243987 11.174558, 0.252196 11.162472, 0.259808 11.15, 9.786087 -5.35, 9.793082 -5.362827, 9.799444 -5.37598, 9.805159 -5.389427, 9.810211 -5.403136, 9.814591 -5.417075, 9.818286 -5.43121, 9.821289 -5.445509, 9.823592 -5.459937, 9.82519 -5.47446, 9.826079 -5.489043, 9.826257 -5.503653, 9.825724 -5.518254, 9.82448 -5.532811, 9.822529 -5.547291, 9.819875 -5.561659, 9.816525 -5.57588, 9.812486 -5.589921, 9.807768 -5.603749, 9.802383 -5.617331, 9.796343 -5.630635, 9.789663 -5.643629, 9.782357 -5.656282, 9.774445 -5.668565, 9.765943 -5.680447, 9.756874 -5.691902, 9.747257 -5.702901, 9.737116 -5.71342, 9.726475 -5.723432, 9.715359 -5.732914, 9.703795 -5.741843, 9.69181 -5.750199, 9.679432 -5.757962, 9.666691 -5.765113, 9.653616 -5.771634, 9.64024 -5.777512, 9.626594 -5.782731, 9.612709 -5.78728, 9.59862 -5.791148, 9.584359 -5.794324, 9.56996 -5.796803, 9.555457 -5.798578, 9.540886 -5.799644, 9.526279 -5.8))",data/renders/procedural/polygon_01_socket_v1.png,data/renders/procedural/polygon_01_socket_v2.png,4f06359e6dac4b96,caabdefad690c976
polygon_01_shrunk0.20,shrunk,"POLYGON ((9.179869 -5.3, -9.179869 -5.3, 4.118704e-15 10.6, 9.179869 -5.3))",data/renders/blocks/polygon_01_shrunk0.20_socket_v1.png,data/renders/blocks/polygon_01_shrunk0.20_socket_v2.png,1ccd9f07e9bd58f9,f33ef679b8252433
polygon_02,catalog,"POLYGON ((5.877853 -8.39017, -5.877853 -8.39017, -5.892347 -8.38982, -5.906807 -8.388769, -5.921199 -8.387022, -5.935491 -8.384581, -5.949647 -8.381452, -5.963636 -8.377644, -5.977425 -8.373163, -5.990981 -8.368022, -6.004273 -8.362232, -6.017269 -8.355807, -6.02994 -8.348761, -6.042256 -8.341111, -6.054188 -8.332875, -6.065708 -8.324072, -6.076789 -8.314723, -6.087406 -8.30485, -6.097533 -8.294475, -6.107147 -8.283623, -6.116226 -8.272319, -6.124748 -8.260589, -6.132693 -8.248462, -6.140043 -8.235965, -6.146781 -8.223127, -6.15289 -8.209979, -6.158357 -8.196551, -6.163169 -8.182875, -9.795882 2.997465, -9.800028 3.011358, -9.803497 3.025435, -9.806283 3.039663, -9.808378 3.054009, -9.809777 3.06844, -9.810478 3.082921, -9.810478 3.097419, -9.809777 3.1119, -9.808378 3.126331, -9.806283 3.140677, -9.803497 3.154905, -9.800028 3.168982, -9.795882 3.182875, -9.79107 3.196551, -9.785603 3.209979, -9.779493 3.223127, -9.772756 3.235965, -9.765406 3.248462, -9.75746 3.260589, -9.748938 3.272319, -9.73986 3.283623, -9.730246 3.294475, -9.720119 3.30485, -9.709502 3.314723, -9.698421 3.324072, -9.686901 3.332875, -0.176336 10.242705, -0.164404 10.250941, -0.152088 10.258591, -0.139417 10.265637, -0.12642 10.272062, -0.113128 10.277852, -0.099572 10.282994, -0.085784 10.287474, -0.071795 10.291283, -0.057638 10.294411, -0.043347 10.296852, -0.028954 10.298599, -0.014494 10.29965, -1.074958e-15 10.3, 0.014494 10.29965, 0.028954 10.298599, 0.043347 10.296852, 0.057638 10.294411, 0.071795 10.291283, 0.085784 10.287474, 0.099572 10.282994, 0.113128 10.277852, 0.12642 10.272062, 0.139417 10.265637, 0.152088 10.258591, 0.164404 10.250941, 0.176336 10.242705, 9.686901 3.332875, 9.698421 3.324072, 9.709502 3.314723, 9.720119 3.30485, 9.730246 3.294475, 9.73986 3.283623, 9.748938 3.272319, 9.75746 3.260589, 9.765406 3.248462, 9.772756 3.235965, 9.779493 3.223127, 9.785603 3.209979, 9.79107 3.196551, 9.795882 3.182875, 9.800028 3.168982, 9.803497 3.154905, 9.806283 3.140677, 9.808378 3.126331, 9.809777 3.1119, 9.810478 3.097419, 9.810478 3.082921, 9.809777 3.06844, 9.808378 3.054009, 9.806283 3.039663, 9.803497 3.025435, 9.800028 3.011358, 9.795882 2.997465, 6.163169 -8.182875, 6.158357 -8.196551, 6.15289 -8.209979, 6.146781 -8.223127, 6.140043 -8.235965, 6.132693 -8.248462, 6.124748 -8.260589, 6.116226 -8.272319, 6.107147 -8.283623, 6.097533 -8.294475, 6.087406 -8.30485, 6.076789 -8.314723, 6.065708 -8.324072, 6.054188 -8.332875, 6.042256 -8.341111, 6.02994 -8.348761, 6.017269 -8.355807, 6.004273 -8.362232, 5.990981 -8.368022, 5.977425 -8.373163, 5.963636 -8.377644, 5.949647 -8.381452, 5.935491 -8.384581, 5.921199 -8.387022, 5.906807 -8.388769, 5.892347 -8.38982, 5.877853 -8.39017))",data/renders/procedural/polygon_02_socket_v1.png,data/renders/procedural/polygon_02_socket_v2.png,c5a6f5dbc754d41b,123466467b46b08a
polygon_03,catalog,"POLYGON ((5 -8.960254, -5 -8.960254, -5.014954 -8.959881, -5.02987 -8.958763, -5.044713 -8.956903, -5.059444 -8.954306, -5.074027 -8.950977, -5.088427 -8.946926, -5.102606 -8.942162, -5.11653 -8.936697, -5.130165 -8.930545, -5.143476 -8.923721, -5.156431 -8.916241, -5.168996 -8.908126, -5.181141 -8.899394, -5.192836 -8.890067, -5.204052 -8.88017, -5.21476 -8.869725, -5.224934 -8.85876, -5.234549 -8.847301, -5.243581 -8.835377, -5.252008 -8.823018, -5.259808 -8.810254, -10.259808 -0.15, -10.266962 -0.136863, -10.273452 -0.123386, -10.279262 -0.109602, -10.284378 -0.095546, -10.288787 -0.081252, -10.292478 -0.066756, -10.295442 -0.052094, -10.297672 -0.037303, -10.299161 -0.022419, -10.299907 -0.007479, -10.299907 0.007479, -10.299161 0.022419, -10.297672 0.037303, -10.295442 0.052094, -10.292478 0.066756, -10.288787 0.081252, -10.284378 0.095546, -10.279262 0.109602, -10.273452 0.123386, -10.266962 0.136863, -10.259808 0.15, -5.259808 8.810254, -5.252008 8.823018, -5.243581 8.835377, -5.234549 8.847301, -5.224934 8.85876, -5.21476 8.869725, -5.204052 8.88017, -5.192836 8.890067, -5.181141 8.899394, -5.168996 8.908126, -5.156431 8.916241, -5.143476 8.923721, -5.130165 8.930545, -5.11653 8.936697, -5.102606 8.942162, -5.088427 8.946926, -5.074027 8.950977, -5.059444 8.954306, -5.044713 8.956903, -5.02987 8.958763, -5.014954 8.959881, -5 8.960254, 5 8.960254, 5.014954 8.959881, 5.02987 8.958763, 5.044713 8.956903, 5.059444 8.954306, 5.074027 8.950977, 5.088427 8.946926, 5.102606 8.942162, 5.11653 8.936697, 5.130165 8.930545, 5.143476 8.923721, 5.156431 8.916241, 5.168996 8.908126, 5.181141 8.899394, 5.192836 8.890067, 5.204052 8.88017, 5.21476 8.869725, 5.224934 8.85876, 5.234549 8.847301, 5.243581 8.835377, 5.252008 8.823018, 5.259808 8.810254, 10.259808 0.15, 10.266962 0.136863, 10.273452 0.123386, 10.279262 0.109602, 10.284378 0.095546, 10.288787 0.081252, 10.292478 0.066756, 10.295442 0.052094, 10.297672 0.037303, 10.299161 0.022419, 10.299907 0.007479, 10.299907 -0.007479, 10.299161 -0.022419, 10.297672 -0.037303, 10.295442 -0.052094, 10.292478 -0.066756, 10.288787 -0.081252, 10.284378 -0.095546, 10.279262 -0.109602, 10.273452 -0.123386, 10.266962 -0.136863, 10.259808 -0.15, 5.259808 -8.810254, 5.252008 -8.823018, 5.243581 -8.835377, 5.234549 -8.847301, 5.224934 -8.85876, 5.21476 -8.869725, 5.204052 -8.88017, 5.192836 -8.890067, 5.181141 -8.899394, 5.168996 -8.908126, 5.156431 -8.916241, 5.143476 -8.923721, 5.130165 -8.930545, 5.11653 -8.936697, 5.102606 -8.942162, 5.088427 -8.946926, 5.074027 -8.950977, 5.059444 -8.954306, 5.044713 -8.956903, 5.02987 -8.958763, 5.014954 -8.959881, 5 -8.960254))",data/renders/procedural/polygon_03_socket_v1.png,data/renders/procedural/polygon_03_socket_v2.png,5201084f630e3d2d,d0deb1131a658189
polygon_04,catalog,"POLYGON ((4 -7.228203, -4 -7.228203, -4.014954 -7.22783, -4.02987 -7.226712, -4.044713 -7.224852, -4.059444 -7.222255, -4.074027 -7.218926, -4.088427 -7.214875, -4.102606 -7.210111, -4.11653 -7.204646, -4.130165 -7.198494, -4.143476 -7.19167, -4.156431 -7.18419, -4.168996 -7.176075, -4.181141 -7.167343, -4.192836 -7.158017, -4.204052 -7.148119, -4.21476 -7.137674, -4.224934 -7.126709, -4.234549 -7.11525, -4.243581 -7.103326, -4.252008 -7.090967, -4.259808 -7.078203, -8.259808 -0.15, -8.266962 -0.136863, -8.273452 -0.123386, -8.279262 -0.109602, -8.284378 -0.095546, -8.288787 -0.081252, -8.292478 -0.066756, -8.295442 -0.052094, -8.297672 -0.037303, -8.299161 -0.022419, -8.299907 -0.007479, -8.299907 0.007479, -8.299161 0.022419, -8.297672 0.037303, -8.295442 0.052094, -8.292478 0.066756, -8.288787 0.081252, -8.284378 0.095546, -8.279262 0.109602, -8.273452 0.123386, -8.266962 0.136863, -8.259808 0.15, -4.259808 7.078203, -4.252008 7.090967, -4.243581 7.103326, -4.234549 7.11525, -4.224934 7.126709, -4.21476 7.137674, -4.204052 7.148119, -4.192836 7.158017, -4.181141 7.167343, -4.168996 7.176075, -4.156431 7.18419, -4.143476 7.19167, -4.130165 7.198494, -4.11653 7.204646, -4.102606 7.210111, -4.088427 7.214875, -4.074027 7.218926, -4.059444 7.222255, -4.044713 7.224852, -4.02987 7.226712, -4.014954 7.22783, -4 7.228203, 4 7.228203, 4.014954 7.22783, 4.02987 7.226712, 4.044713 7.224852, 4.059444 7.222255, 4.074027 7.218926, 4.088427 7.214875, 4.102606 7.210111, 4.11653 7.204646, 4.130165 7.198494, 4.143476 7.19167, 4.156431 7.18419, 4.168996 7.176075, 4.181141 7.167343, 4.192836 7.158017, 4.204052 7.148119, 4.21476 7.137674, 4.224934 7.126709, 4.234549 7.11525, 4.243581 7.103326, 4.252008 7.090967, 4.259808 7.078203, 8.259808 0.15, 8.266962 0.136863, 8.273452 0.123386, 8.279262 0.109602, 8.284378 0.095546, 8.288787 0.081252, 8.292478 0.066756, 8.295442 0.052094, 8.297672 0.037303, 8.299161 0.022419, 8.299907 0.007479, 8.299907 -0.007479, 8.299161 -0.022419, 8.297672 -0.037303, 8.295442 -0.052094, 8.292478 -0.066756, 8.288787 -0.081252, 8.284378 -0.095546, 8.279262 -0.109602, 8.273452 -0.123386, 8.266962 -0.136863, 8.259808 -0.15, 4.259808 -7.078203, 4.252008 -7.090967, 4.243581 -7.103326, 4.234549 -7.11525, 4.224934 -7.126709, 4.21476 -7.137674, 4.204052 -7.148119, 4.192836 -7.158017, 4.181141 -7.167343, 4.168996 -7.176075, 4.156431 -7.18419, 4.143476 -7.19167, 4.130165 -7.198494, 4.11653 -7.204646, 4.102606 -7.210111, 4.088427 -7.214875, 4.074027 -7.218926, 4.059444 -7.222255, 4.044713 -7.224852, 4.02987 -7.226712, 4.014954 -7.22783, 4 -7.228203))",data/renders/procedural/polygon_04_socket_v1.png,data/renders/procedural/polygon_04_socket_v2.png,fbe2b513b2734e8d,338fec23cc7d4006
polygon_04_shrunk0.20,shrunk,"POLYGON ((3.88453 -6.728203, -3.88453 -6.728203, -7.76906 4.485004e-15, -3.88453 6.728203, 3.88453 6.728203, 7.76906 -1.647229e-15, 3.88453 -6.728203))",data/renders/blocks/polygon_04_shrunk0.20_socket_v1.png,data/renders/blocks/polygon_04_shrunk0.20_socket_v2.png,e69ae46282ec181e,2efcc2b82dd95259
polygon_05,catalog,"POLYGON ((3.826834 -9.538795, -3.826834 -9.538795, -3.841555 -9.538434, -3.856239 -9.537351, -3.870853 -9.535548, -3.885361 -9.533031, -3.899728 -9.529805, -3.91392 -9.525877, -3.927901 -9.521259, -3.941639 -9.515959, -3.955101 -9.509992, -3.968253 -9.503372, -3.981065 -9.496114, -3.993505 -9.488236, -4.005544 -9.479758, -4.017152 -9.470698, -4.028302 -9.461081, -4.038966 -9.450927, -9.450927 -4.038966, -9.461081 -4.028302, -9.470698 -4.017152, -9.479758 -4.005544, -9.488236 -3.993505, -9.496114 -3.981065, -9.503372 -3.968253, -9.509992 -3.955101, -9.515959 -3.941639, -9.521259 -3.927901, -9.525877 -3.91392, -9.529805 -3.899728, -9.533031 -3.885361, -9.535548 -3.870853, -9.537351 -3.856239, -9.538434 -3.841555, -9.538795 -3.826834, -9.538795 3.826834, -9.538434 3.841555, -9.537351 3.856239, -9.535548 3.870853, -9.533031 3.885361, -9.529805 3.899728, -9.525877 3.91392, -9.521259 3.927901, -9.515959 3.941639, -9.509992 3.955101, -9.503372 3.968253, -9.496114 3.981065, -9.488236 3.993505, -9.479758 4.005544, -9.470698 4.017152, -9.461081 4.028302, -9.450927 4.038966, -4.038966 9.450927, -4.028302 9.461081, -4.017152 9.470698, -4.005544 9.479758, -3.993505 9.488236, -3.981065 9.496114, -3.968253 9.503372, -3.955101 9.509992, -3.941639 9.515959, -3.927901 9.521259, -3.91392 9.525877, -3.899728 9.529805, -3.885361 9.533031, -3.870853 9.535548, -3.856239 9.537351, -3.841555 9.538434, -3.826834 9.538795, 3.826834 9.538795, 3.841555 9.538434, 3.856239 9.537351, 3.870853 9.535548, 3.885361 9.533031, 3.899728 9.529805, 3.91392 9.525877, 3.927901 9.521259, 3.941639 9.515959, 3.955101 9.509992, 3.968253 9.503372, 3.981065 9.496114, 3.993505 9.488236, 4.005544 9.479758, 4.017152 9.470698, 4.028302 9.461081, 4.038966 9.450927, 9.450927 4.038966, 9.461081 4.028302, 9.470698 4.017152, 9.479758 4.005544, 9.488236 3.993505, 9.496114 3.981065, 9.503372 3.968253, 9.509992 3.955101, 9.515959 3.941639, 9.521259 3.927901, 9.525877 3.91392, 9.529805 3.899728, 9.533031 3.885361, 9.535548 3.870853, 9.537351 3.856239, 9.538434 3.841555, 9.538795 3.826834, 9.538795 -3.826834, 9.538434 -3.841555, 9.537351 -3.856239, 9.535548 -3.870853, 9.533031 -3.885361, 9.529805 -3.899728, 9.525877 -3.91392, 9.521259 -3.927901, 9.515959 -3.941639, 9.509992 -3.955101, 9.503372 -3.968253, 9.496114 -3.981065, 9.488236 -3.993505, 9.479758 -4.005544, 9.470698 -4.017152, 9.461081 -4.028302, 9.450927 -4.038966, 4.038966 -9.450927, 4.028302 -9.461081, 4.017152 -9.470698, 4.005544 -9.479758, 3.993505 -9.488236, 3.981065 -9.496114, 3.968253 -9.503372, 3.955101 -9.509992, 3.941639 -9.515959, 3.927901 -9.521259, 3.91392 -9.525877, 3.899728 -9.529805, 3.885361 -9.533031, 3.870853 -9.535548, 3.856239 -9.537351, 3.841555 -9.538434, 3.826834 -9.538795))",data/renders/procedural/polygon_05_socket_v1.png,data/renders/procedural/polygon_05_socket_v2.png,1cb2f820a0cc7832,ec3fc4f77c4b8b94
polygon_05_shrunk0.20,shrunk,"POLYGON ((3.743992 -9.038795, -3.743992 -9.038795, -9.038795 -3.743992, -9.038795 3.743992, -3.743992 9.038795, 3.743992 9.038795, 9.038795 3.743992, 9.038795 -3.743992, 3.743992 -9.038795))",data/renders/blocks/polygon_05_shrunk0.20_socket_v1.png,data/renders/blocks/polygon_05_shrunk0.20_socket_v2.png,4c7f58b245a84f69,1a783fd6765ae13d
rect_01,catalog,"POLYGON ((10 -4.3, -10 -4.3, -10.01472 -4.299639, -10.029405 -4.298555, -10.044019 -4.296753, -10.058527 -4.294236, -10.072894 -4.291009, -10.087085 -4.287082, -10.101067 -4.282463, -10.114805 -4.277164, -10.128267 -4.271197, -10.141419 -4.264576, -10.154231 -4.257319, -10.166671 -4.249441, -10.17871 -4.240962, -10.190318 -4.231903, -10.201468 -4.222285, -10.212132 -4.212132, -10.222285 -4.201468, -10.231903 -4.190318, -10.240962 -4.17871, -10.249441 -4.166671, -10.257319 -4.154231, -10.264576 -4.141419, -10.271197 -4.128267, -10.277164 -4.114805, -10.282463 -4.101067, -10.287082 -4.087085, -10.291009 -4.072894, -10.294236 -4.058527, -10.296753 -4.044019, -10.298555 -4.029405, -10.299639 -4.01472, -10.3 -4, -10.3 4, -10.299639 4.01472, -10.298555 4.029405, -10.296753 4.044019, -10.294236 4.058527, -10.291009 4.072894, -10.287082 4.087085, -10.282463 4.101067, -10.277164 4.114805, -10.271197 4.128267, -10.264576 4.141419, -10.257319 4.154231, -10.249441 4.166671, -10.240962 4.17871, -10.231903 4.190318, -10.222285 4.201468, -10.212132 4.212132, -10.201468 4.222285, -10.190318 4.231903, -10.17871 4.240962, -10.166671 4.249441, -10.154231 4.257319, -10.141419 4.264576, -10.128267 4.271197, -10.114805 4.277164, -10.101067 4.282463, -10.087085 4.287082, -10.072894 4.291009, -10.058527 4.294236, -10.044019 4.296753, -10.029405 4.298555, -10.01472 4.299639, -10 4.3, 10 4.3, 10.01472 4.299639, 10.029405 4.298555, 10.044019 4.296753, 10.058527 4.294236, 10.072894 4.291009, 10.087085 4.287082, 10.101067 4.282463, 10.114805 4.277164, 10.128267 4.271197, 10.141419 4.264576, 10.154231 4.257319, 10.166671 4.249441, 10.17871 4.240962, 10.190318 4.231903, 10.201468 4.222285, 10.212132 4.212132, 10.222285 4.201468, 10.231903 4.190318, 10.240962 4.17871, 10.249441 4.166671, 10.257319 4.154231, 10.264576 4.141419, 10.271197 4.128267, 10.277164 4.114805, 10.282463 4.101067, 10.287082 4.087085, 10.291009 4.072894, 10.294236 4.058527, 10.296753 4.044019, 10.298555 4.029405, 10.299639 4.01472, 10.3 4, 10.3 -4, 10.299639 -4.01472, 10.298555 -4.029405, 10.296753 -4.044019, 10.294236 -4.058527, 10.291009 -4.072894, 10.287082 -4.087085, 10.282463 -4.101067, 10.277164 -4.114805, 10.271197 -4.128267, 10.264576 -4.141419, 10.257319 -4.154231, 10.249441 -4.166671, 10.240962 -4.17871, 10.231903 -4.190318, 10.222285 -4.201468, 10.212132 -4.212132, 10.201468 -4.222285, 10.190318 -4.231903, 10.17871 -4.240962, 10.166671 -4.249441, 10.154231 -4.257319, 10.141419 -4.264576, 10.128267 -4.271197, 10.114805 -4.277164, 10.101067 -4.282463, 10.087085 -4.287082, 10.072894 -4.291009, 10.058527 -4.294236, 10.044019 -4.296753, 10.029405 -4.298555, 10.01472 -4.299639, 10 -4.3))",data/renders/procedural/rect_01_socket_v1.png,data/renders/procedural/rect_01_socket_v2.png,c3e4ca6462673f29,c437af32d3a92607
rect_02,catalog,"POLYGON ((10 -5.3, -10 -5.3, -10.01472 -5.299639, -10.029405 -5.298555, -10.044019 -5.296753, -10.058527 -5.294236, -10.072894 -5.291009, -10.087085 -5.287082, -10.101067 -5.282463, -10.114805 -5.277164, -10.128267 -5.271197, -10.141419 -5.264576, -10.154231 -5.257319, -10.166671 -5.249441, -10.17871 -5.240962, -10.190318 -5.231903, -10.201468 -5.222285, -10.212132 -5.212132, -10.222285 -5.201468, -10.231903 -5.190318, -10.240962 -5.17871, -10.249441 -5.166671, -10.257319 -5.154231, -10.264576 -5.141419, -10.271197 -5.128267, -10.277164 -5.114805, -10.282463 -5.101067, -10.287082 -5.087085, -10.291009 -5.072894, -10.294236 -5.058527, -10.296753 -5.044019, -10.298555 -5.029405, -10.299639 -5.01472, -10.3 -5, -10.3 5, -10.299639 5.01472, -10.298555 5.029405, -10.296753 5.044019, -10.294236 5.058527, -10.291009 5.072894, -10.287082 5.087085, -10.282463 5.101067, -10.277164 5.114805, -10.271197 5.128267, -10.264576 5.141419, -10.257319 5.154231, -10.249441 5.166671, -10.240962 5.17871, -10.231903 5.190318, -10.222285 5.201468, -10.212132 5.212132, -10.201468 5.222285, -10.190318 5.231903, -10.17871 5.240962, -10.166671 5.249441, -10.154231 5.257319, -10.141419 5.264576, -10.128267 5.271197, -10.114805 5.277164, -10.101067 5.282463, -10.087085 5.287082, -10.072894 5.291009, -10.058527 5.294236, -10.044019 5.296753, -10.029405 5.298555, -10.01472 5.299639, -10 5.3, 10 5.3, 10.01472 5.299639, 10.029405 5.298555, 10.044019 5.296753, 10.058527 5.294236, 10.072894 5.291009, 10.087085 5.287082, 10.101067 5.282463, 10.114805 5.277164, 10.128267 5.271197, 10.141419 5.264576, 10.154231 5.257319, 10.166671 5.249441, 10.17871 5.240962, 10.190318 5.231903, 10.201468 5.222285, 10.212132 5.212132, 10.222285 5.201468, 10.231903 5.190318, 10.240962 5.17871, 10.249441 5.166671, 10.257319 5.154231, 10.264576 5.141419, 10.271197 5.128267, 10.277164 5.114805, 10.282463 5.101067, 10.287082 5.087085, 10.291009 5.072894, 10.294236 5.058527, 10.296753 5.044019, 10.298555 5.029405, 10.299639 5.01472, 10.3 5, 10.3 -5, 10.299639 -5.01472, 10.298555 -5.029405, 10.296753 -5.044019, 10.294236 -5.058527, 10.291009 -5.072894, 10.287082 -5.087085, 10.282463 -5.101067, 10.277164 -5.114805, 10.271197 -5.128267, 10.264576 -5.141419, 10.257319 -5.154231, 10.249441 -5.166671, 10.240962 -5.17871, 10.231903 -5.190318, 10.222285 -5.201468, 10.212132 -5.212132, 10.201468 -5.222285, 10.190318 -5.231903, 10.17871 -5.240962, 10.166671 -5.249441, 10.154231 -5.257319, 10.141419 -5.264576, 10.128267 -5.271197, 10.114805 -5.277164, 10.101067 -5.282463, 10.087085 -5.287082, 10.072894 -5.291009, 10.058527 -5.294236, 10.044019 -5.296753, 10.029405 -5.298555, 10.01472 -5.299639, 10 -5.3))",data/renders/procedural/rect_02_socket_v1.png,data/renders/procedural/rect_02_socket_v2.png,9207544dd1822f83,1e589170ddc5294a
rect_02_shrunk0.20,shrunk,"POLYGON ((9.8 -4.8, -9.8 -4.8, -9.8 4.8, 9.8 4.8, 9.8 -4.8))",data/renders/blocks/rect_02_shrunk0.20_socket_v1.png,data/renders/blocks/rect_02_shrunk0.20_socket_v2.png,8442179f4fdf11d8,64fa57f4f96e4ad5
rect_03,catalog,"POLYGON ((8 -4.3, -8 -4.3, -8.01472 -4.299639, -8.029405 -4.298555, -8.044019 -4.296753, -8.058527 -4.294236, -8.072894 -4.291009, -8.087085 -4.287082, -8.101067 -4.282463, -8.114805 -4.277164, -8.128267 -4.271197, -8.141419 -4.264576, -8.154231 -4.257319, -8.166671 -4.249441, -8.17871 -4.240962, -8.190318 -4.231903, -8.201468 -4.222285, -8.212132 -4.212132, -8.222285 -4.201468, -8.231903 -4.190318, -8.240962 -4.17871, -8.249441 -4.166671, -8.257319 -4.154231, -8.264576 -4.141419, -8.271197 -4.128267, -8.277164 -4.114805, -8.282463 -4.101067, -8.287082 -4.087085, -8.291009 -4.072894, -8.294236 -4.058527, -8.296753 -4.044019, -8.298555 -4.029405, -8.299639 -4.01472, -8.3 -4, -8.3 4, -8.299639 4.01472, -8.298555 4.029405, -8.296753 4.044019, -8.294236 4.058527, -8.291009 4.072894, -8.287082 4.087085, -8.282463 4.101067, -8.277164 4.114805, -8.271197 4.128267, -8.264576 4.141419, -8.257319 4.154231, -8.249441 4.166671, -8.240962 4.17871, -8.231903 4.190318, -8.222285 4.201468, -8.212132 4.212132, -8.201468 4.222285, -8.190318 4.231903, -8.17871 4.240962, -8.166671 4.249441, -8.154231 4.257319, -8.141419 4.264576, -8.128267 4.271197, -8.114805 4.277164, -8.101067 4.282463, -8.087085 4.287082, -8.072894 4.291009, -8.058527 4.294236, -8.044019 4.296753, -8.029405 4.298555, -8.01472 4.299639, -8 4.3, 8 4.3, 8.01472 4.299639, 8.029405 4.298555, 8.044019 4.296753, 8.058527 4.294236, 8.072894 4.291009, 8.087085 4.287082, 8.101067 4.282463, 8.114805 4.277164, 8.128267 4.271197, 8.141419 4.264576, 8.154231 4.257319, 8.166671 4.249441, 8.17871 4.240962, 8.190318 4.231903, 8.201468 4.222285, 8.212132 4.212132, 8.222285 4.201468, 8.231903 4.190318, 8.240962 4.17871, 8.249441 4.166671, 8.257319 4.154231, 8.264576 4.141419, 8.271197 4.128267, 8.277164 4.114805, 8.282463 4.101067, 8.287082 4.087085, 8.291009 4.072894, 8.294236 4.058527, 8.296753 4.044019, 8.298555 4.029405, 8.299639 4.01472, 8.3 4, 8.3 -4, 8.299639 -4.01472, 8.298555 -4.029405, 8.296753 -4.044019, 8.294236 -4.058527, 8.291009 -4.072894, 8.287082 -4.087085, 8.282463 -4.101067, 8.277164 -4.114805, 8.271197 -4.128267, 8.264576 -4.141419, 8.257319 -4.154231, 8.249441 -4.166671, 8.240962 -4.17871, 8.231903 -4.190318, 8.222285 -4.201468, 8.212132 -4.212132, 8.201468 -4.222285, 8.190318 -4.231903, 8.17871 -4.240962, 8.166671 -4.249441, 8.154231 -4.257319, 8.141419 -4.264576, 8.128267 -4.271197, 8.114805 -4.277164, 8.101067 -4.282463, 8.087085 -4.287082, 8.072894 -4.291009, 8.058527 -4.294236, 8.044019 -4.296753, 8.029405 -4.298555, 8.01472 -4.299639, 8 -4.3))",data/renders/procedural/rect_03_socket_v1.png,data/renders/procedural/rect_03_socket_v2.png,d4d2989158bbe858,3cdb421cbb4c5c55
rect_04,catalog,"POLYGON ((12 -6.3, -12 -6.3, -12.01472 -6.299639, -12.029405 -6.298555, -12.044019 -6.296753, -12.058527 -6.294236, -12.072894 -6.291009, -12.087085 -6.287082, -12.101067 -6.282463, -12.114805 -6.277164, -12.128267 -6.271197, -12.141419 -6.264576, -12.154231 -6.257319, -12.166671 -6.249441, -12.17871 -6.240962, -12.190318 -6.231903, -12.201468 -6.222285, -12.212132 -6.212132, -12.222285 -6.201468, -12.231903 -6.190318, -12.240962 -6.17871, -12.249441 -6.166671, -12.257319 -6.154231, -12.264576 -6.141419, -12.271197 -6.128267, -12.277164 -6.114805, -12.282463 -6.101067, -12.287082 -6.087085, -12.291009 -6.072894, -12.294236 -6.058527, -12.296753 -6.044019, -12.298555 -6.029405, -12.299639 -6.01472, -12.3 -6, -12.3 6, -12.299639 6.01472, -12.298555 6.029405, -12.296753 6.044019, -12.294236 6.058527, -12.291009 6.072894, -12.287082 6.087085, -12.282463 6.101067, -12.277164 6.114805, -12.271197 6.128267, -12.264576 6.141419, -12.257319 6.154231, -12.249441 6.166671, -12.240962 6.17871, -12.231903 6.190318, -12.222285 6.201468, -12.212132 6.212132, -12.201468 6.222285, -12.190318 6.231903, -12.17871 6.240962, -12.166671 6.249441, -12.154231 6.257319, -12.141419 6.264576, -12.128267 6.271197, -12.114805 6.277164, -12.101067 6.282463, -12.087085 6.287082, -12.072894 6.291009, -12.058527 6.294236, -12.044019 6.296753, -12.029405 6.298555, -12.01472 6.299639, -12 6.3, 12 6.3, 12.01472 6.299639, 12.029405 6.298555, 12.044019 6.296753, 12.058527 6.294236, 12.072894 6.291009, 12.087085 6.287082, 12.101067 6.282463, 12.114805 6.277164, 12.128267 6.271197, 12.141419 6.264576, 12.154231 6.257319, 12.166671 6.249441, 12.17871 6.240962, 12.190318 6.231903, 12.201468 6.222285, 12.212132 6.212132, 12.222285 6.201468, 12.231903 6.190318, 12.240962 6.17871, 12.249441 6.166671, 12.257319 6.154231, 12.264576 6.141419, 12.271197 6.128267, 12.277164 6.114805, 12.282463 6.101067, 12.287082 6.087085, 12.291009 6.072894, 12.294236 6.058527, 12.296753 6.044019, 12.298555 6.029405, 12.299639 6.01472, 12.3 6, 12.3 -6, 12.299639 -6.01472, 12.298555 -6.029405, 12.296753 -6.044019, 12.294236 -6.058527, 12.291009 -6.072894, 12.287082 -6.087085, 12.282463 -6.101067, 12.277164 -6.114805, 12.271197 -6.128267, 12.264576 -6.141419, 12.257319 -6.154231, 12.249441 -6.166671, 12.240962 -6.17871, 12.231903 -6.190318, 12.222285 -6.201468, 12.212132 -6.212132, 12.201468 -6.222285, 12.190318 -6.231903, 12.17871 -6.240962, 12.166671 -6.249441, 12.154231 -6.257319, 12.141419 -6.264576, 12.128267 -6.271197, 12.114805 -6.277164, 12.101067 -6.282463, 12.087085 -6.287082, 12.072894 -6.291009, 12.058527 -6.294236, 12.044019 -6.296753, 12.029405 -6.298555, 12.01472 -6.299639, 12 -6.3))",data/renders/procedural/rect_04_socket_v1.png,data/renders/procedural/rect_04_socket_v2.png,84baa7e7ff6b6e9a,8b21121a93ff4887
rect_04_shrunk0.20,shrunk,"POLYGON ((11.8 -5.8, -11.8 -5.8, -11.8 5.8, 11.8 5.8, 11.8 -5.8))",data/renders/blocks/rect_04_shrunk0.20_socket_v1.png,data/renders/blocks/rect_04_shrunk0.20_socket_v2.png,864e595c29b1a80e,171617ea80df435b
rect_05,catalog,"POLYGON ((6 -3.3, -6 -3.3, -6.01472 -3.299639, -6.029405 -3.298555, -6.044019 -3.296753, -6.058527 -3.294236, -6.072894 -3.291009, -6.087085 -3.287082, -6.101067 -3.282463, -6.114805 -3.277164, -6.128267 -3.271197, -6.141419 -3.264576, -6.154231 -3.257319, -6.166671 -3.249441, -6.17871 -3.240962, -6.190318 -3.231903, -6.201468 -3.222285, -6.212132 -3.212132, -6.222285 -3.201468, -6.231903 -3.190318, -6.240962 -3.17871, -6.249441 -3.166671, -6.257319 -3.154231, -6.264576 -3.141419, -6.271197 -3.128267, -6.277164 -3.114805, -6.282463 -3.101067, -6.287082 -3.087085, -6.291009 -3.072894, -6.294236 -3.058527, -6.296753 -3.044019, -6.298555 -3.029405, -6.299639 -3.01472, -6.3 -3, -6.3 3, -6.299639 3.01472, -6.298555 3.029405, -6.296753 3.044019, -6.294236 3.058527, -6.291009 3.072894, -6.287082 3.087085, -6.282463 3.101067, -6.277164 3.114805, -6.271197 3.128267, -6.264576 3.141419, -6.257319 3.154231, -6.249441 3.166671, -6.240962 3.17871, -6.231903 3.190318, -6.222285 3.201468, -6.212132 3.212132, -6.201468 3.222285, -6.190318 3.231903, -6.17871 3.240962, -6.166671 3.249441, -6.154231 3.257319, -6.141419 3.264576, -6.128267 3.271197, -6.114805 3.277164, -6.101067 3.282463, -6.087085 3.287082, -6.072894 3.291009, -6.058527 3.294236, -6.044019 3.296753, -6.029405 3.298555, -6.01472 3.299639, -6 3.3, 6 3.3, 6.01472 3.299639, 6.029405 3.298555, 6.044019 3.296753, 6.058527 3.294236, 6.072894 3.291009, 6.087085 3.287082, 6.101067 3.282463, 6.114805 3.277164, 6.128267 3.271197, 6.141419 3.264576, 6.154231 3.257319, 6.166671 3.249441, 6.17871 3.240962, 6.190318 3.231903, 6.201468 3.222285, 6.212132 3.212132, 6.222285 3.201468, 6.231903 3.190318, 6.240962 3.17871, 6.249441 3.166671, 6.257319 3.154231, 6.264576 3.141419, 6.271197 3.128267, 6.277164 3.114805, 6.282463 3.101067, 6.287082 3.087085, 6.291009 3.072894, 6.294236 3.058527, 6.296753 3.044019, 6.298555 3.029405, 6.299639 3.01472, 6.3 3, 6.3 -3, 6.299639 -3.01472, 6.298555 -3.029405, 6.296753 -3.044019, 6.294236 -3.058527, 6.291009 -3.072894, 6.287082 -3.087085, 6.282463 -3.101067, 6.277164 -3.114805, 6.271197 -3.128267, 6.264576 -3.141419, 6.257319 -3.154231, 6.249441 -3.166671, 6.240962 -3.17871, 6.231903 -3.190318, 6.222285 -3.201468, 6.212132 -3.212132, 6.201468 -3.222285, 6.190318 -3.231903, 6.17871 -3.240962, 6.166671 -3.249441, 6.154231 -3.257319, 6.141419 -3.264576, 6.128267 -3.271197, 6.114805 -3.277164, 6.101067 -3.282463, 6.087085 -3.287082, 6.072894 -3.291009, 6.058527 -3.294236, 6.044019 -3.296753, 6.029405 -3.298555, 6.01472 -3.299639, 6 -3.3))",data/renders/procedural/rect_05_socket_v1.png,data/renders/procedural/rect_05_socket_v2.png,03a93fb327a8826c,a005275428252e84
rect_05_shrunk0.20,shrunk,"POLYGON ((5.8 -2.8, -5.8 -2.8, -5.8 2.8, 5.8 2.8, 5.8 -2.8))",data/renders/blocks/rect_05_shrunk0.20_socket_v1.png,data/renders/blocks/rect_05_shrunk0.20_socket_v2.png,908fb75d6e6f68d9,f509602edced6e38
square_01,catalog,"POLYGON ((5 -5.3, -5 -5.3, -5.01472 -5.299639, -5.029405 -5.298555, -5.044019 -5.296753, -5.058527 -5.294236, -5.072894 -5.291009, -5.087085 -5.287082, -5.101067 -5.282463, -5.114805 -5.277164, -5.128267 -5.271197, -5.141419 -5.264576, -5.154231 -5.257319, -5.166671 -5.249441, -5.17871 -5.240962, -5.190318 -5.231903, -5.201468 -5.222285, -5.212132 -5.212132, -5.222285 -5.201468, -5.231903 -5.190318, -5.240962 -5.17871, -5.249441 -5.166671, -5.257319 -5.154231, -5.264576 -5.141419, -5.271197 -5.128267, -5.277164 -5.114805, -5.282463 -5.101067, -5.287082 -5.087085, -5.291009 -5.072894, -5.294236 -5.058527, -5.296753 -5.044019, -5.298555 -5.029405, -5.299639 -5.01472, -5.3 -5, -5.3 5, -5.299639 5.01472, -5.298555 5.029405, -5.296753 5.044019, -5.294236 5.058527, -5.291009 5.072894, -5.287082 5.087085, -5.282463 5.101067, -5.277164 5.114805, -5.271197 5.128267, -5.264576 5.141419, -5.257319 5.154231, -5.249441 5.166671, -5.240962 5.17871, -5.231903 5.190318, -5.222285 5.201468, -5.212132 5.212132, -5.201468 5.222285, -5.190318 5.231903, -5.17871 5.240962, -5.166671 5.249441, -5.154231 5.257319, -5.141419 5.264576, -5.128267 5.271197, -5.114805 5.277164, -5.101067 5.282463, -5.087085 5.287082, -5.072894 5.291009, -5.058527 5.294236, -5.044019 5.296753, -5.029405 5.298555, -5.01472 5.299639, -5 5.3, 5 5.3, 5.01472 5.299639, 5.029405 5.298555, 5.044019 5.296753, 5.058527 5.294236, 5.072894 5.291009, 5.087085 5.287082, 5.101067 5.282463, 5.114805 5.277164, 5.128267 5.271197, 5.141419 5.264576, 5.154231 5.257319, 5.166671 5.249441, 5.17871 5.240962, 5.190318 5.231903, 5.201468 5.222285, 5.212132 5.212132, 5.222285 5.201468, 5.231903 5.190318, 5.240962 5.17871, 5.249441 5.166671, 5.257319 5.154231, 5.264576 5.141419, 5.271197 5.128267, 5.277164 5.114805, 5.282463 5.101067, 5.287082 5.087085, 5.291009 5.072894, 5.294236 5.058527, 5.296753 5.044019, 5.298555 5.029405, 5.299639 5.01472, 5.3 5, 5.3 -5, 5.299639 -5.01472, 5.298555 -5.029405, 5.296753 -5.044019, 5.294236 -5.058527, 5.291009 -5.072894, 5.287082 -5.087085, 5.282463 -5.101067, 5.277164 -5.114805, 5.271197 -5.128267, 5.264576 -5.141419, 5.257319 -5.154231, 5.249441 -5.166671, 5.240962 -5.17871, 5.231903 -5.190318, 5.222285 -5.201468, 5.212132 -5.212132, 5.201468 -5.222285, 5.190318 -5.231903, 5.17871 -5.240962, 5.166671 -5.249441, 5.154231 -5.257319, 5.141419 -5.264576, 5.128267 -5.271197, 5.114805 -5.277164, 5.101067 -5.282463, 5.087085 -5.287082, 5.072894 -5.291009, 5.058527 -5.294236, 5.044019 -5.296753, 5.029405 -5.298555, 5.01472 -5.299639, 5 -5.3))",data/renders/procedural/square_01_socket_v1.png,data/renders/procedural/square_01_socket_v2.png,da3811539acd3062,ca584176c99f0265
square_01_shrunk0.20,shrunk,"POLYGON ((4.8 -4.8, -4.8 -4.8, -4.8 4.8, 4.8 4.8, 4.8 -4.8))",data/renders/blocks/square_01_shrunk0.20_socket_v1.png,data/renders/blocks/square_01_shrunk0.20_socket_v2.png,be0ccfe3fd2784e7,6e2437f19bec9ce6
square_02,catalog,"POLYGON ((6.5 -6.8, -6.5 -6.8, -6.51472 -6.799639, -6.529405 -6.798555, -6.544019 -6.796753, -6.558527 -6.794236, -6.572894 -6.791009, -6.587085 -6.787082, -6.601067 -6.782463, -6.614805 -6.777164, -6.628267 -6.771197, -6.641419 -6.764576, -6.654231 -6.757319, -6.666671 -6.749441, -6.67871 -6.740962, -6.690318 -6.731903, -6.701468 -6.722285, -6.712132 -6.712132, -6.722285 -6.701468, -6.731903 -6.690318, -6.740962 -6.67871, -6.749441 -6.666671, -6.757319 -6.654231, -6.764576 -6.641419, -6.771197 -6.628267, -6.777164 -6.614805, -6.782463 -6.601067, -6.787082 -6.587085, -6.791009 -6.572894, -6.794236 -6.558527, -6.796753 -6.544019, -6.798555 -6.529405, -6.799639 -6.51472, -6.8 -6.5, -6.8 6.5, -6.799639 6.51472, -6.798555 6.529405, -6.796753 6.544019, -6.794236 6.558527, -6.791009 6.572894, -6.787082 6.587085, -6.782463 6.601067, -6.777164 6.614805, -6.771197 6.628267, -6.764576 6.641419, -6.757319 6.654231, -6.749441 6.666671, -6.740962 6.67871, -6.731903 6.690318, -6.722285 6.701468, -6.712132 6.712132, -6.701468 6.722285, -6.690318 6.731903, -6.67871 6.740962, -6.666671 6.749441, -6.654231 6.757319, -6.641419 6.764576, -6.628267 6.771197, -6.614805 6.777164, -6.601067 6.782463, -6.587085 6.787082, -6.572894 6.791009, -6.558527 6.794236, -6.544019 6.796753, -6.529405 6.798555, -6.51472 6.799639, -6.5 6.8, 6.5 6.8, 6.51472 6.799639, 6.529405 6.798555, 6.544019 6.796753, 6.558527 6.794236, 6.572894 6.791009, 6.587085 6.787082, 6.601067 6.782463, 6.614805 6.777164, 6.628267 6.771197, 6.641419 6.764576, 6.654231 6.757319, 6.666671 6.749441, 6.67871 6.740962, 6.690318 6.731903, 6.701468 6.722285, 6.712132 6.712132, 6.722285 6.701468, 6.731903 6.690318, 6.740962 6.67871, 6.749441 6.666671, 6.757319 6.654231, 6.764576 6.641419, 6.771197 6.628267, 6.777164 6.614805, 6.782463 6.601067, 6.787082 6.587085, 6.791009 6.572894, 6.794236 6.558527, 6.796753 6.544019, 6.798555 6.529405, 6.799639 6.51472, 6.8 6.5, 6.8 -6.5, 6.799639 -6.51472, 6.798555 -6.529405, 6.796753 -6.544019, 6.794236 -6.558527, 6.791009 -6.572894, 6.787082 -6.587085, 6.782463 -6.601067, 6.777164 -6.614805, 6.771197 -6.628267, 6.764576 -6.641419, 6.757319 -6.654231, 6.749441 -6.666671, 6.740962 -6.67871, 6.731903 -6.690318, 6.722285 -6.701468, 6.712132 -6.712132, 6.701468 -6.722285, 6.690318 -6.731903, 6.67871 -6.740962, 6.666671 -6.749441, 6.654231 -6.757319, 6.641419 -6.764576, 6.628267 -6.771197, 6.614805 -6.777164, 6.601067 -6.782463, 6.587085 -6.787082, 6.572894 -6.791009, 6.558527 -6.794236, 6.544019 -6.796753, 6.529405 -6.798555, 6.51472 -6.799639, 6.5 -6.8))",data/renders/procedural/square_02_socket_v1.png,data/renders/procedural/square_02_socket_v2.png,68dac42c091f15a6,19508673b7839823
square_02_shrunk0.20,shrunk,"POLYGON ((6.3 -6.3, -6.3 -6.3, -6.3 6.3, 6.3 6.3, 6.3 -6.3))",data/renders/blocks/square_02_shrunk0.20_socket_v1.png,data/renders/blocks/square_02_shrunk0.20_socket_v2.png,b0f6b9b81e77d93e,0341f1b9899ecc00
square_03,catalog,"POLYGON ((8 -8.3, -8 -8.3, -8.01472 -8.299639, -8.029405 -8.298555, -8.044019 -8.296753, -8.058527 -8.294236, -8.072894 -8.291009, -8.087085 -8.287082, -8.101067 -8.282463, -8.114805 -8.277164, -8.128267 -8.271197, -8.141419 -8.264576, -8.154231 -8.257319, -8.166671 -8.249441, -8.17871 -8.240962, -8.190318 -8.231903, -8.201468 -8.222285, -8.212132 -8.212132, -8.222285 -8.201468, -8.231903 -8.190318, -8.240962 -8.17871, -8.249441 -8.166671, -8.257319 -8.154231, -8.264576 -8.141419, -8.271197 -8.128267, -8.277164 -8.114805, -8.282463 -8.101067, -8.287082 -8.087085, -8.291009 -8.072894, -8.294236 -8.058527, -8.296753 -8.044019, -8.298555 -8.029405, -8.299639 -8.01472, -8.3 -8, -8.3 8, -8.299639 8.01472, -8.298555 8.029405, -8.296753 8.044019, -8.294236 8.058527, -8.291009 8.072894, -8.287082 8.087085, -8.282463 8.101067, -8.277164 8.114805, -8.271197 8.128267, -8.264576 8.141419, -8.257319 8.154231, -8.249441 8.166671, -8.240962 8.17871, -8.231903 8.190318, -8.222285 8.201468, -8.212132 8.212132, -8.201468 8.222285, -8.190318 8.231903, -8.17871 8.240962, -8.166671 8.249441, -8.154231 8.257319, -8.141419 8.264576, -8.128267 8.271197, -8.114805 8.277164, -8.101067 8.282463, -8.087085 8.287082, -8.072894 8.291009, -8.058527 8.294236, -8.044019 8.296753, -8.029405 8.298555, -8.01472 8.299639, -8 8.3, 8 8.3, 8.01472 8.299639, 8.029405 8.298555, 8.044019 8.296753, 8.058527 8.294236, 8.072894 8.291009, 8.087085 8.287082, 8.101067 8.282463, 8.114805 8.277164, 8.128267 8.271197, 8.141419 8.264576, 8.154231 8.257319, 8.166671 8.249441, 8.17871 8.240962, 8.190318 8.231903, 8.201468 8.222285, 8.212132 8.212132, 8.222285 8.201468, 8.231903 8.190318, 8.240962 8.17871, 8.249441 8.166671, 8.257319 8.154231, 8.264576 8.141419, 8.271197 8.128267, 8.277164 8.114805, 8.282463 8.101067, 8.287082 8.087085, 8.291009 8.072894, 8.294236 8.058527, 8.296753 8.044019, 8.298555 8.029405, 8.299639 8.01472, 8.3 8, 8.3 -8, 8.299639 -8.01472, 8.298555 -8.029405, 8.296753 -8.044019, 8.294236 -8.058527, 8.291009 -8.072894, 8.287082 -8.087085, 8.282463 -8.101067, 8.277164 -8.114805, 8.271197 -8.128267, 8.264576 -8.141419, 8.257319 -8.154231, 8.249441 -8.166671, 8.240962 -8.17871, 8.231903 -8.190318, 8.222285 -8.201468, 8.212132 -8.212132, 8.201468 -8.222285, 8.190318 -8.231903, 8.17871 -8.240962, 8.166671 -8.249441, 8.154231 -8.257319, 8.141419 -8.264576, 8.128267 -8.271197, 8.114805 -8.277164, 8.101067 -8.282463, 8.087085 -8.287082, 8.072894 -8.291009, 8.058527 -8.294236, 8.044019 -8.296753, 8.029405 -8.298555, 8.01472 -8.299639, 8 -8.3))",data/renders/procedural/square_03_socket_v1.png,data/renders/procedural/square_03_socket_v2.png,b9e9400f444f0df9,54a50854f26f4e3d
square_03_shrunk0.20,shrunk,"POLYGON ((7.8 -7.8, -7.8 -7.8, -7.8 7.8, 7.8 7.8, 7.8 -7.8))",data/renders/blocks/square_03_shrunk0.20_socket_v1.png,data/renders/blocks/square_03_shrunk0.20_socket_v2.png,f9fdcee72b5ec01a,d0da36099f805def
square_04,catalog,"POLYGON ((10 -10.3, -10 -10.3, -10.01472 -10.299639, -10.029405 -10.298555, -10.044019 -10.296753, -10.058527 -10.294236, -10.072894 -10.291009, -10.087085 -10.287082, -10.101067 -10.282463, -10.114805 -10.277164, -10.128267 -10.271197, -10.141419 -10.264576, -10.154231 -10.257319, -10.166671 -10.249441, -10.17871 -10.240962, -10.190318 -10.231903, -10.201468 -10.222285, -10.212132 -10.212132, -10.222285 -10.201468, -10.231903 -10.190318, -10.240962 -10.17871, -10.249441 -10.166671, -10.257319 -10.154231, -10.264576 -10.141419, -10.271197 -10.128267, -10.277164 -10.114805, -10.282463 -10.101067, -10.287082 -10.087085, -10.291009 -10.072894, -10.294236 -10.058527, -10.296753 -10.044019, -10.298555 -10.029405, -10.299639 -10.01472, -10.3 -10, -10.3 10, -10.299639 10.01472, -10.298555 10.029405, -10.296753 10.044019, -10.294236 10.058527, -10.291009 10.072894, -10.287082 10.087085, -10.282463 10.101067, -10.277164 10.114805, -10.271197 10.128267, -10.264576 10.141419, -10.257319 10.154231, -10.249441 10.166671, -10.240962 10.17871, -10.231903 10.190318, -10.222285 10.201468, -10.212132 10.212132, -10.201468 10.222285, -10.190318 10.231903, -10.17871 10.240962, -10.166671 10.249441, -10.154231 10.257319, -10.141419 10.264576, -10.128267 10.271197, -10.114805 10.277164, -10.101067 10.282463, -10.087085 10.287082, -10.072894 10.291009, -10.058527 10.294236, -10.044019 10.296753, -10.029405 10.298555, -10.01472 10.299639, -10 10.3, 10 10.3, 10.01472 10.299639, 10.029405 10.298555, 10.044019 10.296753, 10.058527 10.294236, 10.072894 10.291009, 10.087085 10.287082, 10.101067 10.282463, 10.114805 10.277164, 10.128267 10.271197, 10.141419 10.264576, 10.154231 10.257319, 10.166671 10.249441, 10.17871 10.240962, 10.190318 10.231903, 10.201468 10.222285, 10.212132 10.212132, 10.222285 10.201468, 10.231903 10.190318, 10.240962 10.17871, 10.249441 10.166671, 10.257319 10.154231, 10.264576 10.141419, 10.271197 10.128267, 10.277164 10.114805, 10.282463 10.101067, 10.287082 10.087085, 10.291009 10.072894, 10.294236 10.058527, 10.296753 10.044019, 10.298555 10.029405, 10.299639 10.01472, 10.3 10, 10.3 -10, 10.299639 -10.01472, 10.298555 -10.029405, 10.296753 -10.044019, 10.294236 -10.058527, 10.291009 -10.072894, 10.287082 -10.087085, 10.282463 -10.101067, 10.277164 -10.114805, 10.271197 -10.128267, 10.264576 -10.141419, 10.257319 -10.154231, 10.249441 -10.166671, 10.240962 -10.17871, 10.231903 -10.190318, 10.222285 -10.201468, 10.212132 -10.212132, 10.201468 -10.222285, 10.190318 -10.231903, 10.17871 -10.240962, 10.166671 -10.249441, 10.154231 -10.257319, 10.141419 -10.264576, 10.128267 -10.271197, 10.114805 -10.277164, 10.101067 -10.282463, 10.087085 -10.287082, 10.072894 -10.291009, 10.058527 -10.294236, 10.044019 -10.296753, 10.029405 -10.298555, 10.01472 -10.299639, 10 -10.3))",data/renders/procedural/square_04_socket_v1.png,data/renders/procedural/square_04_socket_v2.png,16201e0e7056f422,b631e68029df268d
square_04_shrunk0.20,shrunk,"POLYGON ((9.8 -9.8, -9.8 -9.8, -9.8 9.8, 9.8 9.8, 9.8 -9.8))",data/renders/blocks/square_04_shrunk0.20_socket_v1.png,data/renders/blocks/square_04_shrunk0.20_socket_v2.png,6c03a35307ee4ee0,cb1f150d76c1e875
star_01,catalog,"POLYGON ((0.263207 11.143952, 4.110131 4.110131, 11.143952 0.263207, 11.156582 0.255894, 11.168842 0.247977, 11.180701 0.239472, 11.192134 0.230401, 11.203111 0.220785, 11.213608 0.210646, 11.223599 0.200008, 11.233061 0.188898, 11.241972 0.17734, 11.25031 0.165363, 11.258056 0.152994, 11.265191 0.140263, 11.271698 0.1272, 11.277563 0.113837, 11.282771 0.100204, 11.287309 0.086333, 11.291168 0.072259, 11.294337 0.058013, 11.29681 0.043631, 11.298581 0.029145, 11.299645 0.01459, 11.3 -1.334501e-15, 11.299645 -0.01459, 11.298581 -0.029145, 11.29681 -0.043631, 11.294337 -0.058013, 11.291168 -0.072259, 11.287309 -0.086333, 11.282771 -0.100204, 11.277563 -0.113837, 11.271698 -0.1272, 11.265191 -0.140263, 11.258056 -0.152994, 11.25031 -0.165363, 11.241972 -0.17734, 11.233061 -0.188898, 11.223599 -0.200008, 11.213608 -0.210646, 11.203111 -0.220785, 11.192134 -0.230401, 11.180701 -0.239472, 11.168842 -0.247977, 11.156582 -0.255894, 11.143952 -0.263207, 4.110131 -4.110131, 0.263207 -11.143952, 0.255894 -11.156582, 0.247977 -11.168842, 0.239472 -11.180701, 0.230401 -11.192134, 0.220785 -11.203111, 0.210646 -11.213608, 0.200008 -11.223599, 0.188898 -11.233061, 0.17734 -11.241972, 0.165363 -11.25031, 0.152994 -11.258056, 0.140263 -11.265191, 0.1272 -11.271698, 0.113837 -11.277563, 0.100204 -11.282771, 0.086333 -11.287309, 0.072259 -11.291168, 0.058013 -11.294337, 0.043631 -11.29681, 0.029145 -11.298581, 0.01459 -11.299645, -2.201151e-15 -11.3, -0.01459 -11.299645, -0.029145 -11.298581, -0.043631 -11.29681, -0.058013 -11.294337, -0.072259 -11.291168, -0.086333 -11.287309, -0.100204 -11.282771, -0.113837 -11.277563, -0.1272 -11.271698, -0.140263 -11.265191, -0.152994 -11.258056, -0.165363 -11.25031, -0.17734 -11.241972, -0.188898 -11.233061, -0.200008 -11.223599, -0.210646 -11.213608, -0.220785 -11.203111, -0.230401 -11.192134, -0.239472 -11.180701, -0.247977 -11.168842, -0.255894 -11.156582, -0.263207 -11.143952, -4.110131 -4.110131, -11.143952 -0.263207, -11.156582 -0.255894, -11.168842 -0.247977, -11.180701 -0.239472, -11.192134 -0.230401, -11.203111 -0.220785, -11.213608 -0.210646, -11.223599 -0.200008, -11.233061 -0.188898, -11.241972 -0.17734, -11.25031 -0.165363, -11.258056 -0.152994, -11.265191 -0.140263, -11.271698 -0.1272, -11.277563 -0.113837, -11.282771 -0.100204, -11.287309 -0.086333, -11.291168 -0.072259, -11.294337 -0.058013, -11.29681 -0.043631, -11.298581 -0.029145, -11.299645 -0.01459, -11.3 2.706833e-15, -11.299645 0.01459, -11.298581 0.029145, -11.29681 0.043631, -11.294337 0.058013, -11.291168 0.072259, -11.287309 0.086333, -11.282771 0.100204, -11.277563 0.113837, -11.271698 0.1272, -11.265191 0.140263, -11.258056 0.152994, -11.25031 0.165363, -11.241972 0.17734, -11.233061 0.188898, -11.223599 0.200008, -11.213608 0.210646, -11.203111 0.220785, -11.192134 0.230401, -11.180701 0.239472, -11.168842 0.247977, -11.156582 0.255894, -11.143952 0.263207, -4.110131 4.110131, -0.263207 11.143952, -0.255894 11.156582, -0.247977 11.168842, -0.239472 11.180701, -0.230401 11.192134, -0.220785 11.203111, -0.210646 11.213608, -0.200008 11.223599, -0.188898 11.233061, -0.17734 11.241972, -0.165363 11.25031, -0.152994 11.258056, -0.140263 11.265191, -0.1272 11.271698, -0.113837 11.277563, -0.100204 11.282771, -0.086333 11.287309, -0.072259 11.291168, -0.058013 11.294337, -0.043631 11.29681, -0.029145 11.298581, -0.01459 11.299645, 4.93072e-16 11.3, 0.01459 11.299645, 0.029145 11.298581, 0.043631 11.29681, 0.058013 11.294337, 0.072259 11.291168, 0.086333 11.287309, 0.100204 11.282771, 0.113837 11.277563, 0.1272 11.271698, 0.140263 11.265191, 0.152994 11.258056, 0.165363 11.25031, 0.17734 11.241972, 0.188898 11.233061, 0.200008 11.223599, 0.210646 11.213608, 0.220785 11.203111, 0.230401 11.192134, 0.239472 11.180701, 0.247977 11.168842, 0.255894 11.156582, 0.263207 11.143952))",data/renders/procedural/star_01_socket_v1.png,data/renders/procedural/star_01_socket_v2.png,755523071d2449c8,e23ed2eab208563e
star_01_shrunk0.20,shrunk,"POLYGON ((5.751037e-16 10.583196, 3.713616 3.793119, 3.71837 3.784898, 3.723508 3.776911, 3.72902 3.769178, 3.734892 3.761715, 3.741112 3.754539, 3.747666 3.747666, 3.754539 3.741112, 3.761715 3.734892, 3.769178 3.72902, 3.776911 3.723508, 3.784898 3.71837, 3.793119 3.713616, 10.583196 -2.300601e-15, 3.793119 -3.713616, 3.784898 -3.71837, 3.776911 -3.723508, 3.769178 -3.72902, 3.761715 -3.734892, 3.754539 -3.741112, 3.747666 -3.747666, 3.741112 -3.754539, 3.734892 -3.761715, 3.72902 -3.769178, 3.723508 -3.776911, 3.71837 -3.784898, 3.713616 -3.793119, -2.006464e-15 -10.583196, -3.713616 -3.793119, -3.71837 -3.784898, -3.723508 -3.776911, -3.72902 -3.769178, -3.734892 -3.761715, -3.741112 -3.754539, -3.747666 -3.747666, -3.754539 -3.741112, -3.761715 -3.734892, -3.769178 -3.72902, -3.776911 -3.723508, -3.784898 -3.71837, -3.793119 -3.713616, -10.583196 1.543105e-15, -3.793119 3.713616, -3.784898 3.71837, -3.776911 3.723508, -3.769178 3.72902, -3.761715 3.734892, -3.754539 3.741112, -3.747666 3.747666, -3.741112 3.754539, -3.734892 3.761715, -3.72902 3.769178, -3.723508 3.776911, -3.71837 3.784898, -3.713616 3.793119, 5.751037e-16 10.583196))",data/renders/blocks/star_01_shrunk0.20_socket_v1.png,data/renders/blocks/star_01_shrunk0.20_socket_v2.png,230630ba51773e2d,e91b391f9701f270
star_02,catalog,"POLYGON ((0.269021 11.13277, 3.432039 4.723796, 10.504761 3.696069, 10.51938 3.693574, 10.533857 3.690361, 10.548157 3.686435, 10.562247 3.681808, 10.57609 3.67649, 10.589654 3.670494, 10.602905 3.663836, 10.61581 3.656531, 10.628339 3.648597, 10.64046 3.640054, 10.652145 3.630922, 10.663364 3.621223, 10.67409 3.610983, 10.684296 3.600224, 10.693959 3.588975, 10.703054 3.577261, 10.711559 3.565113, 10.719453 3.552559, 10.726717 3.53963, 10.733334 3.526358, 10.739286 3.512776, 10.74456 3.498916, 10.749143 3.484812, 10.753023 3.470499, 10.756191 3.456011, 10.758639 3.441385, 10.760361 3.426656, 10.761354 3.411859, 10.761614 3.397032, 10.761141 3.38221, 10.759936 3.367429, 10.758002 3.352726, 10.755344 3.338137, 10.751968 3.323696, 10.747883 3.309441, 10.743098 3.295404, 10.737626 3.281621, 10.731479 3.268125, 10.724672 3.25495, 10.717223 3.242127, 10.709149 3.229688, 10.700471 3.217663, 10.691209 3.206081, 10.681385 3.194972, 10.671025 3.184361, 5.553155 -1.804329, 6.76132 -8.848473, 6.763465 -8.863147, 6.764882 -8.877909, 6.765568 -8.892723, 6.765521 -8.907552, 6.764741 -8.922362, 6.763231 -8.937114, 6.760993 -8.951774, 6.758033 -8.966305, 6.754359 -8.980673, 6.74998 -8.994841, 6.744905 -9.008775, 6.739149 -9.022442, 6.732724 -9.035808, 6.725646 -9.048839, 6.717933 -9.061505, 6.709603 -9.073775, 6.700678 -9.085617, 6.691177 -9.097005, 6.681126 -9.107908, 6.670549 -9.118302, 6.65947 -9.128161, 6.647918 -9.13746, 6.635921 -9.146176, 6.623507 -9.154289, 6.610708 -9.161779, 6.597554 -9.168627, 6.584078 -9.174817, 6.570312 -9.180333, 6.556291 -9.185162, 6.542048 -9.189293, 6.527619 -9.192714, 6.513038 -9.195419, 6.498341 -9.197399, 6.483564 -9.198651, 6.468744 -9.199171, 6.453915 -9.198958, 6.439116 -9.198012, 6.424381 -9.196337, 6.409747 -9.193935, 6.39525 -9.190813, 6.380925 -9.186978, 6.366806 -9.18244, 6.35293 -9.17721, 6.339328 -9.171301, 6.326035 -9.164726, -1.899799e-15 -5.838933, -6.326035 -9.164726, -6.339328 -9.171301, -6.35293 -9.17721, -6.366806 -9.18244, -6.380925 -9.186978, -6.39525 -9.190813, -6.409747 -9.193935, -6.424381 -9.196337, -6.439116 -9.198012, -6.453915 -9.198958, -6.468744 -9.199171, -6.483564 -9.198651, -6.498341 -9.197399, -6.513038 -9.195419, -6.527619 -9.192714, -6.542048 -9.189293, -6.556291 -9.185162, -6.570312 -9.180333, -6.584078 -9.174817, -6.597554 -9.168627, -6.610708 -9.161779, -6.623507 -9.154289, -6.635921 -9.146176, -6.647918 -9.13746, -6.65947 -9.128161, -6.670549 -9.118302, -6.681126 -9.107908, -6.691177 -9.097005, -6.700678 -9.085617, -6.709603 -9.073775, -6.717933 -9.061505, -6.725646 -9.048839, -6.732724 -9.035808, -6.739149 -9.022442, -6.744905 -9.008775, -6.74998 -8.994841, -6.754359 -8.980673, -6.758033 -8.966305, -6.760993 -8.951774, -6.763231 -8.937114, -6.764741 -8.922362, -6.765521 -8.907552, -6.765568 -8.892723, -6.764882 -8.877909, -6.763465 -8.863147, -6.76132 -8.848473, -5.553155 -1.804329, -10.671025 3.184361, -10.681385 3.194972, -10.691209 3.206081, -10.700471 3.217663, -10.709149 3.229688, -10.717223 3.242127, -10.724672 3.25495, -10.731479 3.268125, -10.737626 3.281621, -10.743098 3.295404, -10.747883 3.309441, -10.751968 3.323696, -10.755344 3.338137, -10.758002 3.352726, -10.759936 3.367429, -10.761141 3.38221, -10.761614 3.397032, -10.761354 3.411859, -10.760361 3.426656, -10.758639 3.441385, -10.756191 3.456011, -10.753023 3.470499, -10.749143 3.484812, -10.74456 3.498916, -10.739286 3.512776, -10.733334 3.526358, -10.726717 3.53963, -10.719453 3.552559, -10.711559 3.565113, -10.703054 3.577261, -10.693959 3.588975, -10.684296 3.600224, -10.67409 3.610983, -10.663364 3.621223, -10.652145 3.630922, -10.64046 3.640054, -10.628339 3.648597, -10.61581 3.656531, -10.602905 3.663836, -10.589654 3.670494, -10.57609 3.67649, -10.562247 3.681808, -10.548157 3.686435, -10.533857 3.690361, -10.51938 3.693574, -10.504761 3.696069, -3.432039 4.723796, -0.269021 11.13277, -0.262131 11.145902, -0.254601 11.158677, -0.246448 11.171065, -0.237694 11.183035, -0.228358 11.194557, -0.218465 11.205604, -0.208037 11.216149, -0.197102 11.226166, -0.185685 11.235629, -0.173814 11.244518, -0.161518 11.252808, -0.148827 11.260481, -0.135773 11.267517, -0.122388 11.2739, -0.108703 11.279614, -0.094752 11.284644, -0.08057 11.288978, -0.066191 11.292607, -0.05165 11.29552, -0.036984 11.297712, -0.022226 11.299176, -0.007415 11.299908, 0.007415 11.299908, 0.022226 11.299176, 0.036984 11.297712, 0.05165 11.29552, 0.066191 11.292607, 0.08057 11.288978, 0.094752 11.284644, 0.108703 11.279614, 0.122388 11.2739, 0.135773 11.267517, 0.148827 11.260481, 0.161518 11.252808, 0.173814 11.244518, 0.185685 11.235629, 0.197102 11.226166, 0.208037 11.216149, 0.218465 11.205604, 0.228358 11.194557, 0.237694 11.183035, 0.246448 11.171065, 0.254601 11.158677, 0.262131 11.145902, 0.269021 11.13277))",data/renders/procedural/star_02_socket_v1.png,data/renders/procedural/star_02_socket_v2.png,43ef89d4c398d2e4,be28ef2d510b728c
star_02_shrunk0.20,shrunk,"POLYGON ((7.412989e-16 10.54809, 3.053472 4.36108, 3.057964 4.352507, 3.062866 4.34416, 3.068167 4.336061, 3.073853 4.328228, 3.079911 4.320678, 3.086327 4.313431, 3.093087 4.306503, 3.100173 4.29991, 3.107571 4.293667, 3.115262 4.28779, 3.123228 4.282292, 3.131451 4.277185, 3.139911 4.272483, 3.148589 4.268195, 3.157465 4.264332, 3.166516 4.260903, 3.175723 4.257916, 3.185064 4.255378, 3.194517 4.253295, 3.204059 4.251672, 10.031829 3.259539, 5.091209 -1.556376, 5.084443 -1.563298, 5.07802 -1.57054, 5.071955 -1.578083, 5.066262 -1.585912, 5.060954 -1.594006, 5.056044 -1.602348, 5.051544 -1.610918, 5.047464 -1.619695, 5.043813 -1.628659, 5.0406 -1.63779, 5.037832 -1.647065, 5.035517 -1.656464, 5.033659 -1.665963, 5.032262 -1.675542, 5.031331 -1.685176, 5.030867 -1.694844, 5.030872 -1.704524, 5.031344 -1.714192, 5.032284 -1.723826, 5.033689 -1.733402, 6.200012 -8.533584, 0.093068 -5.322974, 0.084394 -5.318678, 0.075522 -5.314807, 0.066474 -5.31137, 0.057269 -5.308375, 0.047931 -5.305828, 0.03848 -5.303737, 0.028939 -5.302105, 0.019331 -5.300936, 0.009677 -5.300234, -9.184479e-16 -5.3, -0.009677 -5.300234, -0.019331 -5.300936, -0.028939 -5.302105, -0.03848 -5.303737, -0.047931 -5.305828, -0.057269 -5.308375, -0.066474 -5.31137, -0.075522 -5.314807, -0.084394 -5.318678, -0.093068 -5.322974, -6.200012 -8.533584, -5.033689 -1.733402, -5.032284 -1.723826, -5.031344 -1.714192, -5.030872 -1.704524, -5.030867 -1.694844, -5.031331 -1.685176, -5.032262 -1.675542, -5.033659 -1.665963, -5.035517 -1.656464, -5.037832 -1.647065, -5.0406 -1.63779, -5.043813 -1.628659, -5.047464 -1.619695, -5.051544 -1.610918, -5.056044 -1.602348, -5.060954 -1.594006, -5.066262 -1.585912, -5.071955 -1.578083, -5.07802 -1.57054, -5.084443 -1.563298, -5.091209 -1.556376, -10.031829 3.259539, -3.204059 4.251672, -3.194517 4.253295, -3.185064 4.255378, -3.175723 4.257916, -3.166516 4.260903, -3.157465 4.264332, -3.148589 4.268195, -3.139911 4.272483, -3.131451 4.277185, -3.123228 4.282292, -3.115262 4.28779, -3.107571 4.293667, -3.100173 4.29991, -3.093087 4.306503, -3.086327 4.313431, -3.079911 4.320678, -3.073853 4.328228, -3.068167 4.336061, -3.062866 4.34416, -3.057964 4.352507, -3.053472 4.36108, 7.412989e-16 10.54809))",data/renders/blocks/star_02_shrunk0.20_socket_v1.png,data/renders/blocks/star_02_shrunk0.20_socket_v2.png,2e4af468460e263c,c07398d613acef64
star_03,catalog,"POLYGON ((0.274501 11.121035, 2.935897 5.085123, 9.493848 5.798242, 9.508546 5.799475, 9.523287 5.799985, 9.538035 5.79977, 9.552755 5.798829, 9.567411 5.797167, 9.581967 5.794786, 9.596389 5.791693, 9.610641 5.787894, 9.62469 5.7834, 9.6385 5.77822, 9.652039 5.772368, 9.665274 5.765858, 9.678173 5.758705, 9.690706 5.750926, 9.70284 5.742541, 9.714548 5.73357, 9.7258 5.724034, 9.736571 5.713957, 9.746833 5.703362, 9.756562 5.692276, 9.765734 5.680725, 9.774327 5.668737, 9.782321 5.656341, 9.789696 5.643568, 9.796434 5.630447, 9.802519 5.617011, 9.807937 5.603292, 9.812673 5.589324, 9.816717 5.575139, 9.820059 5.560773, 9.822691 5.54626, 9.824607 5.531635, 9.825801 5.516934, 9.826271 5.502192, 9.826017 5.487444, 9.825037 5.472727, 9.823336 5.458076, 9.820916 5.443526, 9.817784 5.429112, 9.813948 5.41487, 9.809416 5.400834, 9.804199 5.387037, 9.798311 5.373514, 9.791766 5.360296, 9.784578 5.347416, 9.776766 5.334905, 9.768349 5.322793, 5.871794 -2.101763e-15, 9.768349 -5.322793, 9.776766 -5.334905, 9.784578 -5.347416, 9.791766 -5.360296, 9.798311 -5.373514, 9.804199 -5.387037, 9.809416 -5.400834, 9.813948 -5.41487, 9.817784 -5.429112, 9.820916 -5.443526, 9.823336 -5.458076, 9.825037 -5.472727, 9.826017 -5.487444, 9.826271 -5.502192, 9.825801 -5.516934, 9.824607 -5.531635, 9.822691 -5.54626, 9.820059 -5.560773, 9.816717 -5.575139, 9.812673 -5.589324, 9.807937 -5.603292, 9.802519 -5.617011, 9.796434 -5.630447, 9.789696 -5.643568, 9.782321 -5.656341, 9.774327 -5.668737, 9.765734 -5.680725, 9.756562 -5.692276, 9.746833 -5.703362, 9.736571 -5.713957, 9.7258 -5.724034, 9.714548 -5.73357, 9.70284 -5.742541, 9.690706 -5.750926, 9.678173 -5.758705, 9.665274 -5.765858, 9.652039 -5.772368, 9.6385 -5.77822, 9.62469 -5.7834, 9.610641 -5.787894, 9.596389 -5.791693, 9.581967 -5.794786, 9.567411 -5.797167, 9.552755 -5.798829, 9.538035 -5.79977, 9.523287 -5.799985, 9.508546 -5.799475, 9.493848 -5.798242, 2.935897 -5.085123, 0.274501 -11.121035, 0.26822 -11.13438, 0.261291 -11.147401, 0.25373 -11.160066, 0.245556 -11.172343, 0.236788 -11.184204, 0.227448 -11.19562, 0.217559 -11.206563, 0.207143 -11.217007, 0.196226 -11.226926, 0.184836 -11.236296, 0.172998 -11.245095, 0.160742 -11.253302, 0.148098 -11.260897, 0.135096 -11.26786, 0.121767 -11.274177, 0.108144 -11.27983, 0.094259 -11.284807, 0.080146 -11.289096, 0.06584 -11.292686, 0.051375 -11.295568, 0.036785 -11.297736, 0.022107 -11.299184, 0.007375 -11.299909, -0.007375 -11.299909, -0.022107 -11.299184, -0.036785 -11.297736, -0.051375 -11.295568, -0.06584 -11.292686, -0.080146 -11.289096, -0.094259 -11.284807, -0.108144 -11.27983, -0.121767 -11.274177, -0.135096 -11.26786, -0.148098 -11.260897, -0.160742 -11.253302, -0.172998 -11.245095, -0.184836 -11.236296, -0.196226 -11.226926, -0.207143 -11.217007, -0.217559 -11.206563, -0.227448 -11.19562, -0.236788 -11.184204, -0.245556 -11.172343, -0.25373 -11.160066, -0.261291 -11.147401, -0.26822 -11.13438, -0.274501 -11.121035, -2.935897 -5.085123, -9.493848 -5.798242, -9.508546 -5.799475, -9.523287 -5.799985, -9.538035 -5.79977, -9.552755 -5.798829, -9.567411 -5.797167, -9.581967 -5.794786, -9.596389 -5.791693, -9.610641 -5.787894, -9.62469 -5.7834, -9.6385 -5.77822, -9.652039 -5.772368, -9.665274 -5.765858, -9.678173 -5.758705, -9.690706 -5.750926, -9.70284 -5.742541, -9.714548 -5.73357, -9.7258 -5.724034, -9.736571 -5.713957, -9.746833 -5.703362, -9.756562 -5.692276, -9.765734 -5.680725, -9.774327 -5.668737, -9.782321 -5.656341, -9.789696 -5.643568, -9.796434 -5.630447, -9.802519 -5.617011, -9.807937 -5.603292, -9.812673 -5.589324, -9.816717 -5.575139, -9.820059 -5.560773, -9.822691 -5.54626, -9.824607 -5.531635, -9.825801 -5.516934, -9.826271 -5.502192, -9.826017 -5.487444, -9.825037 -5.472727, -9.823336 -5.458076, -9.820916 -5.443526, -9.817784 -5.429112, -9.813948 -5.41487, -9.809416 -5.400834, -9.804199 -5.387037, -9.798311 -5.373514, -9.791766 -5.360296, -9.784578 -5.347416, -9.776766 -5.334905, -9.768349 -5.322793, -5.871794 2.832694e-16, -9.768349 5.322793, -9.776766 5.334905, -9.784578 5.347416, -9.791766 5.360296, -9.798311 5.373514, -9.804199 5.387037, -9.809416 5.400834, -9.813948 5.41487, -9.817784 5.429112, -9.820916 5.443526, -9.823336 5.458076, -9.825037 5.472727, -9.826017 5.487444, -9.826271 5.502192, -9.825801 5.516934, -9.824607 5.531635, -9.822691 5.54626, -9.820059 5.560773, -9.816717 5.575139, -9.812673 5.589324, -9.807937 5.603292, -9.802519 5.617011, -9.796434 5.630447, -9.789696 5.643568, -9.782321 5.656341, -9.774327 5.668737, -9.765734 5.680725, -9.756562 5.692276, -9.746833 5.703362, -9.736571 5.713957, -9.7258 5.724034, -9.714548 5.73357, -9.70284 5.742541, -9.690706 5.750926, -9.678173 5.758705, -9.665274 5.765858, -9.652039 5.772368, -9.6385 5.77822, -9.62469 5.7834, -9.610641 5.787894, -9.596389 5.791693, -9.581967 5.794786, -9.567411 5.797167, -9.552755 5.798829, -9.538035 5.79977, -9.523287 5.799985, -9.508546 5.799475, -9.493848 5.798242, -2.935897 5.085123, -0.274501 11.121035, -0.26822 11.13438, -0.261291 11.147401, -0.25373 11.160066, -0.245556 11.172343, -0.236788 11.184204, -0.227448 11.19562, -0.217559 11.206563, -0.207143 11.217007, -0.196226 11.226926, -0.184836 11.236296, -0.172998 11.245095, -0.160742 11.253302, -0.148098 11.260897, -0.135096 11.26786, -0.121767 11.274177, -0.108144 11.27983, -0.094259 11.284807, -0.080146 11.289096, -0.06584 11.292686, -0.051375 11.295568, -0.036785 11.297736, -0.022107 11.299184, -0.007375 11.299909, 0.007375 11.299909, 0.022107 11.299184, 0.036785 11.297736, 0.051375 11.295568, 0.06584 11.292686, 0.080146 11.289096, 0.094259 11.284807, 0.108144 11.27983, 0.121767 11.274177, 0.135096 11.26786, 0.148098 11.260897, 0.160742 11.253302, 0.172998 11.245095, 0.184836 11.236296, 0.196226 11.226926, 0.207143 11.217007, 0.217559 11.206563, 0.227448 11.19562, 0.236788 11.184204, 0.245556 11.172343, 0.25373 11.160066, 0.261291 11.147401, 0.26822 11.13438, 0.274501 11.121035))",data/renders/procedural/star_03_socket_v1.png,data/renders/procedural/star_03_socket_v2.png,cc56f5fa16736331,eddd67fb2f5c9776
star_03_shrunk0.20,shrunk,"POLYGON ((1.977847e-15 10.504275, 2.567 4.68245, 2.571136 4.673653, 2.575696 4.665068, 2.580667 4.656715, 2.586038 4.648612, 2.591797 4.640781, 2.597929 4.633238, 2.60442 4.626003, 2.611256 4.619091, 2.618419 4.61252, 2.625893 4.606304, 2.63366 4.600459, 2.641702 4.594998, 2.65 4.589935, 2.658534 4.58528, 2.667284 4.581046, 2.67623 4.577242, 2.68535 4.573877, 2.694622 4.570959, 2.704026 4.568496, 2.713538 4.566492, 2.723136 4.564952, 2.732797 4.563881, 2.7425 4.56328, 2.75222 4.563152, 2.761934 4.563496, 2.771621 4.564312, 9.096969 5.252137, 5.33862 0.118138, 5.333071 0.110157, 5.327915 0.101916, 5.323167 0.093434, 5.318835 0.084731, 5.314932 0.075829, 5.311467 0.066747, 5.308446 0.057507, 5.305878 0.048132, 5.303769 0.038642, 5.302123 0.029062, 5.300944 0.019413, 5.300236 0.009718, 5.3 -1.344195e-15, 5.300236 -0.009718, 5.300944 -0.019413, 5.302123 -0.029062, 5.303769 -0.038642, 5.305878 -0.048132, 5.308446 -0.057507, 5.311467 -0.066747, 5.314932 -0.075829, 5.318835 -0.084731, 5.323167 -0.093434, 5.327915 -0.101916, 5.333071 -0.110157, 5.33862 -0.118138, 9.096969 -5.252137, 2.771621 -4.564312, 2.761934 -4.563496, 2.75222 -4.563152, 2.7425 -4.56328, 2.732797 -4.563881, 2.723136 -4.564952, 2.713538 -4.566492, 2.704026 -4.568496, 2.694622 -4.570959, 2.68535 -4.573877, 2.67623 -4.577242, 2.667284 -4.581046, 2.658534 -4.58528, 2.65 -4.589935, 2.641702 -4.594998, 2.63366 -4.600459, 2.625893 -4.606304, 2.618419 -4.61252, 2.611256 -4.619091, 2.60442 -4.626003, 2.597929 -4.633238, 2.591797 -4.640781, 2.586038 -4.648612, 2.580667 -4.656715, 2.575696 -4.665068, 2.571136 -4.673653, 2.567 -4.68245, -6.604757e-16 -10.504275, -2.567 -4.68245, -2.571136 -4.673653, -2.575696 -4.665068, -2.580667 -4.656715, -2.586038 -4.648612, -2.591797 -4.640781, -2.597929 -4.633238, -2.60442 -4.626003, -2.611256 -4.619091, -2.618419 -4.61252, -2.625893 -4.606304, -2.63366 -4.600459, -2.641702 -4.594998, -2.65 -4.589935, -2.658534 -4.58528, -2.667284 -4.581046, -2.67623 -4.577242, -2.68535 -4.573877, -2.694622 -4.570959, -2.704026 -4.568496, -2.713538 -4.566492, -2.723136 -4.564952, -2.732797 -4.563881, -2.7425 -4.56328, -2.75222 -4.563152, -2.761934 -4.563496, -2.771621 -4.564312, -9.096969 -5.252137, -5.33862 -0.118138, -5.333071 -0.110157, -5.327915 -0.101916, -5.323167 -0.093434, -5.318835 -0.084731, -5.314932 -0.075829, -5.311467 -0.066747, -5.308446 -0.057507, -5.305878 -0.048132, -5.303769 -0.038642, -5.302123 -0.029062, -5.300944 -0.019413, -5.300236 -0.009718, -5.3 6.764719e-16, -5.300236 0.009718, -5.300944 0.019413, -5.302123 0.029062, -5.303769 0.038642, -5.305878 0.048132, -5.308446 0.057507, -5.311467 0.066747, -5.314932 0.075829, -5.318835 0.084731, -5.323167 0.093434, -5.327915 0.101916, -5.333071 0.110157, -5.33862 0.118138, -9.096969 5.252137, -2.771621 4.564312, -2.761934 4.563496, -2.75222 4.563152, -2.7425 4.56328, -2.732797 4.563881, -2.723136 4.564952, -2.713538 4.566492, -2.704026 4.568496, -2.694622 4.570959, -2.68535 4.573877, -2.67623 4.577242, -2.667284 4.581046, -2.658534 4.58528, -2.65 4.589935, -2.641702 4.594998, -2.63366 4.600459, -2.625893 4.606304, -2.618419 4.61252, -2.611256 4.619091, -2.60442 4.626003, -2.597929 4.633238, -2.591797 4.640781, -2.586038 4.648612, -2.580667 4.656715, -2.575696 4.665068, -2.571136 4.673653, -2.567 4.68245, 1.977847e-15 10.504275))",data/renders/blocks/star_03_shrunk0.20_socket_v1.png,data/renders/blocks/star_03_shrunk0.20_socket_v2.png,239ad941d08d5c02,48364f195151df1d
star_04,catalog,"POLYGON ((0.237589 11.183171, 4.298282 5.916078, 10.562408 3.68175, 10.57624 3.676428, 10.589792 3.670429, 10.603031 3.663768, 10.615925 3.656462, 10.628443 3.648527, 10.640553 3.639984, 10.652227 3.630854, 10.663436 3.621158, 10.674152 3.61092, 10.684349 3.600166, 10.694003 3.588921, 10.70309 3.577213, 10.711587 3.56507, 10.719474 3.552523, 10.726732 3.539602, 10.733344 3.526337, 10.739291 3.512763, 10.744562 3.498911, 10.749141 3.484816, 10.75302 3.470512, 10.756186 3.456034, 10.758634 3.441417, 10.760358 3.426697, 10.761352 3.41191, 10.761614 3.397092, 10.761145 3.382279, 10.759944 3.367508, 10.758016 3.352813, 10.755364 3.338232, 10.751995 3.3238, 10.747918 3.309551, 10.743142 3.295521, 10.737678 3.281745, 10.731541 3.268255, 10.724746 3.255084, 10.717308 3.242265, 10.709246 3.229829, 6.954767 -2.259741, 6.765516 -8.907724, 6.764729 -8.922523, 6.763211 -8.937266, 6.760968 -8.951915, 6.758003 -8.966436, 6.754325 -8.980793, 6.749943 -8.994951, 6.744866 -9.008874, 6.739109 -9.022531, 6.732683 -9.035886, 6.725607 -9.048907, 6.717895 -9.061564, 6.709568 -9.073824, 6.700646 -9.085657, 6.69115 -9.097036, 6.681104 -9.107932, 6.670532 -9.118318, 6.65946 -9.12817, 6.647915 -9.137462, 6.635925 -9.146174, 6.623519 -9.154282, 6.610728 -9.161768, 6.597583 -9.168613, 6.584116 -9.174801, 6.57036 -9.180315, 6.556348 -9.185144, 6.542115 -9.189275, 6.527696 -9.192698, 6.513125 -9.195405, 6.498438 -9.197389, 6.48367 -9.198644, 6.468859 -9.19917, 6.45404 -9.198963, 6.43925 -9.198024, 6.424523 -9.196356, 6.409898 -9.193963, 6.395408 -9.190851, 6.381089 -9.187026, -2.38723e-15 -7.312674, -6.381089 -9.187026, -6.395408 -9.190851, -6.409898 -9.193963, -6.424523 -9.196356, -6.43925 -9.198024, -6.45404 -9.198963, -6.468859 -9.19917, -6.48367 -9.198644, -6.498438 -9.197389, -6.513125 -9.195405, -6.527696 -9.192698, -6.542115 -9.189275, -6.556348 -9.185144, -6.57036 -9.180315, -6.584116 -9.174801, -6.597583 -9.168613, -6.610728 -9.161768, -6.623519 -9.154282, -6.635925 -9.146174, -6.647915 -9.137462, -6.65946 -9.12817, -6.670532 -9.118318, -6.681104 -9.107932, -6.69115 -9.097036, -6.700646 -9.085657, -6.709568 -9.073824, -6.717895 -9.061564, -6.725607 -9.048907, -6.732683 -9.035886, -6.739109 -9.022531, -6.744866 -9.008874, -6.749943 -8.994951, -6.754325 -8.980793, -6.758003 -8.966436, -6.760968 -8.951915, -6.763211 -8.937266, -6.764729 -8.922523, -6.765516 -8.907724, -6.954767 -2.259741, -10.709246 3.229829, -10.717308 3.242265, -10.724746 3.255084, -10.731541 3.268255, -10.737678 3.281745, -10.743142 3.295521, -10.747918 3.309551, -10.751995 3.3238, -10.755364 3.338232, -10.758016 3.352813, -10.759944 3.367508, -10.761145 3.382279, -10.761614 3.397092, -10.761352 3.41191, -10.760358 3.426697, -10.758634 3.441417, -10.756186 3.456034, -10.75302 3.470512, -10.749141 3.484816, -10.744562 3.498911, -10.739291 3.512763, -10.733344 3.526337, -10.726732 3.539602, -10.719474 3.552523, -10.711587 3.56507, -10.70309 3.577213, -10.694003 3.588921, -10.684349 3.600166, -10.674152 3.61092, -10.663436 3.621158, -10.652227 3.630854, -10.640553 3.639984, -10.628443 3.648527, -10.615925 3.656462, -10.603031 3.663768, -10.589792 3.670429, -10.57624 3.676428, -10.562408 3.68175, -4.298282 5.916078, -0.237589 11.183171, -0.228253 11.194681, -0.21836 11.205716, -0.207934 11.216249, -0.197 11.226254, -0.185586 11.235707, -0.173719 11.244585, -0.161428 11.252866, -0.148743 11.260529, -0.135695 11.267557, -0.122316 11.273932, -0.108638 11.279639, -0.094695 11.284663, -0.080521 11.288992, -0.06615 11.292616, -0.051619 11.295526, -0.036961 11.297714, -0.022213 11.299177, -0.00741 11.299908, 0.00741 11.299908, 0.022213 11.299177, 0.036961 11.297714, 0.051619 11.295526, 0.06615 11.292616, 0.080521 11.288992, 0.094695 11.284663, 0.108638 11.279639, 0.122316 11.273932, 0.135695 11.267557, 0.148743 11.260529, 0.161428 11.252866, 0.173719 11.244585, 0.185586 11.235707, 0.197 11.226254, 0.207934 11.216249, 0.21836 11.205716, 0.228253 11.194681, 0.237589 11.183171))",data/renders/procedural/star_04_socket_v1.png,data/renders/procedural/star_04_socket_v2.png,4bae1b8099b6069a,3d7c3f97e4896070
tee_01,catalog,"POLYGON ((10 6.011442, 10.01472 6.01108, 10.029405 6.009997, 10.044019 6.008195, 10.058527 6.005677, 10.072894 6.002451, 10.087085 5.998524, 10.101067 5.993905, 10.114805 5.988606, 10.128267 5.982638, 10.141419 5.976018, 10.154231 5.96876, 10.166671 5.960883, 10.17871 5.952404, 10.190318 5.943345, 10.201468 5.933727, 10.212132 5.923574, 10.222285 5.912909, 10.231903 5.90176, 10.240962 5.890151, 10.249441 5.878113, 10.257319 5.865672, 10.264576 5.852861, 10.271197 5.839708, 10.277164 5.826247, 10.282463 5.812509, 10.287082 5.798527, 10.291009 5.784336, 10.294236 5.769969, 10.296753 5.755461, 10.298555 5.740847, 10.299639 5.726162, 10.3 5.711442, 10.3 -0.288558, 10.299639 -0.303279, 10.298555 -0.317963, 10.296753 -0.332577, 10.294236 -0.347085, 10.291009 -0.361452, 10.287082 -0.375644, 10.282463 -0.389625, 10.277164 -0.403363, 10.271197 -0.416825, 10.264576 -0.429977, 10.257319 -0.442789, 10.249441 -0.455229, 10.240962 -0.467268, 10.231903 -0.478876, 10.222285 -0.490026, 10.212132 -0.50069, 10.201468 -0.510844, 10.190318 -0.520461, 10.17871 -0.529521, 10.166671 -0.537999, 10.154231 -0.545877, 10.141419 -0.553135, 10.128267 -0.559755, 10.114805 -0.565722, 10.101067 -0.571022, 10.087085 -0.57564, 10.072894 -0.579568, 10.058527 -0.582794, 10.044019 -0.585311, 10.029405 -0.587114, 10.01472 -0.588197, 10 -0.588558, 3.3 -0.588558, 3.3 -10.288558, 3.299639 -10.303279, 3.298555 -10.317963, 3.296753 -10.332577, 3.294236 -10.347085, 3.291009 -10.361452, 3.287082 -10.375644, 3.282463 -10.389625, 3.277164 -10.403363, 3.271197 -10.416825, 3.264576 -10.429977, 3.257319 -10.442789, 3.249441 -10.455229, 3.240962 -10.467268, 3.231903 -10.478876, 3.222285 -10.490026, 3.212132 -10.50069, 3.201468 -10.510844, 3.190318 -10.520461, 3.17871 -10.529521, 3.166671 -10.537999, 3.154231 -10.545877, 3.141419 -10.553135, 3.128267 -10.559755, 3.114805 -10.565722, 3.101067 -10.571022, 3.087085 -10.57564, 3.072894 -10.579568, 3.058527 -10.582794, 3.044019 -10.585311, 3.029405 -10.587114, 3.01472 -10.588197, 3 -10.588558, -3 -10.588558, -3.01472 -10.588197, -3.029405 -10.587114, -3.044019 -10.585311, -3.058527 -10.582794, -3.072894 -10.579568, -3.087085 -10.57564, -3.101067 -10.571022, -3.114805 -10.565722, -3.128267 -10.559755, -3.141419 -10.553135, -3.154231 -10.545877, -3.166671 -10.537999, -3.17871 -10.529521, -3.190318 -10.520461, -3.201468 -10.510844, -3.212132 -10.50069, -3.222285 -10.490026, -3.231903 -10.478876, -3.240962 -10.467268, -3.249441 -10.455229, -3.257319 -10.442789, -3.264576 -10.429977, -3.271197 -10.416825, -3.277164 -10.403363, -3.282463 -10.389625, -3.287082 -10.375644, -3.291009 -10.361452, -3.294236 -10.347085, -3.296753 -10.332577, -3.298555 -10.317963, -3.299639 -10.303279, -3.3 -10.288558, -3.3 -0.588558, -10 -0.588558, -10.01472 -0.588197, -10.029405 -0.587114, -10.044019 -0.585311, -10.058527 -0.582794, -10.072894 -0.579568, -10.087085 -0.57564, -10.101067 -0.571022, -10.114805 -0.565722, -10.128267 -0.559755, -10.141419 -0.553135, -10.154231 -0.545877, -10.166671 -0.537999, -10.17871 -0.529521, -10.190318 -0.520461, -10.201468 -0.510844, -10.212132 -0.50069, -10.222285 -0.490026, -10.231903 -0.478876, -10.240962 -0.467268, -10.249441 -0.455229, -10.257319 -0.442789, -10.264576 -0.429977, -10.271197 -0.416825, -10.277164 -0.403363, -10.282463 -0.389625, -10.287082 -0.375644, -10.291009 -0.361452, -10.294236 -0.347085, -10.296753 -0.332577, -10.298555 -0.317963, -10.299639 -0.303279, -10.3 -0.288558, -10.3 5.711442, -10.299639 5.726162, -10.298555 5.740847, -10.296753 5.755461, -10.294236 5.769969, -10.291009 5.784336, -10.287082 5.798527, -10.282463 5.812509, -10.277164 5.826247, -10.271197 5.839708, -10.264576 5.852861, -10.257319 5.865672, -10.249441 5.878113, -10.240962 5.890151, -10.231903 5.90176, -10.222285 5.912909, -10.212132 5.923574, -10.201468 5.933727, -10.190318 5.943345, -10.17871 5.952404, -10.166671 5.960883, -10.154231 5.96876, -10.141419 5.976018, -10.128267 5.982638, -10.114805 5.988606, -10.101067 5.993905, -10.087085 5.998524, -10.072894 6.002451, -10.058527 6.005677, -10.044019 6.008195, -10.029405 6.009997, -10.01472 6.01108, -10 6.011442, 10 6.011442))",data/renders/procedural/tee_01_socket_v1.png,data/renders/procedural/tee_01_socket_v2.png,cb244dc182a40d15,b1048dee4002f17f
tee_01_shrunk0.20,shrunk,"POLYGON ((9.8 5.435157, 9.8 -0.164843, 3 -0.164843, 2.990186 -0.165084, 2.980397 -0.165806, 2.970654 -0.167008, 2.960982 -0.168686, 2.951404 -0.170837, 2.941943 -0.173455, 2.932622 -0.176534, 2.923463 -0.180067, 2.914489 -0.184045, 2.905721 -0.188459, 2.897179 -0.193297, 2.888886 -0.198549, 2.88086 -0.204202, 2.873121 -0.210241, 2.865688 -0.216653, 2.858579 -0.223422, 2.85181 -0.230531, 2.845398 -0.237964, 2.839358 -0.245703, 2.833706 -0.253729, 2.828454 -0.262023, 2.823616 -0.270564, 2.819202 -0.279332, 2.815224 -0.288306, 2.811691 -0.297465, 2.808612 -0.306786, 2.805994 -0.316247, 2.803843 -0.325825, 2.802165 -0.335497, 2.800963 -0.34524, 2.800241 -0.35503, 2.8 -0.364843, 2.8 -10.164843, -2.8 -10.164843, -2.8 -0.364843, -2.800241 -0.35503, -2.800963 -0.34524, -2.802165 -0.335497, -2.803843 -0.325825, -2.805994 -0.316247, -2.808612 -0.306786, -2.811691 -0.297465, -2.815224 -0.288306, -2.819202 -0.279332, -2.823616 -0.270564, -2.828454 -0.262023, -2.833706 -0.253729, -2.839358 -0.245703, -2.845398 -0.237964, -2.85181 -0.230531, -2.858579 -0.223422, -2.865688 -0.216653, -2.873121 -0.210241, -2.88086 -0.204202, -2.888886 -0.198549, -2.897179 -0.193297, -2.905721 -0.188459, -2.914489 -0.184045, -2.923463 -0.180067, -2.932622 -0.176534, -2.941943 -0.173455, -2.951404 -0.170837, -2.960982 -0.168686, -2.970654 -0.167008, -2.980397 -0.165806, -2.990186 -0.165084, -3 -0.164843, -9.8 -0.164843, -9.8 5.435157, 9.8 5.435157))",data/renders/blocks/tee_01_shrunk0.20_socket_v1.png,data/renders/blocks/tee_01_shrunk0.20_socket_v2.png,fdd638e182f21136,ce952d0217db89ea
tee_02,catalog,"POLYGON ((10 5.353907, 10.01472 5.353545, 10.029405 5.352462, 10.044019 5.350659, 10.058527 5.348142, 10.072894 5.344916, 10.087085 5.340989, 10.101067 5.33637, 10.114805 5.33107, 10.128267 5.325103, 10.141419 5.318483, 10.154231 5.311225, 10.166671 5.303347, 10.17871 5.294869, 10.190318 5.28581, 10.201468 5.276192, 10.212132 5.266039, 10.222285 5.255374, 10.231903 5.244224, 10.240962 5.232616, 10.249441 5.220578, 10.257319 5.208137, 10.264576 5.195326, 10.271197 5.182173, 10.277164 5.168712, 10.282463 5.154973, 10.287082 5.140992, 10.291009 5.126801, 10.294236 5.112434, 10.296753 5.097926, 10.298555 5.083312, 10.299639 5.068627, 10.3 5.053907, 10.3 1.053907, 10.299639 1.039186, 10.298555 1.024501, 10.296753 1.009887, 10.294236 0.995379, 10.291009 0.981012, 10.287082 0.966821, 10.282463 0.95284, 10.277164 0.939101, 10.271197 0.92564, 10.264576 0.912487, 10.257319 0.899676, 10.249441 0.887235, 10.240962 0.875197, 10.231903 0.863589, 10.222285 0.852439, 10.212132 0.841774, 10.201468 0.831621, 10.190318 0.822003, 10.17871 0.812944, 10.166671 0.804466, 10.154231 0.796588, 10.141419 0.78933, 10.128267 0.78271, 10.114805 0.776743, 10.101067 0.771443, 10.087085 0.766824, 10.072894 0.762897, 10.058527 0.759671, 10.044019 0.757154, 10.029405 0.755351, 10.01472 0.754268, 10 0.753907, 2.3 0.753907, 2.3 -10.946093, 2.299639 -10.960814, 2.298555 -10.975499, 2.296753 -10.990113, 2.294236 -11.004621, 2.291009 -11.018988, 2.287082 -11.033179, 2.282463 -11.04716, 2.277164 -11.060899, 2.271197 -11.07436, 2.264576 -11.087513, 2.257319 -11.100324, 2.249441 -11.112765, 2.240962 -11.124803, 2.231903 -11.136411, 2.222285 -11.147561, 2.212132 -11.158226, 2.201468 -11.168379, 2.190318 -11.177997, 2.17871 -11.187056, 2.166671 -11.195534, 2.154231 -11.203412, 2.141419 -11.21067, 2.128267 -11.21729, 2.114805 -11.223257, 2.101067 -11.228557, 2.087085 -11.233176, 2.072894 -11.237103, 2.058527 -11.240329, 2.044019 -11.242846, 2.029405 -11.244649, 2.01472 -11.245732, 2 -11.246093, -2 -11.246093, -2.01472 -11.245732, -2.029405 -11.244649, -2.044019 -11.242846, -2.058527 -11.240329, -2.072894 -11.237103, -2.087085 -11.233176, -2.101067 -11.228557, -2.114805 -11.223257, -2.128267 -11.21729, -2.141419 -11.21067, -2.154231 -11.203412, -2.166671 -11.195534, -2.17871 -11.187056, -2.190318 -11.177997, -2.201468 -11.168379, -2.212132 -11.158226, -2.222285 -11.147561, -2.231903 -11.136411, -2.240962 -11.124803, -2.249441 -11.112765, -2.257319 -11.100324, -2.264576 -11.087513, -2.271197 -11.07436, -2.277164 -11.060899, -2.282463 -11.04716, -2.287082 -11.033179, -2.291009 -11.018988, -2.294236 -11.004621, -2.296753 -10.990113, -2.298555 -10.975499, -2.299639 -10.960814, -2.3 -10.946093, -2.3 0.753907, -10 0.753907, -10.01472 0.754268, -10.029405 0.755351, -10.044019 0.757154, -10.058527 0.759671, -10.072894 0.762897, -10.087085 0.766824, -10.101067 0.771443, -10.114805 0.776743, -10.128267 0.78271, -10.141419 0.78933, -10.154231 0.796588, -10.166671 0.804466, -10.17871 0.812944, -10.190318 0.822003, -10.201468 0.831621, -10.212132 0.841774, -10.222285 0.852439, -10.231903 0.863589, -10.240962 0.875197, -10.249441 0.887235, -10.257319 0.899676, -10.264576 0.912487, -10.271197 0.92564, -10.277164 0.939101, -10.282463 0.95284, -10.287082 0.966821, -10.291009 0.981012, -10.294236 0.995379, -10.296753 1.009887, -10.298555 1.024501, -10.299639 1.039186, -10.3 1.053907, -10.3 5.053907, -10.299639 5.068627, -10.298555 5.083312, -10.296753 5.097926, -10.294236 5.112434, -10.291009 5.126801, -10.287082 5.140992, -10.282463 5.154973, -10.277164 5.168712, -10.271197 5.182173, -10.264576 5.195326, -10.257319 5.208137, -10.249441 5.220578, -10.240962 5.232616, -10.231903 5.244224, -10.222285 5.255374, -10.212132 5.266039, -10.201468 5.276192, -10.190318 5.28581, -10.17871 5.294869, -10.166671 5.303347, -10.154231 5.311225, -10.141419 5.318483, -10.128267 5.325103, -10.114805 5.33107, -10.101067 5.33637, -10.087085 5.340989, -10.072894 5.344916, -10.058527 5.348142, -10.044019 5.350659, -10.029405 5.352462, -10.01472 5.353545, -10 5.353907, 10 5.353907))",data/renders/procedural/tee_02_socket_v1.png,data/renders/procedural/tee_02_socket_v2.png,e2572a16c3b918e1,2874959ef9c80fda
tee_02_shrunk0.20,shrunk,"POLYGON ((9.8 4.761856, 9.8 1.161856, 2 1.161856, 1.990186 1.161616, 1.980397 1.160893, 1.970654 1.159692, 1.960982 1.158014, 1.951404 1.155863, 1.941943 1.153245, 1.932622 1.150165, 1.923463 1.146632, 1.914489 1.142654, 1.905721 1.138241, 1.897179 1.133402, 1.888886 1.12815, 1.88086 1.122498, 1.873121 1.116459, 1.865688 1.110047, 1.858579 1.103278, 1.85181 1.096168, 1.845398 1.088735, 1.839358 1.080996, 1.833706 1.072971, 1.828454 1.064677, 1.823616 1.056136, 1.819202 1.047367, 1.815224 1.038393, 1.811691 1.029234, 1.808612 1.019913, 1.805994 1.010453, 1.803843 1.000875, 1.802165 0.991203, 1.800963 0.98146, 1.800241 0.97167, 1.8 0.961856, 1.8 -10.838144, -1.8 -10.838144, -1.8 0.961856, -1.800241 0.97167, -1.800963 0.98146, -1.802165 0.991203, -1.803843 1.000875, -1.805994 1.010453, -1.808612 1.019913, -1.811691 1.029234, -1.815224 1.038393, -1.819202 1.047367, -1.823616 1.056136, -1.828454 1.064677, -1.833706 1.072971, -1.839358 1.080996, -1.845398 1.088735, -1.85181 1.096168, -1.858579 1.103278, -1.865688 1.110047, -1.873121 1.116459, -1.88086 1.122498, -1.888886 1.12815, -1.897179 1.133402, -1.905721 1.138241, -1.914489 1.142654, -1.923463 1.146632, -1.932622 1.150165, -1.941943 1.153245, -1.951404 1.155863, -1.960982 1.158014, -1.970654 1.159692, -1.980397 1.160893, -1.990186 1.161616, -2 1.161856, -9.8 1.161856, -9.8 4.761856, 9.8 4.761856))",data/renders/blocks/tee_02_shrunk0.20_socket_v1.png,data/renders/blocks/tee_02_shrunk0.20_socket_v2.png,b0fd144ab7e196c7,8bb252da8a46b64f
tee_03,catalog,"POLYGON ((8 8.011825, 8.01472 8.011464, 8.029405 8.01038, 8.044019 8.008578, 8.058527 8.006061, 8.072894 8.002834, 8.087085 7.998907, 8.101067 7.994288, 8.114805 7.988989, 8.128267 7.983022, 8.141419 7.976401, 8.154231 7.969144, 8.166671 7.961266, 8.17871 7.952787, 8.190318 7.943728, 8.201468 7.93411, 8.212132 7.923957, 8.222285 7.913293, 8.231903 7.902143, 8.240962 7.890535, 8.249441 7.878496, 8.257319 7.866056, 8.264576 7.853244, 8.271197 7.840092, 8.277164 7.82663, 8.282463 7.812892, 8.287082 7.79891, 8.291009 7.784719, 8.294236 7.770352, 8.296753 7.755844, 8.298555 7.74123, 8.299639 7.726545, 8.3 7.711825, 8.3 1.711825, 8.299639 1.697105, 8.298555 1.68242, 8.296753 1.667806, 8.294236 1.653298, 8.291009 1.638931, 8.287082 1.62474, 8.282463 1.610758, 8.277164 1.59702, 8.271197 1.583558, 8.264576 1.570406, 8.257319 1.557594, 8.249441 1.545154, 8.240962 1.533115, 8.231903 1.521507, 8.222285 1.510357, 8.212132 1.499693, 8.201468 1.48954, 8.190318 1.479922, 8.17871 1.470863, 8.166671 1.462384, 8.154231 1.454506, 8.141419 1.447249, 8.128267 1.440628, 8.114805 1.434661, 8.101067 1.429362, 8.087085 1.424743, 8.072894 1.420816, 8.058527 1.417589, 8.044019 1.415072, 8.029405 1.41327, 8.01472 1.412186, 8 1.411825, 3.3 1.411825, 3.3 -12.288175, 3.299639 -12.302895, 3.298555 -12.31758, 3.296753 -12.332194, 3.294236 -12.346702, 3.291009 -12.361069, 3.287082 -12.37526, 3.282463 -12.389242, 3.277164 -12.40298, 3.271197 -12.416442, 3.264576 -12.429594, 3.257319 -12.442406, 3.249441 -12.454846, 3.240962 -12.466885, 3.231903 -12.478493, 3.222285 -12.489643, 3.212132 -12.500307, 3.201468 -12.51046, 3.190318 -12.520078, 3.17871 -12.529137, 3.166671 -12.537616, 3.154231 -12.545494, 3.141419 -12.552751, 3.128267 -12.559372, 3.114805 -12.565339, 3.101067 -12.570638, 3.087085 -12.575257, 3.072894 -12.579184, 3.058527 -12.582411, 3.044019 -12.584928, 3.029405 -12.58673, 3.01472 -12.587814, 3 -12.588175, -3 -12.588175, -3.01472 -12.587814, -3.029405 -12.58673, -3.044019 -12.584928, -3.058527 -12.582411, -3.072894 -12.579184, -3.087085 -12.575257, -3.101067 -12.570638, -3.114805 -12.565339, -3.128267 -12.559372, -3.141419 -12.552751, -3.154231 -12.545494, -3.166671 -12.537616, -3.17871 -12.529137, -3.190318 -12.520078, -3.201468 -12.51046, -3.212132 -12.500307, -3.222285 -12.489643, -3.231903 -12.478493, -3.240962 -12.466885, -3.249441 -12.454846, -3.257319 -12.442406, -3.264576 -12.429594, -3.271197 -12.416442, -3.277164 -12.40298, -3.282463 -12.389242, -3.287082 -12.37526, -3.291009 -12.361069, -3.294236 -12.346702, -3.296753 -12.332194, -3.298555 -12.31758, -3.299639 -12.302895, -3.3 -12.288175, -3.3 1.411825, -8 1.411825, -8.01472 1.412186, -8.029405 1.41327, -8.044019 1.415072, -8.058527 1.417589, -8.072894 1.420816, -8.087085 1.424743, -8.101067 1.429362, -8.114805 1.434661, -8.128267 1.440628, -8.141419 1.447249, -8.154231 1.454506, -8.166671 1.462384, -8.17871 1.470863, -8.190318 1.479922, -8.201468 1.48954, -8.212132 1.499693, -8.222285 1.510357, -8.231903 1.521507, -8.240962 1.533115, -8.249441 1.545154, -8.257319 1.557594, -8.264576 1.570406, -8.271197 1.583558, -8.277164 1.59702, -8.282463 1.610758, -8.287082 1.62474, -8.291009 1.638931, -8.294236 1.653298, -8.296753 1.667806, -8.298555 1.68242, -8.299639 1.697105, -8.3 1.711825, -8.3 7.711825, -8.299639 7.726545, -8.298555 7.74123, -8.296753 7.755844, -8.294236 7.770352, -8.291009 7.784719, -8.287082 7.79891, -8.282463 7.812892, -8.277164 7.82663, -8.271197 7.840092, -8.264576 7.853244, -8.257319 7.866056, -8.249441 7.878496, -8.240962 7.890535, -8.231903 7.902143, -8.222285 7.913293, -8.212132 7.923957, -8.201468 7.93411, -8.190318 7.943728, -8.17871 7.952787, -8.166671 7.961266, -8.154231 7.969144, -8.141419 7.976401, -8.128267 7.983022, -8.114805 7.988989, -8.101067 7.994288, -8.087085 7.998907, -8.072894 8.002834, -8.058527 8.006061, -8.044019 8.008578, -8.029405 8.01038, -8.01472 8.011464, -8 8.011825, 8 8.011825))",data/renders/procedural/tee_03_socket_v1.png,data/renders/procedural/tee_03_socket_v2.png,dadb2efd70942997,92327b8b4e1efff1
tee_03_shrunk0.20,shrunk,"POLYGON ((7.8 7.434949, 7.8 1.834949, 3 1.834949, 2.990186 1.834709, 2.980397 1.833986, 2.970654 1.832785, 2.960982 1.831106, 2.951404 1.828956, 2.941943 1.826338, 2.932622 1.823258, 2.923463 1.819725, 2.914489 1.815747, 2.905721 1.811334, 2.897179 1.806495, 2.888886 1.801243, 2.88086 1.795591, 2.873121 1.789552, 2.865688 1.78314, 2.858579 1.776371, 2.85181 1.769261, 2.845398 1.761828, 2.839358 1.754089, 2.833706 1.746063, 2.828454 1.73777, 2.823616 1.729229, 2.819202 1.72046, 2.815224 1.711486, 2.811691 1.702327, 2.808612 1.693006, 2.805994 1.683545, 2.803843 1.673968, 2.802165 1.664296, 2.800963 1.654553, 2.800241 1.644763, 2.8 1.634949, 2.8 -12.165051, -2.8 -12.165051, -2.8 1.634949, -2.800241 1.644763, -2.800963 1.654553, -2.802165 1.664296, -2.803843 1.673968, -2.805994 1.683545, -2.808612 1.693006, -2.811691 1.702327, -2.815224 1.711486, -2.819202 1.72046, -2.823616 1.729229, -2.828454 1.73777, -2.833706 1.746063, -2.839358 1.754089, -2.845398 1.761828, -2.85181 1.769261, -2.858579 1.776371, -2.865688 1.78314, -2.873121 1.789552, -2.88086 1.795591, -2.888886 1.801243, -2.897179 1.806495, -2.905721 1.811334, -2.914489 1.815747, -2.923463 1.819725, -2.932622 1.823258, -2.941943 1.826338, -2.951404 1.828956, -2.960982 1.831106, -2.970654 1.832785, -2.980397 1.833986, -2.990186 1.834709, -3 1.834949, -7.8 1.834949, -7.8 7.434949, 7.8 7.434949))",data/renders/blocks/tee_03_shrunk0.20_socket_v1.png,data/renders/blocks/tee_03_shrunk0.20_socket_v2.png,a7892006253cf163,dd23706a7e8ff6fb
trapezoid_01,catalog,"POLYGON ((-7.280899 -4.3656, -10.280899 3.6344, -10.285765 3.648421, -10.289931 3.662666, -10.293388 3.677099, -10.296127 3.691685, -10.298141 3.706389, -10.299425 3.721175, -10.299977 3.736006, -10.299794 3.750846, -10.298878 3.765659, -10.29723 3.780409, -10.294855 3.795059, -10.291758 3.809573, -10.287948 3.823917, -10.283432 3.838055, -10.278223 3.851952, -10.272333 3.865574, -10.265776 3.878889, -10.258569 3.891862, -10.250729 3.904464, -10.242275 3.916663, -10.233229 3.928428, -10.223612 3.939732, -10.213447 3.950546, -10.20276 3.960844, -10.191577 3.970601, -10.179925 3.979793, -10.167833 3.988398, -10.15533 3.996394, -10.142446 4.003762, -10.129214 4.010484, -10.115666 4.016543, -10.101835 4.021924, -10.087755 4.026615, -10.073459 4.030604, -10.058984 4.033881, -10.044365 4.036439, -10.029637 4.03827, -10.014837 4.03937, -10 4.039737, 10 4.039737, 10.014837 4.03937, 10.029637 4.03827, 10.044365 4.036439, 10.058984 4.033881, 10.073459 4.030604, 10.087755 4.026615, 10.101835 4.021924, 10.115666 4.016543, 10.129214 4.010484, 10.142446 4.003762, 10.15533 3.996394, 10.167833 3.988398, 10.179925 3.979793, 10.191577 3.970601, 10.20276 3.960844, 10.213447 3.950546, 10.223612 3.939732, 10.233229 3.928428, 10.242275 3.916663, 10.250729 3.904464, 10.258569 3.891862, 10.265776 3.878889, 10.272333 3.865574, 10.278223 3.851952, 10.283432 3.838055, 10.287948 3.823917, 10.291758 3.809573, 10.294855 3.795059, 10.29723 3.780409, 10.298878 3.765659, 10.299794 3.750846, 10.299977 3.736006, 10.299425 3.721175, 10.298141 3.706389, 10.296127 3.691685, 10.293388 3.677099, 10.289931 3.662666, 10.285765 3.648421, 10.280899 3.6344, 7.280899 -4.3656, 7.275464 -4.379089, 7.269382 -4.392299, 7.262666 -4.405199, 7.255334 -4.417758, 7.247401 -4.429947, 7.238887 -4.441737, 7.229812 -4.453101, 7.220197 -4.464011, 7.210064 -4.474443, 7.199438 -4.484371, 7.188343 -4.493773, 7.176805 -4.502626, 7.164852 -4.51091, 7.152511 -4.518604, 7.139812 -4.525692, 7.126785 -4.532156, 7.113459 -4.53798, 7.099867 -4.543153, 7.08604 -4.54766, 7.072011 -4.551492, 7.057813 -4.55464, 7.043479 -4.557095, 7.029043 -4.558854, 7.014539 -4.55991, 7 -4.560263, -7 -4.560263, -7.014539 -4.55991, -7.029043 -4.558854, -7.043479 -4.557095, -7.057813 -4.55464, -7.072011 -4.551492, -7.08604 -4.54766, -7.099867 -4.543153, -7.113459 -4.53798, -7.126785 -4.532156, -7.139812 -4.525692, -7.152511 -4.518604, -7.164852 -4.51091, -7.176805 -4.502626, -7.188343 -4.493773, -7.199438 -4.484371, -7.210064 -4.474443, -7.220197 -4.464011, -7.229812 -4.453101, -7.238887 -4.441737, -7.247401 -4.429947, -7.255334 -4.417758, -7.262666 -4.405199, -7.269382 -4.392299, -7.275464 -4.379089, -7.280899 -4.3656))",data/renders/procedural/trapezoid_01_socket_v1.png,data/renders/procedural/trapezoid_01_socket_v2.png,054c56e5b955bc45,327770897f365ae4
trapezoid_02,catalog,"POLYGON ((-8.291043 -4.237165, -10.291043 3.762835, -10.294262 3.7772, -10.296772 3.791705, -10.298568 3.806316, -10.299645 3.820998, -10.3 3.835715, -10.299633 3.850431, -10.298544 3.865112, -10.296737 3.879722, -10.294215 3.894225, -10.290985 3.908587, -10.287054 3.922774, -10.282432 3.93675, -10.27713 3.950483, -10.27116 3.96394, -10.264538 3.977087, -10.257278 3.989894, -10.2494 4.002329, -10.24092 4.014362, -10.231861 4.025966, -10.222243 4.03711, -10.21209 4.04777, -10.201426 4.057919, -10.190278 4.067532, -10.178671 4.076587, -10.166634 4.085062, -10.154196 4.092935, -10.141386 4.10019, -10.128236 4.106807, -10.114778 4.112771, -10.101042 4.118068, -10.087064 4.122684, -10.072876 4.12661, -10.058513 4.129834, -10.044008 4.13235, -10.029398 4.134152, -10.014717 4.135235, -10 4.135596, 10 4.135596, 10.014717 4.135235, 10.029398 4.134152, 10.044008 4.13235, 10.058513 4.129834, 10.072876 4.12661, 10.087064 4.122684, 10.101042 4.118068, 10.114778 4.112771, 10.128236 4.106807, 10.141386 4.10019, 10.154196 4.092935, 10.166634 4.085062, 10.178671 4.076587, 10.190278 4.067532, 10.201426 4.057919, 10.21209 4.04777, 10.222243 4.03711, 10.231861 4.025966, 10.24092 4.014362, 10.2494 4.002329, 10.257278 3.989894, 10.264538 3.977087, 10.27116 3.96394, 10.27713 3.950483, 10.282432 3.93675, 10.287054 3.922774, 10.290985 3.908587, 10.294215 3.894225, 10.296737 3.879722, 10.298544 3.865112, 10.299633 3.850431, 10.3 3.835715, 10.299645 3.820998, 10.298568 3.806316, 10.296772 3.791705, 10.294262 3.7772, 10.291043 3.762835, 8.291043 -4.237165, 8.287121 -4.251363, 8.282506 -4.265351, 8.277211 -4.279096, 8.271247 -4.292565, 8.264629 -4.305724, 8.257374 -4.318543, 8.249497 -4.33099, 8.24102 -4.343036, 8.231961 -4.354651, 8.222343 -4.365808, 8.21219 -4.376479, 8.201524 -4.386638, 8.190373 -4.396262, 8.178763 -4.405327, 8.166722 -4.413811, 8.154279 -4.421694, 8.141464 -4.428956, 8.128308 -4.435581, 8.114843 -4.441552, 8.101101 -4.446855, 8.087115 -4.451477, 8.072919 -4.455407, 8.058547 -4.458636, 8.044034 -4.461155, 8.029415 -4.462959, 8.014725 -4.464042, 8 -4.464404, -8 -4.464404, -8.014725 -4.464042, -8.029415 -4.462959, -8.044034 -4.461155, -8.058547 -4.458636, -8.072919 -4.455407, -8.087115 -4.451477, -8.101101 -4.446855, -8.114843 -4.441552, -8.128308 -4.435581, -8.141464 -4.428956, -8.154279 -4.421694, -8.166722 -4.413811, -8.178763 -4.405327, -8.190373 -4.396262, -8.201524 -4.386638, -8.21219 -4.376479, -8.222343 -4.365808, -8.231961 -4.354651, -8.24102 -4.343036, -8.249497 -4.33099, -8.257374 -4.318543, -8.264629 -4.305724, -8.271247 -4.292565, -8.277211 -4.279096, -8.282506 -4.265351, -8.287121 -4.251363, -8.291043 -4.237165))",data/renders/procedural/trapezoid_02_socket_v1.png,data/renders/procedural/trapezoid_02_socket_v2.png,4904a3df3fa194ab,b8ee71a6fd4d6910
trapezoid_03,catalog,"POLYGON ((-6.291043 -4.282182, -8.291043 3.717818, -8.294262 3.732183, -8.296772 3.746688, -8.298568 3.761299, -8.299645 3.775981, -8.3 3.790698, -8.299633 3.805414, -8.298544 3.820095, -8.296737 3.834705, -8.294215 3.849208, -8.290985 3.86357, -8.287054 3.877757, -8.282432 3.891733, -8.27713 3.905466, -8.27116 3.918923, -8.264538 3.93207, -8.257278 3.944877, -8.2494 3.957312, -8.24092 3.969345, -8.231861 3.980949, -8.222243 3.992093, -8.21209 4.002753, -8.201426 4.012902, -8.190278 4.022515, -8.178671 4.03157, -8.166634 4.040045, -8.154196 4.047918, -8.141386 4.055173, -8.128236 4.06179, -8.114778 4.067754, -8.101042 4.073051, -8.087064 4.077667, -8.072876 4.081593, -8.058513 4.084817, -8.044008 4.087333, -8.029398 4.089135, -8.014717 4.090218, -8 4.090579, 8 4.090579, 8.014717 4.090218, 8.029398 4.089135, 8.044008 4.087333, 8.058513 4.084817, 8.072876 4.081593, 8.087064 4.077667, 8.101042 4.073051, 8.114778 4.067754, 8.128236 4.06179, 8.141386 4.055173, 8.154196 4.047918, 8.166634 4.040045, 8.178671 4.03157, 8.190278 4.022515, 8.201426 4.012902, 8.21209 4.002753, 8.222243 3.992093, 8.231861 3.980949, 8.24092 3.969345, 8.2494 3.957312, 8.257278 3.944877, 8.264538 3.93207, 8.27116 3.918923, 8.27713 3.905466, 8.282432 3.891733, 8.287054 3.877757, 8.290985 3.86357, 8.294215 3.849208, 8.296737 3.834705, 8.298544 3.820095, 8.299633 3.805414, 8.3 3.790698, 8.299645 3.775981, 8.298568 3.761299, 8.296772 3.746688, 8.294262 3.732183, 8.291043 3.717818, 6.291043 -4.282182, 6.287121 -4.29638, 6.282506 -4.310368, 6.277211 -4.324113, 6.271247 -4.337582, 6.264629 -4.350741, 6.257374 -4.36356, 6.249497 -4.376007, 6.24102 -4.388053, 6.231961 -4.399668, 6.222343 -4.410825, 6.21219 -4.421496, 6.201524 -4.431655, 6.190373 -4.441279, 6.178763 -4.450344, 6.166722 -4.458828, 6.154279 -4.466711, 6.141464 -4.473973, 6.128308 -4.480598, 6.114843 -4.486569, 6.101101 -4.491872, 6.087115 -4.496494, 6.072919 -4.500424, 6.058547 -4.503653, 6.044034 -4.506172, 6.029415 -4.507976, 6.014725 -4.509059, 6 -4.509421, -6 -4.509421, -6.014725 -4.509059, -6.029415 -4.507976, -6.044034 -4.506172, -6.058547 -4.503653, -6.072919 -4.500424, -6.087115 -4.496494, -6.101101 -4.491872, -6.114843 -4.486569, -6.128308 -4.480598, -6.141464 -4.473973, -6.154279 -4.466711, -6.166722 -4.458828, -6.178763 -4.450344, -6.190373 -4.441279, -6.201524 -4.431655, -6.21219 -4.421496, -6.222343 -4.410825, -6.231961 -4.399668, -6.24102 -4.388053, -6.249497 -4.376007, -6.257374 -4.36356, -6.264629 -4.350741, -6.271247 -4.337582, -6.277211 -4.324113, -6.282506 -4.310368, -6.287121 -4.29638, -6.291043 -4.282182))",data/renders/procedural/trapezoid_03_socket_v1.png,data/renders/procedural/trapezoid_03_socket_v2.png,da4bbb72ead9a468,c8a58428dc101b96
trapezoid_03_shrunk0.20,shrunk,"POLYGON ((-5.843845 -3.977121, -7.743845 3.622879, 7.743845 3.622879, 5.843845 -3.977121, -5.843845 -3.977121))",data/renders/blocks/trapezoid_03_shrunk0.20_socket_v1.png,data/renders/blocks/trapezoid_03_shrunk0.20_socket_v2.png,de722a14df5887ea,482e8d606af4a706
tube_01,catalog,"POLYGON ((7.291478 -0.350836, 7.290755 -0.365543, 7.26548 -0.708189, 7.264037 -0.722843, 7.221979 -1.063837, 7.219819 -1.078402, 7.16108 -1.416921, 7.158208 -1.431363, 7.082929 -1.766592, 7.079352 -1.780875, 6.987715 -2.112007, 6.983441 -2.126097, 6.875667 -2.452333, 6.870706 -2.466197, 6.747055 -2.786753, 6.74142 -2.800356, 6.602188 -3.114458, 6.595892 -3.127769, 6.441416 -3.434661, 6.434475 -3.447647, 6.265126 -3.746589, 6.257556 -3.759218, 6.073743 -4.049491, 6.065563 -4.061734, 5.867728 -4.342638, 5.858957 -4.354465, 5.647577 -4.625322, 5.638236 -4.636705, 5.413821 -4.896865, 5.403932 -4.907775, 5.167022 -5.15661, 5.15661 -5.167022, 4.907775 -5.403932, 4.896865 -5.413821, 4.636705 -5.638236, 4.625322 -5.647577, 4.354465 -5.858957, 4.342638 -5.867728, 4.061734 -6.065563, 4.049491 -6.073743, 3.759218 -6.257556, 3.746589 -6.265126, 3.447647 -6.434475, 3.434661 -6.441416, 3.127769 -6.595892, 3.114458 -6.602188, 2.800356 -6.74142, 2.786753 -6.747055, 2.466197 -6.870706, 2.452333 -6.875667, 2.126097 -6.983441, 2.112007 -6.987715, 1.780875 -7.079352, 1.766592 -7.082929, 1.431363 -7.158208, 1.416921 -7.16108, 1.078402 -7.219819, 1.063837 -7.221979, 0.722843 -7.264037, 0.708189 -7.26548, 0.365543 -7.290755, 0.350836 -7.291478, 0.007362 -7.29991, -0.007362 -7.29991, -0.350836 -7.291478, -0.365543 -7.290755, -0.708189 -7.26548, -0.722843 -7.264037, -1.063837 -7.221979, -1.078402 -7.219819, -1.416921 -7.16108, -1.431363 -7.158208, -1.766592 -7.082929, -1.780875 -7.079352, -2.112007 -6.987715, -2.126097 -6.983441, -2.452333 -6.875667, -2.466197 -6.870706, -2.786753 -6.747055, -2.800356 -6.74142, -3.114458 -6.602188, -3.127769 -6.595892, -3.434661 -6.441416, -3.447647 -6.434475, -3.746589 -6.265126, -3.759218 -6.257556, -4.049491 -6.073743, -4.061734 -6.065563, -4.342638 -5.867728, -4.354465 -5.858957, -4.625322 -5.647577, -4.636705 -5.638236, -4.896865 -5.413821, -4.907775 -5.403932, -5.15661 -5.167022, -5.167022 -5.15661, -5.403932 -4.907775, -5.413821 -4.896865, -5.638236 -4.636705, -5.647577 -4.625322, -5.858957 -4.354465, -5.867728 -4.342638, -6.065563 -4.061734, -6.073743 -4.049491, -6.257556 -3.759218, -6.265126 -3.746589, -6.434475 -3.447647, -6.441416 -3.434661, -6.595892 -3.127769, -6.602188 -3.114458, -6.74142 -2.800356, -6.747055 -2.786753, -6.870706 -2.466197, -6.875667 -2.452333, -6.983441 -2.126097, -6.987715 -2.112007, -7.079352 -1.780875, -7.082929 -1.766592, -7.158208 -1.431363, -7.16108 -1.416921, -7.219819 -1.078402, -7.221979 -1.063837, -7.264037 -0.722843, -7.26548 -0.708189, -7.290755 -0.365543, -7.291478 -0.350836, -7.29991 -0.007362, -7.29991 0.007362, -7.291478 0.350836, -7.290755 0.365543, -7.26548 0.708189, -7.264037 0.722843, -7.221979 1.063837, -7.219819 1.078402, -7.16108 1.416921, -7.158208 1.431363, -7.082929 1.766592, -7.079352 1.780875, -6.987715 2.112007, -6.983441 2.126097, -6.875667 2.452333, -6.870706 2.466197, -6.747055 2.786753, -6.74142 2.800356, -6.602188 3.114458, -6.595892 3.127769, -6.441416 3.434661, -6.434475 3.447647, -6.265126 3.746589, -6.257556 3.759218, -6.073743 4.049491, -6.065563 4.061734, -5.867728 4.342638, -5.858957 4.354465, -5.647577 4.625322, -5.638236 4.636705, -5.413821 4.896865, -5.403932 4.907775, -5.167022 5.15661, -5.15661 5.167022, -4.907775 5.403932, -4.896865 5.413821, -4.636705 5.638236, -4.625322 5.647577, -4.354465 5.858957, -4.342638 5.867728, -4.061734 6.065563, -4.049491 6.073743, -3.759218 6.257556, -3.746589 6.265126, -3.447647 6.434475, -3.434661 6.441416, -3.127769 6.595892, -3.114458 6.602188, -2.800356 6.74142, -2.786753 6.747055, -2.466197 6.870706, -2.452333 6.875667, -2.126097 6.983441, -2.112007 6.987715, -1.780875 7.079352, -1.766592 7.082929, -1.431363 7.158208, -1.416921 7.16108, -1.078402 7.219819, -1.063837 7.221979, -0.722843 7.264037, -0.708189 7.26548, -0.365543 7.290755, -0.350836 7.291478, -0.007362 7.29991, 0.007362 7.29991, 0.350836 7.291478, 0.365543 7.290755, 0.708189 7.26548, 0.722843 7.264037, 1.063837 7.221979, 1.078402 7.219819, 1.416921 7.16108, 1.431363 7.158208, 1.766592 7.082929, 1.780875 7.079352, 2.112007 6.987715, 2.126097 6.983441, 2.452333 6.875667, 2.466197 6.870706, 2.786753 6.747055, 2.800356 6.74142, 3.114458 6.602188, 3.127769 6.595892, 3.434661 6.441416, 3.447647 6.434475, 3.746589 6.265126, 3.759218 6.257556, 4.049491 6.073743, 4.061734 6.065563, 4.342638 5.867728, 4.354465 5.858957, 4.625322 5.647577, 4.636705 5.638236, 4.896865 5.413821, 4.907775 5.403932, 5.15661 5.167022, 5.167022 5.15661, 5.403932 4.907775, 5.413821 4.896865, 5.638236 4.636705, 5.647577 4.625322, 5.858957 4.354465, 5.867728 4.342638, 6.065563 4.061734, 6.073743 4.049491, 6.257556 3.759218, 6.265126 3.746589, 6.434475 3.447647, 6.441416 3.434661, 6.595892 3.127769, 6.602188 3.114458, 6.74142 2.800356, 6.747055 2.786753, 6.870706 2.466197, 6.875667 2.452333, 6.983441 2.126097, 6.987715 2.112007, 7.079352 1.780875, 7.082929 1.766592, 7.158208 1.431363, 7.16108 1.416921, 7.219819 1.078402, 7.221979 1.063837, 7.264037 0.722843, 7.26548 0.708189, 7.290755 0.365543, 7.291478 0.350836, 7.29991 0.007362, 7.29991 -0.007362, 7.291478 -0.350836), (2.696657 0.132478, 2.686909 0.264637, 2.670687 0.396159, 2.648032 0.526726, 2.618997 0.656025, 2.583652 0.783742, 2.542084 0.909572, 2.494391 1.033211, 2.440689 1.15436, 2.381108 1.272729, 2.31579 1.388031, 2.244893 1.499989, 2.168588 1.608334, 2.087058 1.712805, 2.000501 1.813148, 1.909124 1.909124, 1.813148 2.000501, 1.712805 2.087058, 1.608334 2.168588, 1.499989 2.244893, 1.388031 2.31579, 1.272729 2.381108, 1.15436 2.440689, 1.033211 2.494391, 0.909572 2.542084, 0.783742 2.583652, 0.656025 2.618997, 0.526726 2.648032, 0.396159 2.670687, 0.264637 2.686909, 0.132478 2.696657, 1.071103e-15 2.69991, -0.132478 2.696657, -0.264637 2.686909, -0.396159 2.670687, -0.526726 2.648032, -0.656025 2.618997, -0.783742 2.583652, -0.909572 2.542084, -1.033211 2.494391, -1.15436 2.440689, -1.272729 2.381108, -1.388031 2.31579, -1.499989 2.244893, -1.608334 2.168588, -1.712805 2.087058, -1.813148 2.000501, -1.909124 1.909124, -2.000501 1.813148, -2.087058 1.712805, -2.168588 1.608334, -2.244893 1.499989, -2.31579 1.388031, -2.381108 1.272729, -2.440689 1.15436, -2.494391 1.033211, -2.542084 0.909572, -2.583652 0.783742, -2.618997 0.656025, -2.648032 0.526726, -2.670687 0.396159, -2.686909 0.264637, -2.696657 0.132478, -2.69991 1.021499e-15, -2.696657 -0.132478, -2.686909 -0.264637, -2.670687 -0.396159, -2.648032 -0.526726, -2.618997 -0.656025, -2.583652 -0.783742, -2.542084 -0.909572, -2.494391 -1.033211, -2.440689 -1.15436, -2.381108 -1.272729, -2.31579 -1.388031, -2.244893 -1.499989, -2.168588 -1.608334, -2.087058 -1.712805, -2.000501 -1.813148, -1.909124 -1.909124, -1.813148 -2.000501, -1.712805 -2.087058, -1.608334 -2.168588, -1.499989 -2.244893, -1.388031 -2.31579, -1.272729 -2.381108, -1.15436 -2.440689, -1.033211 -2.494391, -0.909572 -2.542084, -0.783742 -2.583652, -0.656025 -2.618997, -0.526726 -2.648032, -0.396159 -2.670687, -0.264637 -2.686909, -0.132478 -2.696657, -7.902315e-15 -2.69991, 0.132478 -2.696657, 0.264637 -2.686909, 0.396159 -2.670687, 0.526726 -2.648032, 0.656025 -2.618997, 0.783742 -2.583652, 0.909572 -2.542084, 1.033211 -2.494391, 1.15436 -2.440689, 1.272729 -2.381108, 1.388031 -2.31579, 1.499989 -2.244893, 1.608334 -2.168588, 1.712805 -2.087058, 1.813148 -2.000501, 1.909124 -1.909124, 2.000501 -1.813148, 2.087058 -1.712805, 2.168588 -1.608334, 2.244893 -1.499989, 2.31579 -1.388031, 2.381108 -1.272729, 2.440689 -1.15436, 2.494391 -1.033211, 2.542084 -0.909572, 2.583652 -0.783742, 2.618997 -0.656025, 2.648032 -0.526726, 2.670687 -0.396159, 2.686909 -0.264637, 2.696657 -0.132478, 2.69991 1.06804e-15, 2.696657 0.132478))",data/renders/procedural/tube_01_socket_v1.png,data/renders/procedural/tube_01_socket_v2.png,f9c2cc13b184dd1b,669d3903571a33d0
tube_01_shrunk0.20,shrunk,"POLYGON ((6.791749 -0.333657, 6.767196 -0.666511, 6.726341 -0.997758, 6.669281 -1.326602, 6.596154 -1.652251, 6.507137 -1.973918, 6.402443 -2.290831, 6.282325 -2.602224, 6.147073 -2.907349, 5.997011 -3.205469, 5.832503 -3.495868, 5.653943 -3.777844, 5.461763 -4.050719, 5.256425 -4.313836, 5.038423 -4.56656, 4.808284 -4.808284, 4.56656 -5.038423, 4.313836 -5.256425, 4.050719 -5.461763, 3.777844 -5.653943, 3.495868 -5.832503, 3.205469 -5.997011, 2.907349 -6.147073, 2.602224 -6.282325, 2.290831 -6.402443, 1.973918 -6.507137, 1.652251 -6.596154, 1.326602 -6.669281, 0.997758 -6.726341, 0.666511 -6.767196, 0.333657 -6.791749, 3.980423e-16 -6.79994, -0.333657 -6.791749, -0.666511 -6.767196, -0.997758 -6.726341, -1.326602 -6.669281, -1.652251 -6.596154, -1.973918 -6.507137, -2.290831 -6.402443, -2.602224 -6.282325, -2.907349 -6.147073, -3.205469 -5.997011, -3.495868 -5.832503, -3.777844 -5.653943, -4.050719 -5.461763, -4.313836 -5.256425, -4.56656 -5.038423, -4.808284 -4.808284, -5.038423 -4.56656, -5.256425 -4.313836, -5.461763 -4.050719, -5.653943 -3.777844, -5.832503 -3.495868, -5.997011 -3.205469, -6.147073 -2.907349, -6.282325 -2.602224, -6.402443 -2.290831, -6.507137 -1.973918, -6.596154 -1.652251, -6.669281 -1.326602, -6.726341 -0.997758, -6.767196 -0.666511, -6.791749 -0.333657, -6.79994 -1.22614e-15, -6.791749 0.333657, -6.767196 0.666511, -6.726341 0.997758, -6.669281 1.326602, -6.596154 1.652251, -6.507137 1.973918, -6.402443 2.290831, -6.282325 2.602224, -6.147073 2.907349, -5.997011 3.205469, -5.832503 3.495868, -5.653943 3.777844, -5.461763 4.050719, -5.256425 4.313836, -5.038423 4.56656, -4.808284 4.808284, -4.56656 5.038423, -4.313836 5.256425, -4.050719 5.461763, -3.777844 5.653943, -3.495868 5.832503, -3.205469 5.997011, -2.907349 6.147073, -2.602224 6.282325, -2.290831 6.402443, -1.973918 6.507137, -1.652251 6.596154, -1.326602 6.669281, -0.997758 6.726341, -0.666511 6.767196, -0.333657 6.791749, 3.499398e-16 6.79994, 0.333657 6.791749, 0.666511 6.767196, 0.997758 6.726341, 1.326602 6.669281, 1.652251 6.596154, 1.973918 6.507137, 2.290831 6.402443, 2.602224 6.282325, 2.907349 6.147073, 3.205469 5.997011, 3.495868 5.832503, 3.777844 5.653943, 4.050719 5.461763, 4.313836 5.256425, 4.56656 5.038423, 4.808284 4.808284, 5.038423 4.56656, 5.256425 4.313836, 5.461763 4.050719, 5.653943 3.777844, 5.832503 3.495868, 5.997011 3.205469, 6.147073 2.907349, 6.282325 2.602224, 6.402443 2.290831, 6.507137 1.973918, 6.596154 1.652251, 6.669281 1.326602, 6.726341 0.997758, 6.767196 0.666511, 6.791749 0.333657, 6.79994 -1.195313e-15, 6.791749 -0.333657), (3.196326 0.152111, 3.195844 0.161916, 3.185012 0.308764, 3.18405 0.318534, 3.166025 0.464674, 3.164585 0.474384, 3.139411 0.619463, 3.137496 0.629091, 3.105234 0.772761, 3.102849 0.782283, 3.063576 0.924197, 3.060727 0.93359, 3.014538 1.073406, 3.011231 1.082649, 2.958237 1.220029, 2.954481 1.229099, 2.89481 1.363714, 2.890613 1.372588, 2.824409 1.504112, 2.819781 1.51277, 2.747203 1.640888, 2.742157 1.649308, 2.66338 1.77371, 2.657926 1.781872, 2.57314 1.90226, 2.567292 1.910144, 2.476701 2.026226, 2.470473 2.033814, 2.374295 2.145311, 2.367703 2.152585, 2.26617 2.259228, 2.259228 2.26617, 2.152585 2.367703, 2.145311 2.374295, 2.033814 2.470473, 2.026226 2.476701, 1.910144 2.567292, 1.90226 2.57314, 1.781872 2.657926, 1.77371 2.66338, 1.649308 2.742157, 1.640888 2.747203, 1.51277 2.819781, 1.504112 2.824409, 1.372588 2.890613, 1.363714 2.89481, 1.229099 2.954481, 1.220029 2.958237, 1.082649 3.011231, 1.073406 3.014538, 0.93359 3.060727, 0.924197 3.063576, 0.782283 3.102849, 0.772761 3.105234, 0.629091 3.137496, 0.619463 3.139411, 0.474384 3.164585, 0.464674 3.166025, 0.318534 3.18405, 0.308764 3.185012, 0.161916 3.195844, 0.152111 3.196326, 0.004908 3.19994, -0.004908 3.19994, -0.152111 3.196326, -0.161916 3.195844, -0.308764 3.185012, -0.318534 3.18405, -0.464674 3.166025, -0.474384 3.164585, -0.619463 3.139411, -0.629091 3.137496, -0.772761 3.105234, -0.782283 3.102849, -0.924197 3.063576, -0.93359 3.060727, -1.073406 3.014538, -1.082649 3.011231, -1.220029 2.958237, -1.229099 2.954481, -1.363714 2.89481, -1.372588 2.890613, -1.504112 2.824409, -1.51277 2.819781, -1.640888 2.747203, -1.649308 2.742157, -1.77371 2.66338, -1.781872 2.657926, -1.90226 2.57314, -1.910144 2.567292, -2.026226 2.476701, -2.033814 2.470473, -2.145311 2.374295, -2.152585 2.367703, -2.259228 2.26617, -2.26617 2.259228, -2.367703 2.152585, -2.374295 2.145311, -2.470473 2.033814, -2.476701 2.026226, -2.567292 1.910144, -2.57314 1.90226, -2.657926 1.781872, -2.66338 1.77371, -2.742157 1.649308, -2.747203 1.640888, -2.819781 1.51277, -2.824409 1.504112, -2.890613 1.372588, -2.89481 1.363714, -2.954481 1.229099, -2.958237 1.220029, -3.011231 1.082649, -3.014538 1.073406, -3.060727 0.93359, -3.063576 0.924197, -3.102849 0.782283, -3.105234 0.772761, -3.137496 0.629091, -3.139411 0.619463, -3.164585 0.474384, -3.166025 0.464674, -3.18405 0.318534, -3.185012 0.308764, -3.195844 0.161916, -3.196326 0.152111, -3.19994 0.004908, -3.19994 -0.004908, -3.196326 -0.152111, -3.195844 -0.161916, -3.185012 -0.308764, -3.18405 -0.318534, -3.166025 -0.464674, -3.164585 -0.474384, -3.139411 -0.619463, -3.137496 -0.629091, -3.105234 -0.772761, -3.102849 -0.782283, -3.063576 -0.924197, -3.060727 -0.93359, -3.014538 -1.073406, -3.011231 -1.082649, -2.958237 -1.220029, -2.954481 -1.229099, -2.89481 -1.363714, -2.890613 -1.372588, -2.824409 -1.504112, -2.819781 -1.51277, -2.747203 -1.640888, -2.742157 -1.649308, -2.66338 -1.77371, -2.657926 -1.781872, -2.57314 -1.90226, -2.567292 -1.910144, -2.476701 -2.026226, -2.470473 -2.033814, -2.374295 -2.145311, -2.367703 -2.152585, -2.26617 -2.259228, -2.259228 -2.26617, -2.152585 -2.367703, -2.145311 -2.374295, -2.033814 -2.470473, -2.026226 -2.476701, -1.910144 -2.567292, -1.90226 -2.57314, -1.781872 -2.657926, -1.77371 -2.66338, -1.649308 -2.742157, -1.640888 -2.747203, -1.51277 -2.819781, -1.504112 -2.824409, -1.372588 -2.890613, -1.363714 -2.89481, -1.229099 -2.954481, -1.220029 -2.958237, -1.082649 -3.011231, -1.073406 -3.014538, -0.93359 -3.060727, -0.924197 -3.063576, -0.782283 -3.102849, -0.772761 -3.105234, -0.629091 -3.137496, -0.619463 -3.139411, -0.474384 -3.164585, -0.464674 -3.166025, -0.318534 -3.18405, -0.308764 -3.185012, -0.161916 -3.195844, -0.152111 -3.196326, -0.004908 -3.19994, 0.004908 -3.19994, 0.152111 -3.196326, 0.161916 -3.195844, 0.308764 -3.185012, 0.318534 -3.18405, 0.464674 -3.166025, 0.474384 -3.164585, 0.619463 -3.139411, 0.629091 -3.137496, 0.772761 -3.105234, 0.782283 -3.102849, 0.924197 -3.063576, 0.93359 -3.060727, 1.073406 -3.014538, 1.082649 -3.011231, 1.220029 -2.958237, 1.229099 -2.954481, 1.363714 -2.89481, 1.372588 -2.890613, 1.504112 -2.824409, 1.51277 -2.819781, 1.640888 -2.747203, 1.649308 -2.742157, 1.77371 -2.66338, 1.781872 -2.657926, 1.90226 -2.57314, 1.910144 -2.567292, 2.026226 -2.476701, 2.033814 -2.470473, 2.145311 -2.374295, 2.152585 -2.367703, 2.259228 -2.26617, 2.26617 -2.259228, 2.367703 -2.152585, 2.374295 -2.145311, 2.470473 -2.033814, 2.476701 -2.026226, 2.567292 -1.910144, 2.57314 -1.90226, 2.657926 -1.781872, 2.66338 -1.77371, 2.742157 -1.649308, 2.747203 -1.640888, 2.819781 -1.51277, 2.824409 -1.504112, 2.890613 -1.372588, 2.89481 -1.363714, 2.954481 -1.229099, 2.958237 -1.220029, 3.011231 -1.082649, 3.014538 -1.073406, 3.060727 -0.93359, 3.063576 -0.924197, 3.102849 -0.782283, 3.105234 -0.772761, 3.137496 -0.629091, 3.139411 -0.619463, 3.164585 -0.474384, 3.166025 -0.464674, 3.18405 -0.318534, 3.185012 -0.308764, 3.195844 -0.161916, 3.196326 -0.152111, 3.19994 -0.004908, 3.19994 0.004908, 3.196326 0.152111))",data/renders/blocks/tube_01_shrunk0.20_socket_v1.png,data/renders/blocks/tube_01_shrunk0.20_socket_v2.png,87e7febd0345e506,160a2514eeec7e62
tube_02,catalog,"POLYGON ((7.291478 -0.350836, 7.290755 -0.365543, 7.26548 -0.708189, 7.264037 -0.722843, 7.221979 -1.063837, 7.219819 -1.078402, 7.16108 -1.416921, 7.158208 -1.431363, 7.082929 -1.766592, 7.079352 -1.780875, 6.987715 -2.112007, 6.983441 -2.126097, 6.875667 -2.452333, 6.870706 -2.466197, 6.747055 -2.786753, 6.74142 -2.800356, 6.602188 -3.114458, 6.595892 -3.127769, 6.441416 -3.434661, 6.434475 -3.447647, 6.265126 -3.746589, 6.257556 -3.759218, 6.073743 -4.049491, 6.065563 -4.061734, 5.867728 -4.342638, 5.858957 -4.354465, 5.647577 -4.625322, 5.638236 -4.636705, 5.413821 -4.896865, 5.403932 -4.907775, 5.167022 -5.15661, 5.15661 -5.167022, 4.907775 -5.403932, 4.896865 -5.413821, 4.636705 -5.638236, 4.625322 -5.647577, 4.354465 -5.858957, 4.342638 -5.867728, 4.061734 -6.065563, 4.049491 -6.073743, 3.759218 -6.257556, 3.746589 -6.265126, 3.447647 -6.434475, 3.434661 -6.441416, 3.127769 -6.595892, 3.114458 -6.602188, 2.800356 -6.74142, 2.786753 -6.747055, 2.466197 -6.870706, 2.452333 -6.875667, 2.126097 -6.983441, 2.112007 -6.987715, 1.780875 -7.079352, 1.766592 -7.082929, 1.431363 -7.158208, 1.416921 -7.16108, 1.078402 -7.219819, 1.063837 -7.221979, 0.722843 -7.264037, 0.708189 -7.26548, 0.365543 -7.290755, 0.350836 -7.291478, 0.007362 -7.29991, -0.007362 -7.29991, -0.350836 -7.291478, -0.365543 -7.290755, -0.708189 -7.26548, -0.722843 -7.264037, -1.063837 -7.221979, -1.078402 -7.219819, -1.416921 -7.16108, -1.431363 -7.158208, -1.766592 -7.082929, -1.780875 -7.079352, -2.112007 -6.987715, -2.126097 -6.983441, -2.452333 -6.875667, -2.466197 -6.870706, -2.786753 -6.747055, -2.800356 -6.74142, -3.114458 -6.602188, -3.127769 -6.595892, -3.434661 -6.441416, -3.447647 -6.434475, -3.746589 -6.265126, -3.759218 -6.257556, -4.049491 -6.073743, -4.061734 -6.065563, -4.342638 -5.867728, -4.354465 -5.858957, -4.625322 -5.647577, -4.636705 -5.638236, -4.896865 -5.413821, -4.907775 -5.403932, -5.15661 -5.167022, -5.167022 -5.15661, -5.403932 -4.907775, -5.413821 -4.896865, -5.638236 -4.636705, -5.647577 -4.625322, -5.858957 -4.354465, -5.867728 -4.342638, -6.065563 -4.061734, -6.073743 -4.049491, -6.257556 -3.759218, -6.265126 -3.746589, -6.434475 -3.447647, -6.441416 -3.434661, -6.595892 -3.127769, -6.602188 -3.114458, -6.74142 -2.800356, -6.747055 -2.786753, -6.870706 -2.466197, -6.875667 -2.452333, -6.983441 -2.126097, -6.987715 -2.112007, -7.079352 -1.780875, -7.082929 -1.766592, -7.158208 -1.431363, -7.16108 -1.416921, -7.219819 -1.078402, -7.221979 -1.063837, -7.264037 -0.722843, -7.26548 -0.708189, -7.290755 -0.365543, -7.291478 -0.350836, -7.29991 -0.007362, -7.29991 0.007362, -7.291478 0.350836, -7.290755 0.365543, -7.26548 0.708189, -7.264037 0.722843, -7.221979 1.063837, -7.219819 1.078402, -7.16108 1.416921, -7.158208 1.431363, -7.082929 1.766592, -7.079352 1.780875, -6.987715 2.112007, -6.983441 2.126097, -6.875667 2.452333, -6.870706 2.466197, -6.747055 2.786753, -6.74142 2.800356, -6.602188 3.114458, -6.595892 3.127769, -6.441416 3.434661, -6.434475 3.447647, -6.265126 3.746589, -6.257556 3.759218, -6.073743 4.049491, -6.065563 4.061734, -5.867728 4.342638, -5.858957 4.354465, -5.647577 4.625322, -5.638236 4.636705, -5.413821 4.896865, -5.403932 4.907775, -5.167022 5.15661, -5.15661 5.167022, -4.907775 5.403932, -4.896865 5.413821, -4.636705 5.638236, -4.625322 5.647577, -4.354465 5.858957, -4.342638 5.867728, -4.061734 6.065563, -4.049491 6.073743, -3.759218 6.257556, -3.746589 6.265126, -3.447647 6.434475, -3.434661 6.441416, -3.127769 6.595892, -3.114458 6.602188, -2.800356 6.74142, -2.786753 6.747055, -2.466197 6.870706, -2.452333 6.875667, -2.126097 6.983441, -2.112007 6.987715, -1.780875 7.079352, -1.766592 7.082929, -1.431363 7.158208, -1.416921 7.16108, -1.078402 7.219819, -1.063837 7.221979, -0.722843 7.264037, -0.708189 7.26548, -0.365543 7.290755, -0.350836 7.291478, -0.007362 7.29991, 0.007362 7.29991, 0.350836 7.291478, 0.365543 7.290755, 0.708189 7.26548, 0.722843 7.264037, 1.063837 7.221979, 1.078402 7.219819, 1.416921 7.16108, 1.431363 7.158208, 1.766592 7.082929, 1.780875 7.079352, 2.112007 6.987715, 2.126097 6.983441, 2.452333 6.875667, 2.466197 6.870706, 2.786753 6.747055, 2.800356 6.74142, 3.114458 6.602188, 3.127769 6.595892, 3.434661 6.441416, 3.447647 6.434475, 3.746589 6.265126, 3.759218 6.257556, 4.049491 6.073743, 4.061734 6.065563, 4.342638 5.867728, 4.354465 5.858957, 4.625322 5.647577, 4.636705 5.638236, 4.896865 5.413821, 4.907775 5.403932, 5.15661 5.167022, 5.167022 5.15661, 5.403932 4.907775, 5.413821 4.896865, 5.638236 4.636705, 5.647577 4.625322, 5.858957 4.354465, 5.867728 4.342638, 6.065563 4.061734, 6.073743 4.049491, 6.257556 3.759218, 6.265126 3.746589, 6.434475 3.447647, 6.441416 3.434661, 6.595892 3.127769, 6.602188 3.114458, 6.74142 2.800356, 6.747055 2.786753, 6.870706 2.466197, 6.875667 2.452333, 6.983441 2.126097, 6.987715 2.112007, 7.079352 1.780875, 7.082929 1.766592, 7.158208 1.431363, 7.16108 1.416921, 7.219819 1.078402, 7.221979 1.063837, 7.264037 0.722843, 7.26548 0.708189, 7.290755 0.365543, 7.291478 0.350836, 7.29991 0.007362, 7.29991 -0.007362, 7.291478 -0.350836), (4.194851 0.20608, 4.179686 0.411663, 4.154452 0.616255, 4.11921 0.819362, 4.074044 1.020495, 4.019063 1.219169, 3.9544 1.414907, 3.880211 1.607236, 3.796673 1.795693, 3.70399 1.979824, 3.602383 2.159185, 3.492097 2.333345, 3.373399 2.501883, 3.246574 2.664394, 3.111928 2.820487, 2.969785 2.969785, 2.820487 3.111928, 2.664394 3.246574, 2.501883 3.373399, 2.333345 3.492097, 2.159185 3.602383, 1.979824 3.70399, 1.795693 3.796673, 1.607236 3.880211, 1.414907 3.9544, 1.219169 4.019063, 1.020495 4.074044, 0.819362 4.11921, 0.616255 4.154452, 0.411663 4.179686, 0.20608 4.194851, 3.370554e-16 4.19991, -0.20608 4.194851, -0.411663 4.179686, -0.616255 4.154452, -0.819362 4.11921, -1.020495 4.074044, -1.219169 4.019063, -1.414907 3.9544, -1.607236 3.880211, -1.795693 3.796673, -1.979824 3.70399, -2.159185 3.602383, -2.333345 3.492097, -2.501883 3.373399, -2.664394 3.246574, -2.820487 3.111928, -2.969785 2.969785, -3.111928 2.820487, -3.246574 2.664394, -3.373399 2.501883, -3.492097 2.333345, -3.602383 2.159185, -3.70399 1.979824, -3.796673 1.795693, -3.880211 1.607236, -3.9544 1.414907, -4.019063 1.219169, -4.074044 1.020495, -4.11921 0.819362, -4.154452 0.616255, -4.179686 0.411663, -4.194851 0.20608, -4.19991 -8.136728e-16, -4.194851 -0.20608, -4.179686 -0.411663, -4.154452 -0.616255, -4.11921 -0.819362, -4.074044 -1.020495, -4.019063 -1.219169, -3.9544 -1.414907, -3.880211 -1.607236, -3.796673 -1.795693, -3.70399 -1.979824, -3.602383 -2.159185, -3.492097 -2.333345, -3.373399 -2.501883, -3.246574 -2.664394, -3.111928 -2.820487, -2.969785 -2.969785, -2.820487 -3.111928, -2.664394 -3.246574, -2.501883 -3.373399, -2.333345 -3.492097, -2.159185 -3.602383, -1.979824 -3.70399, -1.795693 -3.796673, -1.607236 -3.880211, -1.414907 -3.9544, -1.219169 -4.019063, -1.020495 -4.074044, -0.819362 -4.11921, -0.616255 -4.154452, -0.411663 -4.179686, -0.20608 -4.194851, 4.10214e-16 -4.19991, 0.20608 -4.194851, 0.411663 -4.179686, 0.616255 -4.154452, 0.819362 -4.11921, 1.020495 -4.074044, 1.219169 -4.019063, 1.414907 -3.9544, 1.607236 -3.880211, 1.795693 -3.796673, 1.979824 -3.70399, 2.159185 -3.602383, 2.333345 -3.492097, 2.501883 -3.373399, 2.664394 -3.246574, 2.820487 -3.111928, 2.969785 -2.969785, 3.111928 -2.820487, 3.246574 -2.664394, 3.373399 -2.501883, 3.492097 -2.333345, 3.602383 -2.159185, 3.70399 -1.979824, 3.796673 -1.795693, 3.880211 -1.607236, 3.9544 -1.414907, 4.019063 -1.219169, 4.074044 -1.020495, 4.11921 -0.819362, 4.154452 -0.616255, 4.179686 -0.411663, 4.194851 -0.20608, 4.19991 -7.647462e-16, 4.194851 0.20608))",data/renders/procedural/tube_02_socket_v1.png,data/renders/procedural/tube_02_socket_v2.png,566b8e16c9dd3473,13d51fe8239d6803
tube_02_shrunk0.20,shrunk,"POLYGON ((6.791749 -0.333657, 6.767196 -0.666511, 6.726341 -0.997758, 6.669281 -1.326602, 6.596154 -1.652251, 6.507137 -1.973918, 6.402443 -2.290831, 6.282325 -2.602224, 6.147073 -2.907349, 5.997011 -3.205469, 5.832503 -3.495868, 5.653943 -3.777844, 5.461763 -4.050719, 5.256425 -4.313836, 5.038423 -4.56656, 4.808284 -4.808284, 4.56656 -5.038423, 4.313836 -5.256425, 4.050719 -5.461763, 3.777844 -5.653943, 3.495868 -5.832503, 3.205469 -5.997011, 2.907349 -6.147073, 2.602224 -6.282325, 2.290831 -6.402443, 1.973918 -6.507137, 1.652251 -6.596154, 1.326602 -6.669281, 0.997758 -6.726341, 0.666511 -6.767196, 0.333657 -6.791749, 1.157735e-15 -6.79994, -0.333657 -6.791749, -0.666511 -6.767196, -0.997758 -6.726341, -1.326602 -6.669281, -1.652251 -6.596154, -1.973918 -6.507137, -2.290831 -6.402443, -2.602224 -6.282325, -2.907349 -6.147073, -3.205469 -5.997011, -3.495868 -5.832503, -3.777844 -5.653943, -4.050719 -5.461763, -4.313836 -5.256425, -4.56656 -5.038423, -4.808284 -4.808284, -5.038423 -4.56656, -5.256425 -4.313836, -5.461763 -4.050719, -5.653943 -3.777844, -5.832503 -3.495868, -5.997011 -3.205469, -6.147073 -2.907349, -6.282325 -2.602224, -6.402443 -2.290831, -6.507137 -1.973918, -6.596154 -1.652251, -6.669281 -1.326602, -6.726341 -0.997758, -6.767196 -0.666511, -6.791749 -0.333657, -6.79994 -2.399023e-15, -6.791749 0.333657, -6.767196 0.666511, -6.726341 0.997758, -6.669281 1.326602, -6.596154 1.652251, -6.507137 1.973918, -6.402443 2.290831, -6.282325 2.602224, -6.147073 2.907349, -5.997011 3.205469, -5.832503 3.495868, -5.653943 3.777844, -5.461763 4.050719, -5.256425 4.313836, -5.038423 4.56656, -4.808284 4.808284, -4.56656 5.038423, -4.313836 5.256425, -4.050719 5.461763, -3.777844 5.653943, -3.495868 5.832503, -3.205469 5.997011, -2.907349 6.147073, -2.602224 6.282325, -2.290831 6.402443, -1.973918 6.507137, -1.652251 6.596154, -1.326602 6.669281, -0.997758 6.726341, -0.666511 6.767196, -0.333657 6.791749, 1.109633e-15 6.79994, 0.333657 6.791749, 0.666511 6.767196, 0.997758 6.726341, 1.326602 6.669281, 1.652251 6.596154, 1.973918 6.507137, 2.290831 6.402443, 2.602224 6.282325, 2.907349 6.147073, 3.205469 5.997011, 3.495868 5.832503, 3.777844 5.653943, 4.050719 5.461763, 4.313836 5.256425, 4.56656 5.038423, 4.808284 4.808284, 5.038423 4.56656, 5.256425 4.313836, 5.461763 4.050719, 5.653943 3.777844, 5.832503 3.495868, 5.997011 3.205469, 6.147073 2.907349, 6.282325 2.602224, 6.402443 2.290831, 6.507137 1.973918, 6.596154 1.652251, 6.669281 1.326602, 6.726341 0.997758, 6.767196 0.666511, 6.791749 0.333657, 6.79994 -2.368196e-15, 6.791749 -0.333657), (4.694519 0.225713, 4.694038 0.235517, 4.677789 0.45579, 4.676827 0.465559, 4.64979 0.684769, 4.64835 0.69448, 4.610589 0.912099, 4.608674 0.921727, 4.560281 1.137231, 4.557896 1.146753, 4.498987 1.359624, 4.496137 1.369017, 4.426854 1.578741, 4.423547 1.587983, 4.344056 1.794054, 4.3403 1.803124, 4.250794 2.005046, 4.246597 2.01392, 4.147291 2.211208, 4.142663 2.219865, 4.033796 2.412042, 4.028749 2.420462, 3.910584 2.607066, 3.90513 2.615228, 3.777951 2.795809, 3.772103 2.803693, 3.636216 2.977816, 3.629989 2.985404, 3.485722 3.15265, 3.479129 3.159923, 3.32683 3.319889, 3.319889 3.32683, 3.159923 3.479129, 3.15265 3.485722, 2.985404 3.629989, 2.977816 3.636216, 2.803693 3.772103, 2.795809 3.777951, 2.615228 3.90513, 2.607066 3.910584, 2.420462 4.028749, 2.412042 4.033796, 2.219865 4.142663, 2.211208 4.147291, 2.01392 4.246597, 2.005046 4.250794, 1.803124 4.3403, 1.794054 4.344056, 1.587983 4.423547, 1.578741 4.426854, 1.369017 4.496137, 1.359624 4.498987, 1.146753 4.557896, 1.137231 4.560281, 0.921727 4.608674, 0.912099 4.610589, 0.69448 4.64835, 0.684769 4.64979, 0.465559 4.676827, 0.45579 4.677789, 0.235517 4.694038, 0.225713 4.694519, 0.004908 4.69994, -0.004908 4.69994, -0.225713 4.694519, -0.235517 4.694038, -0.45579 4.677789, -0.465559 4.676827, -0.684769 4.64979, -0.69448 4.64835, -0.912099 4.610589, -0.921727 4.608674, -1.137231 4.560281, -1.146753 4.557896, -1.359624 4.498987, -1.369017 4.496137, -1.578741 4.426854, -1.587983 4.423547, -1.794054 4.344056, -1.803124 4.3403, -2.005046 4.250794, -2.01392 4.246597, -2.211208 4.147291, -2.219865 4.142663, -2.412042 4.033796, -2.420462 4.028749, -2.607066 3.910584, -2.615228 3.90513, -2.795809 3.777951, -2.803693 3.772103, -2.977816 3.636216, -2.985404 3.629989, -3.15265 3.485722, -3.159923 3.479129, -3.319889 3.32683, -3.32683 3.319889, -3.479129 3.159923, -3.485722 3.15265, -3.629989 2.985404, -3.636216 2.977816, -3.772103 2.803693, -3.777951 2.795809, -3.90513 2.615228, -3.910584 2.607066, -4.028749 2.420462, -4.033796 2.412042, -4.142663 2.219865, -4.147291 2.211208, -4.246597 2.01392, -4.250794 2.005046, -4.3403 1.803124, -4.344056 1.794054, -4.423547 1.587983, -4.426854 1.578741, -4.496137 1.369017, -4.498987 1.359624, -4.557896 1.146753, -4.560281 1.137231, -4.608674 0.921727, -4.610589 0.912099, -4.64835 0.69448, -4.64979 0.684769, -4.676827 0.465559, -4.677789 0.45579, -4.694038 0.235517, -4.694519 0.225713, -4.69994 0.004908, -4.69994 -0.004908, -4.694519 -0.225713, -4.694038 -0.235517, -4.677789 -0.45579, -4.676827 -0.465559, -4.64979 -0.684769, -4.64835 -0.69448, -4.610589 -0.912099, -4.608674 -0.921727, -4.560281 -1.137231, -4.557896 -1.146753, -4.498987 -1.359624, -4.496137 -1.369017, -4.426854 -1.578741, -4.423547 -1.587983, -4.344056 -1.794054, -4.3403 -1.803124, -4.250794 -2.005046, -4.246597 -2.01392, -4.147291 -2.211208, -4.142663 -2.219865, -4.033796 -2.412042, -4.028749 -2.420462, -3.910584 -2.607066, -3.90513 -2.615228, -3.777951 -2.795809, -3.772103 -2.803693, -3.636216 -2.977816, -3.629989 -2.985404, -3.485722 -3.15265, -3.479129 -3.159923, -3.32683 -3.319889, -3.319889 -3.32683, -3.159923 -3.479129, -3.15265 -3.485722, -2.985404 -3.629989, -2.977816 -3.636216, -2.803693 -3.772103, -2.795809 -3.777951, -2.615228 -3.90513, -2.607066 -3.910584, -2.420462 -4.028749, -2.412042 -4.033796, -2.219865 -4.142663, -2.211208 -4.147291, -2.01392 -4.246597, -2.005046 -4.250794, -1.803124 -4.3403, -1.794054 -4.344056, -1.587983 -4.423547, -1.578741 -4.426854, -1.369017 -4.496137, -1.359624 -4.498987, -1.146753 -4.557896, -1.137231 -4.560281, -0.921727 -4.608674, -0.912099 -4.610589, -0.69448 -4.64835, -0.684769 -4.64979, -0.465559 -4.676827, -0.45579 -4.677789, -0.235517 -4.694038, -0.225713 -4.694519, -0.004908 -4.69994, 0.004908 -4.69994, 0.225713 -4.694519, 0.235517 -4.694038, 0.45579 -4.677789, 0.465559 -4.676827, 0.684769 -4.64979, 0.69448 -4.64835, 0.912099 -4.610589, 0.921727 -4.608674, 1.137231 -4.560281, 1.146753 -4.557896, 1.359624 -4.498987, 1.369017 -4.496137, 1.578741 -4.426854, 1.587983 -4.423547, 1.794054 -4.344056, 1.803124 -4.3403, 2.005046 -4.250794, 2.01392 -4.246597, 2.211208 -4.147291, 2.219865 -4.142663, 2.412042 -4.033796, 2.420462 -4.028749, 2.607066 -3.910584, 2.615228 -3.90513, 2.795809 -3.777951, 2.803693 -3.772103, 2.977816 -3.636216, 2.985404 -3.629989, 3.15265 -3.485722, 3.159923 -3.479129, 3.319889 -3.32683, 3.32683 -3.319889, 3.479129 -3.159923, 3.485722 -3.15265, 3.629989 -2.985404, 3.636216 -2.977816, 3.772103 -2.803693, 3.777951 -2.795809, 3.90513 -2.615228, 3.910584 -2.607066, 4.028749 -2.420462, 4.033796 -2.412042, 4.142663 -2.219865, 4.147291 -2.211208, 4.246597 -2.01392, 4.250794 -2.005046, 4.3403 -1.803124, 4.344056 -1.794054, 4.423547 -1.587983, 4.426854 -1.578741, 4.496137 -1.369017, 4.498987 -1.359624, 4.557896 -1.146753, 4.560281 -1.137231, 4.608674 -0.921727, 4.610589 -0.912099, 4.64835 -0.69448, 4.64979 -0.684769, 4.676827 -0.465559, 4.677789 -0.45579, 4.694038 -0.235517, 4.694519 -0.225713, 4.69994 -0.004908, 4.69994 0.004908, 4.694519 0.225713))",data/renders/blocks/tube_02_shrunk0.20_socket_v1.png,data/renders/blocks/tube_02_shrunk0.20_socket_v2.png,0fecc8be8064c3ff,55d61d46e69a8a3e
tube_03,catalog,"POLYGON ((9.289069 -0.448971, 9.288346 -0.463678, 9.25585 -0.904224, 9.254406 -0.918877, 9.200332 -1.357297, 9.198172 -1.371863, 9.122651 -1.807101, 9.119778 -1.821543, 9.022992 -2.252552, 9.019414 -2.266835, 8.901596 -2.692576, 8.897321 -2.706667, 8.758755 -3.126113, 8.753794 -3.139977, 8.594814 -3.552119, 8.589179 -3.565723, 8.410167 -3.969568, 8.403871 -3.982879, 8.205259 -4.377454, 8.198317 -4.39044, 7.980584 -4.774794, 7.973014 -4.787424, 7.736683 -5.160631, 7.728502 -5.172875, 7.474143 -5.534036, 7.465372 -5.545863, 7.193598 -5.894109, 7.184257 -5.905491, 6.895723 -6.239982, 6.885834 -6.250893, 6.581235 -6.570823, 6.570823 -6.581235, 6.250893 -6.885834, 6.239982 -6.895723, 5.905491 -7.184257, 5.894109 -7.193598, 5.545863 -7.465372, 5.534036 -7.474143, 5.172875 -7.728502, 5.160631 -7.736683, 4.787424 -7.973014, 4.774794 -7.980584, 4.39044 -8.198317, 4.377454 -8.205259, 3.982879 -8.403871, 3.969568 -8.410167, 3.565723 -8.589179, 3.552119 -8.594814, 3.139977 -8.753794, 3.126113 -8.758755, 2.706667 -8.897321, 2.692576 -8.901596, 2.266835 -9.019414, 2.252552 -9.022992, 1.821543 -9.119778, 1.807101 -9.122651, 1.371863 -9.198172, 1.357297 -9.200332, 0.918877 -9.254406, 0.904224 -9.25585, 0.463678 -9.288346, 0.448971 -9.289069, 0.007362 -9.29991, -0.007362 -9.29991, -0.448971 -9.289069, -0.463678 -9.288346, -0.904224 -9.25585, -0.918877 -9.254406, -1.357297 -9.200332, -1.371863 -9.198172, -1.807101 -9.122651, -1.821543 -9.119778, -2.252552 -9.022992, -2.266835 -9.019414, -2.692576 -8.901596, -2.706667 -8.897321, -3.126113 -8.758755, -3.139977 -8.753794, -3.552119 -8.594814, -3.565723 -8.589179, -3.969568 -8.410167, -3.982879 -8.403871, -4.377454 -8.205259, -4.39044 -8.198317, -4.774794 -7.980584, -4.787424 -7.973014, -5.160631 -7.736683, -5.172875 -7.728502, -5.534036 -7.474143, -5.545863 -7.465372, -5.894109 -7.193598, -5.905491 -7.184257, -6.239982 -6.895723, -6.250893 -6.885834, -6.570823 -6.581235, -6.581235 -6.570823, -6.885834 -6.250893, -6.895723 -6.239982, -7.184257 -5.905491, -7.193598 -5.894109, -7.465372 -5.545863, -7.474143 -5.534036, -7.728502 -5.172875, -7.736683 -5.160631, -7.973014 -4.787424, -7.980584 -4.774794, -8.198317 -4.39044, -8.205259 -4.377454, -8.403871 -3.982879, -8.410167 -3.969568, -8.589179 -3.565723, -8.594814 -3.552119, -8.753794 -3.139977, -8.758755 -3.126113, -8.897321 -2.706667, -8.901596 -2.692576, -9.019414 -2.266835, -9.022992 -2.252552, -9.119778 -1.821543, -9.122651 -1.807101, -9.198172 -1.371863, -9.200332 -1.357297, -9.254406 -0.918877, -9.25585 -0.904224, -9.288346 -0.463678, -9.289069 -0.448971, -9.29991 -0.007362, -9.29991 0.007362, -9.289069 0.448971, -9.288346 0.463678, -9.25585 0.904224, -9.254406 0.918877, -9.200332 1.357297, -9.198172 1.371863, -9.122651 1.807101, -9.119778 1.821543, -9.022992 2.252552, -9.019414 2.266835, -8.901596 2.692576, -8.897321 2.706667, -8.758755 3.126113, -8.753794 3.139977, -8.594814 3.552119, -8.589179 3.565723, -8.410167 3.969568, -8.403871 3.982879, -8.205259 4.377454, -8.198317 4.39044, -7.980584 4.774794, -7.973014 4.787424, -7.736683 5.160631, -7.728502 5.172875, -7.474143 5.534036, -7.465372 5.545863, -7.193598 5.894109, -7.184257 5.905491, -6.895723 6.239982, -6.885834 6.250893, -6.581235 6.570823, -6.570823 6.581235, -6.250893 6.885834, -6.239982 6.895723, -5.905491 7.184257, -5.894109 7.193598, -5.545863 7.465372, -5.534036 7.474143, -5.172875 7.728502, -5.160631 7.736683, -4.787424 7.973014, -4.774794 7.980584, -4.39044 8.198317, -4.377454 8.205259, -3.982879 8.403871, -3.969568 8.410167, -3.565723 8.589179, -3.552119 8.594814, -3.139977 8.753794, -3.126113 8.758755, -2.706667 8.897321, -2.692576 8.901596, -2.266835 9.019414, -2.252552 9.022992, -1.821543 9.119778, -1.807101 9.122651, -1.371863 9.198172, -1.357297 9.200332, -0.918877 9.254406, -0.904224 9.25585, -0.463678 9.288346, -0.448971 9.289069, -0.007362 9.29991, 0.007362 9.29991, 0.448971 9.289069, 0.463678 9.288346, 0.904224 9.25585, 0.918877 9.254406, 1.357297 9.200332, 1.371863 9.198172, 1.807101 9.122651, 1.821543 9.119778, 2.252552 9.022992, 2.266835 9.019414, 2.692576 8.901596, 2.706667 8.897321, 3.126113 8.758755, 3.139977 8.753794, 3.552119 8.594814, 3.565723 8.589179, 3.969568 8.410167, 3.982879 8.403871, 4.377454 8.205259, 4.39044 8.198317, 4.774794 7.980584, 4.787424 7.973014, 5.160631 7.736683, 5.172875 7.728502, 5.534036 7.474143, 5.545863 7.465372, 5.894109 7.193598, 5.905491 7.184257, 6.239982 6.895723, 6.250893 6.885834, 6.570823 6.581235, 6.581235 6.570823, 6.885834 6.250893, 6.895723 6.239982, 7.184257 5.905491, 7.193598 5.894109, 7.465372 5.545863, 7.474143 5.534036, 7.728502 5.172875, 7.736683 5.160631, 7.973014 4.787424, 7.980584 4.774794, 8.198317 4.39044, 8.205259 4.377454, 8.403871 3.982879, 8.410167 3.969568, 8.589179 3.565723, 8.594814 3.552119, 8.753794 3.139977, 8.758755 3.126113, 8.897321 2.706667, 8.901596 2.692576, 9.019414 2.266835, 9.022992 2.252552, 9.119778 1.821543, 9.122651 1.807101, 9.198172 1.371863, 9.200332 1.357297, 9.254406 0.918877, 9.25585 0.904224, 9.288346 0.463678, 9.289069 0.448971, 9.29991 0.007362, 9.29991 -0.007362, 9.289069 -0.448971), (4.694248 0.230614, 4.677278 0.460672, 4.64904 0.68962, 4.609602 0.916907, 4.559059 1.141985, 4.497533 1.364312, 4.425172 1.583352, 4.34215 1.798578, 4.248668 2.00947, 4.14495 2.215522, 4.031247 2.416236, 3.907832 2.61113, 3.775003 2.799733, 3.633079 2.981591, 3.482403 3.156266, 3.323338 3.323338, 3.156266 3.482403, 2.981591 3.633079, 2.799733 3.775003, 2.61113 3.907832, 2.416236 4.031247, 2.215522 4.14495, 2.00947 4.248668, 1.798578 4.34215, 1.583352 4.425172, 1.364312 4.497533, 1.141985 4.559059, 0.916907 4.609602, 0.68962 4.64904, 0.460672 4.677278, 0.230614 4.694248, 1.993175e-16 4.69991, -0.230614 4.694248, -0.460672 4.677278, -0.68962 4.64904, -0.916907 4.609602, -1.141985 4.559059, -1.364312 4.497533, -1.583352 4.425172, -1.798578 4.34215, -2.00947 4.248668, -2.215522 4.14495, -2.416236 4.031247, -2.61113 3.907832, -2.799733 3.775003, -2.981591 3.633079, -3.156266 3.482403, -3.323338 3.323338, -3.482403 3.156266, -3.633079 2.981591, -3.775003 2.799733, -3.907832 2.61113, -4.031247 2.416236, -4.14495 2.215522, -4.248668 2.00947, -4.34215 1.798578, -4.425172 1.583352, -4.497533 1.364312, -4.559059 1.141985, -4.609602 0.916907, -4.64904 0.68962, -4.677278 0.460672, -4.694248 0.230614, -4.69991 -4.096852e-16, -4.694248 -0.230614, -4.677278 -0.460672, -4.64904 -0.68962, -4.609602 -0.916907, -4.559059 -1.141985, -4.497533 -1.364312, -4.425172 -1.583352, -4.34215 -1.798578, -4.248668 -2.00947, -4.14495 -2.215522, -4.031247 -2.416236, -3.907832 -2.61113, -3.775003 -2.799733, -3.633079 -2.981591, -3.482403 -3.156266, -3.323338 -3.323338, -3.156266 -3.482403, -2.981591 -3.633079, -2.799733 -3.775003, -2.61113 -3.907832, -2.416236 -4.031247, -2.215522 -4.14495, -2.00947 -4.248668, -1.798578 -4.34215, -1.583352 -4.425172, -1.364312 -4.497533, -1.141985 -4.559059, -0.916907 -4.609602, -0.68962 -4.64904, -0.460672 -4.677278, -0.230614 -4.694248, 2.725555e-16 -4.69991, 0.230614 -4.694248, 0.460672 -4.677278, 0.68962 -4.64904, 0.916907 -4.609602, 1.141985 -4.559059, 1.364312 -4.497533, 1.583352 -4.425172, 1.798578 -4.34215, 2.00947 -4.248668, 2.215522 -4.14495, 2.416236 -4.031247, 2.61113 -3.907832, 2.799733 -3.775003, 2.981591 -3.633079, 3.156266 -3.482403, 3.323338 -3.323338, 3.482403 -3.156266, 3.633079 -2.981591, 3.775003 -2.799733, 3.907832 -2.61113, 4.031247 -2.416236, 4.14495 -2.215522, 4.248668 -2.00947, 4.34215 -1.798578, 4.425172 -1.583352, 4.497533 -1.364312, 4.559059 -1.141985, 4.609602 -0.916907, 4.64904 -0.68962, 4.677278 -0.460672, 4.694248 -0.230614, 4.69991 -3.619817e-16, 4.694248 0.230614))",data/renders/procedural/tube_03_socket_v1.png,data/renders/procedural/tube_03_socket_v2.png,5e33bffecd88da4b,e1113a9cf476a7e9
tube_03_shrunk0.20,shrunk,"POLYGON ((8.78934 -0.431793, 8.757566 -0.862545, 8.704694 -1.291219, 8.630851 -1.716783, 8.536217 -2.138211, 8.421017 -2.554488, 8.285531 -2.96461, 8.130084 -3.367591, 7.955051 -3.762459, 7.760854 -4.148263, 7.54796 -4.524073, 7.316882 -4.888985, 7.068178 -5.242118, 6.802445 -5.582623, 6.520325 -5.909678, 6.222497 -6.222497, 5.909678 -6.520325, 5.582623 -6.802445, 5.242118 -7.068178, 4.888985 -7.316882, 4.524073 -7.54796, 4.148263 -7.760854, 3.762459 -7.955051, 3.367591 -8.130084, 2.96461 -8.285531, 2.554488 -8.421017, 2.138211 -8.536217, 1.716783 -8.630851, 1.291219 -8.704694, 0.862545 -8.757566, 0.431793 -8.78934, -6.311943e-16 -8.79994, -0.431793 -8.78934, -0.862545 -8.757566, -1.291219 -8.704694, -1.716783 -8.630851, -2.138211 -8.536217, -2.554488 -8.421017, -2.96461 -8.285531, -3.367591 -8.130084, -3.762459 -7.955051, -4.148263 -7.760854, -4.524073 -7.54796, -4.888985 -7.316882, -5.242118 -7.068178, -5.582623 -6.802445, -5.909678 -6.520325, -6.222497 -6.222497, -6.520325 -5.909678, -6.802445 -5.582623, -7.068178 -5.242118, -7.316882 -4.888985, -7.54796 -4.524073, -7.760854 -4.148263, -7.955051 -3.762459, -8.130084 -3.367591, -8.285531 -2.96461, -8.421017 -2.554488, -8.536217 -2.138211, -8.630851 -1.716783, -8.704694 -1.291219, -8.757566 -0.862545, -8.78934 -0.431793, -8.79994 -2.633368e-16, -8.78934 0.431793, -8.757566 0.862545, -8.704694 1.291219, -8.630851 1.716783, -8.536217 2.138211, -8.421017 2.554488, -8.285531 2.96461, -8.130084 3.367591, -7.955051 3.762459, -7.760854 4.148263, -7.54796 4.524073, -7.316882 4.888985, -7.068178 5.242118, -6.802445 5.582623, -6.520325 5.909678, -6.222497 6.222497, -5.909678 6.520325, -5.582623 6.802445, -5.242118 7.068178, -4.888985 7.316882, -4.524073 7.54796, -4.148263 7.760854, -3.762459 7.955051, -3.367591 8.130084, -2.96461 8.285531, -2.554488 8.421017, -2.138211 8.536217, -1.716783 8.630851, -1.291219 8.704694, -0.862545 8.757566, -0.431793 8.78934, -6.798896e-16 8.79994, 0.431793 8.78934, 0.862545 8.757566, 1.291219 8.704694, 1.716783 8.630851, 2.138211 8.536217, 2.554488 8.421017, 2.96461 8.285531, 3.367591 8.130084, 3.762459 7.955051, 4.148263 7.760854, 4.524073 7.54796, 4.888985 7.316882, 5.242118 7.068178, 5.582623 6.802445, 5.909678 6.520325, 6.222497 6.222497, 6.520325 5.909678, 6.802445 5.582623, 7.068178 5.242118, 7.316882 4.888985, 7.54796 4.524073, 7.760854 4.148263, 7.955051 3.762459, 8.130084 3.367591, 8.285531 2.96461, 8.421017 2.554488, 8.536217 2.138211, 8.630851 1.716783, 8.704694 1.291219, 8.757566 0.862545, 8.78934 0.431793, 8.79994 -2.311191e-16, 8.78934 -0.431793), (5.193917 0.250247, 5.193435 0.260051, 5.175382 0.504799, 5.17442 0.514568, 5.144378 0.758135, 5.142938 0.767845, 5.100982 1.009644, 5.099067 1.019272, 5.045297 1.258721, 5.042911 1.268243, 4.977457 1.504766, 4.974607 1.51416, 4.897626 1.747186, 4.894319 1.756428, 4.805996 1.985396, 4.80224 1.994465, 4.702788 2.218824, 4.698591 2.227698, 4.588251 2.446906, 4.583624 2.455563, 4.46266 2.669093, 4.457614 2.677513, 4.326319 2.884851, 4.320865 2.893013, 4.179555 3.093658, 4.173707 3.101543, 4.022722 3.295013, 4.016494 3.302601, 3.856197 3.488429, 3.849605 3.495703, 3.680383 3.673442, 3.673442 3.680383, 3.495703 3.849605, 3.488429 3.856197, 3.302601 4.016494, 3.295013 4.022722, 3.101543 4.173707, 3.093658 4.179555, 2.893013 4.320865, 2.884851 4.326319, 2.677513 4.457614, 2.669093 4.46266, 2.455563 4.583624, 2.446906 4.588251, 2.227698 4.698591, 2.218824 4.702788, 1.994465 4.80224, 1.985396 4.805996, 1.756428 4.894319, 1.747186 4.897626, 1.51416 4.974607, 1.504766 4.977457, 1.268243 5.042911, 1.258721 5.045297, 1.019272 5.099067, 1.009644 5.100982, 0.767845 5.142938, 0.758135 5.144378, 0.514568 5.17442, 0.504799 5.175382, 0.260051 5.193435, 0.250247 5.193917, 0.004908 5.19994, -0.004908 5.19994, -0.250247 5.193917, -0.260051 5.193435, -0.504799 5.175382, -0.514568 5.17442, -0.758135 5.144378, -0.767845 5.142938, -1.009644 5.100982, -1.019272 5.099067, -1.258721 5.045297, -1.268243 5.042911, -1.504766 4.977457, -1.51416 4.974607, -1.747186 4.897626, -1.756428 4.894319, -1.985396 4.805996, -1.994465 4.80224, -2.218824 4.702788, -2.227698 4.698591, -2.446906 4.588251, -2.455563 4.583624, -2.669093 4.46266, -2.677513 4.457614, -2.884851 4.326319, -2.893013 4.320865, -3.093658 4.179555, -3.101543 4.173707, -3.295013 4.022722, -3.302601 4.016494, -3.488429 3.856197, -3.495703 3.849605, -3.673442 3.680383, -3.680383 3.673442, -3.849605 3.495703, -3.856197 3.488429, -4.016494 3.302601, -4.022722 3.295013, -4.173707 3.101543, -4.179555 3.093658, -4.320865 2.893013, -4.326319 2.884851, -4.457614 2.677513, -4.46266 2.669093, -4.583624 2.455563, -4.588251 2.446906, -4.698591 2.227698, -4.702788 2.218824, -4.80224 1.994465, -4.805996 1.985396, -4.894319 1.756428, -4.897626 1.747186, -4.974607 1.51416, -4.977457 1.504766, -5.042911 1.268243, -5.045297 1.258721, -5.099067 1.019272, -5.100982 1.009644, -5.142938 0.767845, -5.144378 0.758135, -5.17442 0.514568, -5.175382 0.504799, -5.193435 0.260051, -5.193917 0.250247, -5.19994 0.004908, -5.19994 -0.004908, -5.193917 -0.250247, -5.193435 -0.260051, -5.175382 -0.504799, -5.17442 -0.514568, -5.144378 -0.758135, -5.142938 -0.767845, -5.100982 -1.009644, -5.099067 -1.019272, -5.045297 -1.258721, -5.042911 -1.268243, -4.977457 -1.504766, -4.974607 -1.51416, -4.897626 -1.747186, -4.894319 -1.756428, -4.805996 -1.985396, -4.80224 -1.994465, -4.702788 -2.218824, -4.698591 -2.227698, -4.588251 -2.446906, -4.583624 -2.455563, -4.46266 -2.669093, -4.457614 -2.677513, -4.326319 -2.884851, -4.320865 -2.893013, -4.179555 -3.093658, -4.173707 -3.101543, -4.022722 -3.295013, -4.016494 -3.302601, -3.856197 -3.488429, -3.849605 -3.495703, -3.680383 -3.673442, -3.673442 -3.680383, -3.495703 -3.849605, -3.488429 -3.856197, -3.302601 -4.016494, -3.295013 -4.022722, -3.101543 -4.173707, -3.093658 -4.179555, -2.893013 -4.320865, -2.884851 -4.326319, -2.677513 -4.457614, -2.669093 -4.46266, -2.455563 -4.583624, -2.446906 -4.588251, -2.227698 -4.698591, -2.218824 -4.702788, -1.994465 -4.80224, -1.985396 -4.805996, -1.756428 -4.894319, -1.747186 -4.897626, -1.51416 -4.974607, -1.504766 -4.977457, -1.268243 -5.042911, -1.258721 -5.045297, -1.019272 -5.099067, -1.009644 -5.100982, -0.767845 -5.142938, -0.758135 -5.144378, -0.514568 -5.17442, -0.504799 -5.175382, -0.260051 -5.193435, -0.250247 -5.193917, -0.004908 -5.19994, 0.004908 -5.19994, 0.250247 -5.193917, 0.260051 -5.193435, 0.504799 -5.175382, 0.514568 -5.17442, 0.758135 -5.144378, 0.767845 -5.142938, 1.009644 -5.100982, 1.019272 -5.099067, 1.258721 -5.045297, 1.268243 -5.042911, 1.504766 -4.977457, 1.51416 -4.974607, 1.747186 -4.897626, 1.756428 -4.894319, 1.985396 -4.805996, 1.994465 -4.80224, 2.218824 -4.702788, 2.227698 -4.698591, 2.446906 -4.588251, 2.455563 -4.583624, 2.669093 -4.46266, 2.677513 -4.457614, 2.884851 -4.326319, 2.893013 -4.320865, 3.093658 -4.179555, 3.101543 -4.173707, 3.295013 -4.022722, 3.302601 -4.016494, 3.488429 -3.856197, 3.495703 -3.849605, 3.673442 -3.680383, 3.680383 -3.673442, 3.849605 -3.495703, 3.856197 -3.488429, 4.016494 -3.302601, 4.022722 -3.295013, 4.173707 -3.101543, 4.179555 -3.093658, 4.320865 -2.893013, 4.326319 -2.884851, 4.457614 -2.677513, 4.46266 -2.669093, 4.583624 -2.455563, 4.588251 -2.446906, 4.698591 -2.227698, 4.702788 -2.218824, 4.80224 -1.994465, 4.805996 -1.985396, 4.894319 -1.756428, 4.897626 -1.747186, 4.974607 -1.51416, 4.977457 -1.504766, 5.042911 -1.268243, 5.045297 -1.258721, 5.099067 -1.019272, 5.100982 -1.009644, 5.142938 -0.767845, 5.144378 -0.758135, 5.17442 -0.514568, 5.175382 -0.504799, 5.193435 -0.260051, 5.193917 -0.250247, 5.19994 -0.004908, 5.19994 0.004908, 5.193917 0.250247))",data/renders/blocks/tube_03_shrunk0.20_socket_v1.png,data/renders/blocks/tube_03_shrunk0.20_socket_v2.png,543b1d400f31535f,e5459aff6f11da57
