split,family,peg_id,cand_id,offset_mm,label,reason,margin_mm,peg_v1,peg_v2,socket_v1,socket_v2
test,chamfered,chamfered_01,chamfered_01,0.3,compatible,,0.2874,data/renders/procedural/chamfered_01_peg_v1.png,data/renders/procedural/chamfered_01_peg_v2.png,data/renders/procedural/chamfered_01_socket_v1.png,data/renders/procedural/chamfered_01_socket_v2.png
test,chamfered,chamfered_01,chamfered_01_ap+0.10,0.1,compatible,,0.0956,data/renders/procedural/chamfered_01_peg_v1.png,data/renders/procedural/chamfered_01_peg_v2.png,data/renders/aperture/chamfered_01_ap+0.10_socket_v1.png,data/renders/aperture/chamfered_01_ap+0.10_socket_v2.png
test,chamfered,chamfered_01,chamfered_01_ap+0.00,0.0,ambiguous,boundary,0.0,data/renders/procedural/chamfered_01_peg_v1.png,data/renders/procedural/chamfered_01_peg_v2.png,data/renders/aperture/chamfered_01_ap+0.00_socket_v1.png,data/renders/aperture/chamfered_01_ap+0.00_socket_v2.png
test,chamfered,chamfered_01,chamfered_01_ap-0.10,-0.1,ambiguous,off_centre,-0.1426,data/renders/procedural/chamfered_01_peg_v1.png,data/renders/procedural/chamfered_01_peg_v2.png,data/renders/aperture/chamfered_01_ap-0.10_socket_v1.png,data/renders/aperture/chamfered_01_ap-0.10_socket_v2.png
test,chamfered,chamfered_01,chamfered_01_ap-0.30,-0.3,incompatible,,-0.4258,data/renders/procedural/chamfered_01_peg_v1.png,data/renders/procedural/chamfered_01_peg_v2.png,data/renders/aperture/chamfered_01_ap-0.30_socket_v1.png,data/renders/aperture/chamfered_01_ap-0.30_socket_v2.png
test,chamfered,chamfered_01,chamfered_01_ap-0.60,-0.6,incompatible,,-0.8516,data/renders/procedural/chamfered_01_peg_v1.png,data/renders/procedural/chamfered_01_peg_v2.png,data/renders/aperture/chamfered_01_ap-0.60_socket_v1.png,data/renders/aperture/chamfered_01_ap-0.60_socket_v2.png
test,chamfered,chamfered_01,chamfered_01_ap-1.20,-1.2,incompatible,,-1.7031,data/renders/procedural/chamfered_01_peg_v1.png,data/renders/procedural/chamfered_01_peg_v2.png,data/renders/aperture/chamfered_01_ap-1.20_socket_v1.png,data/renders/aperture/chamfered_01_ap-1.20_socket_v2.png
test,chamfered,chamfered_02,chamfered_02,0.3,compatible,,0.2874,data/renders/procedural/chamfered_02_peg_v1.png,data/renders/procedural/chamfered_02_peg_v2.png,data/renders/procedural/chamfered_02_socket_v1.png,data/renders/procedural/chamfered_02_socket_v2.png
test,chamfered,chamfered_02,chamfered_02_ap+0.10,0.1,compatible,,0.0956,data/renders/procedural/chamfered_02_peg_v1.png,data/renders/procedural/chamfered_02_peg_v2.png,data/renders/aperture/chamfered_02_ap+0.10_socket_v1.png,data/renders/aperture/chamfered_02_ap+0.10_socket_v2.png
test,chamfered,chamfered_02,chamfered_02_ap+0.00,0.0,ambiguous,boundary,0.0,data/renders/procedural/chamfered_02_peg_v1.png,data/renders/procedural/chamfered_02_peg_v2.png,data/renders/aperture/chamfered_02_ap+0.00_socket_v1.png,data/renders/aperture/chamfered_02_ap+0.00_socket_v2.png
test,chamfered,chamfered_02,chamfered_02_ap-0.10,-0.1,ambiguous,off_centre,-0.1426,data/renders/procedural/chamfered_02_peg_v1.png,data/renders/procedural/chamfered_02_peg_v2.png,data/renders/aperture/chamfered_02_ap-0.10_socket_v1.png,data/renders/aperture/chamfered_02_ap-0.10_socket_v2.png
test,chamfered,chamfered_02,chamfered_02_ap-0.30,-0.3,incompatible,,-0.4258,data/renders/procedural/chamfered_02_peg_v1.png,data/renders/procedural/chamfered_02_peg_v2.png,data/renders/aperture/chamfered_02_ap-0.30_socket_v1.png,data/renders/aperture/chamfered_02_ap-0.30_socket_v2.png
test,chamfered,chamfered_02,chamfered_02_ap-0.60,-0.6,incompatible,,-0.8516,data/renders/procedural/chamfered_02_peg_v1.png,data/renders/procedural/chamfered_02_peg_v2.png,data/renders/aperture/chamfered_02_ap-0.60_socket_v1.png,data/renders/aperture/chamfered_02_ap-0.60_socket_v2.png
test,chamfered,chamfered_02,chamfered_02_ap-1.20,-1.2,incompatible,,-1.7031,data/renders/procedural/chamfered_02_peg_v1.png,data/renders/procedural/chamfered_02_peg_v2.png,data/renders/aperture/chamfered_02_ap-1.20_socket_v1.png,data/renders/aperture/chamfered_02_ap-1.20_socket_v2.png
test,chamfered,chamfered_03,chamfered_03,0.3,compatible,,0.2857,data/renders/procedural/chamfered_03_peg_v1.png,data/renders/procedural/chamfered_03_peg_v2.png,data/renders/procedural/chamfered_03_socket_v1.png,data/renders/procedural/chamfered_03_socket_v2.png
test,chamfered,chamfered_03,chamfered_03_ap+0.10,0.1,compatible,,0.0951,data/renders/procedural/chamfered_03_peg_v1.png,data/renders/procedural/chamfered_03_peg_v2.png,data/renders/aperture/chamfered_03_ap+0.10_socket_v1.png,data/renders/aperture/chamfered_03_ap+0.10_socket_v2.png
test,chamfered,chamfered_03,chamfered_03_ap+0.00,0.0,ambiguous,boundary,0.0,data/renders/procedural/chamfered_03_peg_v1.png,data/renders/procedural/chamfered_03_peg_v2.png,data/renders/aperture/chamfered_03_ap+0.00_socket_v1.png,data/renders/aperture/chamfered_03_ap+0.00_socket_v2.png
test,chamfered,chamfered_03,chamfered_03_ap-0.10,-0.1,ambiguous,off_centre,-0.1465,data/renders/procedural/chamfered_03_peg_v1.png,data/renders/procedural/chamfered_03_peg_v2.png,data/renders/aperture/chamfered_03_ap-0.10_socket_v1.png,data/renders/aperture/chamfered_03_ap-0.10_socket_v2.png
test,chamfered,chamfered_03,chamfered_03_ap-0.30,-0.3,incompatible,,-0.4404,data/renders/procedural/chamfered_03_peg_v1.png,data/renders/procedural/chamfered_03_peg_v2.png,data/renders/aperture/chamfered_03_ap-0.30_socket_v1.png,data/renders/aperture/chamfered_03_ap-0.30_socket_v2.png
test,chamfered,chamfered_03,chamfered_03_ap-0.60,-0.6,incompatible,,-0.8828,data/renders/procedural/chamfered_03_peg_v1.png,data/renders/procedural/chamfered_03_peg_v2.png,data/renders/aperture/chamfered_03_ap-0.60_socket_v1.png,data/renders/aperture/chamfered_03_ap-0.60_socket_v2.png
test,chamfered,chamfered_03,chamfered_03_ap-1.20,-1.2,incompatible,,-1.7793,data/renders/procedural/chamfered_03_peg_v1.png,data/renders/procedural/chamfered_03_peg_v2.png,data/renders/aperture/chamfered_03_ap-1.20_socket_v1.png,data/renders/aperture/chamfered_03_ap-1.20_socket_v2.png
test,chamfered,chamfered_04,chamfered_04,0.3,compatible,,0.2867,data/renders/procedural/chamfered_04_peg_v1.png,data/renders/procedural/chamfered_04_peg_v2.png,data/renders/procedural/chamfered_04_socket_v1.png,data/renders/procedural/chamfered_04_socket_v2.png
test,chamfered,chamfered_04,chamfered_04_ap+0.10,0.1,compatible,,0.0954,data/renders/procedural/chamfered_04_peg_v1.png,data/renders/procedural/chamfered_04_peg_v2.png,data/renders/aperture/chamfered_04_ap+0.10_socket_v1.png,data/renders/aperture/chamfered_04_ap+0.10_socket_v2.png
test,chamfered,chamfered_04,chamfered_04_ap+0.00,0.0,ambiguous,boundary,-0.001,data/renders/procedural/chamfered_04_peg_v1.png,data/renders/procedural/chamfered_04_peg_v2.png,data/renders/aperture/chamfered_04_ap+0.00_socket_v1.png,data/renders/aperture/chamfered_04_ap+0.00_socket_v2.png
test,chamfered,chamfered_04,chamfered_04_ap-0.10,-0.1,ambiguous,off_centre,-0.1416,data/renders/procedural/chamfered_04_peg_v1.png,data/renders/procedural/chamfered_04_peg_v2.png,data/renders/aperture/chamfered_04_ap-0.10_socket_v1.png,data/renders/aperture/chamfered_04_ap-0.10_socket_v2.png
test,chamfered,chamfered_04,chamfered_04_ap-0.30,-0.3,incompatible,,-0.4248,data/renders/procedural/chamfered_04_peg_v1.png,data/renders/procedural/chamfered_04_peg_v2.png,data/renders/aperture/chamfered_04_ap-0.30_socket_v1.png,data/renders/aperture/chamfered_04_ap-0.30_socket_v2.png
test,chamfered,chamfered_04,chamfered_04_ap-0.60,-0.6,incompatible,,-0.8496,data/renders/procedural/chamfered_04_peg_v1.png,data/renders/procedural/chamfered_04_peg_v2.png,data/renders/aperture/chamfered_04_ap-0.60_socket_v1.png,data/renders/aperture/chamfered_04_ap-0.60_socket_v2.png
test,chamfered,chamfered_04,chamfered_04_ap-1.20,-1.2,incompatible,,-1.7002,data/renders/procedural/chamfered_04_peg_v1.png,data/renders/procedural/chamfered_04_peg_v2.png,data/renders/aperture/chamfered_04_ap-1.20_socket_v1.png,data/renders/aperture/chamfered_04_ap-1.20_socket_v2.png
test,circle,circle_01,circle_01,0.3,compatible,,0.2999,data/renders/procedural/circle_01_peg_v1.png,data/renders/procedural/circle_01_peg_v2.png,data/renders/procedural/circle_01_socket_v1.png,data/renders/procedural/circle_01_socket_v2.png
test,circle,circle_01,circle_01_ap+0.10,0.1,compatible,,0.1,data/renders/procedural/circle_01_peg_v1.png,data/renders/procedural/circle_01_peg_v2.png,data/renders/aperture/circle_01_ap+0.10_socket_v1.png,data/renders/aperture/circle_01_ap+0.10_socket_v2.png
test,circle,circle_01,circle_01_ap+0.00,0.0,ambiguous,boundary,-0.001,data/renders/procedural/circle_01_peg_v1.png,data/renders/procedural/circle_01_peg_v2.png,data/renders/aperture/circle_01_ap+0.00_socket_v1.png,data/renders/aperture/circle_01_ap+0.00_socket_v2.png
test,circle,circle_01,circle_01_ap-0.10,-0.1,ambiguous,off_centre,-0.1006,data/renders/procedural/circle_01_peg_v1.png,data/renders/procedural/circle_01_peg_v2.png,data/renders/aperture/circle_01_ap-0.10_socket_v1.png,data/renders/aperture/circle_01_ap-0.10_socket_v2.png
test,circle,circle_01,circle_01_ap-0.30,-0.3,incompatible,,-0.3008,data/renders/procedural/circle_01_peg_v1.png,data/renders/procedural/circle_01_peg_v2.png,data/renders/aperture/circle_01_ap-0.30_socket_v1.png,data/renders/aperture/circle_01_ap-0.30_socket_v2.png
test,circle,circle_01,circle_01_ap-0.60,-0.6,incompatible,,-0.6006,data/renders/procedural/circle_01_peg_v1.png,data/renders/procedural/circle_01_peg_v2.png,data/renders/aperture/circle_01_ap-0.60_socket_v1.png,data/renders/aperture/circle_01_ap-0.60_socket_v2.png
test,circle,circle_01,circle_01_ap-1.20,-1.2,incompatible,,-1.2012,data/renders/procedural/circle_01_peg_v1.png,data/renders/procedural/circle_01_peg_v2.png,data/renders/aperture/circle_01_ap-1.20_socket_v1.png,data/renders/aperture/circle_01_ap-1.20_socket_v2.png
test,circle,circle_02,circle_02,0.3,compatible,,0.2999,data/renders/procedural/circle_02_peg_v1.png,data/renders/procedural/circle_02_peg_v2.png,data/renders/procedural/circle_02_socket_v1.png,data/renders/procedural/circle_02_socket_v2.png
test,circle,circle_02,circle_02_ap+0.10,0.1,compatible,,0.1,data/renders/procedural/circle_02_peg_v1.png,data/renders/procedural/circle_02_peg_v2.png,data/renders/aperture/circle_02_ap+0.10_socket_v1.png,data/renders/aperture/circle_02_ap+0.10_socket_v2.png
test,circle,circle_02,circle_02_ap+0.00,0.0,ambiguous,boundary,-0.001,data/renders/procedural/circle_02_peg_v1.png,data/renders/procedural/circle_02_peg_v2.png,data/renders/aperture/circle_02_ap+0.00_socket_v1.png,data/renders/aperture/circle_02_ap+0.00_socket_v2.png
test,circle,circle_02,circle_02_ap-0.10,-0.1,ambiguous,off_centre,-0.1006,data/renders/procedural/circle_02_peg_v1.png,data/renders/procedural/circle_02_peg_v2.png,data/renders/aperture/circle_02_ap-0.10_socket_v1.png,data/renders/aperture/circle_02_ap-0.10_socket_v2.png
test,circle,circle_02,circle_02_ap-0.30,-0.3,incompatible,,-0.3008,data/renders/procedural/circle_02_peg_v1.png,data/renders/procedural/circle_02_peg_v2.png,data/renders/aperture/circle_02_ap-0.30_socket_v1.png,data/renders/aperture/circle_02_ap-0.30_socket_v2.png
test,circle,circle_02,circle_02_ap-0.60,-0.6,incompatible,,-0.6006,data/renders/procedural/circle_02_peg_v1.png,data/renders/procedural/circle_02_peg_v2.png,data/renders/aperture/circle_02_ap-0.60_socket_v1.png,data/renders/aperture/circle_02_ap-0.60_socket_v2.png
test,circle,circle_02,circle_02_ap-1.20,-1.2,incompatible,,-1.2012,data/renders/procedural/circle_02_peg_v1.png,data/renders/procedural/circle_02_peg_v2.png,data/renders/aperture/circle_02_ap-1.20_socket_v1.png,data/renders/aperture/circle_02_ap-1.20_socket_v2.png
test,circle,circle_03,circle_03,0.3,compatible,,0.2999,data/renders/procedural/circle_03_peg_v1.png,data/renders/procedural/circle_03_peg_v2.png,data/renders/procedural/circle_03_socket_v1.png,data/renders/procedural/circle_03_socket_v2.png
test,circle,circle_03,circle_03_ap+0.10,0.1,compatible,,0.1,data/renders/procedural/circle_03_peg_v1.png,data/renders/procedural/circle_03_peg_v2.png,data/renders/aperture/circle_03_ap+0.10_socket_v1.png,data/renders/aperture/circle_03_ap+0.10_socket_v2.png
test,circle,circle_03,circle_03_ap+0.00,0.0,ambiguous,boundary,-0.001,data/renders/procedural/circle_03_peg_v1.png,data/renders/procedural/circle_03_peg_v2.png,data/renders/aperture/circle_03_ap+0.00_socket_v1.png,data/renders/aperture/circle_03_ap+0.00_socket_v2.png
test,circle,circle_03,circle_03_ap-0.10,-0.1,ambiguous,off_centre,-0.1006,data/renders/procedural/circle_03_peg_v1.png,data/renders/procedural/circle_03_peg_v2.png,data/renders/aperture/circle_03_ap-0.10_socket_v1.png,data/renders/aperture/circle_03_ap-0.10_socket_v2.png
test,circle,circle_03,circle_03_ap-0.30,-0.3,incompatible,,-0.3008,data/renders/procedural/circle_03_peg_v1.png,data/renders/procedural/circle_03_peg_v2.png,data/renders/aperture/circle_03_ap-0.30_socket_v1.png,data/renders/aperture/circle_03_ap-0.30_socket_v2.png
test,circle,circle_03,circle_03_ap-0.60,-0.6,incompatible,,-0.6006,data/renders/procedural/circle_03_peg_v1.png,data/renders/procedural/circle_03_peg_v2.png,data/renders/aperture/circle_03_ap-0.60_socket_v1.png,data/renders/aperture/circle_03_ap-0.60_socket_v2.png
test,circle,circle_03,circle_03_ap-1.20,-1.2,incompatible,,-1.2012,data/renders/procedural/circle_03_peg_v1.png,data/renders/procedural/circle_03_peg_v2.png,data/renders/aperture/circle_03_ap-1.20_socket_v1.png,data/renders/aperture/circle_03_ap-1.20_socket_v2.png
test,circle,circle_04,circle_04,0.3,compatible,,0.2999,data/renders/procedural/circle_04_peg_v1.png,data/renders/procedural/circle_04_peg_v2.png,data/renders/procedural/circle_04_socket_v1.png,data/renders/procedural/circle_04_socket_v2.png
test,circle,circle_04,circle_04_ap+0.10,0.1,compatible,,0.1,data/renders/procedural/circle_04_peg_v1.png,data/renders/procedural/circle_04_peg_v2.png,data/renders/aperture/circle_04_ap+0.10_socket_v1.png,data/renders/aperture/circle_04_ap+0.10_socket_v2.png
test,circle,circle_04,circle_04_ap+0.00,0.0,ambiguous,boundary,-0.001,data/renders/procedural/circle_04_peg_v1.png,data/renders/procedural/circle_04_peg_v2.png,data/renders/aperture/circle_04_ap+0.00_socket_v1.png,data/renders/aperture/circle_04_ap+0.00_socket_v2.png
test,circle,circle_04,circle_04_ap-0.10,-0.1,ambiguous,off_centre,-0.1006,data/renders/procedural/circle_04_peg_v1.png,data/renders/procedural/circle_04_peg_v2.png,data/renders/aperture/circle_04_ap-0.10_socket_v1.png,data/renders/aperture/circle_04_ap-0.10_socket_v2.png
test,circle,circle_04,circle_04_ap-0.30,-0.3,incompatible,,-0.3008,data/renders/procedural/circle_04_peg_v1.png,data/renders/procedural/circle_04_peg_v2.png,data/renders/aperture/circle_04_ap-0.30_socket_v1.png,data/renders/aperture/circle_04_ap-0.30_socket_v2.png
test,circle,circle_04,circle_04_ap-0.60,-0.6,incompatible,,-0.6006,data/renders/procedural/circle_04_peg_v1.png,data/renders/procedural/circle_04_peg_v2.png,data/renders/aperture/circle_04_ap-0.60_socket_v1.png,data/renders/aperture/circle_04_ap-0.60_socket_v2.png
test,circle,circle_04,circle_04_ap-1.20,-1.2,incompatible,,-1.2012,data/renders/procedural/circle_04_peg_v1.png,data/renders/procedural/circle_04_peg_v2.png,data/renders/aperture/circle_04_ap-1.20_socket_v1.png,data/renders/aperture/circle_04_ap-1.20_socket_v2.png
test,circle,circle_05,circle_05,0.3,compatible,,0.2999,data/renders/procedural/circle_05_peg_v1.png,data/renders/procedural/circle_05_peg_v2.png,data/renders/procedural/circle_05_socket_v1.png,data/renders/procedural/circle_05_socket_v2.png
test,circle,circle_05,circle_05_ap+0.10,0.1,compatible,,0.1,data/renders/procedural/circle_05_peg_v1.png,data/renders/procedural/circle_05_peg_v2.png,data/renders/aperture/circle_05_ap+0.10_socket_v1.png,data/renders/aperture/circle_05_ap+0.10_socket_v2.png
test,circle,circle_05,circle_05_ap+0.00,0.0,ambiguous,boundary,-0.001,data/renders/procedural/circle_05_peg_v1.png,data/renders/procedural/circle_05_peg_v2.png,data/renders/aperture/circle_05_ap+0.00_socket_v1.png,data/renders/aperture/circle_05_ap+0.00_socket_v2.png
test,circle,circle_05,circle_05_ap-0.10,-0.1,ambiguous,off_centre,-0.1006,data/renders/procedural/circle_05_peg_v1.png,data/renders/procedural/circle_05_peg_v2.png,data/renders/aperture/circle_05_ap-0.10_socket_v1.png,data/renders/aperture/circle_05_ap-0.10_socket_v2.png
test,circle,circle_05,circle_05_ap-0.30,-0.3,incompatible,,-0.3008,data/renders/procedural/circle_05_peg_v1.png,data/renders/procedural/circle_05_peg_v2.png,data/renders/aperture/circle_05_ap-0.30_socket_v1.png,data/renders/aperture/circle_05_ap-0.30_socket_v2.png
test,circle,circle_05,circle_05_ap-0.60,-0.6,incompatible,,-0.6006,data/renders/procedural/circle_05_peg_v1.png,data/renders/procedural/circle_05_peg_v2.png,data/renders/aperture/circle_05_ap-0.60_socket_v1.png,data/renders/aperture/circle_05_ap-0.60_socket_v2.png
test,circle,circle_05,circle_05_ap-1.20,-1.2,incompatible,,-1.2012,data/renders/procedural/circle_05_peg_v1.png,data/renders/procedural/circle_05_peg_v2.png,data/renders/aperture/circle_05_ap-1.20_socket_v1.png,data/renders/aperture/circle_05_ap-1.20_socket_v2.png
test,double_d,double_d_01,double_d_01,0.3,compatible,,0.2999,data/renders/procedural/double_d_01_peg_v1.png,data/renders/procedural/double_d_01_peg_v2.png,data/renders/procedural/double_d_01_socket_v1.png,data/renders/procedural/double_d_01_socket_v2.png
test,double_d,double_d_01,double_d_01_ap+0.10,0.1,compatible,,0.1,data/renders/procedural/double_d_01_peg_v1.png,data/renders/procedural/double_d_01_peg_v2.png,data/renders/aperture/double_d_01_ap+0.10_socket_v1.png,data/renders/aperture/double_d_01_ap+0.10_socket_v2.png
test,double_d,double_d_01,double_d_01_ap+0.00,0.0,ambiguous,boundary,-0.001,data/renders/procedural/double_d_01_peg_v1.png,data/renders/procedural/double_d_01_peg_v2.png,data/renders/aperture/double_d_01_ap+0.00_socket_v1.png,data/renders/aperture/double_d_01_ap+0.00_socket_v2.png
test,double_d,double_d_01,double_d_01_ap-0.10,-0.1,ambiguous,off_centre,-0.1074,data/renders/procedural/double_d_01_peg_v1.png,data/renders/procedural/double_d_01_peg_v2.png,data/renders/aperture/double_d_01_ap-0.10_socket_v1.png,data/renders/aperture/double_d_01_ap-0.10_socket_v2.png
test,double_d,double_d_01,double_d_01_ap-0.30,-0.3,incompatible,,-0.3203,data/renders/procedural/double_d_01_peg_v1.png,data/renders/procedural/double_d_01_peg_v2.png,data/renders/aperture/double_d_01_ap-0.30_socket_v1.png,data/renders/aperture/double_d_01_ap-0.30_socket_v2.png
test,double_d,double_d_01,double_d_01_ap-0.60,-0.6,incompatible,,-0.6436,data/renders/procedural/double_d_01_peg_v1.png,data/renders/procedural/double_d_01_peg_v2.png,data/renders/aperture/double_d_01_ap-0.60_socket_v1.png,data/renders/aperture/double_d_01_ap-0.60_socket_v2.png
test,double_d,double_d_01,double_d_01_ap-1.20,-1.2,incompatible,,-1.291,data/renders/procedural/double_d_01_peg_v1.png,data/renders/procedural/double_d_01_peg_v2.png,data/renders/aperture/double_d_01_ap-1.20_socket_v1.png,data/renders/aperture/double_d_01_ap-1.20_socket_v2.png
test,double_d,double_d_02,double_d_02,0.3,compatible,,0.2999,data/renders/procedural/double_d_02_peg_v1.png,data/renders/procedural/double_d_02_peg_v2.png,data/renders/procedural/double_d_02_socket_v1.png,data/renders/procedural/double_d_02_socket_v2.png
test,double_d,double_d_02,double_d_02_ap+0.10,0.1,compatible,,0.1,data/renders/procedural/double_d_02_peg_v1.png,data/renders/procedural/double_d_02_peg_v2.png,data/renders/aperture/double_d_02_ap+0.10_socket_v1.png,data/renders/aperture/double_d_02_ap+0.10_socket_v2.png
test,double_d,double_d_02,double_d_02_ap+0.00,0.0,ambiguous,boundary,-0.001,data/renders/procedural/double_d_02_peg_v1.png,data/renders/procedural/double_d_02_peg_v2.png,data/renders/aperture/double_d_02_ap+0.00_socket_v1.png,data/renders/aperture/double_d_02_ap+0.00_socket_v2.png
test,double_d,double_d_02,double_d_02_ap-0.10,-0.1,ambiguous,off_centre,-0.1162,data/renders/procedural/double_d_02_peg_v1.png,data/renders/procedural/double_d_02_peg_v2.png,data/renders/aperture/double_d_02_ap-0.10_socket_v1.png,data/renders/aperture/double_d_02_ap-0.10_socket_v2.png
test,double_d,double_d_02,double_d_02_ap-0.30,-0.3,incompatible,,-0.3477,data/renders/procedural/double_d_02_peg_v1.png,data/renders/procedural/double_d_02_peg_v2.png,data/renders/aperture/double_d_02_ap-0.30_socket_v1.png,data/renders/aperture/double_d_02_ap-0.30_socket_v2.png
test,double_d,double_d_02,double_d_02_ap-0.60,-0.6,incompatible,,-0.6982,data/renders/procedural/double_d_02_peg_v1.png,data/renders/procedural/double_d_02_peg_v2.png,data/renders/aperture/double_d_02_ap-0.60_socket_v1.png,data/renders/aperture/double_d_02_ap-0.60_socket_v2.png
test,double_d,double_d_02,double_d_02_ap-1.20,-1.2,incompatible,,-1.4062,data/renders/procedural/double_d_02_peg_v1.png,data/renders/procedural/double_d_02_peg_v2.png,data/renders/aperture/double_d_02_ap-1.20_socket_v1.png,data/renders/aperture/double_d_02_ap-1.20_socket_v2.png
test,double_d,double_d_03,double_d_03,0.3,compatible,,0.2999,data/renders/procedural/double_d_03_peg_v1.png,data/renders/procedural/double_d_03_peg_v2.png,data/renders/procedural/double_d_03_socket_v1.png,data/renders/procedural/double_d_03_socket_v2.png
test,double_d,double_d_03,double_d_03_ap+0.10,0.1,compatible,,0.1,data/renders/procedural/double_d_03_peg_v1.png,data/renders/procedural/double_d_03_peg_v2.png,data/renders/aperture/double_d_03_ap+0.10_socket_v1.png,data/renders/aperture/double_d_03_ap+0.10_socket_v2.png
test,double_d,double_d_03,double_d_03_ap+0.00,0.0,ambiguous,boundary,-0.001,data/renders/procedural/double_d_03_peg_v1.png,data/renders/procedural/double_d_03_peg_v2.png,data/renders/aperture/double_d_03_ap+0.00_socket_v1.png,data/renders/aperture/double_d_03_ap+0.00_socket_v2.png
test,double_d,double_d_03,double_d_03_ap-0.10,-0.1,ambiguous,off_centre,-0.1094,data/renders/procedural/double_d_03_peg_v1.png,data/renders/procedural/double_d_03_peg_v2.png,data/renders/aperture/double_d_03_ap-0.10_socket_v1.png,data/renders/aperture/double_d_03_ap-0.10_socket_v2.png
test,double_d,double_d_03,double_d_03_ap-0.30,-0.3,incompatible,,-0.3271,data/renders/procedural/double_d_03_peg_v1.png,data/renders/procedural/double_d_03_peg_v2.png,data/renders/aperture/double_d_03_ap-0.30_socket_v1.png,data/renders/aperture/double_d_03_ap-0.30_socket_v2.png
test,double_d,double_d_03,double_d_03_ap-0.60,-0.6,incompatible,,-0.6533,data/renders/procedural/double_d_03_peg_v1.png,data/renders/procedural/double_d_03_peg_v2.png,data/renders/aperture/double_d_03_ap-0.60_socket_v1.png,data/renders/aperture/double_d_03_ap-0.60_socket_v2.png
test,double_d,double_d_03,double_d_03_ap-1.20,-1.2,incompatible,,-1.3105,data/renders/procedural/double_d_03_peg_v1.png,data/renders/procedural/double_d_03_peg_v2.png,data/renders/aperture/double_d_03_ap-1.20_socket_v1.png,data/renders/aperture/double_d_03_ap-1.20_socket_v2.png
calib,ell,ell_01,ell_01,0.3,compatible,,0.2346,data/renders/procedural/ell_01_peg_v1.png,data/renders/procedural/ell_01_peg_v2.png,data/renders/procedural/ell_01_socket_v1.png,data/renders/procedural/ell_01_socket_v2.png
calib,ell,ell_01,ell_01_ap+0.10,0.1,compatible,,0.0776,data/renders/procedural/ell_01_peg_v1.png,data/renders/procedural/ell_01_peg_v2.png,data/renders/aperture/ell_01_ap+0.10_socket_v1.png,data/renders/aperture/ell_01_ap+0.10_socket_v2.png
calib,ell,ell_01,ell_01_ap+0.00,0.0,ambiguous,boundary,-0.001,data/renders/procedural/ell_01_peg_v1.png,data/renders/procedural/ell_01_peg_v2.png,data/renders/aperture/ell_01_ap+0.00_socket_v1.png,data/renders/aperture/ell_01_ap+0.00_socket_v2.png
calib,ell,ell_01,ell_01_ap-0.10,-0.1,ambiguous,off_centre,-0.165,data/renders/procedural/ell_01_peg_v1.png,data/renders/procedural/ell_01_peg_v2.png,data/renders/aperture/ell_01_ap-0.10_socket_v1.png,data/renders/aperture/ell_01_ap-0.10_socket_v2.png
calib,ell,ell_01,ell_01_ap-0.30,-0.3,incompatible,,-0.4941,data/renders/procedural/ell_01_peg_v1.png,data/renders/procedural/ell_01_peg_v2.png,data/renders/aperture/ell_01_ap-0.30_socket_v1.png,data/renders/aperture/ell_01_ap-0.30_socket_v2.png
calib,ell,ell_01,ell_01_ap-0.60,-0.6,incompatible,,-0.9912,data/renders/procedural/ell_01_peg_v1.png,data/renders/procedural/ell_01_peg_v2.png,data/renders/aperture/ell_01_ap-0.60_socket_v1.png,data/renders/aperture/ell_01_ap-0.60_socket_v2.png
calib,ell,ell_01,ell_01_ap-1.20,-1.2,incompatible,,-1.998,data/renders/procedural/ell_01_peg_v1.png,data/renders/procedural/ell_01_peg_v2.png,data/renders/aperture/ell_01_ap-1.20_socket_v1.png,data/renders/aperture/ell_01_ap-1.20_socket_v2.png
calib,ell,ell_02,ell_02,0.3,compatible,,0.2346,data/renders/procedural/ell_02_peg_v1.png,data/renders/procedural/ell_02_peg_v2.png,data/renders/procedural/ell_02_socket_v1.png,data/renders/procedural/ell_02_socket_v2.png
calib,ell,ell_02,ell_02_ap+0.10,0.1,compatible,,0.0776,data/renders/procedural/ell_02_peg_v1.png,data/renders/procedural/ell_02_peg_v2.png,data/renders/aperture/ell_02_ap+0.10_socket_v1.png,data/renders/aperture/ell_02_ap+0.10_socket_v2.png
calib,ell,ell_02,ell_02_ap+0.00,0.0,ambiguous,boundary,-0.001,data/renders/procedural/ell_02_peg_v1.png,data/renders/procedural/ell_02_peg_v2.png,data/renders/aperture/ell_02_ap+0.00_socket_v1.png,data/renders/aperture/ell_02_ap+0.00_socket_v2.png
calib,ell,ell_02,ell_02_ap-0.10,-0.1,ambiguous,off_centre,-0.165,data/renders/procedural/ell_02_peg_v1.png,data/renders/procedural/ell_02_peg_v2.png,data/renders/aperture/ell_02_ap-0.10_socket_v1.png,data/renders/aperture/ell_02_ap-0.10_socket_v2.png
calib,ell,ell_02,ell_02_ap-0.30,-0.3,incompatible,,-0.4941,data/renders/procedural/ell_02_peg_v1.png,data/renders/procedural/ell_02_peg_v2.png,data/renders/aperture/ell_02_ap-0.30_socket_v1.png,data/renders/aperture/ell_02_ap-0.30_socket_v2.png
calib,ell,ell_02,ell_02_ap-0.60,-0.6,incompatible,,-0.9912,data/renders/procedural/ell_02_peg_v1.png,data/renders/procedural/ell_02_peg_v2.png,data/renders/aperture/ell_02_ap-0.60_socket_v1.png,data/renders/aperture/ell_02_ap-0.60_socket_v2.png
calib,ell,ell_02,ell_02_ap-1.20,-1.2,incompatible,,-1.998,data/renders/procedural/ell_02_peg_v1.png,data/renders/procedural/ell_02_peg_v2.png,data/renders/aperture/ell_02_ap-1.20_socket_v1.png,data/renders/aperture/ell_02_ap-1.20_socket_v2.png
calib,ell,ell_03,ell_03,0.3,compatible,,0.2417,data/renders/procedural/ell_03_peg_v1.png,data/renders/procedural/ell_03_peg_v2.png,data/renders/procedural/ell_03_socket_v1.png,data/renders/procedural/ell_03_socket_v2.png
calib,ell,ell_03,ell_03_ap+0.10,0.1,compatible,,0.08,data/renders/procedural/ell_03_peg_v1.png,data/renders/procedural/ell_03_peg_v2.png,data/renders/aperture/ell_03_ap+0.10_socket_v1.png,data/renders/aperture/ell_03_ap+0.10_socket_v2.png
calib,ell,ell_03,ell_03_ap+0.00,0.0,ambiguous,boundary,0.0,data/renders/procedural/ell_03_peg_v1.png,data/renders/procedural/ell_03_peg_v2.png,data/renders/aperture/ell_03_ap+0.00_socket_v1.png,data/renders/aperture/ell_03_ap+0.00_socket_v2.png
calib,ell,ell_03,ell_03_ap-0.10,-0.1,ambiguous,off_centre,-0.1621,data/renders/procedural/ell_03_peg_v1.png,data/renders/procedural/ell_03_peg_v2.png,data/renders/aperture/ell_03_ap-0.10_socket_v1.png,data/renders/aperture/ell_03_ap-0.10_socket_v2.png
calib,ell,ell_03,ell_03_ap-0.30,-0.3,incompatible,,-0.4873,data/renders/procedural/ell_03_peg_v1.png,data/renders/procedural/ell_03_peg_v2.png,data/renders/aperture/ell_03_ap-0.30_socket_v1.png,data/renders/aperture/ell_03_ap-0.30_socket_v2.png
calib,ell,ell_03,ell_03_ap-0.60,-0.6,incompatible,,-0.9766,data/renders/procedural/ell_03_peg_v1.png,data/renders/procedural/ell_03_peg_v2.png,data/renders/aperture/ell_03_ap-0.60_socket_v1.png,data/renders/aperture/ell_03_ap-0.60_socket_v2.png
calib,ell,ell_03,ell_03_ap-1.20,-1.2,incompatible,,-1.9688,data/renders/procedural/ell_03_peg_v1.png,data/renders/procedural/ell_03_peg_v2.png,data/renders/aperture/ell_03_ap-1.20_socket_v1.png,data/renders/aperture/ell_03_ap-1.20_socket_v2.png
calib,ell,ell_04,ell_04,0.3,compatible,,0.2417,data/renders/procedural/ell_04_peg_v1.png,data/renders/procedural/ell_04_peg_v2.png,data/renders/procedural/ell_04_socket_v1.png,data/renders/procedural/ell_04_socket_v2.png
calib,ell,ell_04,ell_04_ap+0.10,0.1,compatible,,0.08,data/renders/procedural/ell_04_peg_v1.png,data/renders/procedural/ell_04_peg_v2.png,data/renders/aperture/ell_04_ap+0.10_socket_v1.png,data/renders/aperture/ell_04_ap+0.10_socket_v2.png
calib,ell,ell_04,ell_04_ap+0.00,0.0,ambiguous,boundary,0.0,data/renders/procedural/ell_04_peg_v1.png,data/renders/procedural/ell_04_peg_v2.png,data/renders/aperture/ell_04_ap+0.00_socket_v1.png,data/renders/aperture/ell_04_ap+0.00_socket_v2.png
calib,ell,ell_04,ell_04_ap-0.10,-0.1,ambiguous,off_centre,-0.1621,data/renders/procedural/ell_04_peg_v1.png,data/renders/procedural/ell_04_peg_v2.png,data/renders/aperture/ell_04_ap-0.10_socket_v1.png,data/renders/aperture/ell_04_ap-0.10_socket_v2.png
calib,ell,ell_04,ell_04_ap-0.30,-0.3,incompatible,,-0.4873,data/renders/procedural/ell_04_peg_v1.png,data/renders/procedural/ell_04_peg_v2.png,data/renders/aperture/ell_04_ap-0.30_socket_v1.png,data/renders/aperture/ell_04_ap-0.30_socket_v2.png
calib,ell,ell_04,ell_04_ap-0.60,-0.6,incompatible,,-0.9766,data/renders/procedural/ell_04_peg_v1.png,data/renders/procedural/ell_04_peg_v2.png,data/renders/aperture/ell_04_ap-0.60_socket_v1.png,data/renders/aperture/ell_04_ap-0.60_socket_v2.png
calib,ell,ell_04,ell_04_ap-1.20,-1.2,incompatible,,-1.9688,data/renders/procedural/ell_04_peg_v1.png,data/renders/procedural/ell_04_peg_v2.png,data/renders/aperture/ell_04_ap-1.20_socket_v1.png,data/renders/aperture/ell_04_ap-1.20_socket_v2.png
calib,ell,ell_05,ell_05,0.3,compatible,,0.2221,data/renders/procedural/ell_05_peg_v1.png,data/renders/procedural/ell_05_peg_v2.png,data/renders/procedural/ell_05_socket_v1.png,data/renders/procedural/ell_05_socket_v2.png
calib,ell,ell_05,ell_05_ap+0.10,0.1,compatible,,0.0733,data/renders/procedural/ell_05_peg_v1.png,data/renders/procedural/ell_05_peg_v2.png,data/renders/aperture/ell_05_ap+0.10_socket_v1.png,data/renders/aperture/ell_05_ap+0.10_socket_v2.png
calib,ell,ell_05,ell_05_ap+0.00,0.0,ambiguous,boundary,0.0,data/renders/procedural/ell_05_peg_v1.png,data/renders/procedural/ell_05_peg_v2.png,data/renders/aperture/ell_05_ap+0.00_socket_v1.png,data/renders/aperture/ell_05_ap+0.00_socket_v2.png
calib,ell,ell_05,ell_05_ap-0.10,-0.1,ambiguous,off_centre,-0.1689,data/renders/procedural/ell_05_peg_v1.png,data/renders/procedural/ell_05_peg_v2.png,data/renders/aperture/ell_05_ap-0.10_socket_v1.png,data/renders/aperture/ell_05_ap-0.10_socket_v2.png
calib,ell,ell_05,ell_05_ap-0.30,-0.3,incompatible,,-0.5078,data/renders/procedural/ell_05_peg_v1.png,data/renders/procedural/ell_05_peg_v2.png,data/renders/aperture/ell_05_ap-0.30_socket_v1.png,data/renders/aperture/ell_05_ap-0.30_socket_v2.png
calib,ell,ell_05,ell_05_ap-0.60,-0.6,incompatible,,-1.0205,data/renders/procedural/ell_05_peg_v1.png,data/renders/procedural/ell_05_peg_v2.png,data/renders/aperture/ell_05_ap-0.60_socket_v1.png,data/renders/aperture/ell_05_ap-0.60_socket_v2.png
calib,ell,ell_05,ell_05_ap-1.20,-1.2,incompatible,,-2.0,data/renders/procedural/ell_05_peg_v1.png,data/renders/procedural/ell_05_peg_v2.png,data/renders/aperture/ell_05_ap-1.20_socket_v1.png,data/renders/aperture/ell_05_ap-1.20_socket_v2.png
calib,ell,ell_06,ell_06,0.3,compatible,,0.2221,data/renders/procedural/ell_06_peg_v1.png,data/renders/procedural/ell_06_peg_v2.png,data/renders/procedural/ell_06_socket_v1.png,data/renders/procedural/ell_06_socket_v2.png
calib,ell,ell_06,ell_06_ap+0.10,0.1,compatible,,0.0733,data/renders/procedural/ell_06_peg_v1.png,data/renders/procedural/ell_06_peg_v2.png,data/renders/aperture/ell_06_ap+0.10_socket_v1.png,data/renders/aperture/ell_06_ap+0.10_socket_v2.png
calib,ell,ell_06,ell_06_ap+0.00,0.0,ambiguous,boundary,0.0,data/renders/procedural/ell_06_peg_v1.png,data/renders/procedural/ell_06_peg_v2.png,data/renders/aperture/ell_06_ap+0.00_socket_v1.png,data/renders/aperture/ell_06_ap+0.00_socket_v2.png
calib,ell,ell_06,ell_06_ap-0.10,-0.1,ambiguous,off_centre,-0.1689,data/renders/procedural/ell_06_peg_v1.png,data/renders/procedural/ell_06_peg_v2.png,data/renders/aperture/ell_06_ap-0.10_socket_v1.png,data/renders/aperture/ell_06_ap-0.10_socket_v2.png
calib,ell,ell_06,ell_06_ap-0.30,-0.3,incompatible,,-0.5078,data/renders/procedural/ell_06_peg_v1.png,data/renders/procedural/ell_06_peg_v2.png,data/renders/aperture/ell_06_ap-0.30_socket_v1.png,data/renders/aperture/ell_06_ap-0.30_socket_v2.png
calib,ell,ell_06,ell_06_ap-0.60,-0.6,incompatible,,-1.0205,data/renders/procedural/ell_06_peg_v1.png,data/renders/procedural/ell_06_peg_v2.png,data/renders/aperture/ell_06_ap-0.60_socket_v1.png,data/renders/aperture/ell_06_ap-0.60_socket_v2.png
calib,ell,ell_06,ell_06_ap-1.20,-1.2,incompatible,,-2.0,data/renders/procedural/ell_06_peg_v1.png,data/renders/procedural/ell_06_peg_v2.png,data/renders/aperture/ell_06_ap-1.20_socket_v1.png,data/renders/aperture/ell_06_ap-1.20_socket_v2.png
calib,gear,gear_01,gear_01,0.3,compatible,,0.2999,data/renders/procedural/gear_01_peg_v1.png,data/renders/procedural/gear_01_peg_v2.png,data/renders/procedural/gear_01_socket_v1.png,data/renders/procedural/gear_01_socket_v2.png
calib,gear,gear_01,gear_01_ap+0.10,0.1,compatible,,0.1,data/renders/procedural/gear_01_peg_v1.png,data/renders/procedural/gear_01_peg_v2.png,data/renders/aperture/gear_01_ap+0.10_socket_v1.png,data/renders/aperture/gear_01_ap+0.10_socket_v2.png
calib,gear,gear_01,gear_01_ap+0.00,0.0,ambiguous,boundary,-0.001,data/renders/procedural/gear_01_peg_v1.png,data/renders/procedural/gear_01_peg_v2.png,data/renders/aperture/gear_01_ap+0.00_socket_v1.png,data/renders/aperture/gear_01_ap+0.00_socket_v2.png
calib,gear,gear_01,gear_01_ap-0.10,-0.1,ambiguous,off_centre,-0.124,data/renders/procedural/gear_01_peg_v1.png,data/renders/procedural/gear_01_peg_v2.png,data/renders/aperture/gear_01_ap-0.10_socket_v1.png,data/renders/aperture/gear_01_ap-0.10_socket_v2.png
calib,gear,gear_01,gear_01_ap-0.30,-0.3,incompatible,,-0.3711,data/renders/procedural/gear_01_peg_v1.png,data/renders/procedural/gear_01_peg_v2.png,data/renders/aperture/gear_01_ap-0.30_socket_v1.png,data/renders/aperture/gear_01_ap-0.30_socket_v2.png
calib,gear,gear_01,gear_01_ap-0.60,-0.6,incompatible,,-0.7422,data/renders/procedural/gear_01_peg_v1.png,data/renders/procedural/gear_01_peg_v2.png,data/renders/aperture/gear_01_ap-0.60_socket_v1.png,data/renders/aperture/gear_01_ap-0.60_socket_v2.png
calib,gear,gear_01,gear_01_ap-1.20,-1.2,incompatible,,-1.4834,data/renders/procedural/gear_01_peg_v1.png,data/renders/procedural/gear_01_peg_v2.png,data/renders/aperture/gear_01_ap-1.20_socket_v1.png,data/renders/aperture/gear_01_ap-1.20_socket_v2.png
calib,gear,gear_02,gear_02,0.3,compatible,,0.2999,data/renders/procedural/gear_02_peg_v1.png,data/renders/procedural/gear_02_peg_v2.png,data/renders/procedural/gear_02_socket_v1.png,data/renders/procedural/gear_02_socket_v2.png
calib,gear,gear_02,gear_02_ap+0.10,0.1,compatible,,0.1,data/renders/procedural/gear_02_peg_v1.png,data/renders/procedural/gear_02_peg_v2.png,data/renders/aperture/gear_02_ap+0.10_socket_v1.png,data/renders/aperture/gear_02_ap+0.10_socket_v2.png
calib,gear,gear_02,gear_02_ap+0.00,0.0,ambiguous,boundary,-0.001,data/renders/procedural/gear_02_peg_v1.png,data/renders/procedural/gear_02_peg_v2.png,data/renders/aperture/gear_02_ap+0.00_socket_v1.png,data/renders/aperture/gear_02_ap+0.00_socket_v2.png
calib,gear,gear_02,gear_02_ap-0.10,-0.1,ambiguous,off_centre,-0.127,data/renders/procedural/gear_02_peg_v1.png,data/renders/procedural/gear_02_peg_v2.png,data/renders/aperture/gear_02_ap-0.10_socket_v1.png,data/renders/aperture/gear_02_ap-0.10_socket_v2.png
calib,gear,gear_02,gear_02_ap-0.30,-0.3,incompatible,,-0.3799,data/renders/procedural/gear_02_peg_v1.png,data/renders/procedural/gear_02_peg_v2.png,data/renders/aperture/gear_02_ap-0.30_socket_v1.png,data/renders/aperture/gear_02_ap-0.30_socket_v2.png
calib,gear,gear_02,gear_02_ap-0.60,-0.6,incompatible,,-0.7588,data/renders/procedural/gear_02_peg_v1.png,data/renders/procedural/gear_02_peg_v2.png,data/renders/aperture/gear_02_ap-0.60_socket_v1.png,data/renders/aperture/gear_02_ap-0.60_socket_v2.png
calib,gear,gear_02,gear_02_ap-1.20,-1.2,incompatible,,-1.5176,data/renders/procedural/gear_02_peg_v1.png,data/renders/procedural/gear_02_peg_v2.png,data/renders/aperture/gear_02_ap-1.20_socket_v1.png,data/renders/aperture/gear_02_ap-1.20_socket_v2.png
calib,gear,gear_03,gear_03,0.3,compatible,,0.2999,data/renders/procedural/gear_03_peg_v1.png,data/renders/procedural/gear_03_peg_v2.png,data/renders/procedural/gear_03_socket_v1.png,data/renders/procedural/gear_03_socket_v2.png
calib,gear,gear_03,gear_03_ap+0.10,0.1,compatible,,0.1,data/renders/procedural/gear_03_peg_v1.png,data/renders/procedural/gear_03_peg_v2.png,data/renders/aperture/gear_03_ap+0.10_socket_v1.png,data/renders/aperture/gear_03_ap+0.10_socket_v2.png
calib,gear,gear_03,gear_03_ap+0.00,0.0,ambiguous,boundary,-0.001,data/renders/procedural/gear_03_peg_v1.png,data/renders/procedural/gear_03_peg_v2.png,data/renders/aperture/gear_03_ap+0.00_socket_v1.png,data/renders/aperture/gear_03_ap+0.00_socket_v2.png
calib,gear,gear_03,gear_03_ap-0.10,-0.1,ambiguous,off_centre,-0.127,data/renders/procedural/gear_03_peg_v1.png,data/renders/procedural/gear_03_peg_v2.png,data/renders/aperture/gear_03_ap-0.10_socket_v1.png,data/renders/aperture/gear_03_ap-0.10_socket_v2.png
calib,gear,gear_03,gear_03_ap-0.30,-0.3,incompatible,,-0.3799,data/renders/procedural/gear_03_peg_v1.png,data/renders/procedural/gear_03_peg_v2.png,data/renders/aperture/gear_03_ap-0.30_socket_v1.png,data/renders/aperture/gear_03_ap-0.30_socket_v2.png
calib,gear,gear_03,gear_03_ap-0.60,-0.6,incompatible,,-0.7588,data/renders/procedural/gear_03_peg_v1.png,data/renders/procedural/gear_03_peg_v2.png,data/renders/aperture/gear_03_ap-0.60_socket_v1.png,data/renders/aperture/gear_03_ap-0.60_socket_v2.png
calib,gear,gear_03,gear_03_ap-1.20,-1.2,incompatible,,-1.6787,data/renders/procedural/gear_03_peg_v1.png,data/renders/procedural/gear_03_peg_v2.png,data/renders/aperture/gear_03_ap-1.20_socket_v1.png,data/renders/aperture/gear_03_ap-1.20_socket_v2.png
test,keyed,keyed_01,keyed_01,0.3,compatible,,0.2599,data/renders/procedural/keyed_01_peg_v1.png,data/renders/procedural/keyed_01_peg_v2.png,data/renders/procedural/keyed_01_socket_v1.png,data/renders/procedural/keyed_01_socket_v2.png
test,keyed,keyed_01,keyed_01_ap+0.10,0.1,compatible,,0.086,data/renders/procedural/keyed_01_peg_v1.png,data/renders/procedural/keyed_01_peg_v2.png,data/renders/aperture/keyed_01_ap+0.10_socket_v1.png,data/renders/aperture/keyed_01_ap+0.10_socket_v2.png
test,keyed,keyed_01,keyed_01_ap+0.00,0.0,ambiguous,boundary,-0.001,data/renders/procedural/keyed_01_peg_v1.png,data/renders/procedural/keyed_01_peg_v2.png,data/renders/aperture/keyed_01_ap+0.00_socket_v1.png,data/renders/aperture/keyed_01_ap+0.00_socket_v2.png
test,keyed,keyed_01,keyed_01_ap-0.10,-0.1,ambiguous,off_centre,-0.1318,data/renders/procedural/keyed_01_peg_v1.png,data/renders/procedural/keyed_01_peg_v2.png,data/renders/aperture/keyed_01_ap-0.10_socket_v1.png,data/renders/aperture/keyed_01_ap-0.10_socket_v2.png
test,keyed,keyed_01,keyed_01_ap-0.30,-0.3,incompatible,,-0.3955,data/renders/procedural/keyed_01_peg_v1.png,data/renders/procedural/keyed_01_peg_v2.png,data/renders/aperture/keyed_01_ap-0.30_socket_v1.png,data/renders/aperture/keyed_01_ap-0.30_socket_v2.png
test,keyed,keyed_01,keyed_01_ap-0.60,-0.6,incompatible,,-0.7891,data/renders/procedural/keyed_01_peg_v1.png,data/renders/procedural/keyed_01_peg_v2.png,data/renders/aperture/keyed_01_ap-0.60_socket_v1.png,data/renders/aperture/keyed_01_ap-0.60_socket_v2.png
test,keyed,keyed_01,keyed_01_ap-1.20,-1.2,incompatible,,-1.5752,data/renders/procedural/keyed_01_peg_v1.png,data/renders/procedural/keyed_01_peg_v2.png,data/renders/aperture/keyed_01_ap-1.20_socket_v1.png,data/renders/aperture/keyed_01_ap-1.20_socket_v2.png
test,keyed,keyed_02,keyed_02,0.3,compatible,,0.2634,data/renders/procedural/keyed_02_peg_v1.png,data/renders/procedural/keyed_02_peg_v2.png,data/renders/procedural/keyed_02_socket_v1.png,data/renders/procedural/keyed_02_socket_v2.png
test,keyed,keyed_02,keyed_02_ap+0.10,0.1,compatible,,0.0873,data/renders/procedural/keyed_02_peg_v1.png,data/renders/procedural/keyed_02_peg_v2.png,data/renders/aperture/keyed_02_ap+0.10_socket_v1.png,data/renders/aperture/keyed_02_ap+0.10_socket_v2.png
test,keyed,keyed_02,keyed_02_ap+0.00,0.0,ambiguous,boundary,-0.001,data/renders/procedural/keyed_02_peg_v1.png,data/renders/procedural/keyed_02_peg_v2.png,data/renders/aperture/keyed_02_ap+0.00_socket_v1.png,data/renders/aperture/keyed_02_ap+0.00_socket_v2.png
test,keyed,keyed_02,keyed_02_ap-0.10,-0.1,ambiguous,off_centre,-0.1328,data/renders/procedural/keyed_02_peg_v1.png,data/renders/procedural/keyed_02_peg_v2.png,data/renders/aperture/keyed_02_ap-0.10_socket_v1.png,data/renders/aperture/keyed_02_ap-0.10_socket_v2.png
test,keyed,keyed_02,keyed_02_ap-0.30,-0.3,incompatible,,-0.3984,data/renders/procedural/keyed_02_peg_v1.png,data/renders/procedural/keyed_02_peg_v2.png,data/renders/aperture/keyed_02_ap-0.30_socket_v1.png,data/renders/aperture/keyed_02_ap-0.30_socket_v2.png
test,keyed,keyed_02,keyed_02_ap-0.60,-0.6,incompatible,,-0.7949,data/renders/procedural/keyed_02_peg_v1.png,data/renders/procedural/keyed_02_peg_v2.png,data/renders/aperture/keyed_02_ap-0.60_socket_v1.png,data/renders/aperture/keyed_02_ap-0.60_socket_v2.png
test,keyed,keyed_02,keyed_02_ap-1.20,-1.2,incompatible,,-1.5879,data/renders/procedural/keyed_02_peg_v1.png,data/renders/procedural/keyed_02_peg_v2.png,data/renders/aperture/keyed_02_ap-1.20_socket_v1.png,data/renders/aperture/keyed_02_ap-1.20_socket_v2.png
test,keyed,keyed_03,keyed_03,0.3,compatible,,0.2999,data/renders/procedural/keyed_03_peg_v1.png,data/renders/procedural/keyed_03_peg_v2.png,data/renders/procedural/keyed_03_socket_v1.png,data/renders/procedural/keyed_03_socket_v2.png
test,keyed,keyed_03,keyed_03_ap+0.10,0.1,compatible,,0.1,data/renders/procedural/keyed_03_peg_v1.png,data/renders/procedural/keyed_03_peg_v2.png,data/renders/aperture/keyed_03_ap+0.10_socket_v1.png,data/renders/aperture/keyed_03_ap+0.10_socket_v2.png
test,keyed,keyed_03,keyed_03_ap+0.00,0.0,ambiguous,boundary,-0.001,data/renders/procedural/keyed_03_peg_v1.png,data/renders/procedural/keyed_03_peg_v2.png,data/renders/aperture/keyed_03_ap+0.00_socket_v1.png,data/renders/aperture/keyed_03_ap+0.00_socket_v2.png
test,keyed,keyed_03,keyed_03_ap-0.10,-0.1,ambiguous,off_centre,-0.1416,data/renders/procedural/keyed_03_peg_v1.png,data/renders/procedural/keyed_03_peg_v2.png,data/renders/aperture/keyed_03_ap-0.10_socket_v1.png,data/renders/aperture/keyed_03_ap-0.10_socket_v2.png
test,keyed,keyed_03,keyed_03_ap-0.30,-0.3,incompatible,,-0.4248,data/renders/procedural/keyed_03_peg_v1.png,data/renders/procedural/keyed_03_peg_v2.png,data/renders/aperture/keyed_03_ap-0.30_socket_v1.png,data/renders/aperture/keyed_03_ap-0.30_socket_v2.png
test,keyed,keyed_03,keyed_03_ap-0.60,-0.6,incompatible,,-0.8486,data/renders/procedural/keyed_03_peg_v1.png,data/renders/procedural/keyed_03_peg_v2.png,data/renders/aperture/keyed_03_ap-0.60_socket_v1.png,data/renders/aperture/keyed_03_ap-0.60_socket_v2.png
test,keyed,keyed_03,keyed_03_ap-1.20,-1.2,incompatible,,-1.6973,data/renders/procedural/keyed_03_peg_v1.png,data/renders/procedural/keyed_03_peg_v2.png,data/renders/aperture/keyed_03_ap-1.20_socket_v1.png,data/renders/aperture/keyed_03_ap-1.20_socket_v2.png
test,keyed,keyed_04,keyed_04,0.3,compatible,,0.2463,data/renders/procedural/keyed_04_peg_v1.png,data/renders/procedural/keyed_04_peg_v2.png,data/renders/procedural/keyed_04_socket_v1.png,data/renders/procedural/keyed_04_socket_v2.png
test,keyed,keyed_04,keyed_04_ap+0.10,0.1,compatible,,0.0812,data/renders/procedural/keyed_04_peg_v1.png,data/renders/procedural/keyed_04_peg_v2.png,data/renders/aperture/keyed_04_ap+0.10_socket_v1.png,data/renders/aperture/keyed_04_ap+0.10_socket_v2.png
test,keyed,keyed_04,keyed_04_ap+0.00,0.0,ambiguous,boundary,-0.001,data/renders/procedural/keyed_04_peg_v1.png,data/renders/procedural/keyed_04_peg_v2.png,data/renders/aperture/keyed_04_ap+0.00_socket_v1.png,data/renders/aperture/keyed_04_ap+0.00_socket_v2.png
test,keyed,keyed_04,keyed_04_ap-0.10,-0.1,ambiguous,off_centre,-0.1436,data/renders/procedural/keyed_04_peg_v1.png,data/renders/procedural/keyed_04_peg_v2.png,data/renders/aperture/keyed_04_ap-0.10_socket_v1.png,data/renders/aperture/keyed_04_ap-0.10_socket_v2.png
test,keyed,keyed_04,keyed_04_ap-0.30,-0.3,incompatible,,-0.4287,data/renders/procedural/keyed_04_peg_v1.png,data/renders/procedural/keyed_04_peg_v2.png,data/renders/aperture/keyed_04_ap-0.30_socket_v1.png,data/renders/aperture/keyed_04_ap-0.30_socket_v2.png
test,keyed,keyed_04,keyed_04_ap-0.60,-0.6,incompatible,,-0.8574,data/renders/procedural/keyed_04_peg_v1.png,data/renders/procedural/keyed_04_peg_v2.png,data/renders/aperture/keyed_04_ap-0.60_socket_v1.png,data/renders/aperture/keyed_04_ap-0.60_socket_v2.png
test,keyed,keyed_04,keyed_04_ap-1.20,-1.2,incompatible,,-1.7158,data/renders/procedural/keyed_04_peg_v1.png,data/renders/procedural/keyed_04_peg_v2.png,data/renders/aperture/keyed_04_ap-1.20_socket_v1.png,data/renders/aperture/keyed_04_ap-1.20_socket_v2.png
test,keyed,keyed_05,keyed_05,0.3,compatible,,0.2674,data/renders/procedural/keyed_05_peg_v1.png,data/renders/procedural/keyed_05_peg_v2.png,data/renders/procedural/keyed_05_socket_v1.png,data/renders/procedural/keyed_05_socket_v2.png
test,keyed,keyed_05,keyed_05_ap+0.10,0.1,compatible,,0.0887,data/renders/procedural/keyed_05_peg_v1.png,data/renders/procedural/keyed_05_peg_v2.png,data/renders/aperture/keyed_05_ap+0.10_socket_v1.png,data/renders/aperture/keyed_05_ap+0.10_socket_v2.png
test,keyed,keyed_05,keyed_05_ap+0.00,0.0,ambiguous,boundary,-0.001,data/renders/procedural/keyed_05_peg_v1.png,data/renders/procedural/keyed_05_peg_v2.png,data/renders/aperture/keyed_05_ap+0.00_socket_v1.png,data/renders/aperture/keyed_05_ap+0.00_socket_v2.png
test,keyed,keyed_05,keyed_05_ap-0.10,-0.1,ambiguous,off_centre,-0.1338,data/renders/procedural/keyed_05_peg_v1.png,data/renders/procedural/keyed_05_peg_v2.png,data/renders/aperture/keyed_05_ap-0.10_socket_v1.png,data/renders/aperture/keyed_05_ap-0.10_socket_v2.png
test,keyed,keyed_05,keyed_05_ap-0.30,-0.3,incompatible,,-0.4014,data/renders/procedural/keyed_05_peg_v1.png,data/renders/procedural/keyed_05_peg_v2.png,data/renders/aperture/keyed_05_ap-0.30_socket_v1.png,data/renders/aperture/keyed_05_ap-0.30_socket_v2.png
test,keyed,keyed_05,keyed_05_ap-0.60,-0.6,incompatible,,-0.8018,data/renders/procedural/keyed_05_peg_v1.png,data/renders/procedural/keyed_05_peg_v2.png,data/renders/aperture/keyed_05_ap-0.60_socket_v1.png,data/renders/aperture/keyed_05_ap-0.60_socket_v2.png
test,keyed,keyed_05,keyed_05_ap-1.20,-1.2,incompatible,,-1.6025,data/renders/procedural/keyed_05_peg_v1.png,data/renders/procedural/keyed_05_peg_v2.png,data/renders/aperture/keyed_05_ap-1.20_socket_v1.png,data/renders/aperture/keyed_05_ap-1.20_socket_v2.png
calib,notched,notched_01,notched_01,0.3,compatible,,0.2389,data/renders/procedural/notched_01_peg_v1.png,data/renders/procedural/notched_01_peg_v2.png,data/renders/procedural/notched_01_socket_v1.png,data/renders/procedural/notched_01_socket_v2.png
calib,notched,notched_01,notched_01_ap+0.10,0.1,compatible,,0.0787,data/renders/procedural/notched_01_peg_v1.png,data/renders/procedural/notched_01_peg_v2.png,data/renders/aperture/notched_01_ap+0.10_socket_v1.png,data/renders/aperture/notched_01_ap+0.10_socket_v2.png
calib,notched,notched_01,notched_01_ap+0.00,0.0,ambiguous,boundary,0.0,data/renders/procedural/notched_01_peg_v1.png,data/renders/procedural/notched_01_peg_v2.png,data/renders/aperture/notched_01_ap+0.00_socket_v1.png,data/renders/aperture/notched_01_ap+0.00_socket_v2.png
calib,notched,notched_01,notched_01_ap-0.10,-0.1,ambiguous,off_centre,-0.1582,data/renders/procedural/notched_01_peg_v1.png,data/renders/procedural/notched_01_peg_v2.png,data/renders/aperture/notched_01_ap-0.10_socket_v1.png,data/renders/aperture/notched_01_ap-0.10_socket_v2.png
calib,notched,notched_01,notched_01_ap-0.30,-0.3,incompatible,,-0.4746,data/renders/procedural/notched_01_peg_v1.png,data/renders/procedural/notched_01_peg_v2.png,data/renders/aperture/notched_01_ap-0.30_socket_v1.png,data/renders/aperture/notched_01_ap-0.30_socket_v2.png
calib,notched,notched_01,notched_01_ap-0.60,-0.6,incompatible,,-0.9531,data/renders/procedural/notched_01_peg_v1.png,data/renders/procedural/notched_01_peg_v2.png,data/renders/aperture/notched_01_ap-0.60_socket_v1.png,data/renders/aperture/notched_01_ap-0.60_socket_v2.png
calib,notched,notched_01,notched_01_ap-1.20,-1.2,incompatible,,-1.9277,data/renders/procedural/notched_01_peg_v1.png,data/renders/procedural/notched_01_peg_v2.png,data/renders/aperture/notched_01_ap-1.20_socket_v1.png,data/renders/aperture/notched_01_ap-1.20_socket_v2.png
calib,notched,notched_02,notched_02,0.3,compatible,,0.2017,data/renders/procedural/notched_02_peg_v1.png,data/renders/procedural/notched_02_peg_v2.png,data/renders/procedural/notched_02_socket_v1.png,data/renders/procedural/notched_02_socket_v2.png
calib,notched,notched_02,notched_02_ap+0.10,0.1,compatible,,0.0652,data/renders/procedural/notched_02_peg_v1.png,data/renders/procedural/notched_02_peg_v2.png,data/renders/aperture/notched_02_ap+0.10_socket_v1.png,data/renders/aperture/notched_02_ap+0.10_socket_v2.png
calib,notched,notched_02,notched_02_ap+0.00,0.0,ambiguous,boundary,-0.001,data/renders/procedural/notched_02_peg_v1.png,data/renders/procedural/notched_02_peg_v2.png,data/renders/aperture/notched_02_ap+0.00_socket_v1.png,data/renders/aperture/notched_02_ap+0.00_socket_v2.png
calib,notched,notched_02,notched_02_ap-0.10,-0.1,ambiguous,off_centre,-0.1787,data/renders/procedural/notched_02_peg_v1.png,data/renders/procedural/notched_02_peg_v2.png,data/renders/aperture/notched_02_ap-0.10_socket_v1.png,data/renders/aperture/notched_02_ap-0.10_socket_v2.png
calib,notched,notched_02,notched_02_ap-0.30,-0.3,incompatible,,-0.5391,data/renders/procedural/notched_02_peg_v1.png,data/renders/procedural/notched_02_peg_v2.png,data/renders/aperture/notched_02_ap-0.30_socket_v1.png,data/renders/aperture/notched_02_ap-0.30_socket_v2.png
calib,notched,notched_02,notched_02_ap-0.60,-0.6,incompatible,,-2.0,data/renders/procedural/notched_02_peg_v1.png,data/renders/procedural/notched_02_peg_v2.png,data/renders/aperture/notched_02_ap-0.60_socket_v1.png,data/renders/aperture/notched_02_ap-0.60_socket_v2.png
calib,notched,notched_02,notched_02_ap-1.20,-1.2,incompatible,,-2.0,data/renders/procedural/notched_02_peg_v1.png,data/renders/procedural/notched_02_peg_v2.png,data/renders/aperture/notched_02_ap-1.20_socket_v1.png,data/renders/aperture/notched_02_ap-1.20_socket_v2.png
calib,notched,notched_03,notched_03,0.3,compatible,,0.2017,data/renders/procedural/notched_03_peg_v1.png,data/renders/procedural/notched_03_peg_v2.png,data/renders/procedural/notched_03_socket_v1.png,data/renders/procedural/notched_03_socket_v2.png
calib,notched,notched_03,notched_03_ap+0.10,0.1,compatible,,0.0652,data/renders/procedural/notched_03_peg_v1.png,data/renders/procedural/notched_03_peg_v2.png,data/renders/aperture/notched_03_ap+0.10_socket_v1.png,data/renders/aperture/notched_03_ap+0.10_socket_v2.png
calib,notched,notched_03,notched_03_ap+0.00,0.0,ambiguous,boundary,-0.001,data/renders/procedural/notched_03_peg_v1.png,data/renders/procedural/notched_03_peg_v2.png,data/renders/aperture/notched_03_ap+0.00_socket_v1.png,data/renders/aperture/notched_03_ap+0.00_socket_v2.png
calib,notched,notched_03,notched_03_ap-0.10,-0.1,ambiguous,off_centre,-0.1787,data/renders/procedural/notched_03_peg_v1.png,data/renders/procedural/notched_03_peg_v2.png,data/renders/aperture/notched_03_ap-0.10_socket_v1.png,data/renders/aperture/notched_03_ap-0.10_socket_v2.png
calib,notched,notched_03,notched_03_ap-0.30,-0.3,incompatible,,-0.5391,data/renders/procedural/notched_03_peg_v1.png,data/renders/procedural/notched_03_peg_v2.png,data/renders/aperture/notched_03_ap-0.30_socket_v1.png,data/renders/aperture/notched_03_ap-0.30_socket_v2.png
calib,notched,notched_03,notched_03_ap-0.60,-0.6,incompatible,,-2.0,data/renders/procedural/notched_03_peg_v1.png,data/renders/procedural/notched_03_peg_v2.png,data/renders/aperture/notched_03_ap-0.60_socket_v1.png,data/renders/aperture/notched_03_ap-0.60_socket_v2.png
calib,notched,notched_03,notched_03_ap-1.20,-1.2,incompatible,,-2.0,data/renders/procedural/notched_03_peg_v1.png,data/renders/procedural/notched_03_peg_v2.png,data/renders/aperture/notched_03_ap-1.20_socket_v1.png,data/renders/aperture/notched_03_ap-1.20_socket_v2.png
calib,notched,notched_04,notched_04,0.3,compatible,,0.2106,data/renders/procedural/notched_04_peg_v1.png,data/renders/procedural/notched_04_peg_v2.png,data/renders/procedural/notched_04_socket_v1.png,data/renders/procedural/notched_04_socket_v2.png
calib,notched,notched_04,notched_04_ap+0.10,0.1,compatible,,0.0688,data/renders/procedural/notched_04_peg_v1.png,data/renders/procedural/notched_04_peg_v2.png,data/renders/aperture/notched_04_ap+0.10_socket_v1.png,data/renders/aperture/notched_04_ap+0.10_socket_v2.png
calib,notched,notched_04,notched_04_ap+0.00,0.0,ambiguous,boundary,0.0,data/renders/procedural/notched_04_peg_v1.png,data/renders/procedural/notched_04_peg_v2.png,data/renders/aperture/notched_04_ap+0.00_socket_v1.png,data/renders/aperture/notched_04_ap+0.00_socket_v2.png
calib,notched,notched_04,notched_04_ap-0.10,-0.1,ambiguous,off_centre,-0.167,data/renders/procedural/notched_04_peg_v1.png,data/renders/procedural/notched_04_peg_v2.png,data/renders/aperture/notched_04_ap-0.10_socket_v1.png,data/renders/aperture/notched_04_ap-0.10_socket_v2.png
calib,notched,notched_04,notched_04_ap-0.30,-0.3,incompatible,,-0.501,data/renders/procedural/notched_04_peg_v1.png,data/renders/procedural/notched_04_peg_v2.png,data/renders/aperture/notched_04_ap-0.30_socket_v1.png,data/renders/aperture/notched_04_ap-0.30_socket_v2.png
calib,notched,notched_04,notched_04_ap-0.60,-0.6,incompatible,,-1.0117,data/renders/procedural/notched_04_peg_v1.png,data/renders/procedural/notched_04_peg_v2.png,data/renders/aperture/notched_04_ap-0.60_socket_v1.png,data/renders/aperture/notched_04_ap-0.60_socket_v2.png
calib,notched,notched_04,notched_04_ap-1.20,-1.2,incompatible,,-2.0,data/renders/procedural/notched_04_peg_v1.png,data/renders/procedural/notched_04_peg_v2.png,data/renders/aperture/notched_04_ap-1.20_socket_v1.png,data/renders/aperture/notched_04_ap-1.20_socket_v2.png
test,obround,obround_01,obround_01,0.3,compatible,,0.2999,data/renders/procedural/obround_01_peg_v1.png,data/renders/procedural/obround_01_peg_v2.png,data/renders/procedural/obround_01_socket_v1.png,data/renders/procedural/obround_01_socket_v2.png
test,obround,obround_01,obround_01_ap+0.10,0.1,compatible,,0.1,data/renders/procedural/obround_01_peg_v1.png,data/renders/procedural/obround_01_peg_v2.png,data/renders/aperture/obround_01_ap+0.10_socket_v1.png,data/renders/aperture/obround_01_ap+0.10_socket_v2.png
test,obround,obround_01,obround_01_ap+0.00,0.0,ambiguous,boundary,-0.001,data/renders/procedural/obround_01_peg_v1.png,data/renders/procedural/obround_01_peg_v2.png,data/renders/aperture/obround_01_ap+0.00_socket_v1.png,data/renders/aperture/obround_01_ap+0.00_socket_v2.png
test,obround,obround_01,obround_01_ap-0.10,-0.1,ambiguous,off_centre,-0.1006,data/renders/procedural/obround_01_peg_v1.png,data/renders/procedural/obround_01_peg_v2.png,data/renders/aperture/obround_01_ap-0.10_socket_v1.png,data/renders/aperture/obround_01_ap-0.10_socket_v2.png
test,obround,obround_01,obround_01_ap-0.30,-0.3,incompatible,,-0.3008,data/renders/procedural/obround_01_peg_v1.png,data/renders/procedural/obround_01_peg_v2.png,data/renders/aperture/obround_01_ap-0.30_socket_v1.png,data/renders/aperture/obround_01_ap-0.30_socket_v2.png
test,obround,obround_01,obround_01_ap-0.60,-0.6,incompatible,,-0.6006,data/renders/procedural/obround_01_peg_v1.png,data/renders/procedural/obround_01_peg_v2.png,data/renders/aperture/obround_01_ap-0.60_socket_v1.png,data/renders/aperture/obround_01_ap-0.60_socket_v2.png
test,obround,obround_01,obround_01_ap-1.20,-1.2,incompatible,,-1.2012,data/renders/procedural/obround_01_peg_v1.png,data/renders/procedural/obround_01_peg_v2.png,data/renders/aperture/obround_01_ap-1.20_socket_v1.png,data/renders/aperture/obround_01_ap-1.20_socket_v2.png
test,obround,obround_02,obround_02,0.3,compatible,,0.2999,data/renders/procedural/obround_02_peg_v1.png,data/renders/procedural/obround_02_peg_v2.png,data/renders/procedural/obround_02_socket_v1.png,data/renders/procedural/obround_02_socket_v2.png
test,obround,obround_02,obround_02_ap+0.10,0.1,compatible,,0.1,data/renders/procedural/obround_02_peg_v1.png,data/renders/procedural/obround_02_peg_v2.png,data/renders/aperture/obround_02_ap+0.10_socket_v1.png,data/renders/aperture/obround_02_ap+0.10_socket_v2.png
test,obround,obround_02,obround_02_ap+0.00,0.0,ambiguous,boundary,-0.001,data/renders/procedural/obround_02_peg_v1.png,data/renders/procedural/obround_02_peg_v2.png,data/renders/aperture/obround_02_ap+0.00_socket_v1.png,data/renders/aperture/obround_02_ap+0.00_socket_v2.png
test,obround,obround_02,obround_02_ap-0.10,-0.1,ambiguous,off_centre,-0.1006,data/renders/procedural/obround_02_peg_v1.png,data/renders/procedural/obround_02_peg_v2.png,data/renders/aperture/obround_02_ap-0.10_socket_v1.png,data/renders/aperture/obround_02_ap-0.10_socket_v2.png
test,obround,obround_02,obround_02_ap-0.30,-0.3,incompatible,,-0.3008,data/renders/procedural/obround_02_peg_v1.png,data/renders/procedural/obround_02_peg_v2.png,data/renders/aperture/obround_02_ap-0.30_socket_v1.png,data/renders/aperture/obround_02_ap-0.30_socket_v2.png
test,obround,obround_02,obround_02_ap-0.60,-0.6,incompatible,,-0.6006,data/renders/procedural/obround_02_peg_v1.png,data/renders/procedural/obround_02_peg_v2.png,data/renders/aperture/obround_02_ap-0.60_socket_v1.png,data/renders/aperture/obround_02_ap-0.60_socket_v2.png
test,obround,obround_02,obround_02_ap-1.20,-1.2,incompatible,,-1.2012,data/renders/procedural/obround_02_peg_v1.png,data/renders/procedural/obround_02_peg_v2.png,data/renders/aperture/obround_02_ap-1.20_socket_v1.png,data/renders/aperture/obround_02_ap-1.20_socket_v2.png
test,obround,obround_03,obround_03,0.3,compatible,,0.2999,data/renders/procedural/obround_03_peg_v1.png,data/renders/procedural/obround_03_peg_v2.png,data/renders/procedural/obround_03_socket_v1.png,data/renders/procedural/obround_03_socket_v2.png
test,obround,obround_03,obround_03_ap+0.10,0.1,compatible,,0.1,data/renders/procedural/obround_03_peg_v1.png,data/renders/procedural/obround_03_peg_v2.png,data/renders/aperture/obround_03_ap+0.10_socket_v1.png,data/renders/aperture/obround_03_ap+0.10_socket_v2.png
test,obround,obround_03,obround_03_ap+0.00,0.0,ambiguous,boundary,-0.001,data/renders/procedural/obround_03_peg_v1.png,data/renders/procedural/obround_03_peg_v2.png,data/renders/aperture/obround_03_ap+0.00_socket_v1.png,data/renders/aperture/obround_03_ap+0.00_socket_v2.png
test,obround,obround_03,obround_03_ap-0.10,-0.1,ambiguous,off_centre,-0.1006,data/renders/procedural/obround_03_peg_v1.png,data/renders/procedural/obround_03_peg_v2.png,data/renders/aperture/obround_03_ap-0.10_socket_v1.png,data/renders/aperture/obround_03_ap-0.10_socket_v2.png
test,obround,obround_03,obround_03_ap-0.30,-0.3,incompatible,,-0.3008,data/renders/procedural/obround_03_peg_v1.png,data/renders/procedural/obround_03_peg_v2.png,data/renders/aperture/obround_03_ap-0.30_socket_v1.png,data/renders/aperture/obround_03_ap-0.30_socket_v2.png
test,obround,obround_03,obround_03_ap-0.60,-0.6,incompatible,,-0.6006,data/renders/procedural/obround_03_peg_v1.png,data/renders/procedural/obround_03_peg_v2.png,data/renders/aperture/obround_03_ap-0.60_socket_v1.png,data/renders/aperture/obround_03_ap-0.60_socket_v2.png
test,obround,obround_03,obround_03_ap-1.20,-1.2,incompatible,,-1.2012,data/renders/procedural/obround_03_peg_v1.png,data/renders/procedural/obround_03_peg_v2.png,data/renders/aperture/obround_03_ap-1.20_socket_v1.png,data/renders/aperture/obround_03_ap-1.20_socket_v2.png
test,polygon,polygon_01,polygon_01,0.3,compatible,,0.2999,data/renders/procedural/polygon_01_peg_v1.png,data/renders/procedural/polygon_01_peg_v2.png,data/renders/procedural/polygon_01_socket_v1.png,data/renders/procedural/polygon_01_socket_v2.png
test,polygon,polygon_01,polygon_01_ap+0.10,0.1,compatible,,0.1,data/renders/procedural/polygon_01_peg_v1.png,data/renders/procedural/polygon_01_peg_v2.png,data/renders/aperture/polygon_01_ap+0.10_socket_v1.png,data/renders/aperture/polygon_01_ap+0.10_socket_v2.png
test,polygon,polygon_01,polygon_01_ap+0.00,0.0,ambiguous,boundary,-0.001,data/renders/procedural/polygon_01_peg_v1.png,data/renders/procedural/polygon_01_peg_v2.png,data/renders/aperture/polygon_01_ap+0.00_socket_v1.png,data/renders/aperture/polygon_01_ap+0.00_socket_v2.png
test,polygon,polygon_01,polygon_01_ap-0.10,-0.1,incompatible,,-0.2002,data/renders/procedural/polygon_01_peg_v1.png,data/renders/procedural/polygon_01_peg_v2.png,data/renders/aperture/polygon_01_ap-0.10_socket_v1.png,data/renders/aperture/polygon_01_ap-0.10_socket_v2.png
test,polygon,polygon_01,polygon_01_ap-0.30,-0.3,incompatible,,-0.6006,data/renders/procedural/polygon_01_peg_v1.png,data/renders/procedural/polygon_01_peg_v2.png,data/renders/aperture/polygon_01_ap-0.30_socket_v1.png,data/renders/aperture/polygon_01_ap-0.30_socket_v2.png
test,polygon,polygon_01,polygon_01_ap-0.60,-0.6,incompatible,,-1.2012,data/renders/procedural/polygon_01_peg_v1.png,data/renders/procedural/polygon_01_peg_v2.png,data/renders/aperture/polygon_01_ap-0.60_socket_v1.png,data/renders/aperture/polygon_01_ap-0.60_socket_v2.png
test,polygon,polygon_01,polygon_01_ap-1.20,-1.2,incompatible,,-2.0,data/renders/procedural/polygon_01_peg_v1.png,data/renders/procedural/polygon_01_peg_v2.png,data/renders/aperture/polygon_01_ap-1.20_socket_v1.png,data/renders/aperture/polygon_01_ap-1.20_socket_v2.png
test,polygon,polygon_02,polygon_02,0.3,compatible,,0.2999,data/renders/procedural/polygon_02_peg_v1.png,data/renders/procedural/polygon_02_peg_v2.png,data/renders/procedural/polygon_02_socket_v1.png,data/renders/procedural/polygon_02_socket_v2.png
test,polygon,polygon_02,polygon_02_ap+0.10,0.1,compatible,,0.1,data/renders/procedural/polygon_02_peg_v1.png,data/renders/procedural/polygon_02_peg_v2.png,data/renders/aperture/polygon_02_ap+0.10_socket_v1.png,data/renders/aperture/polygon_02_ap+0.10_socket_v2.png
test,polygon,polygon_02,polygon_02_ap+0.00,0.0,ambiguous,boundary,-0.001,data/renders/procedural/polygon_02_peg_v1.png,data/renders/procedural/polygon_02_peg_v2.png,data/renders/aperture/polygon_02_ap+0.00_socket_v1.png,data/renders/aperture/polygon_02_ap+0.00_socket_v2.png
test,polygon,polygon_02,polygon_02_ap-0.10,-0.1,ambiguous,off_centre,-0.124,data/renders/procedural/polygon_02_peg_v1.png,data/renders/procedural/polygon_02_peg_v2.png,data/renders/aperture/polygon_02_ap-0.10_socket_v1.png,data/renders/aperture/polygon_02_ap-0.10_socket_v2.png
test,polygon,polygon_02,polygon_02_ap-0.30,-0.3,incompatible,,-0.3711,data/renders/procedural/polygon_02_peg_v1.png,data/renders/procedural/polygon_02_peg_v2.png,data/renders/aperture/polygon_02_ap-0.30_socket_v1.png,data/renders/aperture/polygon_02_ap-0.30_socket_v2.png
test,polygon,polygon_02,polygon_02_ap-0.60,-0.6,incompatible,,-0.7422,data/renders/procedural/polygon_02_peg_v1.png,data/renders/procedural/polygon_02_peg_v2.png,data/renders/aperture/polygon_02_ap-0.60_socket_v1.png,data/renders/aperture/polygon_02_ap-0.60_socket_v2.png
test,polygon,polygon_02,polygon_02_ap-1.20,-1.2,incompatible,,-1.4834,data/renders/procedural/polygon_02_peg_v1.png,data/renders/procedural/polygon_02_peg_v2.png,data/renders/aperture/polygon_02_ap-1.20_socket_v1.png,data/renders/aperture/polygon_02_ap-1.20_socket_v2.png
test,polygon,polygon_03,polygon_03,0.3,compatible,,0.2999,data/renders/procedural/polygon_03_peg_v1.png,data/renders/procedural/polygon_03_peg_v2.png,data/renders/procedural/polygon_03_socket_v1.png,data/renders/procedural/polygon_03_socket_v2.png
test,polygon,polygon_03,polygon_03_ap+0.10,0.1,compatible,,0.1,data/renders/procedural/polygon_03_peg_v1.png,data/renders/procedural/polygon_03_peg_v2.png,data/renders/aperture/polygon_03_ap+0.10_socket_v1.png,data/renders/aperture/polygon_03_ap+0.10_socket_v2.png
test,polygon,polygon_03,polygon_03_ap+0.00,0.0,ambiguous,boundary,-0.001,data/renders/procedural/polygon_03_peg_v1.png,data/renders/procedural/polygon_03_peg_v2.png,data/renders/aperture/polygon_03_ap+0.00_socket_v1.png,data/renders/aperture/polygon_03_ap+0.00_socket_v2.png
test,polygon,polygon_03,polygon_03_ap-0.10,-0.1,ambiguous,off_centre,-0.1162,data/renders/procedural/polygon_03_peg_v1.png,data/renders/procedural/polygon_03_peg_v2.png,data/renders/aperture/polygon_03_ap-0.10_socket_v1.png,data/renders/aperture/polygon_03_ap-0.10_socket_v2.png
test,polygon,polygon_03,polygon_03_ap-0.30,-0.3,incompatible,,-0.3467,data/renders/procedural/polygon_03_peg_v1.png,data/renders/procedural/polygon_03_peg_v2.png,data/renders/aperture/polygon_03_ap-0.30_socket_v1.png,data/renders/aperture/polygon_03_ap-0.30_socket_v2.png
test,polygon,polygon_03,polygon_03_ap-0.60,-0.6,incompatible,,-0.6934,data/renders/procedural/polygon_03_peg_v1.png,data/renders/procedural/polygon_03_peg_v2.png,data/renders/aperture/polygon_03_ap-0.60_socket_v1.png,data/renders/aperture/polygon_03_ap-0.60_socket_v2.png
test,polygon,polygon_03,polygon_03_ap-1.20,-1.2,incompatible,,-1.3867,data/renders/procedural/polygon_03_peg_v1.png,data/renders/procedural/polygon_03_peg_v2.png,data/renders/aperture/polygon_03_ap-1.20_socket_v1.png,data/renders/aperture/polygon_03_ap-1.20_socket_v2.png
test,polygon,polygon_04,polygon_04,0.3,compatible,,0.2999,data/renders/procedural/polygon_04_peg_v1.png,data/renders/procedural/polygon_04_peg_v2.png,data/renders/procedural/polygon_04_socket_v1.png,data/renders/procedural/polygon_04_socket_v2.png
test,polygon,polygon_04,polygon_04_ap+0.10,0.1,compatible,,0.1,data/renders/procedural/polygon_04_peg_v1.png,data/renders/procedural/polygon_04_peg_v2.png,data/renders/aperture/polygon_04_ap+0.10_socket_v1.png,data/renders/aperture/polygon_04_ap+0.10_socket_v2.png
test,polygon,polygon_04,polygon_04_ap+0.00,0.0,ambiguous,boundary,-0.001,data/renders/procedural/polygon_04_peg_v1.png,data/renders/procedural/polygon_04_peg_v2.png,data/renders/aperture/polygon_04_ap+0.00_socket_v1.png,data/renders/aperture/polygon_04_ap+0.00_socket_v2.png
test,polygon,polygon_04,polygon_04_ap-0.10,-0.1,ambiguous,off_centre,-0.1162,data/renders/procedural/polygon_04_peg_v1.png,data/renders/procedural/polygon_04_peg_v2.png,data/renders/aperture/polygon_04_ap-0.10_socket_v1.png,data/renders/aperture/polygon_04_ap-0.10_socket_v2.png
test,polygon,polygon_04,polygon_04_ap-0.30,-0.3,incompatible,,-0.3467,data/renders/procedural/polygon_04_peg_v1.png,data/renders/procedural/polygon_04_peg_v2.png,data/renders/aperture/polygon_04_ap-0.30_socket_v1.png,data/renders/aperture/polygon_04_ap-0.30_socket_v2.png
test,polygon,polygon_04,polygon_04_ap-0.60,-0.6,incompatible,,-0.6934,data/renders/procedural/polygon_04_peg_v1.png,data/renders/procedural/polygon_04_peg_v2.png,data/renders/aperture/polygon_04_ap-0.60_socket_v1.png,data/renders/aperture/polygon_04_ap-0.60_socket_v2.png
test,polygon,polygon_04,polygon_04_ap-1.20,-1.2,incompatible,,-1.3867,data/renders/procedural/polygon_04_peg_v1.png,data/renders/procedural/polygon_04_peg_v2.png,data/renders/aperture/polygon_04_ap-1.20_socket_v1.png,data/renders/aperture/polygon_04_ap-1.20_socket_v2.png
test,polygon,polygon_05,polygon_05,0.3,compatible,,0.2999,data/renders/procedural/polygon_05_peg_v1.png,data/renders/procedural/polygon_05_peg_v2.png,data/renders/procedural/polygon_05_socket_v1.png,data/renders/procedural/polygon_05_socket_v2.png
test,polygon,polygon_05,polygon_05_ap+0.10,0.1,compatible,,0.1,data/renders/procedural/polygon_05_peg_v1.png,data/renders/procedural/polygon_05_peg_v2.png,data/renders/aperture/polygon_05_ap+0.10_socket_v1.png,data/renders/aperture/polygon_05_ap+0.10_socket_v2.png
test,polygon,polygon_05,polygon_05_ap+0.00,0.0,ambiguous,boundary,-0.001,data/renders/procedural/polygon_05_peg_v1.png,data/renders/procedural/polygon_05_peg_v2.png,data/renders/aperture/polygon_05_ap+0.00_socket_v1.png,data/renders/aperture/polygon_05_ap+0.00_socket_v2.png
test,polygon,polygon_05,polygon_05_ap-0.10,-0.1,ambiguous,off_centre,-0.1084,data/renders/procedural/polygon_05_peg_v1.png,data/renders/procedural/polygon_05_peg_v2.png,data/renders/aperture/polygon_05_ap-0.10_socket_v1.png,data/renders/aperture/polygon_05_ap-0.10_socket_v2.png
test,polygon,polygon_05,polygon_05_ap-0.30,-0.3,incompatible,,-0.3252,data/renders/procedural/polygon_05_peg_v1.png,data/renders/procedural/polygon_05_peg_v2.png,data/renders/aperture/polygon_05_ap-0.30_socket_v1.png,data/renders/aperture/polygon_05_ap-0.30_socket_v2.png
test,polygon,polygon_05,polygon_05_ap-0.60,-0.6,incompatible,,-0.6504,data/renders/procedural/polygon_05_peg_v1.png,data/renders/procedural/polygon_05_peg_v2.png,data/renders/aperture/polygon_05_ap-0.60_socket_v1.png,data/renders/aperture/polygon_05_ap-0.60_socket_v2.png
test,polygon,polygon_05,polygon_05_ap-1.20,-1.2,incompatible,,-1.2998,data/renders/procedural/polygon_05_peg_v1.png,data/renders/procedural/polygon_05_peg_v2.png,data/renders/aperture/polygon_05_ap-1.20_socket_v1.png,data/renders/aperture/polygon_05_ap-1.20_socket_v2.png
calib,rect,rect_01,rect_01,0.3,compatible,,0.2999,data/renders/procedural/rect_01_peg_v1.png,data/renders/procedural/rect_01_peg_v2.png,data/renders/procedural/rect_01_socket_v1.png,data/renders/procedural/rect_01_socket_v2.png
calib,rect,rect_01,rect_01_ap+0.10,0.1,compatible,,0.1,data/renders/procedural/rect_01_peg_v1.png,data/renders/procedural/rect_01_peg_v2.png,data/renders/aperture/rect_01_ap+0.10_socket_v1.png,data/renders/aperture/rect_01_ap+0.10_socket_v2.png
calib,rect,rect_01,rect_01_ap+0.00,0.0,ambiguous,boundary,0.0,data/renders/procedural/rect_01_peg_v1.png,data/renders/procedural/rect_01_peg_v2.png,data/renders/aperture/rect_01_ap+0.00_socket_v1.png,data/renders/aperture/rect_01_ap+0.00_socket_v2.png
calib,rect,rect_01,rect_01_ap-0.10,-0.1,ambiguous,off_centre,-0.1416,data/renders/procedural/rect_01_peg_v1.png,data/renders/procedural/rect_01_peg_v2.png,data/renders/aperture/rect_01_ap-0.10_socket_v1.png,data/renders/aperture/rect_01_ap-0.10_socket_v2.png
calib,rect,rect_01,rect_01_ap-0.30,-0.3,incompatible,,-0.4248,data/renders/procedural/rect_01_peg_v1.png,data/renders/procedural/rect_01_peg_v2.png,data/renders/aperture/rect_01_ap-0.30_socket_v1.png,data/renders/aperture/rect_01_ap-0.30_socket_v2.png
calib,rect,rect_01,rect_01_ap-0.60,-0.6,incompatible,,-0.8486,data/renders/procedural/rect_01_peg_v1.png,data/renders/procedural/rect_01_peg_v2.png,data/renders/aperture/rect_01_ap-0.60_socket_v1.png,data/renders/aperture/rect_01_ap-0.60_socket_v2.png
calib,rect,rect_01,rect_01_ap-1.20,-1.2,incompatible,,-1.6973,data/renders/procedural/rect_01_peg_v1.png,data/renders/procedural/rect_01_peg_v2.png,data/renders/aperture/rect_01_ap-1.20_socket_v1.png,data/renders/aperture/rect_01_ap-1.20_socket_v2.png
calib,rect,rect_02,rect_02,0.3,compatible,,0.2999,data/renders/procedural/rect_02_peg_v1.png,data/renders/procedural/rect_02_peg_v2.png,data/renders/procedural/rect_02_socket_v1.png,data/renders/procedural/rect_02_socket_v2.png
calib,rect,rect_02,rect_02_ap+0.10,0.1,compatible,,0.1,data/renders/procedural/rect_02_peg_v1.png,data/renders/procedural/rect_02_peg_v2.png,data/renders/aperture/rect_02_ap+0.10_socket_v1.png,data/renders/aperture/rect_02_ap+0.10_socket_v2.png
calib,rect,rect_02,rect_02_ap+0.00,0.0,ambiguous,boundary,0.0,data/renders/procedural/rect_02_peg_v1.png,data/renders/procedural/rect_02_peg_v2.png,data/renders/aperture/rect_02_ap+0.00_socket_v1.png,data/renders/aperture/rect_02_ap+0.00_socket_v2.png
calib,rect,rect_02,rect_02_ap-0.10,-0.1,ambiguous,off_centre,-0.1416,data/renders/procedural/rect_02_peg_v1.png,data/renders/procedural/rect_02_peg_v2.png,data/renders/aperture/rect_02_ap-0.10_socket_v1.png,data/renders/aperture/rect_02_ap-0.10_socket_v2.png
calib,rect,rect_02,rect_02_ap-0.30,-0.3,incompatible,,-0.4248,data/renders/procedural/rect_02_peg_v1.png,data/renders/procedural/rect_02_peg_v2.png,data/renders/aperture/rect_02_ap-0.30_socket_v1.png,data/renders/aperture/rect_02_ap-0.30_socket_v2.png
calib,rect,rect_02,rect_02_ap-0.60,-0.6,incompatible,,-0.8486,data/renders/procedural/rect_02_peg_v1.png,data/renders/procedural/rect_02_peg_v2.png,data/renders/aperture/rect_02_ap-0.60_socket_v1.png,data/renders/aperture/rect_02_ap-0.60_socket_v2.png
calib,rect,rect_02,rect_02_ap-1.20,-1.2,incompatible,,-1.6973,data/renders/procedural/rect_02_peg_v1.png,data/renders/procedural/rect_02_peg_v2.png,data/renders/aperture/rect_02_ap-1.20_socket_v1.png,data/renders/aperture/rect_02_ap-1.20_socket_v2.png
calib,rect,rect_03,rect_03,0.3,compatible,,0.2999,data/renders/procedural/rect_03_peg_v1.png,data/renders/procedural/rect_03_peg_v2.png,data/renders/procedural/rect_03_socket_v1.png,data/renders/procedural/rect_03_socket_v2.png
calib,rect,rect_03,rect_03_ap+0.10,0.1,compatible,,0.1,data/renders/procedural/rect_03_peg_v1.png,data/renders/procedural/rect_03_peg_v2.png,data/renders/aperture/rect_03_ap+0.10_socket_v1.png,data/renders/aperture/rect_03_ap+0.10_socket_v2.png
calib,rect,rect_03,rect_03_ap+0.00,0.0,ambiguous,boundary,0.0,data/renders/procedural/rect_03_peg_v1.png,data/renders/procedural/rect_03_peg_v2.png,data/renders/aperture/rect_03_ap+0.00_socket_v1.png,data/renders/aperture/rect_03_ap+0.00_socket_v2.png
calib,rect,rect_03,rect_03_ap-0.10,-0.1,ambiguous,off_centre,-0.1416,data/renders/procedural/rect_03_peg_v1.png,data/renders/procedural/rect_03_peg_v2.png,data/renders/aperture/rect_03_ap-0.10_socket_v1.png,data/renders/aperture/rect_03_ap-0.10_socket_v2.png
calib,rect,rect_03,rect_03_ap-0.30,-0.3,incompatible,,-0.4248,data/renders/procedural/rect_03_peg_v1.png,data/renders/procedural/rect_03_peg_v2.png,data/renders/aperture/rect_03_ap-0.30_socket_v1.png,data/renders/aperture/rect_03_ap-0.30_socket_v2.png
calib,rect,rect_03,rect_03_ap-0.60,-0.6,incompatible,,-0.8486,data/renders/procedural/rect_03_peg_v1.png,data/renders/procedural/rect_03_peg_v2.png,data/renders/aperture/rect_03_ap-0.60_socket_v1.png,data/renders/aperture/rect_03_ap-0.60_socket_v2.png
calib,rect,rect_03,rect_03_ap-1.20,-1.2,incompatible,,-1.6973,data/renders/procedural/rect_03_peg_v1.png,data/renders/procedural/rect_03_peg_v2.png,data/renders/aperture/rect_03_ap-1.20_socket_v1.png,data/renders/aperture/rect_03_ap-1.20_socket_v2.png
calib,rect,rect_04,rect_04,0.3,compatible,,0.2999,data/renders/procedural/rect_04_peg_v1.png,data/renders/procedural/rect_04_peg_v2.png,data/renders/procedural/rect_04_socket_v1.png,data/renders/procedural/rect_04_socket_v2.png
calib,rect,rect_04,rect_04_ap+0.10,0.1,compatible,,0.1,data/renders/procedural/rect_04_peg_v1.png,data/renders/procedural/rect_04_peg_v2.png,data/renders/aperture/rect_04_ap+0.10_socket_v1.png,data/renders/aperture/rect_04_ap+0.10_socket_v2.png
calib,rect,rect_04,rect_04_ap+0.00,0.0,ambiguous,boundary,0.0,data/renders/procedural/rect_04_peg_v1.png,data/renders/procedural/rect_04_peg_v2.png,data/renders/aperture/rect_04_ap+0.00_socket_v1.png,data/renders/aperture/rect_04_ap+0.00_socket_v2.png
calib,rect,rect_04,rect_04_ap-0.10,-0.1,ambiguous,off_centre,-0.1416,data/renders/procedural/rect_04_peg_v1.png,data/renders/procedural/rect_04_peg_v2.png,data/renders/aperture/rect_04_ap-0.10_socket_v1.png,data/renders/aperture/rect_04_ap-0.10_socket_v2.png
calib,rect,rect_04,rect_04_ap-0.30,-0.3,incompatible,,-0.4248,data/renders/procedural/rect_04_peg_v1.png,data/renders/procedural/rect_04_peg_v2.png,data/renders/aperture/rect_04_ap-0.30_socket_v1.png,data/renders/aperture/rect_04_ap-0.30_socket_v2.png
calib,rect,rect_04,rect_04_ap-0.60,-0.6,incompatible,,-0.8486,data/renders/procedural/rect_04_peg_v1.png,data/renders/procedural/rect_04_peg_v2.png,data/renders/aperture/rect_04_ap-0.60_socket_v1.png,data/renders/aperture/rect_04_ap-0.60_socket_v2.png
calib,rect,rect_04,rect_04_ap-1.20,-1.2,incompatible,,-1.6973,data/renders/procedural/rect_04_peg_v1.png,data/renders/procedural/rect_04_peg_v2.png,data/renders/aperture/rect_04_ap-1.20_socket_v1.png,data/renders/aperture/rect_04_ap-1.20_socket_v2.png
calib,rect,rect_05,rect_05,0.3,compatible,,0.2999,data/renders/procedural/rect_05_peg_v1.png,data/renders/procedural/rect_05_peg_v2.png,data/renders/procedural/rect_05_socket_v1.png,data/renders/procedural/rect_05_socket_v2.png
calib,rect,rect_05,rect_05_ap+0.10,0.1,compatible,,0.1,data/renders/procedural/rect_05_peg_v1.png,data/renders/procedural/rect_05_peg_v2.png,data/renders/aperture/rect_05_ap+0.10_socket_v1.png,data/renders/aperture/rect_05_ap+0.10_socket_v2.png
calib,rect,rect_05,rect_05_ap+0.00,0.0,ambiguous,boundary,0.0,data/renders/procedural/rect_05_peg_v1.png,data/renders/procedural/rect_05_peg_v2.png,data/renders/aperture/rect_05_ap+0.00_socket_v1.png,data/renders/aperture/rect_05_ap+0.00_socket_v2.png
calib,rect,rect_05,rect_05_ap-0.10,-0.1,ambiguous,off_centre,-0.1416,data/renders/procedural/rect_05_peg_v1.png,data/renders/procedural/rect_05_peg_v2.png,data/renders/aperture/rect_05_ap-0.10_socket_v1.png,data/renders/aperture/rect_05_ap-0.10_socket_v2.png
calib,rect,rect_05,rect_05_ap-0.30,-0.3,incompatible,,-0.4248,data/renders/procedural/rect_05_peg_v1.png,data/renders/procedural/rect_05_peg_v2.png,data/renders/aperture/rect_05_ap-0.30_socket_v1.png,data/renders/aperture/rect_05_ap-0.30_socket_v2.png
calib,rect,rect_05,rect_05_ap-0.60,-0.6,incompatible,,-0.8486,data/renders/procedural/rect_05_peg_v1.png,data/renders/procedural/rect_05_peg_v2.png,data/renders/aperture/rect_05_ap-0.60_socket_v1.png,data/renders/aperture/rect_05_ap-0.60_socket_v2.png
calib,rect,rect_05,rect_05_ap-1.20,-1.2,incompatible,,-1.6973,data/renders/procedural/rect_05_peg_v1.png,data/renders/procedural/rect_05_peg_v2.png,data/renders/aperture/rect_05_ap-1.20_socket_v1.png,data/renders/aperture/rect_05_ap-1.20_socket_v2.png
calib,square,square_01,square_01,0.3,compatible,,0.2999,data/renders/procedural/square_01_peg_v1.png,data/renders/procedural/square_01_peg_v2.png,data/renders/procedural/square_01_socket_v1.png,data/renders/procedural/square_01_socket_v2.png
calib,square,square_01,square_01_ap+0.10,0.1,compatible,,0.1,data/renders/procedural/square_01_peg_v1.png,data/renders/procedural/square_01_peg_v2.png,data/renders/aperture/square_01_ap+0.10_socket_v1.png,data/renders/aperture/square_01_ap+0.10_socket_v2.png
calib,square,square_01,square_01_ap+0.00,0.0,ambiguous,boundary,0.0,data/renders/procedural/square_01_peg_v1.png,data/renders/procedural/square_01_peg_v2.png,data/renders/aperture/square_01_ap+0.00_socket_v1.png,data/renders/aperture/square_01_ap+0.00_socket_v2.png
calib,square,square_01,square_01_ap-0.10,-0.1,ambiguous,off_centre,-0.1416,data/renders/procedural/square_01_peg_v1.png,data/renders/procedural/square_01_peg_v2.png,data/renders/aperture/square_01_ap-0.10_socket_v1.png,data/renders/aperture/square_01_ap-0.10_socket_v2.png
calib,square,square_01,square_01_ap-0.30,-0.3,incompatible,,-0.4248,data/renders/procedural/square_01_peg_v1.png,data/renders/procedural/square_01_peg_v2.png,data/renders/aperture/square_01_ap-0.30_socket_v1.png,data/renders/aperture/square_01_ap-0.30_socket_v2.png
calib,square,square_01,square_01_ap-0.60,-0.6,incompatible,,-0.8486,data/renders/procedural/square_01_peg_v1.png,data/renders/procedural/square_01_peg_v2.png,data/renders/aperture/square_01_ap-0.60_socket_v1.png,data/renders/aperture/square_01_ap-0.60_socket_v2.png
calib,square,square_01,square_01_ap-1.20,-1.2,incompatible,,-1.6973,data/renders/procedural/square_01_peg_v1.png,data/renders/procedural/square_01_peg_v2.png,data/renders/aperture/square_01_ap-1.20_socket_v1.png,data/renders/aperture/square_01_ap-1.20_socket_v2.png
calib,square,square_02,square_02,0.3,compatible,,0.2999,data/renders/procedural/square_02_peg_v1.png,data/renders/procedural/square_02_peg_v2.png,data/renders/procedural/square_02_socket_v1.png,data/renders/procedural/square_02_socket_v2.png
calib,square,square_02,square_02_ap+0.10,0.1,compatible,,0.1,data/renders/procedural/square_02_peg_v1.png,data/renders/procedural/square_02_peg_v2.png,data/renders/aperture/square_02_ap+0.10_socket_v1.png,data/renders/aperture/square_02_ap+0.10_socket_v2.png
calib,square,square_02,square_02_ap+0.00,0.0,ambiguous,boundary,0.0,data/renders/procedural/square_02_peg_v1.png,data/renders/procedural/square_02_peg_v2.png,data/renders/aperture/square_02_ap+0.00_socket_v1.png,data/renders/aperture/square_02_ap+0.00_socket_v2.png
calib,square,square_02,square_02_ap-0.10,-0.1,ambiguous,off_centre,-0.1416,data/renders/procedural/square_02_peg_v1.png,data/renders/procedural/square_02_peg_v2.png,data/renders/aperture/square_02_ap-0.10_socket_v1.png,data/renders/aperture/square_02_ap-0.10_socket_v2.png
calib,square,square_02,square_02_ap-0.30,-0.3,incompatible,,-0.4248,data/renders/procedural/square_02_peg_v1.png,data/renders/procedural/square_02_peg_v2.png,data/renders/aperture/square_02_ap-0.30_socket_v1.png,data/renders/aperture/square_02_ap-0.30_socket_v2.png
calib,square,square_02,square_02_ap-0.60,-0.6,incompatible,,-0.8486,data/renders/procedural/square_02_peg_v1.png,data/renders/procedural/square_02_peg_v2.png,data/renders/aperture/square_02_ap-0.60_socket_v1.png,data/renders/aperture/square_02_ap-0.60_socket_v2.png
calib,square,square_02,square_02_ap-1.20,-1.2,incompatible,,-1.6973,data/renders/procedural/square_02_peg_v1.png,data/renders/procedural/square_02_peg_v2.png,data/renders/aperture/square_02_ap-1.20_socket_v1.png,data/renders/aperture/square_02_ap-1.20_socket_v2.png
calib,square,square_03,square_03,0.3,compatible,,0.2999,data/renders/procedural/square_03_peg_v1.png,data/renders/procedural/square_03_peg_v2.png,data/renders/procedural/square_03_socket_v1.png,data/renders/procedural/square_03_socket_v2.png
calib,square,square_03,square_03_ap+0.10,0.1,compatible,,0.1,data/renders/procedural/square_03_peg_v1.png,data/renders/procedural/square_03_peg_v2.png,data/renders/aperture/square_03_ap+0.10_socket_v1.png,data/renders/aperture/square_03_ap+0.10_socket_v2.png
calib,square,square_03,square_03_ap+0.00,0.0,ambiguous,boundary,0.0,data/renders/procedural/square_03_peg_v1.png,data/renders/procedural/square_03_peg_v2.png,data/renders/aperture/square_03_ap+0.00_socket_v1.png,data/renders/aperture/square_03_ap+0.00_socket_v2.png
calib,square,square_03,square_03_ap-0.10,-0.1,ambiguous,off_centre,-0.1416,data/renders/procedural/square_03_peg_v1.png,data/renders/procedural/square_03_peg_v2.png,data/renders/aperture/square_03_ap-0.10_socket_v1.png,data/renders/aperture/square_03_ap-0.10_socket_v2.png
calib,square,square_03,square_03_ap-0.30,-0.3,incompatible,,-0.4248,data/renders/procedural/square_03_peg_v1.png,data/renders/procedural/square_03_peg_v2.png,data/renders/aperture/square_03_ap-0.30_socket_v1.png,data/renders/aperture/square_03_ap-0.30_socket_v2.png
calib,square,square_03,square_03_ap-0.60,-0.6,incompatible,,-0.8486,data/renders/procedural/square_03_peg_v1.png,data/renders/procedural/square_03_peg_v2.png,data/renders/aperture/square_03_ap-0.60_socket_v1.png,data/renders/aperture/square_03_ap-0.60_socket_v2.png
calib,square,square_03,square_03_ap-1.20,-1.2,incompatible,,-1.6973,data/renders/procedural/square_03_peg_v1.png,data/renders/procedural/square_03_peg_v2.png,data/renders/aperture/square_03_ap-1.20_socket_v1.png,data/renders/aperture/square_03_ap-1.20_socket_v2.png
calib,square,square_04,square_04,0.3,compatible,,0.2999,data/renders/procedural/square_04_peg_v1.png,data/renders/procedural/square_04_peg_v2.png,data/renders/procedural/square_04_socket_v1.png,data/renders/procedural/square_04_socket_v2.png
calib,square,square_04,square_04_ap+0.10,0.1,compatible,,0.1,data/renders/procedural/square_04_peg_v1.png,data/renders/procedural/square_04_peg_v2.png,data/renders/aperture/square_04_ap+0.10_socket_v1.png,data/renders/aperture/square_04_ap+0.10_socket_v2.png
calib,square,square_04,square_04_ap+0.00,0.0,ambiguous,boundary,0.0,data/renders/procedural/square_04_peg_v1.png,data/renders/procedural/square_04_peg_v2.png,data/renders/aperture/square_04_ap+0.00_socket_v1.png,data/renders/aperture/square_04_ap+0.00_socket_v2.png
calib,square,square_04,square_04_ap-0.10,-0.1,ambiguous,off_centre,-0.1416,data/renders/procedural/square_04_peg_v1.png,data/renders/procedural/square_04_peg_v2.png,data/renders/aperture/square_04_ap-0.10_socket_v1.png,data/renders/aperture/square_04_ap-0.10_socket_v2.png
calib,square,square_04,square_04_ap-0.30,-0.3,incompatible,,-0.4248,data/renders/procedural/square_04_peg_v1.png,data/renders/procedural/square_04_peg_v2.png,data/renders/aperture/square_04_ap-0.30_socket_v1.png,data/renders/aperture/square_04_ap-0.30_socket_v2.png
calib,square,square_04,square_04_ap-0.60,-0.6,incompatible,,-0.8486,data/renders/procedural/square_04_peg_v1.png,data/renders/procedural/square_04_peg_v2.png,data/renders/aperture/square_04_ap-0.60_socket_v1.png,data/renders/aperture/square_04_ap-0.60_socket_v2.png
calib,square,square_04,square_04_ap-1.20,-1.2,incompatible,,-1.6973,data/renders/procedural/square_04_peg_v1.png,data/renders/procedural/square_04_peg_v2.png,data/renders/aperture/square_04_ap-1.20_socket_v1.png,data/renders/aperture/square_04_ap-1.20_socket_v2.png
test,star,star_01,star_01,0.3,compatible,,0.2999,data/renders/procedural/star_01_peg_v1.png,data/renders/procedural/star_01_peg_v2.png,data/renders/procedural/star_01_socket_v1.png,data/renders/procedural/star_01_socket_v2.png
test,star,star_01,star_01_ap+0.10,0.1,compatible,,0.1,data/renders/procedural/star_01_peg_v1.png,data/renders/procedural/star_01_peg_v2.png,data/renders/aperture/star_01_ap+0.10_socket_v1.png,data/renders/aperture/star_01_ap+0.10_socket_v2.png
test,star,star_01,star_01_ap+0.00,0.0,ambiguous,boundary,-0.001,data/renders/procedural/star_01_peg_v1.png,data/renders/procedural/star_01_peg_v2.png,data/renders/aperture/star_01_ap+0.00_socket_v1.png,data/renders/aperture/star_01_ap+0.00_socket_v2.png
test,star,star_01,star_01_ap-0.10,-0.1,incompatible,,-0.209,data/renders/procedural/star_01_peg_v1.png,data/renders/procedural/star_01_peg_v2.png,data/renders/aperture/star_01_ap-0.10_socket_v1.png,data/renders/aperture/star_01_ap-0.10_socket_v2.png
test,star,star_01,star_01_ap-0.30,-0.3,incompatible,,-0.626,data/renders/procedural/star_01_peg_v1.png,data/renders/procedural/star_01_peg_v2.png,data/renders/aperture/star_01_ap-0.30_socket_v1.png,data/renders/aperture/star_01_ap-0.30_socket_v2.png
test,star,star_01,star_01_ap-0.60,-0.6,incompatible,,-1.251,data/renders/procedural/star_01_peg_v1.png,data/renders/procedural/star_01_peg_v2.png,data/renders/aperture/star_01_ap-0.60_socket_v1.png,data/renders/aperture/star_01_ap-0.60_socket_v2.png
test,star,star_01,star_01_ap-1.20,-1.2,incompatible,,-2.0,data/renders/procedural/star_01_peg_v1.png,data/renders/procedural/star_01_peg_v2.png,data/renders/aperture/star_01_ap-1.20_socket_v1.png,data/renders/aperture/star_01_ap-1.20_socket_v2.png
test,star,star_02,star_02,0.3,compatible,,0.2999,data/renders/procedural/star_02_peg_v1.png,data/renders/procedural/star_02_peg_v2.png,data/renders/procedural/star_02_socket_v1.png,data/renders/procedural/star_02_socket_v2.png
test,star,star_02,star_02_ap+0.10,0.1,compatible,,0.1,data/renders/procedural/star_02_peg_v1.png,data/renders/procedural/star_02_peg_v2.png,data/renders/aperture/star_02_ap+0.10_socket_v1.png,data/renders/aperture/star_02_ap+0.10_socket_v2.png
test,star,star_02,star_02_ap+0.00,0.0,ambiguous,boundary,-0.001,data/renders/procedural/star_02_peg_v1.png,data/renders/procedural/star_02_peg_v2.png,data/renders/aperture/star_02_ap+0.00_socket_v1.png,data/renders/aperture/star_02_ap+0.00_socket_v2.png
test,star,star_02,star_02_ap-0.10,-0.1,incompatible,,-0.2266,data/renders/procedural/star_02_peg_v1.png,data/renders/procedural/star_02_peg_v2.png,data/renders/aperture/star_02_ap-0.10_socket_v1.png,data/renders/aperture/star_02_ap-0.10_socket_v2.png
test,star,star_02,star_02_ap-0.30,-0.3,incompatible,,-0.6787,data/renders/procedural/star_02_peg_v1.png,data/renders/procedural/star_02_peg_v2.png,data/renders/aperture/star_02_ap-0.30_socket_v1.png,data/renders/aperture/star_02_ap-0.30_socket_v2.png
test,star,star_02,star_02_ap-0.60,-0.6,incompatible,,-1.3564,data/renders/procedural/star_02_peg_v1.png,data/renders/procedural/star_02_peg_v2.png,data/renders/aperture/star_02_ap-0.60_socket_v1.png,data/renders/aperture/star_02_ap-0.60_socket_v2.png
test,star,star_02,star_02_ap-1.20,-1.2,incompatible,,-2.0,data/renders/procedural/star_02_peg_v1.png,data/renders/procedural/star_02_peg_v2.png,data/renders/aperture/star_02_ap-1.20_socket_v1.png,data/renders/aperture/star_02_ap-1.20_socket_v2.png
test,star,star_03,star_03,0.3,compatible,,0.2999,data/renders/procedural/star_03_peg_v1.png,data/renders/procedural/star_03_peg_v2.png,data/renders/procedural/star_03_socket_v1.png,data/renders/procedural/star_03_socket_v2.png
test,star,star_03,star_03_ap+0.10,0.1,compatible,,0.1,data/renders/procedural/star_03_peg_v1.png,data/renders/procedural/star_03_peg_v2.png,data/renders/aperture/star_03_ap+0.10_socket_v1.png,data/renders/aperture/star_03_ap+0.10_socket_v2.png
test,star,star_03,star_03_ap+0.00,0.0,ambiguous,boundary,-0.001,data/renders/procedural/star_03_peg_v1.png,data/renders/procedural/star_03_peg_v2.png,data/renders/aperture/star_03_ap+0.00_socket_v1.png,data/renders/aperture/star_03_ap+0.00_socket_v2.png
test,star,star_03,star_03_ap-0.10,-0.1,incompatible,,-0.248,data/renders/procedural/star_03_peg_v1.png,data/renders/procedural/star_03_peg_v2.png,data/renders/aperture/star_03_ap-0.10_socket_v1.png,data/renders/aperture/star_03_ap-0.10_socket_v2.png
test,star,star_03,star_03_ap-0.30,-0.3,incompatible,,-0.7441,data/renders/procedural/star_03_peg_v1.png,data/renders/procedural/star_03_peg_v2.png,data/renders/aperture/star_03_ap-0.30_socket_v1.png,data/renders/aperture/star_03_ap-0.30_socket_v2.png
test,star,star_03,star_03_ap-0.60,-0.6,incompatible,,-1.4883,data/renders/procedural/star_03_peg_v1.png,data/renders/procedural/star_03_peg_v2.png,data/renders/aperture/star_03_ap-0.60_socket_v1.png,data/renders/aperture/star_03_ap-0.60_socket_v2.png
test,star,star_03,star_03_ap-1.20,-1.2,incompatible,,-2.0,data/renders/procedural/star_03_peg_v1.png,data/renders/procedural/star_03_peg_v2.png,data/renders/aperture/star_03_ap-1.20_socket_v1.png,data/renders/aperture/star_03_ap-1.20_socket_v2.png
test,star,star_04,star_04,0.3,compatible,,0.2999,data/renders/procedural/star_04_peg_v1.png,data/renders/procedural/star_04_peg_v2.png,data/renders/procedural/star_04_socket_v1.png,data/renders/procedural/star_04_socket_v2.png
test,star,star_04,star_04_ap+0.10,0.1,compatible,,0.1,data/renders/procedural/star_04_peg_v1.png,data/renders/procedural/star_04_peg_v2.png,data/renders/aperture/star_04_ap+0.10_socket_v1.png,data/renders/aperture/star_04_ap+0.10_socket_v2.png
test,star,star_04,star_04_ap+0.00,0.0,ambiguous,boundary,-0.001,data/renders/procedural/star_04_peg_v1.png,data/renders/procedural/star_04_peg_v2.png,data/renders/aperture/star_04_ap+0.00_socket_v1.png,data/renders/aperture/star_04_ap+0.00_socket_v2.png
test,star,star_04,star_04_ap-0.10,-0.1,incompatible,,-0.1641,data/renders/procedural/star_04_peg_v1.png,data/renders/procedural/star_04_peg_v2.png,data/renders/aperture/star_04_ap-0.10_socket_v1.png,data/renders/aperture/star_04_ap-0.10_socket_v2.png
test,star,star_04,star_04_ap-0.30,-0.3,incompatible,,-0.4922,data/renders/procedural/star_04_peg_v1.png,data/renders/procedural/star_04_peg_v2.png,data/renders/aperture/star_04_ap-0.30_socket_v1.png,data/renders/aperture/star_04_ap-0.30_socket_v2.png
test,star,star_04,star_04_ap-0.60,-0.6,incompatible,,-0.9834,data/renders/procedural/star_04_peg_v1.png,data/renders/procedural/star_04_peg_v2.png,data/renders/aperture/star_04_ap-0.60_socket_v1.png,data/renders/aperture/star_04_ap-0.60_socket_v2.png
test,star,star_04,star_04_ap-1.20,-1.2,incompatible,,-1.9668,data/renders/procedural/star_04_peg_v1.png,data/renders/procedural/star_04_peg_v2.png,data/renders/aperture/star_04_ap-1.20_socket_v1.png,data/renders/aperture/star_04_ap-1.20_socket_v2.png
calib,tee,tee_01,tee_01,0.3,compatible,,0.2551,data/renders/procedural/tee_01_peg_v1.png,data/renders/procedural/tee_01_peg_v2.png,data/renders/procedural/tee_01_socket_v1.png,data/renders/procedural/tee_01_socket_v2.png
calib,tee,tee_01,tee_01_ap+0.10,0.1,compatible,,0.0846,data/renders/procedural/tee_01_peg_v1.png,data/renders/procedural/tee_01_peg_v2.png,data/renders/aperture/tee_01_ap+0.10_socket_v1.png,data/renders/aperture/tee_01_ap+0.10_socket_v2.png
calib,tee,tee_01,tee_01_ap+0.00,0.0,ambiguous,boundary,-0.001,data/renders/procedural/tee_01_peg_v1.png,data/renders/procedural/tee_01_peg_v2.png,data/renders/aperture/tee_01_ap+0.00_socket_v1.png,data/renders/aperture/tee_01_ap+0.00_socket_v2.png
calib,tee,tee_01,tee_01_ap-0.10,-0.1,ambiguous,off_centre,-0.1533,data/renders/procedural/tee_01_peg_v1.png,data/renders/procedural/tee_01_peg_v2.png,data/renders/aperture/tee_01_ap-0.10_socket_v1.png,data/renders/aperture/tee_01_ap-0.10_socket_v2.png
calib,tee,tee_01,tee_01_ap-0.30,-0.3,incompatible,,-0.46,data/renders/procedural/tee_01_peg_v1.png,data/renders/procedural/tee_01_peg_v2.png,data/renders/aperture/tee_01_ap-0.30_socket_v1.png,data/renders/aperture/tee_01_ap-0.30_socket_v2.png
calib,tee,tee_01,tee_01_ap-0.60,-0.6,incompatible,,-0.9209,data/renders/procedural/tee_01_peg_v1.png,data/renders/procedural/tee_01_peg_v2.png,data/renders/aperture/tee_01_ap-0.60_socket_v1.png,data/renders/aperture/tee_01_ap-0.60_socket_v2.png
calib,tee,tee_01,tee_01_ap-1.20,-1.2,incompatible,,-1.8486,data/renders/procedural/tee_01_peg_v1.png,data/renders/procedural/tee_01_peg_v2.png,data/renders/aperture/tee_01_ap-1.20_socket_v1.png,data/renders/aperture/tee_01_ap-1.20_socket_v2.png
calib,tee,tee_02,tee_02,0.3,compatible,,0.246,data/renders/procedural/tee_02_peg_v1.png,data/renders/procedural/tee_02_peg_v2.png,data/renders/procedural/tee_02_socket_v1.png,data/renders/procedural/tee_02_socket_v2.png
calib,tee,tee_02,tee_02_ap+0.10,0.1,compatible,,0.0815,data/renders/procedural/tee_02_peg_v1.png,data/renders/procedural/tee_02_peg_v2.png,data/renders/aperture/tee_02_ap+0.10_socket_v1.png,data/renders/aperture/tee_02_ap+0.10_socket_v2.png
calib,tee,tee_02,tee_02_ap+0.00,0.0,ambiguous,boundary,0.0,data/renders/procedural/tee_02_peg_v1.png,data/renders/procedural/tee_02_peg_v2.png,data/renders/aperture/tee_02_ap+0.00_socket_v1.png,data/renders/aperture/tee_02_ap+0.00_socket_v2.png
calib,tee,tee_02,tee_02_ap-0.10,-0.1,ambiguous,off_centre,-0.1562,data/renders/procedural/tee_02_peg_v1.png,data/renders/procedural/tee_02_peg_v2.png,data/renders/aperture/tee_02_ap-0.10_socket_v1.png,data/renders/aperture/tee_02_ap-0.10_socket_v2.png
calib,tee,tee_02,tee_02_ap-0.30,-0.3,incompatible,,-0.4678,data/renders/procedural/tee_02_peg_v1.png,data/renders/procedural/tee_02_peg_v2.png,data/renders/aperture/tee_02_ap-0.30_socket_v1.png,data/renders/aperture/tee_02_ap-0.30_socket_v2.png
calib,tee,tee_02,tee_02_ap-0.60,-0.6,incompatible,,-0.9375,data/renders/procedural/tee_02_peg_v1.png,data/renders/procedural/tee_02_peg_v2.png,data/renders/aperture/tee_02_ap-0.60_socket_v1.png,data/renders/aperture/tee_02_ap-0.60_socket_v2.png
calib,tee,tee_02,tee_02_ap-1.20,-1.2,incompatible,,-1.8945,data/renders/procedural/tee_02_peg_v1.png,data/renders/procedural/tee_02_peg_v2.png,data/renders/aperture/tee_02_ap-1.20_socket_v1.png,data/renders/aperture/tee_02_ap-1.20_socket_v2.png
calib,tee,tee_03,tee_03,0.3,compatible,,0.2548,data/renders/procedural/tee_03_peg_v1.png,data/renders/procedural/tee_03_peg_v2.png,data/renders/procedural/tee_03_socket_v1.png,data/renders/procedural/tee_03_socket_v2.png
calib,tee,tee_03,tee_03_ap+0.10,0.1,compatible,,0.0846,data/renders/procedural/tee_03_peg_v1.png,data/renders/procedural/tee_03_peg_v2.png,data/renders/aperture/tee_03_ap+0.10_socket_v1.png,data/renders/aperture/tee_03_ap+0.10_socket_v2.png
calib,tee,tee_03,tee_03_ap+0.00,0.0,ambiguous,boundary,-0.001,data/renders/procedural/tee_03_peg_v1.png,data/renders/procedural/tee_03_peg_v2.png,data/renders/aperture/tee_03_ap+0.00_socket_v1.png,data/renders/aperture/tee_03_ap+0.00_socket_v2.png
calib,tee,tee_03,tee_03_ap-0.10,-0.1,ambiguous,off_centre,-0.1533,data/renders/procedural/tee_03_peg_v1.png,data/renders/procedural/tee_03_peg_v2.png,data/renders/aperture/tee_03_ap-0.10_socket_v1.png,data/renders/aperture/tee_03_ap-0.10_socket_v2.png
calib,tee,tee_03,tee_03_ap-0.30,-0.3,incompatible,,-0.46,data/renders/procedural/tee_03_peg_v1.png,data/renders/procedural/tee_03_peg_v2.png,data/renders/aperture/tee_03_ap-0.30_socket_v1.png,data/renders/aperture/tee_03_ap-0.30_socket_v2.png
calib,tee,tee_03,tee_03_ap-0.60,-0.6,incompatible,,-0.9219,data/renders/procedural/tee_03_peg_v1.png,data/renders/procedural/tee_03_peg_v2.png,data/renders/aperture/tee_03_ap-0.60_socket_v1.png,data/renders/aperture/tee_03_ap-0.60_socket_v2.png
calib,tee,tee_03,tee_03_ap-1.20,-1.2,incompatible,,-1.8584,data/renders/procedural/tee_03_peg_v1.png,data/renders/procedural/tee_03_peg_v2.png,data/renders/aperture/tee_03_ap-1.20_socket_v1.png,data/renders/aperture/tee_03_ap-1.20_socket_v2.png
calib,trapezoid,trapezoid_01,trapezoid_01,0.3,compatible,,0.2749,data/renders/procedural/trapezoid_01_peg_v1.png,data/renders/procedural/trapezoid_01_peg_v2.png,data/renders/procedural/trapezoid_01_socket_v1.png,data/renders/procedural/trapezoid_01_socket_v2.png
calib,trapezoid,trapezoid_01,trapezoid_01_ap+0.10,0.1,compatible,,0.0913,data/renders/procedural/trapezoid_01_peg_v1.png,data/renders/procedural/trapezoid_01_peg_v2.png,data/renders/aperture/trapezoid_01_ap+0.10_socket_v1.png,data/renders/aperture/trapezoid_01_ap+0.10_socket_v2.png
calib,trapezoid,trapezoid_01,trapezoid_01_ap+0.00,0.0,ambiguous,boundary,0.0,data/renders/procedural/trapezoid_01_peg_v1.png,data/renders/procedural/trapezoid_01_peg_v2.png,data/renders/aperture/trapezoid_01_ap+0.00_socket_v1.png,data/renders/aperture/trapezoid_01_ap+0.00_socket_v2.png
calib,trapezoid,trapezoid_01,trapezoid_01_ap-0.10,-0.1,ambiguous,off_centre,-0.1709,data/renders/procedural/trapezoid_01_peg_v1.png,data/renders/procedural/trapezoid_01_peg_v2.png,data/renders/aperture/trapezoid_01_ap-0.10_socket_v1.png,data/renders/aperture/trapezoid_01_ap-0.10_socket_v2.png
calib,trapezoid,trapezoid_01,trapezoid_01_ap-0.30,-0.3,incompatible,,-0.5127,data/renders/procedural/trapezoid_01_peg_v1.png,data/renders/procedural/trapezoid_01_peg_v2.png,data/renders/aperture/trapezoid_01_ap-0.30_socket_v1.png,data/renders/aperture/trapezoid_01_ap-0.30_socket_v2.png
calib,trapezoid,trapezoid_01,trapezoid_01_ap-0.60,-0.6,incompatible,,-1.0254,data/renders/procedural/trapezoid_01_peg_v1.png,data/renders/procedural/trapezoid_01_peg_v2.png,data/renders/aperture/trapezoid_01_ap-0.60_socket_v1.png,data/renders/aperture/trapezoid_01_ap-0.60_socket_v2.png
calib,trapezoid,trapezoid_01,trapezoid_01_ap-1.20,-1.2,incompatible,,-2.0,data/renders/procedural/trapezoid_01_peg_v1.png,data/renders/procedural/trapezoid_01_peg_v2.png,data/renders/aperture/trapezoid_01_ap-1.20_socket_v1.png,data/renders/aperture/trapezoid_01_ap-1.20_socket_v2.png
calib,trapezoid,trapezoid_02,trapezoid_02,0.3,compatible,,0.2837,data/renders/procedural/trapezoid_02_peg_v1.png,data/renders/procedural/trapezoid_02_peg_v2.png,data/renders/procedural/trapezoid_02_socket_v1.png,data/renders/procedural/trapezoid_02_socket_v2.png
calib,trapezoid,trapezoid_02,trapezoid_02_ap+0.10,0.1,compatible,,0.0944,data/renders/procedural/trapezoid_02_peg_v1.png,data/renders/procedural/trapezoid_02_peg_v2.png,data/renders/aperture/trapezoid_02_ap+0.10_socket_v1.png,data/renders/aperture/trapezoid_02_ap+0.10_socket_v2.png
calib,trapezoid,trapezoid_02,trapezoid_02_ap+0.00,0.0,ambiguous,boundary,-0.001,data/renders/procedural/trapezoid_02_peg_v1.png,data/renders/procedural/trapezoid_02_peg_v2.png,data/renders/aperture/trapezoid_02_ap+0.00_socket_v1.png,data/renders/aperture/trapezoid_02_ap+0.00_socket_v2.png
calib,trapezoid,trapezoid_02,trapezoid_02_ap-0.10,-0.1,ambiguous,off_centre,-0.1592,data/renders/procedural/trapezoid_02_peg_v1.png,data/renders/procedural/trapezoid_02_peg_v2.png,data/renders/aperture/trapezoid_02_ap-0.10_socket_v1.png,data/renders/aperture/trapezoid_02_ap-0.10_socket_v2.png
calib,trapezoid,trapezoid_02,trapezoid_02_ap-0.30,-0.3,incompatible,,-0.4775,data/renders/procedural/trapezoid_02_peg_v1.png,data/renders/procedural/trapezoid_02_peg_v2.png,data/renders/aperture/trapezoid_02_ap-0.30_socket_v1.png,data/renders/aperture/trapezoid_02_ap-0.30_socket_v2.png
calib,trapezoid,trapezoid_02,trapezoid_02_ap-0.60,-0.6,incompatible,,-0.9551,data/renders/procedural/trapezoid_02_peg_v1.png,data/renders/procedural/trapezoid_02_peg_v2.png,data/renders/aperture/trapezoid_02_ap-0.60_socket_v1.png,data/renders/aperture/trapezoid_02_ap-0.60_socket_v2.png
calib,trapezoid,trapezoid_02,trapezoid_02_ap-1.20,-1.2,incompatible,,-1.9121,data/renders/procedural/trapezoid_02_peg_v1.png,data/renders/procedural/trapezoid_02_peg_v2.png,data/renders/aperture/trapezoid_02_ap-1.20_socket_v1.png,data/renders/aperture/trapezoid_02_ap-1.20_socket_v2.png
calib,trapezoid,trapezoid_03,trapezoid_03,0.3,compatible,,0.281,data/renders/procedural/trapezoid_03_peg_v1.png,data/renders/procedural/trapezoid_03_peg_v2.png,data/renders/procedural/trapezoid_03_socket_v1.png,data/renders/procedural/trapezoid_03_socket_v2.png
calib,trapezoid,trapezoid_03,trapezoid_03_ap+0.10,0.1,compatible,,0.0934,data/renders/procedural/trapezoid_03_peg_v1.png,data/renders/procedural/trapezoid_03_peg_v2.png,data/renders/aperture/trapezoid_03_ap+0.10_socket_v1.png,data/renders/aperture/trapezoid_03_ap+0.10_socket_v2.png
calib,trapezoid,trapezoid_03,trapezoid_03_ap+0.00,0.0,ambiguous,boundary,0.0,data/renders/procedural/trapezoid_03_peg_v1.png,data/renders/procedural/trapezoid_03_peg_v2.png,data/renders/aperture/trapezoid_03_ap+0.00_socket_v1.png,data/renders/aperture/trapezoid_03_ap+0.00_socket_v2.png
calib,trapezoid,trapezoid_03,trapezoid_03_ap-0.10,-0.1,ambiguous,off_centre,-0.1592,data/renders/procedural/trapezoid_03_peg_v1.png,data/renders/procedural/trapezoid_03_peg_v2.png,data/renders/aperture/trapezoid_03_ap-0.10_socket_v1.png,data/renders/aperture/trapezoid_03_ap-0.10_socket_v2.png
calib,trapezoid,trapezoid_03,trapezoid_03_ap-0.30,-0.3,incompatible,,-0.4756,data/renders/procedural/trapezoid_03_peg_v1.png,data/renders/procedural/trapezoid_03_peg_v2.png,data/renders/aperture/trapezoid_03_ap-0.30_socket_v1.png,data/renders/aperture/trapezoid_03_ap-0.30_socket_v2.png
calib,trapezoid,trapezoid_03,trapezoid_03_ap-0.60,-0.6,incompatible,,-0.9521,data/renders/procedural/trapezoid_03_peg_v1.png,data/renders/procedural/trapezoid_03_peg_v2.png,data/renders/aperture/trapezoid_03_ap-0.60_socket_v1.png,data/renders/aperture/trapezoid_03_ap-0.60_socket_v2.png
calib,trapezoid,trapezoid_03,trapezoid_03_ap-1.20,-1.2,incompatible,,-1.9043,data/renders/procedural/trapezoid_03_peg_v1.png,data/renders/procedural/trapezoid_03_peg_v2.png,data/renders/aperture/trapezoid_03_ap-1.20_socket_v1.png,data/renders/aperture/trapezoid_03_ap-1.20_socket_v2.png
