analysis,dataset,threshold_policy,families,tier,regime,method,tau,delta,weighting,n_families,n,n_present,n_absent,selected,correct,wrong,deferred,failures,present_selected,absent_selected,top1_correct,weighted_n,weighted_n_present,weighted_n_absent,weighted_selected,weighted_correct,weighted_wrong,weighted_deferred,weighted_failures,weighted_present_selected,weighted_absent_selected,weighted_top1_correct,coverage,present_coverage,accepted_risk,correct_yield,absent_false_accept,failure_rate,top1_present,correct_yield_ci95,accepted_risk_ci95,absent_false_accept_ci95,present_coverage_ci95,top1_present_ci95
corrective reanalysis after test inspection,int8_calibration,posthoc_thresholds,all,all,all,B0,,,family,7,112,56,56,112,13,99,0,0,56,56,13,7.0,3.5,3.5,7.0,0.8166666666666667,6.183333333333334,0.0,0.0,3.5,3.5,0.8166666666666667,1.0,1.0,0.8833333333333334,0.23333333333333334,1.0,0.0,0.23333333333333334,"[0.17380952380952383, 0.30357142857142855]","[0.8482142857142857, 0.9130952380952381]","[1.0, 1.0]","[1.0, 1.0]","[0.17380952380952383, 0.30357142857142855]"
corrective reanalysis after test inspection,int8_calibration,posthoc_thresholds,all,easy,all,B0,,,family,7,56,28,28,56,8,48,0,0,28,28,8,7.0,3.5,3.5,7.0,1.0333333333333332,5.966666666666667,0.0,0.0,3.5,3.5,1.0333333333333332,1.0,1.0,0.8523809523809524,0.2952380952380952,1.0,0.0,0.2952380952380952,"[0.23809523809523808, 0.34761904761904766]","[0.8261904761904761, 0.8809523809523808]","[1.0, 1.0]","[1.0, 1.0]","[0.23809523809523808, 0.34761904761904766]"
corrective reanalysis after test inspection,int8_calibration,posthoc_thresholds,all,hard,all,B0,,,family,7,56,28,28,56,5,51,0,0,28,28,5,7.0,3.5,3.5,7.0,0.6,6.3999999999999995,0.0,0.0,3.5,3.5,0.6,1.0,1.0,0.9142857142857143,0.17142857142857143,1.0,0.0,0.17142857142857143,"[0.047619047619047616, 0.31428571428571433]","[0.8428571428571429, 0.9761904761904762]","[1.0, 1.0]","[1.0, 1.0]","[0.047619047619047616, 0.31428571428571433]"
corrective reanalysis after test inspection,int8_calibration,posthoc_thresholds,all,easy,absent_easy,B0,,,family,7,28,0,28,28,0,28,0,0,0,28,0,7.0,0.0,7.0,7.0,0.0,7.0,0.0,0.0,0.0,7.0,0.0,1.0,,1.0,,1.0,0.0,,"[None, None]","[1.0, 1.0]","[1.0, 1.0]","[None, None]","[None, None]"
corrective reanalysis after test inspection,int8_calibration,posthoc_thresholds,all,hard,absent_hard,B0,,,family,7,28,0,28,28,0,28,0,0,0,28,0,7.0,0.0,7.0,7.0,0.0,7.0,0.0,0.0,0.0,7.0,0.0,1.0,,1.0,,1.0,0.0,,"[None, None]","[1.0, 1.0]","[1.0, 1.0]","[None, None]","[None, None]"
corrective reanalysis after test inspection,int8_calibration,posthoc_thresholds,all,easy,present_easy,B0,,,family,7,28,28,0,28,8,20,0,0,28,0,8,7.0,7.0,0.0,7.0,2.0666666666666664,4.933333333333334,0.0,0.0,7.0,0.0,2.0666666666666664,1.0,1.0,0.7047619047619048,0.2952380952380952,,0.0,0.2952380952380952,"[0.23809523809523808, 0.34761904761904766]","[0.6523809523809525, 0.7619047619047619]","[None, None]","[1.0, 1.0]","[0.23809523809523808, 0.34761904761904766]"
corrective reanalysis after test inspection,int8_calibration,posthoc_thresholds,all,hard,present_hard,B0,,,family,7,28,28,0,28,5,23,0,0,28,0,5,7.0,7.0,0.0,7.0,1.2,5.8,0.0,0.0,7.0,0.0,1.2,1.0,1.0,0.8285714285714285,0.17142857142857143,,0.0,0.17142857142857143,"[0.047619047619047616, 0.31428571428571433]","[0.6857142857142857, 0.9523809523809523]","[None, None]","[1.0, 1.0]","[0.047619047619047616, 0.31428571428571433]"
corrective reanalysis after test inspection,int8_calibration,posthoc_thresholds,exposed,all,all,B0,,,family,3,48,24,24,48,8,40,0,0,24,24,8,3.0,1.5,1.5,3.0,0.5041666666666667,2.495833333333333,0.0,0.0,1.5,1.5,0.5041666666666667,1.0,1.0,0.8319444444444444,0.3361111111111111,1.0,0.0,0.3361111111111111,,,,,
corrective reanalysis after test inspection,int8_calibration,posthoc_thresholds,exposed,easy,all,B0,,,family,3,24,12,12,24,4,20,0,0,12,12,4,3.0,1.5,1.5,3.0,0.4916666666666667,2.5083333333333333,0.0,0.0,1.5,1.5,0.4916666666666667,1.0,1.0,0.8361111111111111,0.3277777777777778,1.0,0.0,0.3277777777777778,,,,,
corrective reanalysis after test inspection,int8_calibration,posthoc_thresholds,exposed,hard,all,B0,,,family,3,24,12,12,24,4,20,0,0,12,12,4,3.0,1.5,1.5,3.0,0.5166666666666666,2.4833333333333334,0.0,0.0,1.5,1.5,0.5166666666666666,1.0,1.0,0.8277777777777778,0.3444444444444444,1.0,0.0,0.3444444444444444,,,,,
corrective reanalysis after test inspection,int8_calibration,posthoc_thresholds,exposed,easy,absent_easy,B0,,,family,3,12,0,12,12,0,12,0,0,0,12,0,3.0,0.0,3.0,3.0,0.0,3.0,0.0,0.0,0.0,3.0,0.0,1.0,,1.0,,1.0,0.0,,,,,,
corrective reanalysis after test inspection,int8_calibration,posthoc_thresholds,exposed,hard,absent_hard,B0,,,family,3,12,0,12,12,0,12,0,0,0,12,0,3.0,0.0,3.0,3.0,0.0,3.0,0.0,0.0,0.0,3.0,0.0,1.0,,1.0,,1.0,0.0,,,,,,
corrective reanalysis after test inspection,int8_calibration,posthoc_thresholds,exposed,easy,present_easy,B0,,,family,3,12,12,0,12,4,8,0,0,12,0,4,3.0,3.0,0.0,3.0,0.9833333333333334,2.0166666666666666,0.0,0.0,3.0,0.0,0.9833333333333334,1.0,1.0,0.6722222222222222,0.3277777777777778,,0.0,0.3277777777777778,,,,,
corrective reanalysis after test inspection,int8_calibration,posthoc_thresholds,exposed,hard,present_hard,B0,,,family,3,12,12,0,12,4,8,0,0,12,0,4,3.0,3.0,0.0,3.0,1.0333333333333332,1.9666666666666668,0.0,0.0,3.0,0.0,1.0333333333333332,1.0,1.0,0.6555555555555556,0.3444444444444444,,0.0,0.3444444444444444,,,,,
corrective reanalysis after test inspection,int8_calibration,posthoc_thresholds,unexposed,all,all,B0,,,family,4,64,32,32,64,5,59,0,0,32,32,5,4.0,2.0,2.0,4.0,0.3125,3.6875,0.0,0.0,2.0,2.0,0.3125,1.0,1.0,0.921875,0.15625,1.0,0.0,0.15625,,,,,
corrective reanalysis after test inspection,int8_calibration,posthoc_thresholds,unexposed,easy,all,B0,,,family,4,32,16,16,32,4,28,0,0,16,16,4,4.0,2.0,2.0,4.0,0.5416666666666666,3.458333333333333,0.0,0.0,2.0,2.0,0.5416666666666666,1.0,1.0,0.8645833333333333,0.2708333333333333,1.0,0.0,0.2708333333333333,,,,,
corrective reanalysis after test inspection,int8_calibration,posthoc_thresholds,unexposed,hard,all,B0,,,family,4,32,16,16,32,1,31,0,0,16,16,1,4.0,2.0,2.0,4.0,0.08333333333333333,3.9166666666666665,0.0,0.0,2.0,2.0,0.08333333333333333,1.0,1.0,0.9791666666666666,0.041666666666666664,1.0,0.0,0.041666666666666664,,,,,
corrective reanalysis after test inspection,int8_calibration,posthoc_thresholds,unexposed,easy,absent_easy,B0,,,family,4,16,0,16,16,0,16,0,0,0,16,0,4.0,0.0,4.0,4.0,0.0,4.0,0.0,0.0,0.0,4.0,0.0,1.0,,1.0,,1.0,0.0,,,,,,
corrective reanalysis after test inspection,int8_calibration,posthoc_thresholds,unexposed,hard,absent_hard,B0,,,family,4,16,0,16,16,0,16,0,0,0,16,0,4.0,0.0,4.0,4.0,0.0,4.0,0.0,0.0,0.0,4.0,0.0,1.0,,1.0,,1.0,0.0,,,,,,
corrective reanalysis after test inspection,int8_calibration,posthoc_thresholds,unexposed,easy,present_easy,B0,,,family,4,16,16,0,16,4,12,0,0,16,0,4,4.0,4.0,0.0,4.0,1.0833333333333333,2.9166666666666665,0.0,0.0,4.0,0.0,1.0833333333333333,1.0,1.0,0.7291666666666666,0.2708333333333333,,0.0,0.2708333333333333,,,,,
corrective reanalysis after test inspection,int8_calibration,posthoc_thresholds,unexposed,hard,present_hard,B0,,,family,4,16,16,0,16,1,15,0,0,16,0,1,4.0,4.0,0.0,4.0,0.16666666666666666,3.833333333333333,0.0,0.0,4.0,0.0,0.16666666666666666,1.0,1.0,0.9583333333333333,0.041666666666666664,,0.0,0.041666666666666664,,,,,
corrective reanalysis after test inspection,int8_calibration,posthoc_thresholds,family:ell,all,all,B0,,,family,1,24,12,12,24,2,22,0,0,12,12,2,1.0,0.5,0.5,1.0,0.08333333333333333,0.9166666666666666,0.0,0.0,0.5,0.5,0.08333333333333333,1.0,1.0,0.9166666666666666,0.16666666666666666,1.0,0.0,0.16666666666666666,,,,,
corrective reanalysis after test inspection,int8_calibration,posthoc_thresholds,family:ell,easy,all,B0,,,family,1,12,6,6,12,1,11,0,0,6,6,1,1.0,0.5,0.5,1.0,0.08333333333333333,0.9166666666666666,0.0,0.0,0.5,0.5,0.08333333333333333,1.0,1.0,0.9166666666666666,0.16666666666666666,1.0,0.0,0.16666666666666666,,,,,
corrective reanalysis after test inspection,int8_calibration,posthoc_thresholds,family:ell,hard,all,B0,,,family,1,12,6,6,12,1,11,0,0,6,6,1,1.0,0.5,0.5,1.0,0.08333333333333333,0.9166666666666666,0.0,0.0,0.5,0.5,0.08333333333333333,1.0,1.0,0.9166666666666666,0.16666666666666666,1.0,0.0,0.16666666666666666,,,,,
corrective reanalysis after test inspection,int8_calibration,posthoc_thresholds,family:ell,easy,absent_easy,B0,,,family,1,6,0,6,6,0,6,0,0,0,6,0,1.0,0.0,1.0,1.0,0.0,1.0,0.0,0.0,0.0,1.0,0.0,1.0,,1.0,,1.0,0.0,,,,,,
corrective reanalysis after test inspection,int8_calibration,posthoc_thresholds,family:ell,hard,absent_hard,B0,,,family,1,6,0,6,6,0,6,0,0,0,6,0,1.0,0.0,1.0,1.0,0.0,1.0,0.0,0.0,0.0,1.0,0.0,1.0,,1.0,,1.0,0.0,,,,,,
corrective reanalysis after test inspection,int8_calibration,posthoc_thresholds,family:ell,easy,present_easy,B0,,,family,1,6,6,0,6,1,5,0,0,6,0,1,1.0,1.0,0.0,1.0,0.16666666666666666,0.8333333333333333,0.0,0.0,1.0,0.0,0.16666666666666666,1.0,1.0,0.8333333333333333,0.16666666666666666,,0.0,0.16666666666666666,,,,,
corrective reanalysis after test inspection,int8_calibration,posthoc_thresholds,family:ell,hard,present_hard,B0,,,family,1,6,6,0,6,1,5,0,0,6,0,1,1.0,1.0,0.0,1.0,0.16666666666666666,0.8333333333333333,0.0,0.0,1.0,0.0,0.16666666666666666,1.0,1.0,0.8333333333333333,0.16666666666666666,,0.0,0.16666666666666666,,,,,
corrective reanalysis after test inspection,int8_calibration,posthoc_thresholds,family:gear,all,all,B0,,,family,1,12,6,6,12,1,11,0,0,6,6,1,1.0,0.5,0.5,1.0,0.08333333333333333,0.9166666666666666,0.0,0.0,0.5,0.5,0.08333333333333333,1.0,1.0,0.9166666666666666,0.16666666666666666,1.0,0.0,0.16666666666666666,,,,,
corrective reanalysis after test inspection,int8_calibration,posthoc_thresholds,family:gear,easy,all,B0,,,family,1,6,3,3,6,1,5,0,0,3,3,1,1.0,0.5,0.5,1.0,0.16666666666666666,0.8333333333333333,0.0,0.0,0.5,0.5,0.16666666666666666,1.0,1.0,0.8333333333333333,0.3333333333333333,1.0,0.0,0.3333333333333333,,,,,
corrective reanalysis after test inspection,int8_calibration,posthoc_thresholds,family:gear,hard,all,B0,,,family,1,6,3,3,6,0,6,0,0,3,3,0,1.0,0.5,0.5,1.0,0.0,1.0,0.0,0.0,0.5,0.5,0.0,1.0,1.0,1.0,0.0,1.0,0.0,0.0,,,,,
corrective reanalysis after test inspection,int8_calibration,posthoc_thresholds,family:gear,easy,absent_easy,B0,,,family,1,3,0,3,3,0,3,0,0,0,3,0,1.0,0.0,1.0,1.0,0.0,1.0,0.0,0.0,0.0,1.0,0.0,1.0,,1.0,,1.0,0.0,,,,,,
corrective reanalysis after test inspection,int8_calibration,posthoc_thresholds,family:gear,hard,absent_hard,B0,,,family,1,3,0,3,3,0,3,0,0,0,3,0,1.0,0.0,1.0,1.0,0.0,1.0,0.0,0.0,0.0,1.0,0.0,1.0,,1.0,,1.0,0.0,,,,,,
corrective reanalysis after test inspection,int8_calibration,posthoc_thresholds,family:gear,easy,present_easy,B0,,,family,1,3,3,0,3,1,2,0,0,3,0,1,1.0,1.0,0.0,1.0,0.3333333333333333,0.6666666666666666,0.0,0.0,1.0,0.0,0.3333333333333333,1.0,1.0,0.6666666666666666,0.3333333333333333,,0.0,0.3333333333333333,,,,,
corrective reanalysis after test inspection,int8_calibration,posthoc_thresholds,family:gear,hard,present_hard,B0,,,family,1,3,3,0,3,0,3,0,0,3,0,0,1.0,1.0,0.0,1.0,0.0,1.0,0.0,0.0,1.0,0.0,0.0,1.0,1.0,1.0,0.0,,0.0,0.0,,,,,
corrective reanalysis after test inspection,int8_calibration,posthoc_thresholds,family:notched,all,all,B0,,,family,1,16,8,8,16,1,15,0,0,8,8,1,1.0,0.5,0.5,1.0,0.0625,0.9375,0.0,0.0,0.5,0.5,0.0625,1.0,1.0,0.9375,0.125,1.0,0.0,0.125,,,,,
corrective reanalysis after test inspection,int8_calibration,posthoc_thresholds,family:notched,easy,all,B0,,,family,1,8,4,4,8,1,7,0,0,4,4,1,1.0,0.5,0.5,1.0,0.125,0.875,0.0,0.0,0.5,0.5,0.125,1.0,1.0,0.875,0.25,1.0,0.0,0.25,,,,,
corrective reanalysis after test inspection,int8_calibration,posthoc_thresholds,family:notched,hard,all,B0,,,family,1,8,4,4,8,0,8,0,0,4,4,0,1.0,0.5,0.5,1.0,0.0,1.0,0.0,0.0,0.5,0.5,0.0,1.0,1.0,1.0,0.0,1.0,0.0,0.0,,,,,
corrective reanalysis after test inspection,int8_calibration,posthoc_thresholds,family:notched,easy,absent_easy,B0,,,family,1,4,0,4,4,0,4,0,0,0,4,0,1.0,0.0,1.0,1.0,0.0,1.0,0.0,0.0,0.0,1.0,0.0,1.0,,1.0,,1.0,0.0,,,,,,
corrective reanalysis after test inspection,int8_calibration,posthoc_thresholds,family:notched,hard,absent_hard,B0,,,family,1,4,0,4,4,0,4,0,0,0,4,0,1.0,0.0,1.0,1.0,0.0,1.0,0.0,0.0,0.0,1.0,0.0,1.0,,1.0,,1.0,0.0,,,,,,
corrective reanalysis after test inspection,int8_calibration,posthoc_thresholds,family:notched,easy,present_easy,B0,,,family,1,4,4,0,4,1,3,0,0,4,0,1,1.0,1.0,0.0,1.0,0.25,0.75,0.0,0.0,1.0,0.0,0.25,1.0,1.0,0.75,0.25,,0.0,0.25,,,,,
corrective reanalysis after test inspection,int8_calibration,posthoc_thresholds,family:notched,hard,present_hard,B0,,,family,1,4,4,0,4,0,4,0,0,4,0,0,1.0,1.0,0.0,1.0,0.0,1.0,0.0,0.0,1.0,0.0,0.0,1.0,1.0,1.0,0.0,,0.0,0.0,,,,,
corrective reanalysis after test inspection,int8_calibration,posthoc_thresholds,family:rect,all,all,B0,,,family,1,20,10,10,20,3,17,0,0,10,10,3,1.0,0.5,0.5,1.0,0.15000000000000002,0.8500000000000001,0.0,0.0,0.5,0.5,0.15000000000000002,1.0,1.0,0.8500000000000001,0.30000000000000004,1.0,0.0,0.30000000000000004,,,,,
corrective reanalysis after test inspection,int8_calibration,posthoc_thresholds,family:rect,easy,all,B0,,,family,1,10,5,5,10,2,8,0,0,5,5,2,1.0,0.5,0.5,1.0,0.2,0.8,0.0,0.0,0.5,0.5,0.2,1.0,1.0,0.8,0.4,1.0,0.0,0.4,,,,,
corrective reanalysis after test inspection,int8_calibration,posthoc_thresholds,family:rect,hard,all,B0,,,family,1,10,5,5,10,1,9,0,0,5,5,1,1.0,0.5,0.5,1.0,0.1,0.9,0.0,0.0,0.5,0.5,0.1,1.0,1.0,0.9,0.2,1.0,0.0,0.2,,,,,
corrective reanalysis after test inspection,int8_calibration,posthoc_thresholds,family:rect,easy,absent_easy,B0,,,family,1,5,0,5,5,0,5,0,0,0,5,0,1.0,0.0,1.0,1.0,0.0,1.0,0.0,0.0,0.0,1.0,0.0,1.0,,1.0,,1.0,0.0,,,,,,
corrective reanalysis after test inspection,int8_calibration,posthoc_thresholds,family:rect,hard,absent_hard,B0,,,family,1,5,0,5,5,0,5,0,0,0,5,0,1.0,0.0,1.0,1.0,0.0,1.0,0.0,0.0,0.0,1.0,0.0,1.0,,1.0,,1.0,0.0,,,,,,
corrective reanalysis after test inspection,int8_calibration,posthoc_thresholds,family:rect,easy,present_easy,B0,,,family,1,5,5,0,5,2,3,0,0,5,0,2,1.0,1.0,0.0,1.0,0.4,0.6000000000000001,0.0,0.0,1.0,0.0,0.4,1.0,1.0,0.6000000000000001,0.4,,0.0,0.4,,,,,
corrective reanalysis after test inspection,int8_calibration,posthoc_thresholds,family:rect,hard,present_hard,B0,,,family,1,5,5,0,5,1,4,0,0,5,0,1,1.0,1.0,0.0,1.0,0.2,0.8,0.0,0.0,1.0,0.0,0.2,1.0,1.0,0.8,0.2,,0.0,0.2,,,,,
corrective reanalysis after test inspection,int8_calibration,posthoc_thresholds,family:square,all,all,B0,,,family,1,16,8,8,16,3,13,0,0,8,8,3,1.0,0.5,0.5,1.0,0.1875,0.8125,0.0,0.0,0.5,0.5,0.1875,1.0,1.0,0.8125,0.375,1.0,0.0,0.375,,,,,
corrective reanalysis after test inspection,int8_calibration,posthoc_thresholds,family:square,easy,all,B0,,,family,1,8,4,4,8,1,7,0,0,4,4,1,1.0,0.5,0.5,1.0,0.125,0.875,0.0,0.0,0.5,0.5,0.125,1.0,1.0,0.875,0.25,1.0,0.0,0.25,,,,,
corrective reanalysis after test inspection,int8_calibration,posthoc_thresholds,family:square,hard,all,B0,,,family,1,8,4,4,8,2,6,0,0,4,4,2,1.0,0.5,0.5,1.0,0.25,0.75,0.0,0.0,0.5,0.5,0.25,1.0,1.0,0.75,0.5,1.0,0.0,0.5,,,,,
corrective reanalysis after test inspection,int8_calibration,posthoc_thresholds,family:square,easy,absent_easy,B0,,,family,1,4,0,4,4,0,4,0,0,0,4,0,1.0,0.0,1.0,1.0,0.0,1.0,0.0,0.0,0.0,1.0,0.0,1.0,,1.0,,1.0,0.0,,,,,,
corrective reanalysis after test inspection,int8_calibration,posthoc_thresholds,family:square,hard,absent_hard,B0,,,family,1,4,0,4,4,0,4,0,0,0,4,0,1.0,0.0,1.0,1.0,0.0,1.0,0.0,0.0,0.0,1.0,0.0,1.0,,1.0,,1.0,0.0,,,,,,
corrective reanalysis after test inspection,int8_calibration,posthoc_thresholds,family:square,easy,present_easy,B0,,,family,1,4,4,0,4,1,3,0,0,4,0,1,1.0,1.0,0.0,1.0,0.25,0.75,0.0,0.0,1.0,0.0,0.25,1.0,1.0,0.75,0.25,,0.0,0.25,,,,,
corrective reanalysis after test inspection,int8_calibration,posthoc_thresholds,family:square,hard,present_hard,B0,,,family,1,4,4,0,4,2,2,0,0,4,0,2,1.0,1.0,0.0,1.0,0.5,0.5,0.0,0.0,1.0,0.0,0.5,1.0,1.0,0.5,0.5,,0.0,0.5,,,,,
corrective reanalysis after test inspection,int8_calibration,posthoc_thresholds,family:tee,all,all,B0,,,family,1,12,6,6,12,1,11,0,0,6,6,1,1.0,0.5,0.5,1.0,0.08333333333333333,0.9166666666666666,0.0,0.0,0.5,0.5,0.08333333333333333,1.0,1.0,0.9166666666666666,0.16666666666666666,1.0,0.0,0.16666666666666666,,,,,
corrective reanalysis after test inspection,int8_calibration,posthoc_thresholds,family:tee,easy,all,B0,,,family,1,6,3,3,6,1,5,0,0,3,3,1,1.0,0.5,0.5,1.0,0.16666666666666666,0.8333333333333333,0.0,0.0,0.5,0.5,0.16666666666666666,1.0,1.0,0.8333333333333333,0.3333333333333333,1.0,0.0,0.3333333333333333,,,,,
corrective reanalysis after test inspection,int8_calibration,posthoc_thresholds,family:tee,hard,all,B0,,,family,1,6,3,3,6,0,6,0,0,3,3,0,1.0,0.5,0.5,1.0,0.0,1.0,0.0,0.0,0.5,0.5,0.0,1.0,1.0,1.0,0.0,1.0,0.0,0.0,,,,,
corrective reanalysis after test inspection,int8_calibration,posthoc_thresholds,family:tee,easy,absent_easy,B0,,,family,1,3,0,3,3,0,3,0,0,0,3,0,1.0,0.0,1.0,1.0,0.0,1.0,0.0,0.0,0.0,1.0,0.0,1.0,,1.0,,1.0,0.0,,,,,,
corrective reanalysis after test inspection,int8_calibration,posthoc_thresholds,family:tee,hard,absent_hard,B0,,,family,1,3,0,3,3,0,3,0,0,0,3,0,1.0,0.0,1.0,1.0,0.0,1.0,0.0,0.0,0.0,1.0,0.0,1.0,,1.0,,1.0,0.0,,,,,,
corrective reanalysis after test inspection,int8_calibration,posthoc_thresholds,family:tee,easy,present_easy,B0,,,family,1,3,3,0,3,1,2,0,0,3,0,1,1.0,1.0,0.0,1.0,0.3333333333333333,0.6666666666666666,0.0,0.0,1.0,0.0,0.3333333333333333,1.0,1.0,0.6666666666666666,0.3333333333333333,,0.0,0.3333333333333333,,,,,
corrective reanalysis after test inspection,int8_calibration,posthoc_thresholds,family:tee,hard,present_hard,B0,,,family,1,3,3,0,3,0,3,0,0,3,0,0,1.0,1.0,0.0,1.0,0.0,1.0,0.0,0.0,1.0,0.0,0.0,1.0,1.0,1.0,0.0,,0.0,0.0,,,,,
corrective reanalysis after test inspection,int8_calibration,posthoc_thresholds,family:trapezoid,all,all,B0,,,family,1,12,6,6,12,2,10,0,0,6,6,2,1.0,0.5,0.5,1.0,0.16666666666666666,0.8333333333333333,0.0,0.0,0.5,0.5,0.16666666666666666,1.0,1.0,0.8333333333333333,0.3333333333333333,1.0,0.0,0.3333333333333333,,,,,
corrective reanalysis after test inspection,int8_calibration,posthoc_thresholds,family:trapezoid,easy,all,B0,,,family,1,6,3,3,6,1,5,0,0,3,3,1,1.0,0.5,0.5,1.0,0.16666666666666666,0.8333333333333333,0.0,0.0,0.5,0.5,0.16666666666666666,1.0,1.0,0.8333333333333333,0.3333333333333333,1.0,0.0,0.3333333333333333,,,,,
corrective reanalysis after test inspection,int8_calibration,posthoc_thresholds,family:trapezoid,hard,all,B0,,,family,1,6,3,3,6,1,5,0,0,3,3,1,1.0,0.5,0.5,1.0,0.16666666666666666,0.8333333333333333,0.0,0.0,0.5,0.5,0.16666666666666666,1.0,1.0,0.8333333333333333,0.3333333333333333,1.0,0.0,0.3333333333333333,,,,,
corrective reanalysis after test inspection,int8_calibration,posthoc_thresholds,family:trapezoid,easy,absent_easy,B0,,,family,1,3,0,3,3,0,3,0,0,0,3,0,1.0,0.0,1.0,1.0,0.0,1.0,0.0,0.0,0.0,1.0,0.0,1.0,,1.0,,1.0,0.0,,,,,,
corrective reanalysis after test inspection,int8_calibration,posthoc_thresholds,family:trapezoid,hard,absent_hard,B0,,,family,1,3,0,3,3,0,3,0,0,0,3,0,1.0,0.0,1.0,1.0,0.0,1.0,0.0,0.0,0.0,1.0,0.0,1.0,,1.0,,1.0,0.0,,,,,,
corrective reanalysis after test inspection,int8_calibration,posthoc_thresholds,family:trapezoid,easy,present_easy,B0,,,family,1,3,3,0,3,1,2,0,0,3,0,1,1.0,1.0,0.0,1.0,0.3333333333333333,0.6666666666666666,0.0,0.0,1.0,0.0,0.3333333333333333,1.0,1.0,0.6666666666666666,0.3333333333333333,,0.0,0.3333333333333333,,,,,
corrective reanalysis after test inspection,int8_calibration,posthoc_thresholds,family:trapezoid,hard,present_hard,B0,,,family,1,3,3,0,3,1,2,0,0,3,0,1,1.0,1.0,0.0,1.0,0.3333333333333333,0.6666666666666666,0.0,0.0,1.0,0.0,0.3333333333333333,1.0,1.0,0.6666666666666666,0.3333333333333333,,0.0,0.3333333333333333,,,,,
corrective reanalysis after test inspection,int8_calibration,posthoc_thresholds,all,all,all,B1,,,family,7,112,56,56,0,0,0,112,0,0,0,,7.0,3.5,3.5,0.0,0.0,0.0,7.0,0.0,0.0,0.0,,0.0,0.0,,0.0,0.0,0.0,,"[0.0, 0.0]","[None, None]","[0.0, 0.0]","[0.0, 0.0]","[None, None]"
corrective reanalysis after test inspection,int8_calibration,posthoc_thresholds,all,easy,all,B1,,,family,7,56,28,28,0,0,0,56,0,0,0,,7.0,3.5,3.5,0.0,0.0,0.0,7.0,0.0,0.0,0.0,,0.0,0.0,,0.0,0.0,0.0,,"[0.0, 0.0]","[None, None]","[0.0, 0.0]","[0.0, 0.0]","[None, None]"
corrective reanalysis after test inspection,int8_calibration,posthoc_thresholds,all,hard,all,B1,,,family,7,56,28,28,0,0,0,56,0,0,0,,7.0,3.5,3.5,0.0,0.0,0.0,7.0,0.0,0.0,0.0,,0.0,0.0,,0.0,0.0,0.0,,"[0.0, 0.0]","[None, None]","[0.0, 0.0]","[0.0, 0.0]","[None, None]"
corrective reanalysis after test inspection,int8_calibration,posthoc_thresholds,all,easy,absent_easy,B1,,,family,7,28,0,28,0,0,0,28,0,0,0,,7.0,0.0,7.0,0.0,0.0,0.0,7.0,0.0,0.0,0.0,,0.0,,,,0.0,0.0,,"[None, None]","[None, None]","[0.0, 0.0]","[None, None]","[None, None]"
corrective reanalysis after test inspection,int8_calibration,posthoc_thresholds,all,hard,absent_hard,B1,,,family,7,28,0,28,0,0,0,28,0,0,0,,7.0,0.0,7.0,0.0,0.0,0.0,7.0,0.0,0.0,0.0,,0.0,,,,0.0,0.0,,"[None, None]","[None, None]","[0.0, 0.0]","[None, None]","[None, None]"
corrective reanalysis after test inspection,int8_calibration,posthoc_thresholds,all,easy,present_easy,B1,,,family,7,28,28,0,0,0,0,28,0,0,0,,7.0,7.0,0.0,0.0,0.0,0.0,7.0,0.0,0.0,0.0,,0.0,0.0,,0.0,,0.0,,"[0.0, 0.0]","[None, None]","[None, None]","[0.0, 0.0]","[None, None]"
corrective reanalysis after test inspection,int8_calibration,posthoc_thresholds,all,hard,present_hard,B1,,,family,7,28,28,0,0,0,0,28,0,0,0,,7.0,7.0,0.0,0.0,0.0,0.0,7.0,0.0,0.0,0.0,,0.0,0.0,,0.0,,0.0,,"[0.0, 0.0]","[None, None]","[None, None]","[0.0, 0.0]","[None, None]"
corrective reanalysis after test inspection,int8_calibration,posthoc_thresholds,exposed,all,all,B1,,,family,3,48,24,24,0,0,0,48,0,0,0,,3.0,1.5,1.5,0.0,0.0,0.0,3.0,0.0,0.0,0.0,,0.0,0.0,,0.0,0.0,0.0,,,,,,
corrective reanalysis after test inspection,int8_calibration,posthoc_thresholds,exposed,easy,all,B1,,,family,3,24,12,12,0,0,0,24,0,0,0,,3.0,1.5,1.5,0.0,0.0,0.0,3.0,0.0,0.0,0.0,,0.0,0.0,,0.0,0.0,0.0,,,,,,
corrective reanalysis after test inspection,int8_calibration,posthoc_thresholds,exposed,hard,all,B1,,,family,3,24,12,12,0,0,0,24,0,0,0,,3.0,1.5,1.5,0.0,0.0,0.0,3.0,0.0,0.0,0.0,,0.0,0.0,,0.0,0.0,0.0,,,,,,
corrective reanalysis after test inspection,int8_calibration,posthoc_thresholds,exposed,easy,absent_easy,B1,,,family,3,12,0,12,0,0,0,12,0,0,0,,3.0,0.0,3.0,0.0,0.0,0.0,3.0,0.0,0.0,0.0,,0.0,,,,0.0,0.0,,,,,,
corrective reanalysis after test inspection,int8_calibration,posthoc_thresholds,exposed,hard,absent_hard,B1,,,family,3,12,0,12,0,0,0,12,0,0,0,,3.0,0.0,3.0,0.0,0.0,0.0,3.0,0.0,0.0,0.0,,0.0,,,,0.0,0.0,,,,,,
corrective reanalysis after test inspection,int8_calibration,posthoc_thresholds,exposed,easy,present_easy,B1,,,family,3,12,12,0,0,0,0,12,0,0,0,,3.0,3.0,0.0,0.0,0.0,0.0,3.0,0.0,0.0,0.0,,0.0,0.0,,0.0,,0.0,,,,,,
corrective reanalysis after test inspection,int8_calibration,posthoc_thresholds,exposed,hard,present_hard,B1,,,family,3,12,12,0,0,0,0,12,0,0,0,,3.0,3.0,0.0,0.0,0.0,0.0,3.0,0.0,0.0,0.0,,0.0,0.0,,0.0,,0.0,,,,,,
corrective reanalysis after test inspection,int8_calibration,posthoc_thresholds,unexposed,all,all,B1,,,family,4,64,32,32,0,0,0,64,0,0,0,,4.0,2.0,2.0,0.0,0.0,0.0,4.0,0.0,0.0,0.0,,0.0,0.0,,0.0,0.0,0.0,,,,,,
corrective reanalysis after test inspection,int8_calibration,posthoc_thresholds,unexposed,easy,all,B1,,,family,4,32,16,16,0,0,0,32,0,0,0,,4.0,2.0,2.0,0.0,0.0,0.0,4.0,0.0,0.0,0.0,,0.0,0.0,,0.0,0.0,0.0,,,,,,
corrective reanalysis after test inspection,int8_calibration,posthoc_thresholds,unexposed,hard,all,B1,,,family,4,32,16,16,0,0,0,32,0,0,0,,4.0,2.0,2.0,0.0,0.0,0.0,4.0,0.0,0.0,0.0,,0.0,0.0,,0.0,0.0,0.0,,,,,,
corrective reanalysis after test inspection,int8_calibration,posthoc_thresholds,unexposed,easy,absent_easy,B1,,,family,4,16,0,16,0,0,0,16,0,0,0,,4.0,0.0,4.0,0.0,0.0,0.0,4.0,0.0,0.0,0.0,,0.0,,,,0.0,0.0,,,,,,
corrective reanalysis after test inspection,int8_calibration,posthoc_thresholds,unexposed,hard,absent_hard,B1,,,family,4,16,0,16,0,0,0,16,0,0,0,,4.0,0.0,4.0,0.0,0.0,0.0,4.0,0.0,0.0,0.0,,0.0,,,,0.0,0.0,,,,,,
corrective reanalysis after test inspection,int8_calibration,posthoc_thresholds,unexposed,easy,present_easy,B1,,,family,4,16,16,0,0,0,0,16,0,0,0,,4.0,4.0,0.0,0.0,0.0,0.0,4.0,0.0,0.0,0.0,,0.0,0.0,,0.0,,0.0,,,,,,
corrective reanalysis after test inspection,int8_calibration,posthoc_thresholds,unexposed,hard,present_hard,B1,,,family,4,16,16,0,0,0,0,16,0,0,0,,4.0,4.0,0.0,0.0,0.0,0.0,4.0,0.0,0.0,0.0,,0.0,0.0,,0.0,,0.0,,,,,,
corrective reanalysis after test inspection,int8_calibration,posthoc_thresholds,family:ell,all,all,B1,,,family,1,24,12,12,0,0,0,24,0,0,0,,1.0,0.5,0.5,0.0,0.0,0.0,1.0,0.0,0.0,0.0,,0.0,0.0,,0.0,0.0,0.0,,,,,,
corrective reanalysis after test inspection,int8_calibration,posthoc_thresholds,family:ell,easy,all,B1,,,family,1,12,6,6,0,0,0,12,0,0,0,,1.0,0.5,0.5,0.0,0.0,0.0,1.0,0.0,0.0,0.0,,0.0,0.0,,0.0,0.0,0.0,,,,,,
corrective reanalysis after test inspection,int8_calibration,posthoc_thresholds,family:ell,hard,all,B1,,,family,1,12,6,6,0,0,0,12,0,0,0,,1.0,0.5,0.5,0.0,0.0,0.0,1.0,0.0,0.0,0.0,,0.0,0.0,,0.0,0.0,0.0,,,,,,
corrective reanalysis after test inspection,int8_calibration,posthoc_thresholds,family:ell,easy,absent_easy,B1,,,family,1,6,0,6,0,0,0,6,0,0,0,,1.0,0.0,1.0,0.0,0.0,0.0,1.0,0.0,0.0,0.0,,0.0,,,,0.0,0.0,,,,,,
corrective reanalysis after test inspection,int8_calibration,posthoc_thresholds,family:ell,hard,absent_hard,B1,,,family,1,6,0,6,0,0,0,6,0,0,0,,1.0,0.0,1.0,0.0,0.0,0.0,1.0,0.0,0.0,0.0,,0.0,,,,0.0,0.0,,,,,,
corrective reanalysis after test inspection,int8_calibration,posthoc_thresholds,family:ell,easy,present_easy,B1,,,family,1,6,6,0,0,0,0,6,0,0,0,,1.0,1.0,0.0,0.0,0.0,0.0,1.0,0.0,0.0,0.0,,0.0,0.0,,0.0,,0.0,,,,,,
corrective reanalysis after test inspection,int8_calibration,posthoc_thresholds,family:ell,hard,present_hard,B1,,,family,1,6,6,0,0,0,0,6,0,0,0,,1.0,1.0,0.0,0.0,0.0,0.0,1.0,0.0,0.0,0.0,,0.0,0.0,,0.0,,0.0,,,,,,
corrective reanalysis after test inspection,int8_calibration,posthoc_thresholds,family:gear,all,all,B1,,,family,1,12,6,6,0,0,0,12,0,0,0,,1.0,0.5,0.5,0.0,0.0,0.0,1.0,0.0,0.0,0.0,,0.0,0.0,,0.0,0.0,0.0,,,,,,
corrective reanalysis after test inspection,int8_calibration,posthoc_thresholds,family:gear,easy,all,B1,,,family,1,6,3,3,0,0,0,6,0,0,0,,1.0,0.5,0.5,0.0,0.0,0.0,1.0,0.0,0.0,0.0,,0.0,0.0,,0.0,0.0,0.0,,,,,,
corrective reanalysis after test inspection,int8_calibration,posthoc_thresholds,family:gear,hard,all,B1,,,family,1,6,3,3,0,0,0,6,0,0,0,,1.0,0.5,0.5,0.0,0.0,0.0,1.0,0.0,0.0,0.0,,0.0,0.0,,0.0,0.0,0.0,,,,,,
corrective reanalysis after test inspection,int8_calibration,posthoc_thresholds,family:gear,easy,absent_easy,B1,,,family,1,3,0,3,0,0,0,3,0,0,0,,1.0,0.0,1.0,0.0,0.0,0.0,1.0,0.0,0.0,0.0,,0.0,,,,0.0,0.0,,,,,,
corrective reanalysis after test inspection,int8_calibration,posthoc_thresholds,family:gear,hard,absent_hard,B1,,,family,1,3,0,3,0,0,0,3,0,0,0,,1.0,0.0,1.0,0.0,0.0,0.0,1.0,0.0,0.0,0.0,,0.0,,,,0.0,0.0,,,,,,
corrective reanalysis after test inspection,int8_calibration,posthoc_thresholds,family:gear,easy,present_easy,B1,,,family,1,3,3,0,0,0,0,3,0,0,0,,1.0,1.0,0.0,0.0,0.0,0.0,1.0,0.0,0.0,0.0,,0.0,0.0,,0.0,,0.0,,,,,,
corrective reanalysis after test inspection,int8_calibration,posthoc_thresholds,family:gear,hard,present_hard,B1,,,family,1,3,3,0,0,0,0,3,0,0,0,,1.0,1.0,0.0,0.0,0.0,0.0,1.0,0.0,0.0,0.0,,0.0,0.0,,0.0,,0.0,,,,,,
corrective reanalysis after test inspection,int8_calibration,posthoc_thresholds,family:notched,all,all,B1,,,family,1,16,8,8,0,0,0,16,0,0,0,,1.0,0.5,0.5,0.0,0.0,0.0,1.0,0.0,0.0,0.0,,0.0,0.0,,0.0,0.0,0.0,,,,,,
corrective reanalysis after test inspection,int8_calibration,posthoc_thresholds,family:notched,easy,all,B1,,,family,1,8,4,4,0,0,0,8,0,0,0,,1.0,0.5,0.5,0.0,0.0,0.0,1.0,0.0,0.0,0.0,,0.0,0.0,,0.0,0.0,0.0,,,,,,
corrective reanalysis after test inspection,int8_calibration,posthoc_thresholds,family:notched,hard,all,B1,,,family,1,8,4,4,0,0,0,8,0,0,0,,1.0,0.5,0.5,0.0,0.0,0.0,1.0,0.0,0.0,0.0,,0.0,0.0,,0.0,0.0,0.0,,,,,,
corrective reanalysis after test inspection,int8_calibration,posthoc_thresholds,family:notched,easy,absent_easy,B1,,,family,1,4,0,4,0,0,0,4,0,0,0,,1.0,0.0,1.0,0.0,0.0,0.0,1.0,0.0,0.0,0.0,,0.0,,,,0.0,0.0,,,,,,
corrective reanalysis after test inspection,int8_calibration,posthoc_thresholds,family:notched,hard,absent_hard,B1,,,family,1,4,0,4,0,0,0,4,0,0,0,,1.0,0.0,1.0,0.0,0.0,0.0,1.0,0.0,0.0,0.0,,0.0,,,,0.0,0.0,,,,,,
corrective reanalysis after test inspection,int8_calibration,posthoc_thresholds,family:notched,easy,present_easy,B1,,,family,1,4,4,0,0,0,0,4,0,0,0,,1.0,1.0,0.0,0.0,0.0,0.0,1.0,0.0,0.0,0.0,,0.0,0.0,,0.0,,0.0,,,,,,
corrective reanalysis after test inspection,int8_calibration,posthoc_thresholds,family:notched,hard,present_hard,B1,,,family,1,4,4,0,0,0,0,4,0,0,0,,1.0,1.0,0.0,0.0,0.0,0.0,1.0,0.0,0.0,0.0,,0.0,0.0,,0.0,,0.0,,,,,,
corrective reanalysis after test inspection,int8_calibration,posthoc_thresholds,family:rect,all,all,B1,,,family,1,20,10,10,0,0,0,20,0,0,0,,1.0,0.5,0.5,0.0,0.0,0.0,1.0,0.0,0.0,0.0,,0.0,0.0,,0.0,0.0,0.0,,,,,,
corrective reanalysis after test inspection,int8_calibration,posthoc_thresholds,family:rect,easy,all,B1,,,family,1,10,5,5,0,0,0,10,0,0,0,,1.0,0.5,0.5,0.0,0.0,0.0,1.0,0.0,0.0,0.0,,0.0,0.0,,0.0,0.0,0.0,,,,,,
corrective reanalysis after test inspection,int8_calibration,posthoc_thresholds,family:rect,hard,all,B1,,,family,1,10,5,5,0,0,0,10,0,0,0,,1.0,0.5,0.5,0.0,0.0,0.0,1.0,0.0,0.0,0.0,,0.0,0.0,,0.0,0.0,0.0,,,,,,
corrective reanalysis after test inspection,int8_calibration,posthoc_thresholds,family:rect,easy,absent_easy,B1,,,family,1,5,0,5,0,0,0,5,0,0,0,,1.0,0.0,1.0,0.0,0.0,0.0,1.0,0.0,0.0,0.0,,0.0,,,,0.0,0.0,,,,,,
corrective reanalysis after test inspection,int8_calibration,posthoc_thresholds,family:rect,hard,absent_hard,B1,,,family,1,5,0,5,0,0,0,5,0,0,0,,1.0,0.0,1.0,0.0,0.0,0.0,1.0,0.0,0.0,0.0,,0.0,,,,0.0,0.0,,,,,,
corrective reanalysis after test inspection,int8_calibration,posthoc_thresholds,family:rect,easy,present_easy,B1,,,family,1,5,5,0,0,0,0,5,0,0,0,,1.0,1.0,0.0,0.0,0.0,0.0,1.0,0.0,0.0,0.0,,0.0,0.0,,0.0,,0.0,,,,,,
corrective reanalysis after test inspection,int8_calibration,posthoc_thresholds,family:rect,hard,present_hard,B1,,,family,1,5,5,0,0,0,0,5,0,0,0,,1.0,1.0,0.0,0.0,0.0,0.0,1.0,0.0,0.0,0.0,,0.0,0.0,,0.0,,0.0,,,,,,
corrective reanalysis after test inspection,int8_calibration,posthoc_thresholds,family:square,all,all,B1,,,family,1,16,8,8,0,0,0,16,0,0,0,,1.0,0.5,0.5,0.0,0.0,0.0,1.0,0.0,0.0,0.0,,0.0,0.0,,0.0,0.0,0.0,,,,,,
corrective reanalysis after test inspection,int8_calibration,posthoc_thresholds,family:square,easy,all,B1,,,family,1,8,4,4,0,0,0,8,0,0,0,,1.0,0.5,0.5,0.0,0.0,0.0,1.0,0.0,0.0,0.0,,0.0,0.0,,0.0,0.0,0.0,,,,,,
corrective reanalysis after test inspection,int8_calibration,posthoc_thresholds,family:square,hard,all,B1,,,family,1,8,4,4,0,0,0,8,0,0,0,,1.0,0.5,0.5,0.0,0.0,0.0,1.0,0.0,0.0,0.0,,0.0,0.0,,0.0,0.0,0.0,,,,,,
corrective reanalysis after test inspection,int8_calibration,posthoc_thresholds,family:square,easy,absent_easy,B1,,,family,1,4,0,4,0,0,0,4,0,0,0,,1.0,0.0,1.0,0.0,0.0,0.0,1.0,0.0,0.0,0.0,,0.0,,,,0.0,0.0,,,,,,
corrective reanalysis after test inspection,int8_calibration,posthoc_thresholds,family:square,hard,absent_hard,B1,,,family,1,4,0,4,0,0,0,4,0,0,0,,1.0,0.0,1.0,0.0,0.0,0.0,1.0,0.0,0.0,0.0,,0.0,,,,0.0,0.0,,,,,,
corrective reanalysis after test inspection,int8_calibration,posthoc_thresholds,family:square,easy,present_easy,B1,,,family,1,4,4,0,0,0,0,4,0,0,0,,1.0,1.0,0.0,0.0,0.0,0.0,1.0,0.0,0.0,0.0,,0.0,0.0,,0.0,,0.0,,,,,,
corrective reanalysis after test inspection,int8_calibration,posthoc_thresholds,family:square,hard,present_hard,B1,,,family,1,4,4,0,0,0,0,4,0,0,0,,1.0,1.0,0.0,0.0,0.0,0.0,1.0,0.0,0.0,0.0,,0.0,0.0,,0.0,,0.0,,,,,,
corrective reanalysis after test inspection,int8_calibration,posthoc_thresholds,family:tee,all,all,B1,,,family,1,12,6,6,0,0,0,12,0,0,0,,1.0,0.5,0.5,0.0,0.0,0.0,1.0,0.0,0.0,0.0,,0.0,0.0,,0.0,0.0,0.0,,,,,,
corrective reanalysis after test inspection,int8_calibration,posthoc_thresholds,family:tee,easy,all,B1,,,family,1,6,3,3,0,0,0,6,0,0,0,,1.0,0.5,0.5,0.0,0.0,0.0,1.0,0.0,0.0,0.0,,0.0,0.0,,0.0,0.0,0.0,,,,,,
corrective reanalysis after test inspection,int8_calibration,posthoc_thresholds,family:tee,hard,all,B1,,,family,1,6,3,3,0,0,0,6,0,0,0,,1.0,0.5,0.5,0.0,0.0,0.0,1.0,0.0,0.0,0.0,,0.0,0.0,,0.0,0.0,0.0,,,,,,
corrective reanalysis after test inspection,int8_calibration,posthoc_thresholds,family:tee,easy,absent_easy,B1,,,family,1,3,0,3,0,0,0,3,0,0,0,,1.0,0.0,1.0,0.0,0.0,0.0,1.0,0.0,0.0,0.0,,0.0,,,,0.0,0.0,,,,,,
corrective reanalysis after test inspection,int8_calibration,posthoc_thresholds,family:tee,hard,absent_hard,B1,,,family,1,3,0,3,0,0,0,3,0,0,0,,1.0,0.0,1.0,0.0,0.0,0.0,1.0,0.0,0.0,0.0,,0.0,,,,0.0,0.0,,,,,,
corrective reanalysis after test inspection,int8_calibration,posthoc_thresholds,family:tee,easy,present_easy,B1,,,family,1,3,3,0,0,0,0,3,0,0,0,,1.0,1.0,0.0,0.0,0.0,0.0,1.0,0.0,0.0,0.0,,0.0,0.0,,0.0,,0.0,,,,,,
corrective reanalysis after test inspection,int8_calibration,posthoc_thresholds,family:tee,hard,present_hard,B1,,,family,1,3,3,0,0,0,0,3,0,0,0,,1.0,1.0,0.0,0.0,0.0,0.0,1.0,0.0,0.0,0.0,,0.0,0.0,,0.0,,0.0,,,,,,
corrective reanalysis after test inspection,int8_calibration,posthoc_thresholds,family:trapezoid,all,all,B1,,,family,1,12,6,6,0,0,0,12,0,0,0,,1.0,0.5,0.5,0.0,0.0,0.0,1.0,0.0,0.0,0.0,,0.0,0.0,,0.0,0.0,0.0,,,,,,
corrective reanalysis after test inspection,int8_calibration,posthoc_thresholds,family:trapezoid,easy,all,B1,,,family,1,6,3,3,0,0,0,6,0,0,0,,1.0,0.5,0.5,0.0,0.0,0.0,1.0,0.0,0.0,0.0,,0.0,0.0,,0.0,0.0,0.0,,,,,,
corrective reanalysis after test inspection,int8_calibration,posthoc_thresholds,family:trapezoid,hard,all,B1,,,family,1,6,3,3,0,0,0,6,0,0,0,,1.0,0.5,0.5,0.0,0.0,0.0,1.0,0.0,0.0,0.0,,0.0,0.0,,0.0,0.0,0.0,,,,,,
corrective reanalysis after test inspection,int8_calibration,posthoc_thresholds,family:trapezoid,easy,absent_easy,B1,,,family,1,3,0,3,0,0,0,3,0,0,0,,1.0,0.0,1.0,0.0,0.0,0.0,1.0,0.0,0.0,0.0,,0.0,,,,0.0,0.0,,,,,,
corrective reanalysis after test inspection,int8_calibration,posthoc_thresholds,family:trapezoid,hard,absent_hard,B1,,,family,1,3,0,3,0,0,0,3,0,0,0,,1.0,0.0,1.0,0.0,0.0,0.0,1.0,0.0,0.0,0.0,,0.0,,,,0.0,0.0,,,,,,
corrective reanalysis after test inspection,int8_calibration,posthoc_thresholds,family:trapezoid,easy,present_easy,B1,,,family,1,3,3,0,0,0,0,3,0,0,0,,1.0,1.0,0.0,0.0,0.0,0.0,1.0,0.0,0.0,0.0,,0.0,0.0,,0.0,,0.0,,,,,,
corrective reanalysis after test inspection,int8_calibration,posthoc_thresholds,family:trapezoid,hard,present_hard,B1,,,family,1,3,3,0,0,0,0,3,0,0,0,,1.0,1.0,0.0,0.0,0.0,0.0,1.0,0.0,0.0,0.0,,0.0,0.0,,0.0,,0.0,,,,,,
corrective reanalysis after test inspection,int8_calibration,posthoc_thresholds,all,all,all,S1,0.7074453053429188,,family,7,112,56,56,73,20,53,39,0,38,35,29,7.0,3.5,3.5,4.791666666666667,1.3833333333333333,3.408333333333333,2.2083333333333335,0.0,2.5083333333333333,2.283333333333333,1.8916666666666666,0.6845238095238095,0.7166666666666667,0.7113043478260869,0.3952380952380952,0.6523809523809524,0.0,0.5404761904761904,"[0.21428571428571427, 0.5714285714285714]","[0.6, 0.8285714285714286]","[0.5428571428571428, 0.75]","[0.5833333333333333, 0.8714285714285713]","[0.38095238095238093, 0.6833333333333333]"
corrective reanalysis after test inspection,int8_calibration,posthoc_thresholds,all,easy,all,S1,0.7074453053429188,,family,7,56,28,28,36,11,25,20,0,19,17,15,7.0,3.5,3.5,4.708333333333333,1.55,3.158333333333333,2.2916666666666665,0.0,2.5083333333333333,2.1999999999999997,2.0083333333333333,0.6726190476190476,0.7166666666666667,0.6707964601769911,0.4428571428571429,0.6285714285714284,0.0,0.5738095238095238,"[0.21666666666666665, 0.6928571428571428]","[0.5190839694656488, 0.8256880733944953]","[0.5380952380952381, 0.7023809523809524]","[0.5833333333333333, 0.8714285714285713]","[0.38095238095238093, 0.7642857142857142]"
corrective reanalysis after test inspection,int8_calibration,posthoc_thresholds,all,hard,all,S1,0.7074453053429188,,family,7,56,28,28,37,9,28,19,0,19,18,14,7.0,3.5,3.5,4.875,1.2166666666666666,3.658333333333333,2.125,0.0,2.5083333333333333,2.3666666666666667,1.775,0.6964285714285714,0.7166666666666667,0.7504273504273504,0.3476190476190476,0.6761904761904762,0.0,0.5071428571428571,"[0.20238095238095236, 0.5023809523809524]","[0.6304761904761905, 0.8529411764705882]","[0.5523809523809524, 0.8095238095238095]","[0.5833333333333333, 0.8714285714285713]","[0.34523809523809523, 0.6690476190476191]"
corrective reanalysis after test inspection,int8_calibration,posthoc_thresholds,all,easy,absent_easy,S1,0.7074453053429188,,family,7,28,0,28,17,0,17,11,0,0,17,0,7.0,0.0,7.0,4.3999999999999995,0.0,4.3999999999999995,2.6,0.0,0.0,4.3999999999999995,0.0,0.6285714285714284,,1.0,,0.6285714285714284,0.0,,"[None, None]","[1.0, 1.0]","[0.5380952380952381, 0.7023809523809524]","[None, None]","[None, None]"
corrective reanalysis after test inspection,int8_calibration,posthoc_thresholds,all,hard,absent_hard,S1,0.7074453053429188,,family,7,28,0,28,18,0,18,10,0,0,18,0,7.0,0.0,7.0,4.733333333333333,0.0,4.733333333333333,2.2666666666666666,0.0,0.0,4.733333333333333,0.0,0.6761904761904762,,1.0,,0.6761904761904762,0.0,,"[None, None]","[1.0, 1.0]","[0.5523809523809524, 0.8095238095238095]","[None, None]","[None, None]"
corrective reanalysis after test inspection,int8_calibration,posthoc_thresholds,all,easy,present_easy,S1,0.7074453053429188,,family,7,28,28,0,19,11,8,9,0,19,0,15,7.0,7.0,0.0,5.016666666666667,3.1,1.9166666666666665,1.9833333333333334,0.0,5.016666666666667,0.0,4.016666666666667,0.7166666666666667,0.7166666666666667,0.3820598006644518,0.4428571428571429,,0.0,0.5738095238095238,"[0.21666666666666665, 0.6928571428571428]","[0.15624999999999997, 0.6470588235294118]","[None, None]","[0.5833333333333333, 0.8714285714285713]","[0.38095238095238093, 0.7642857142857142]"
corrective reanalysis after test inspection,int8_calibration,posthoc_thresholds,all,hard,present_hard,S1,0.7074453053429188,,family,7,28,28,0,19,9,10,9,0,19,0,14,7.0,7.0,0.0,5.016666666666667,2.433333333333333,2.583333333333333,1.9833333333333334,0.0,5.016666666666667,0.0,3.55,0.7166666666666667,0.7166666666666667,0.5149501661129567,0.3476190476190476,,0.0,0.5071428571428571,"[0.20238095238095236, 0.5023809523809524]","[0.3246753246753246, 0.7]","[None, None]","[0.5833333333333333, 0.8714285714285713]","[0.34523809523809523, 0.6690476190476191]"
corrective reanalysis after test inspection,int8_calibration,posthoc_thresholds,exposed,all,all,S1,0.7074453053429188,,family,3,48,24,24,33,12,21,15,0,18,15,15,3.0,1.5,1.5,2.1666666666666665,0.7583333333333333,1.4083333333333332,0.8333333333333334,0.0,1.175,0.9916666666666667,0.9333333333333333,0.7222222222222222,0.7833333333333333,0.65,0.5055555555555555,0.6611111111111111,0.0,0.6222222222222222,,,,,
corrective reanalysis after test inspection,int8_calibration,posthoc_thresholds,exposed,easy,all,S1,0.7074453053429188,,family,3,24,12,12,16,7,9,8,0,9,7,8,3.0,1.5,1.5,2.0833333333333335,0.925,1.1583333333333332,0.9166666666666667,0.0,1.175,0.9083333333333333,1.05,0.6944444444444445,0.7833333333333333,0.5559999999999999,0.6166666666666667,0.6055555555555555,0.0,0.7000000000000001,,,,,
corrective reanalysis after test inspection,int8_calibration,posthoc_thresholds,exposed,hard,all,S1,0.7074453053429188,,family,3,24,12,12,17,5,12,7,0,9,8,7,3.0,1.5,1.5,2.25,0.5916666666666667,1.6583333333333332,0.75,0.0,1.175,1.075,0.8166666666666667,0.75,0.7833333333333333,0.7370370370370369,0.39444444444444443,0.7166666666666667,0.0,0.5444444444444444,,,,,
corrective reanalysis after test inspection,int8_calibration,posthoc_thresholds,exposed,easy,absent_easy,S1,0.7074453053429188,,family,3,12,0,12,7,0,7,5,0,0,7,0,3.0,0.0,3.0,1.8166666666666667,0.0,1.8166666666666667,1.1833333333333333,0.0,0.0,1.8166666666666667,0.0,0.6055555555555555,,1.0,,0.6055555555555555,0.0,,,,,,
corrective reanalysis after test inspection,int8_calibration,posthoc_thresholds,exposed,hard,absent_hard,S1,0.7074453053429188,,family,3,12,0,12,8,0,8,4,0,0,8,0,3.0,0.0,3.0,2.15,0.0,2.15,0.8500000000000001,0.0,0.0,2.15,0.0,0.7166666666666667,,1.0,,0.7166666666666667,0.0,,,,,,
corrective reanalysis after test inspection,int8_calibration,posthoc_thresholds,exposed,easy,present_easy,S1,0.7074453053429188,,family,3,12,12,0,9,7,2,3,0,9,0,8,3.0,3.0,0.0,2.35,1.85,0.5,0.65,0.0,2.35,0.0,2.1,0.7833333333333333,0.7833333333333333,0.2127659574468085,0.6166666666666667,,0.0,0.7000000000000001,,,,,
corrective reanalysis after test inspection,int8_calibration,posthoc_thresholds,exposed,hard,present_hard,S1,0.7074453053429188,,family,3,12,12,0,9,5,4,3,0,9,0,7,3.0,3.0,0.0,2.35,1.1833333333333333,1.1666666666666665,0.65,0.0,2.35,0.0,1.6333333333333333,0.7833333333333333,0.7833333333333333,0.4964539007092198,0.39444444444444443,,0.0,0.5444444444444444,,,,,
corrective reanalysis after test inspection,int8_calibration,posthoc_thresholds,unexposed,all,all,S1,0.7074453053429188,,family,4,64,32,32,40,8,32,24,0,20,20,14,4.0,2.0,2.0,2.625,0.625,2.0,1.375,0.0,1.3333333333333333,1.2916666666666665,0.9583333333333333,0.65625,0.6666666666666666,0.7619047619047619,0.3125,0.6458333333333333,0.0,0.47916666666666663,,,,,
corrective reanalysis after test inspection,int8_calibration,posthoc_thresholds,unexposed,easy,all,S1,0.7074453053429188,,family,4,32,16,16,20,4,16,12,0,10,10,7,4.0,2.0,2.0,2.625,0.625,2.0,1.375,0.0,1.3333333333333333,1.2916666666666665,0.9583333333333333,0.65625,0.6666666666666666,0.7619047619047619,0.3125,0.6458333333333333,0.0,0.47916666666666663,,,,,
corrective reanalysis after test inspection,int8_calibration,posthoc_thresholds,unexposed,hard,all,S1,0.7074453053429188,,family,4,32,16,16,20,4,16,12,0,10,10,7,4.0,2.0,2.0,2.625,0.625,2.0,1.375,0.0,1.3333333333333333,1.2916666666666665,0.9583333333333333,0.65625,0.6666666666666666,0.7619047619047619,0.3125,0.6458333333333333,0.0,0.47916666666666663,,,,,
corrective reanalysis after test inspection,int8_calibration,posthoc_thresholds,unexposed,easy,absent_easy,S1,0.7074453053429188,,family,4,16,0,16,10,0,10,6,0,0,10,0,4.0,0.0,4.0,2.583333333333333,0.0,2.583333333333333,1.4166666666666665,0.0,0.0,2.583333333333333,0.0,0.6458333333333333,,1.0,,0.6458333333333333,0.0,,,,,,
corrective reanalysis after test inspection,int8_calibration,posthoc_thresholds,unexposed,hard,absent_hard,S1,0.7074453053429188,,family,4,16,0,16,10,0,10,6,0,0,10,0,4.0,0.0,4.0,2.583333333333333,0.0,2.583333333333333,1.4166666666666665,0.0,0.0,2.583333333333333,0.0,0.6458333333333333,,1.0,,0.6458333333333333,0.0,,,,,,
corrective reanalysis after test inspection,int8_calibration,posthoc_thresholds,unexposed,easy,present_easy,S1,0.7074453053429188,,family,4,16,16,0,10,4,6,6,0,10,0,7,4.0,4.0,0.0,2.6666666666666665,1.25,1.4166666666666665,1.3333333333333333,0.0,2.6666666666666665,0.0,1.9166666666666665,0.6666666666666666,0.6666666666666666,0.53125,0.3125,,0.0,0.47916666666666663,,,,,
corrective reanalysis after test inspection,int8_calibration,posthoc_thresholds,unexposed,hard,present_hard,S1,0.7074453053429188,,family,4,16,16,0,10,4,6,6,0,10,0,7,4.0,4.0,0.0,2.6666666666666665,1.25,1.4166666666666665,1.3333333333333333,0.0,2.6666666666666665,0.0,1.9166666666666665,0.6666666666666666,0.6666666666666666,0.53125,0.3125,,0.0,0.47916666666666663,,,,,
corrective reanalysis after test inspection,int8_calibration,posthoc_thresholds,family:ell,all,all,S1,0.7074453053429188,,family,1,24,12,12,12,0,12,12,0,6,6,2,1.0,0.5,0.5,0.5,0.0,0.5,0.5,0.0,0.25,0.25,0.08333333333333333,0.5,0.5,1.0,0.0,0.5,0.0,0.16666666666666666,,,,,
corrective reanalysis after test inspection,int8_calibration,posthoc_thresholds,family:ell,easy,all,S1,0.7074453053429188,,family,1,12,6,6,6,0,6,6,0,3,3,1,1.0,0.5,0.5,0.5,0.0,0.5,0.5,0.0,0.25,0.25,0.08333333333333333,0.5,0.5,1.0,0.0,0.5,0.0,0.16666666666666666,,,,,
corrective reanalysis after test inspection,int8_calibration,posthoc_thresholds,family:ell,hard,all,S1,0.7074453053429188,,family,1,12,6,6,6,0,6,6,0,3,3,1,1.0,0.5,0.5,0.5,0.0,0.5,0.5,0.0,0.25,0.25,0.08333333333333333,0.5,0.5,1.0,0.0,0.5,0.0,0.16666666666666666,,,,,
corrective reanalysis after test inspection,int8_calibration,posthoc_thresholds,family:ell,easy,absent_easy,S1,0.7074453053429188,,family,1,6,0,6,3,0,3,3,0,0,3,0,1.0,0.0,1.0,0.5,0.0,0.5,0.5,0.0,0.0,0.5,0.0,0.5,,1.0,,0.5,0.0,,,,,,
corrective reanalysis after test inspection,int8_calibration,posthoc_thresholds,family:ell,hard,absent_hard,S1,0.7074453053429188,,family,1,6,0,6,3,0,3,3,0,0,3,0,1.0,0.0,1.0,0.5,0.0,0.5,0.5,0.0,0.0,0.5,0.0,0.5,,1.0,,0.5,0.0,,,,,,
corrective reanalysis after test inspection,int8_calibration,posthoc_thresholds,family:ell,easy,present_easy,S1,0.7074453053429188,,family,1,6,6,0,3,0,3,3,0,3,0,1,1.0,1.0,0.0,0.5,0.0,0.5,0.5,0.0,0.5,0.0,0.16666666666666666,0.5,0.5,1.0,0.0,,0.0,0.16666666666666666,,,,,
corrective reanalysis after test inspection,int8_calibration,posthoc_thresholds,family:ell,hard,present_hard,S1,0.7074453053429188,,family,1,6,6,0,3,0,3,3,0,3,0,1,1.0,1.0,0.0,0.5,0.0,0.5,0.5,0.0,0.5,0.0,0.16666666666666666,0.5,0.5,1.0,0.0,,0.0,0.16666666666666666,,,,,
corrective reanalysis after test inspection,int8_calibration,posthoc_thresholds,family:gear,all,all,S1,0.7074453053429188,,family,1,12,6,6,8,2,6,4,0,4,4,2,1.0,0.5,0.5,0.6666666666666666,0.16666666666666666,0.5,0.3333333333333333,0.0,0.3333333333333333,0.3333333333333333,0.16666666666666666,0.6666666666666666,0.6666666666666666,0.75,0.3333333333333333,0.6666666666666666,0.0,0.3333333333333333,,,,,
corrective reanalysis after test inspection,int8_calibration,posthoc_thresholds,family:gear,easy,all,S1,0.7074453053429188,,family,1,6,3,3,4,1,3,2,0,2,2,1,1.0,0.5,0.5,0.6666666666666666,0.16666666666666666,0.5,0.3333333333333333,0.0,0.3333333333333333,0.3333333333333333,0.16666666666666666,0.6666666666666666,0.6666666666666666,0.75,0.3333333333333333,0.6666666666666666,0.0,0.3333333333333333,,,,,
corrective reanalysis after test inspection,int8_calibration,posthoc_thresholds,family:gear,hard,all,S1,0.7074453053429188,,family,1,6,3,3,4,1,3,2,0,2,2,1,1.0,0.5,0.5,0.6666666666666666,0.16666666666666666,0.5,0.3333333333333333,0.0,0.3333333333333333,0.3333333333333333,0.16666666666666666,0.6666666666666666,0.6666666666666666,0.75,0.3333333333333333,0.6666666666666666,0.0,0.3333333333333333,,,,,
corrective reanalysis after test inspection,int8_calibration,posthoc_thresholds,family:gear,easy,absent_easy,S1,0.7074453053429188,,family,1,3,0,3,2,0,2,1,0,0,2,0,1.0,0.0,1.0,0.6666666666666666,0.0,0.6666666666666666,0.3333333333333333,0.0,0.0,0.6666666666666666,0.0,0.6666666666666666,,1.0,,0.6666666666666666,0.0,,,,,,
corrective reanalysis after test inspection,int8_calibration,posthoc_thresholds,family:gear,hard,absent_hard,S1,0.7074453053429188,,family,1,3,0,3,2,0,2,1,0,0,2,0,1.0,0.0,1.0,0.6666666666666666,0.0,0.6666666666666666,0.3333333333333333,0.0,0.0,0.6666666666666666,0.0,0.6666666666666666,,1.0,,0.6666666666666666,0.0,,,,,,
corrective reanalysis after test inspection,int8_calibration,posthoc_thresholds,family:gear,easy,present_easy,S1,0.7074453053429188,,family,1,3,3,0,2,1,1,1,0,2,0,1,1.0,1.0,0.0,0.6666666666666666,0.3333333333333333,0.3333333333333333,0.3333333333333333,0.0,0.6666666666666666,0.0,0.3333333333333333,0.6666666666666666,0.6666666666666666,0.5,0.3333333333333333,,0.0,0.3333333333333333,,,,,
corrective reanalysis after test inspection,int8_calibration,posthoc_thresholds,family:gear,hard,present_hard,S1,0.7074453053429188,,family,1,3,3,0,2,1,1,1,0,2,0,1,1.0,1.0,0.0,0.6666666666666666,0.3333333333333333,0.3333333333333333,0.3333333333333333,0.0,0.6666666666666666,0.0,0.3333333333333333,0.6666666666666666,0.6666666666666666,0.5,0.3333333333333333,,0.0,0.3333333333333333,,,,,
corrective reanalysis after test inspection,int8_calibration,posthoc_thresholds,family:notched,all,all,S1,0.7074453053429188,,family,1,16,8,8,10,2,8,6,0,4,6,6,1.0,0.5,0.5,0.625,0.125,0.5,0.375,0.0,0.25,0.375,0.375,0.625,0.5,0.8,0.25,0.75,0.0,0.75,,,,,
corrective reanalysis after test inspection,int8_calibration,posthoc_thresholds,family:notched,easy,all,S1,0.7074453053429188,,family,1,8,4,4,5,1,4,3,0,2,3,3,1.0,0.5,0.5,0.625,0.125,0.5,0.375,0.0,0.25,0.375,0.375,0.625,0.5,0.8,0.25,0.75,0.0,0.75,,,,,
corrective reanalysis after test inspection,int8_calibration,posthoc_thresholds,family:notched,hard,all,S1,0.7074453053429188,,family,1,8,4,4,5,1,4,3,0,2,3,3,1.0,0.5,0.5,0.625,0.125,0.5,0.375,0.0,0.25,0.375,0.375,0.625,0.5,0.8,0.25,0.75,0.0,0.75,,,,,
corrective reanalysis after test inspection,int8_calibration,posthoc_thresholds,family:notched,easy,absent_easy,S1,0.7074453053429188,,family,1,4,0,4,3,0,3,1,0,0,3,0,1.0,0.0,1.0,0.75,0.0,0.75,0.25,0.0,0.0,0.75,0.0,0.75,,1.0,,0.75,0.0,,,,,,
corrective reanalysis after test inspection,int8_calibration,posthoc_thresholds,family:notched,hard,absent_hard,S1,0.7074453053429188,,family,1,4,0,4,3,0,3,1,0,0,3,0,1.0,0.0,1.0,0.75,0.0,0.75,0.25,0.0,0.0,0.75,0.0,0.75,,1.0,,0.75,0.0,,,,,,
corrective reanalysis after test inspection,int8_calibration,posthoc_thresholds,family:notched,easy,present_easy,S1,0.7074453053429188,,family,1,4,4,0,2,1,1,2,0,2,0,3,1.0,1.0,0.0,0.5,0.25,0.25,0.5,0.0,0.5,0.0,0.75,0.5,0.5,0.5,0.25,,0.0,0.75,,,,,
corrective reanalysis after test inspection,int8_calibration,posthoc_thresholds,family:notched,hard,present_hard,S1,0.7074453053429188,,family,1,4,4,0,2,1,1,2,0,2,0,3,1.0,1.0,0.0,0.5,0.25,0.25,0.5,0.0,0.5,0.0,0.75,0.5,0.5,0.5,0.25,,0.0,0.75,,,,,
corrective reanalysis after test inspection,int8_calibration,posthoc_thresholds,family:rect,all,all,S1,0.7074453053429188,,family,1,20,10,10,10,6,4,10,0,6,4,7,1.0,0.5,0.5,0.5,0.30000000000000004,0.2,0.5,0.0,0.30000000000000004,0.2,0.35000000000000003,0.5,0.6000000000000001,0.4,0.6000000000000001,0.4,0.0,0.7000000000000001,,,,,
corrective reanalysis after test inspection,int8_calibration,posthoc_thresholds,family:rect,easy,all,S1,0.7074453053429188,,family,1,10,5,5,5,3,2,5,0,3,2,3,1.0,0.5,0.5,0.5,0.30000000000000004,0.2,0.5,0.0,0.30000000000000004,0.2,0.30000000000000004,0.5,0.6000000000000001,0.4,0.6000000000000001,0.4,0.0,0.6000000000000001,,,,,
corrective reanalysis after test inspection,int8_calibration,posthoc_thresholds,family:rect,hard,all,S1,0.7074453053429188,,family,1,10,5,5,5,3,2,5,0,3,2,4,1.0,0.5,0.5,0.5,0.30000000000000004,0.2,0.5,0.0,0.30000000000000004,0.2,0.4,0.5,0.6000000000000001,0.4,0.6000000000000001,0.4,0.0,0.8,,,,,
corrective reanalysis after test inspection,int8_calibration,posthoc_thresholds,family:rect,easy,absent_easy,S1,0.7074453053429188,,family,1,5,0,5,2,0,2,3,0,0,2,0,1.0,0.0,1.0,0.4,0.0,0.4,0.6000000000000001,0.0,0.0,0.4,0.0,0.4,,1.0,,0.4,0.0,,,,,,
corrective reanalysis after test inspection,int8_calibration,posthoc_thresholds,family:rect,hard,absent_hard,S1,0.7074453053429188,,family,1,5,0,5,2,0,2,3,0,0,2,0,1.0,0.0,1.0,0.4,0.0,0.4,0.6000000000000001,0.0,0.0,0.4,0.0,0.4,,1.0,,0.4,0.0,,,,,,
corrective reanalysis after test inspection,int8_calibration,posthoc_thresholds,family:rect,easy,present_easy,S1,0.7074453053429188,,family,1,5,5,0,3,3,0,2,0,3,0,3,1.0,1.0,0.0,0.6000000000000001,0.6000000000000001,0.0,0.4,0.0,0.6000000000000001,0.0,0.6000000000000001,0.6000000000000001,0.6000000000000001,0.0,0.6000000000000001,,0.0,0.6000000000000001,,,,,
corrective reanalysis after test inspection,int8_calibration,posthoc_thresholds,family:rect,hard,present_hard,S1,0.7074453053429188,,family,1,5,5,0,3,3,0,2,0,3,0,4,1.0,1.0,0.0,0.6000000000000001,0.6000000000000001,0.0,0.4,0.0,0.6000000000000001,0.0,0.8,0.6000000000000001,0.6000000000000001,0.0,0.6000000000000001,,0.0,0.8,,,,,
corrective reanalysis after test inspection,int8_calibration,posthoc_thresholds,family:square,all,all,S1,0.7074453053429188,,family,1,16,8,8,12,2,10,4,0,6,6,4,1.0,0.5,0.5,0.75,0.125,0.625,0.25,0.0,0.375,0.375,0.25,0.75,0.75,0.8333333333333334,0.25,0.75,0.0,0.5,,,,,
corrective reanalysis after test inspection,int8_calibration,posthoc_thresholds,family:square,easy,all,S1,0.7074453053429188,,family,1,8,4,4,6,1,5,2,0,3,3,2,1.0,0.5,0.5,0.75,0.125,0.625,0.25,0.0,0.375,0.375,0.25,0.75,0.75,0.8333333333333334,0.25,0.75,0.0,0.5,,,,,
corrective reanalysis after test inspection,int8_calibration,posthoc_thresholds,family:square,hard,all,S1,0.7074453053429188,,family,1,8,4,4,6,1,5,2,0,3,3,2,1.0,0.5,0.5,0.75,0.125,0.625,0.25,0.0,0.375,0.375,0.25,0.75,0.75,0.8333333333333334,0.25,0.75,0.0,0.5,,,,,
corrective reanalysis after test inspection,int8_calibration,posthoc_thresholds,family:square,easy,absent_easy,S1,0.7074453053429188,,family,1,4,0,4,3,0,3,1,0,0,3,0,1.0,0.0,1.0,0.75,0.0,0.75,0.25,0.0,0.0,0.75,0.0,0.75,,1.0,,0.75,0.0,,,,,,
corrective reanalysis after test inspection,int8_calibration,posthoc_thresholds,family:square,hard,absent_hard,S1,0.7074453053429188,,family,1,4,0,4,3,0,3,1,0,0,3,0,1.0,0.0,1.0,0.75,0.0,0.75,0.25,0.0,0.0,0.75,0.0,0.75,,1.0,,0.75,0.0,,,,,,
corrective reanalysis after test inspection,int8_calibration,posthoc_thresholds,family:square,easy,present_easy,S1,0.7074453053429188,,family,1,4,4,0,3,1,2,1,0,3,0,2,1.0,1.0,0.0,0.75,0.25,0.5,0.25,0.0,0.75,0.0,0.5,0.75,0.75,0.6666666666666666,0.25,,0.0,0.5,,,,,
corrective reanalysis after test inspection,int8_calibration,posthoc_thresholds,family:square,hard,present_hard,S1,0.7074453053429188,,family,1,4,4,0,3,1,2,1,0,3,0,2,1.0,1.0,0.0,0.75,0.25,0.5,0.25,0.0,0.75,0.0,0.5,0.75,0.75,0.6666666666666666,0.25,,0.0,0.5,,,,,
corrective reanalysis after test inspection,int8_calibration,posthoc_thresholds,family:tee,all,all,S1,0.7074453053429188,,family,1,12,6,6,10,4,6,2,0,6,4,4,1.0,0.5,0.5,0.8333333333333333,0.3333333333333333,0.5,0.16666666666666666,0.0,0.5,0.3333333333333333,0.3333333333333333,0.8333333333333333,1.0,0.6000000000000001,0.6666666666666666,0.6666666666666666,0.0,0.6666666666666666,,,,,
corrective reanalysis after test inspection,int8_calibration,posthoc_thresholds,family:tee,easy,all,S1,0.7074453053429188,,family,1,6,3,3,5,2,3,1,0,3,2,2,1.0,0.5,0.5,0.8333333333333333,0.3333333333333333,0.5,0.16666666666666666,0.0,0.5,0.3333333333333333,0.3333333333333333,0.8333333333333333,1.0,0.6000000000000001,0.6666666666666666,0.6666666666666666,0.0,0.6666666666666666,,,,,
corrective reanalysis after test inspection,int8_calibration,posthoc_thresholds,family:tee,hard,all,S1,0.7074453053429188,,family,1,6,3,3,5,2,3,1,0,3,2,2,1.0,0.5,0.5,0.8333333333333333,0.3333333333333333,0.5,0.16666666666666666,0.0,0.5,0.3333333333333333,0.3333333333333333,0.8333333333333333,1.0,0.6000000000000001,0.6666666666666666,0.6666666666666666,0.0,0.6666666666666666,,,,,
corrective reanalysis after test inspection,int8_calibration,posthoc_thresholds,family:tee,easy,absent_easy,S1,0.7074453053429188,,family,1,3,0,3,2,0,2,1,0,0,2,0,1.0,0.0,1.0,0.6666666666666666,0.0,0.6666666666666666,0.3333333333333333,0.0,0.0,0.6666666666666666,0.0,0.6666666666666666,,1.0,,0.6666666666666666,0.0,,,,,,
corrective reanalysis after test inspection,int8_calibration,posthoc_thresholds,family:tee,hard,absent_hard,S1,0.7074453053429188,,family,1,3,0,3,2,0,2,1,0,0,2,0,1.0,0.0,1.0,0.6666666666666666,0.0,0.6666666666666666,0.3333333333333333,0.0,0.0,0.6666666666666666,0.0,0.6666666666666666,,1.0,,0.6666666666666666,0.0,,,,,,
corrective reanalysis after test inspection,int8_calibration,posthoc_thresholds,family:tee,easy,present_easy,S1,0.7074453053429188,,family,1,3,3,0,3,2,1,0,0,3,0,2,1.0,1.0,0.0,1.0,0.6666666666666666,0.3333333333333333,0.0,0.0,1.0,0.0,0.6666666666666666,1.0,1.0,0.3333333333333333,0.6666666666666666,,0.0,0.6666666666666666,,,,,
corrective reanalysis after test inspection,int8_calibration,posthoc_thresholds,family:tee,hard,present_hard,S1,0.7074453053429188,,family,1,3,3,0,3,2,1,0,0,3,0,2,1.0,1.0,0.0,1.0,0.6666666666666666,0.3333333333333333,0.0,0.0,1.0,0.0,0.6666666666666666,1.0,1.0,0.3333333333333333,0.6666666666666666,,0.0,0.6666666666666666,,,,,
corrective reanalysis after test inspection,int8_calibration,posthoc_thresholds,family:trapezoid,all,all,S1,0.7074453053429188,,family,1,12,6,6,11,4,7,1,0,6,5,4,1.0,0.5,0.5,0.9166666666666666,0.3333333333333333,0.5833333333333333,0.08333333333333333,0.0,0.5,0.41666666666666663,0.3333333333333333,0.9166666666666666,1.0,0.6363636363636364,0.6666666666666666,0.8333333333333333,0.0,0.6666666666666666,,,,,
corrective reanalysis after test inspection,int8_calibration,posthoc_thresholds,family:trapezoid,easy,all,S1,0.7074453053429188,,family,1,6,3,3,5,3,2,1,0,3,2,3,1.0,0.5,0.5,0.8333333333333333,0.5,0.3333333333333333,0.16666666666666666,0.0,0.5,0.3333333333333333,0.5,0.8333333333333333,1.0,0.4,1.0,0.6666666666666666,0.0,1.0,,,,,
corrective reanalysis after test inspection,int8_calibration,posthoc_thresholds,family:trapezoid,hard,all,S1,0.7074453053429188,,family,1,6,3,3,6,1,5,0,0,3,3,1,1.0,0.5,0.5,1.0,0.16666666666666666,0.8333333333333333,0.0,0.0,0.5,0.5,0.16666666666666666,1.0,1.0,0.8333333333333333,0.3333333333333333,1.0,0.0,0.3333333333333333,,,,,
corrective reanalysis after test inspection,int8_calibration,posthoc_thresholds,family:trapezoid,easy,absent_easy,S1,0.7074453053429188,,family,1,3,0,3,2,0,2,1,0,0,2,0,1.0,0.0,1.0,0.6666666666666666,0.0,0.6666666666666666,0.3333333333333333,0.0,0.0,0.6666666666666666,0.0,0.6666666666666666,,1.0,,0.6666666666666666,0.0,,,,,,
corrective reanalysis after test inspection,int8_calibration,posthoc_thresholds,family:trapezoid,hard,absent_hard,S1,0.7074453053429188,,family,1,3,0,3,3,0,3,0,0,0,3,0,1.0,0.0,1.0,1.0,0.0,1.0,0.0,0.0,0.0,1.0,0.0,1.0,,1.0,,1.0,0.0,,,,,,
corrective reanalysis after test inspection,int8_calibration,posthoc_thresholds,family:trapezoid,easy,present_easy,S1,0.7074453053429188,,family,1,3,3,0,3,3,0,0,0,3,0,3,1.0,1.0,0.0,1.0,1.0,0.0,0.0,0.0,1.0,0.0,1.0,1.0,1.0,0.0,1.0,,0.0,1.0,,,,,
corrective reanalysis after test inspection,int8_calibration,posthoc_thresholds,family:trapezoid,hard,present_hard,S1,0.7074453053429188,,family,1,3,3,0,3,1,2,0,0,3,0,1,1.0,1.0,0.0,1.0,0.3333333333333333,0.6666666666666666,0.0,0.0,1.0,0.0,0.3333333333333333,1.0,1.0,0.6666666666666666,0.3333333333333333,,0.0,0.3333333333333333,,,,,
corrective reanalysis after test inspection,int8_calibration,posthoc_thresholds,all,all,all,S2,0.7,0.0,family,7,112,56,56,84,24,60,28,0,44,40,29,7.0,3.5,3.5,5.408333333333333,1.5916666666666666,3.8166666666666664,1.5916666666666666,0.0,2.8166666666666664,2.591666666666667,1.8916666666666666,0.7726190476190476,0.8047619047619047,0.7057010785824345,0.45476190476190476,0.7404761904761905,0.0,0.5404761904761904,"[0.3095238095238095, 0.5904761904761905]","[0.6430678466076696, 0.7823834196891192]","[0.6476190476190476, 0.8452380952380952]","[0.7142857142857143, 0.9071428571428571]","[0.38095238095238093, 0.6833333333333333]"
corrective reanalysis after test inspection,int8_calibration,posthoc_thresholds,all,easy,all,S2,0.7,0.0,family,7,56,28,28,42,13,29,14,0,22,20,15,7.0,3.5,3.5,5.45,1.7583333333333333,3.6916666666666664,1.55,0.0,2.8166666666666664,2.6333333333333333,2.0083333333333333,0.7785714285714286,0.8047619047619047,0.6773700305810397,0.5023809523809524,0.7523809523809524,0.0,0.5738095238095238,"[0.31190476190476196, 0.7142857142857143]","[0.5863874345549738, 0.7767857142857144]","[0.6261904761904763, 0.880952380952381]","[0.7142857142857143, 0.9071428571428571]","[0.38095238095238093, 0.7642857142857142]"
corrective reanalysis after test inspection,int8_calibration,posthoc_thresholds,all,hard,all,S2,0.7,0.0,family,7,56,28,28,42,11,31,14,0,22,20,14,7.0,3.5,3.5,5.366666666666666,1.425,3.9416666666666664,1.6333333333333333,0.0,2.8166666666666664,2.55,1.775,0.7666666666666666,0.8047619047619047,0.734472049689441,0.40714285714285714,0.7285714285714285,0.0,0.5071428571428571,"[0.2857142857142857, 0.5380952380952381]","[0.6477987421383649, 0.8125]","[0.6571428571428571, 0.8333333333333333]","[0.7142857142857143, 0.9071428571428571]","[0.34523809523809523, 0.6690476190476191]"
corrective reanalysis after test inspection,int8_calibration,posthoc_thresholds,all,easy,absent_easy,S2,0.7,0.0,family,7,28,0,28,20,0,20,8,0,0,20,0,7.0,0.0,7.0,5.266666666666667,0.0,5.266666666666667,1.7333333333333334,0.0,0.0,5.266666666666667,0.0,0.7523809523809524,,1.0,,0.7523809523809524,0.0,,"[None, None]","[1.0, 1.0]","[0.6261904761904763, 0.880952380952381]","[None, None]","[None, None]"
corrective reanalysis after test inspection,int8_calibration,posthoc_thresholds,all,hard,absent_hard,S2,0.7,0.0,family,7,28,0,28,20,0,20,8,0,0,20,0,7.0,0.0,7.0,5.1,0.0,5.1,1.9,0.0,0.0,5.1,0.0,0.7285714285714285,,1.0,,0.7285714285714285,0.0,,"[None, None]","[1.0, 1.0]","[0.6571428571428571, 0.8333333333333333]","[None, None]","[None, None]"
corrective reanalysis after test inspection,int8_calibration,posthoc_thresholds,all,easy,present_easy,S2,0.7,0.0,family,7,28,28,0,22,13,9,6,0,22,0,15,7.0,7.0,0.0,5.633333333333333,3.5166666666666666,2.1166666666666667,1.3666666666666667,0.0,5.633333333333333,0.0,4.016666666666667,0.8047619047619047,0.8047619047619047,0.37573964497041423,0.5023809523809524,,0.0,0.5738095238095238,"[0.31190476190476196, 0.7142857142857143]","[0.19791666666666666, 0.5714285714285714]","[None, None]","[0.7142857142857143, 0.9071428571428571]","[0.38095238095238093, 0.7642857142857142]"
corrective reanalysis after test inspection,int8_calibration,posthoc_thresholds,all,hard,present_hard,S2,0.7,0.0,family,7,28,28,0,22,11,11,6,0,22,0,14,7.0,7.0,0.0,5.633333333333333,2.85,2.783333333333333,1.3666666666666667,0.0,5.633333333333333,0.0,3.55,0.8047619047619047,0.8047619047619047,0.4940828402366864,0.40714285714285714,,0.0,0.5071428571428571,"[0.2857142857142857, 0.5380952380952381]","[0.3573407202216066, 0.6288951841359773]","[None, None]","[0.7142857142857143, 0.9071428571428571]","[0.34523809523809523, 0.6690476190476191]"
corrective reanalysis after test inspection,int8_calibration,posthoc_thresholds,exposed,all,all,S2,0.7,0.0,family,3,48,24,24,38,12,26,10,0,20,18,15,3.0,1.5,1.5,2.45,0.7583333333333333,1.6916666666666667,0.55,0.0,1.275,1.175,0.9333333333333333,0.8166666666666668,0.85,0.6904761904761905,0.5055555555555555,0.7833333333333333,0.0,0.6222222222222222,,,,,
corrective reanalysis after test inspection,int8_calibration,posthoc_thresholds,exposed,easy,all,S2,0.7,0.0,family,3,24,12,12,19,7,12,5,0,10,9,8,3.0,1.5,1.5,2.45,0.925,1.525,0.55,0.0,1.275,1.175,1.05,0.8166666666666668,0.85,0.6224489795918366,0.6166666666666667,0.7833333333333333,0.0,0.7000000000000001,,,,,
corrective reanalysis after test inspection,int8_calibration,posthoc_thresholds,exposed,hard,all,S2,0.7,0.0,family,3,24,12,12,19,5,14,5,0,10,9,7,3.0,1.5,1.5,2.45,0.5916666666666667,1.8583333333333334,0.55,0.0,1.275,1.175,0.8166666666666667,0.8166666666666668,0.85,0.7585034013605442,0.39444444444444443,0.7833333333333333,0.0,0.5444444444444444,,,,,
corrective reanalysis after test inspection,int8_calibration,posthoc_thresholds,exposed,easy,absent_easy,S2,0.7,0.0,family,3,12,0,12,9,0,9,3,0,0,9,0,3.0,0.0,3.0,2.35,0.0,2.35,0.65,0.0,0.0,2.35,0.0,0.7833333333333333,,1.0,,0.7833333333333333,0.0,,,,,,
corrective reanalysis after test inspection,int8_calibration,posthoc_thresholds,exposed,hard,absent_hard,S2,0.7,0.0,family,3,12,0,12,9,0,9,3,0,0,9,0,3.0,0.0,3.0,2.35,0.0,2.35,0.65,0.0,0.0,2.35,0.0,0.7833333333333333,,1.0,,0.7833333333333333,0.0,,,,,,
corrective reanalysis after test inspection,int8_calibration,posthoc_thresholds,exposed,easy,present_easy,S2,0.7,0.0,family,3,12,12,0,10,7,3,2,0,10,0,8,3.0,3.0,0.0,2.55,1.85,0.7,0.45,0.0,2.55,0.0,2.1,0.85,0.85,0.27450980392156865,0.6166666666666667,,0.0,0.7000000000000001,,,,,
corrective reanalysis after test inspection,int8_calibration,posthoc_thresholds,exposed,hard,present_hard,S2,0.7,0.0,family,3,12,12,0,10,5,5,2,0,10,0,7,3.0,3.0,0.0,2.55,1.1833333333333333,1.3666666666666667,0.45,0.0,2.55,0.0,1.6333333333333333,0.85,0.85,0.5359477124183007,0.39444444444444443,,0.0,0.5444444444444444,,,,,
corrective reanalysis after test inspection,int8_calibration,posthoc_thresholds,unexposed,all,all,S2,0.7,0.0,family,4,64,32,32,46,12,34,18,0,24,22,14,4.0,2.0,2.0,2.958333333333333,0.8333333333333333,2.125,1.0416666666666665,0.0,1.5416666666666665,1.4166666666666665,0.9583333333333333,0.7395833333333333,0.7708333333333333,0.7183098591549296,0.41666666666666663,0.7083333333333333,0.0,0.47916666666666663,,,,,
corrective reanalysis after test inspection,int8_calibration,posthoc_thresholds,unexposed,easy,all,S2,0.7,0.0,family,4,32,16,16,23,6,17,9,0,12,11,7,4.0,2.0,2.0,3.0,0.8333333333333333,2.1666666666666665,1.0,0.0,1.5416666666666665,1.4583333333333333,0.9583333333333333,0.75,0.7708333333333333,0.7222222222222222,0.41666666666666663,0.7291666666666666,0.0,0.47916666666666663,,,,,
corrective reanalysis after test inspection,int8_calibration,posthoc_thresholds,unexposed,hard,all,S2,0.7,0.0,family,4,32,16,16,23,6,17,9,0,12,11,7,4.0,2.0,2.0,2.9166666666666665,0.8333333333333333,2.083333333333333,1.0833333333333333,0.0,1.5416666666666665,1.375,0.9583333333333333,0.7291666666666666,0.7708333333333333,0.7142857142857142,0.41666666666666663,0.6875,0.0,0.47916666666666663,,,,,
corrective reanalysis after test inspection,int8_calibration,posthoc_thresholds,unexposed,easy,absent_easy,S2,0.7,0.0,family,4,16,0,16,11,0,11,5,0,0,11,0,4.0,0.0,4.0,2.9166666666666665,0.0,2.9166666666666665,1.0833333333333333,0.0,0.0,2.9166666666666665,0.0,0.7291666666666666,,1.0,,0.7291666666666666,0.0,,,,,,
corrective reanalysis after test inspection,int8_calibration,posthoc_thresholds,unexposed,hard,absent_hard,S2,0.7,0.0,family,4,16,0,16,11,0,11,5,0,0,11,0,4.0,0.0,4.0,2.75,0.0,2.75,1.25,0.0,0.0,2.75,0.0,0.6875,,1.0,,0.6875,0.0,,,,,,
corrective reanalysis after test inspection,int8_calibration,posthoc_thresholds,unexposed,easy,present_easy,S2,0.7,0.0,family,4,16,16,0,12,6,6,4,0,12,0,7,4.0,4.0,0.0,3.083333333333333,1.6666666666666665,1.4166666666666665,0.9166666666666666,0.0,3.083333333333333,0.0,1.9166666666666665,0.7708333333333333,0.7708333333333333,0.45945945945945943,0.41666666666666663,,0.0,0.47916666666666663,,,,,
corrective reanalysis after test inspection,int8_calibration,posthoc_thresholds,unexposed,hard,present_hard,S2,0.7,0.0,family,4,16,16,0,12,6,6,4,0,12,0,7,4.0,4.0,0.0,3.083333333333333,1.6666666666666665,1.4166666666666665,0.9166666666666666,0.0,3.083333333333333,0.0,1.9166666666666665,0.7708333333333333,0.7708333333333333,0.45945945945945943,0.41666666666666663,,0.0,0.47916666666666663,,,,,
corrective reanalysis after test inspection,int8_calibration,posthoc_thresholds,family:ell,all,all,S2,0.7,0.0,family,1,24,12,12,15,2,13,9,0,8,7,2,1.0,0.5,0.5,0.625,0.08333333333333333,0.5416666666666666,0.375,0.0,0.3333333333333333,0.29166666666666663,0.08333333333333333,0.625,0.6666666666666666,0.8666666666666666,0.16666666666666666,0.5833333333333333,0.0,0.16666666666666666,,,,,
corrective reanalysis after test inspection,int8_calibration,posthoc_thresholds,family:ell,easy,all,S2,0.7,0.0,family,1,12,6,6,7,1,6,5,0,4,3,1,1.0,0.5,0.5,0.5833333333333333,0.08333333333333333,0.5,0.41666666666666663,0.0,0.3333333333333333,0.25,0.08333333333333333,0.5833333333333333,0.6666666666666666,0.8571428571428572,0.16666666666666666,0.5,0.0,0.16666666666666666,,,,,
corrective reanalysis after test inspection,int8_calibration,posthoc_thresholds,family:ell,hard,all,S2,0.7,0.0,family,1,12,6,6,8,1,7,4,0,4,4,1,1.0,0.5,0.5,0.6666666666666666,0.08333333333333333,0.5833333333333333,0.3333333333333333,0.0,0.3333333333333333,0.3333333333333333,0.08333333333333333,0.6666666666666666,0.6666666666666666,0.8749999999999999,0.16666666666666666,0.6666666666666666,0.0,0.16666666666666666,,,,,
corrective reanalysis after test inspection,int8_calibration,posthoc_thresholds,family:ell,easy,absent_easy,S2,0.7,0.0,family,1,6,0,6,3,0,3,3,0,0,3,0,1.0,0.0,1.0,0.5,0.0,0.5,0.5,0.0,0.0,0.5,0.0,0.5,,1.0,,0.5,0.0,,,,,,
corrective reanalysis after test inspection,int8_calibration,posthoc_thresholds,family:ell,hard,absent_hard,S2,0.7,0.0,family,1,6,0,6,4,0,4,2,0,0,4,0,1.0,0.0,1.0,0.6666666666666666,0.0,0.6666666666666666,0.3333333333333333,0.0,0.0,0.6666666666666666,0.0,0.6666666666666666,,1.0,,0.6666666666666666,0.0,,,,,,
corrective reanalysis after test inspection,int8_calibration,posthoc_thresholds,family:ell,easy,present_easy,S2,0.7,0.0,family,1,6,6,0,4,1,3,2,0,4,0,1,1.0,1.0,0.0,0.6666666666666666,0.16666666666666666,0.5,0.3333333333333333,0.0,0.6666666666666666,0.0,0.16666666666666666,0.6666666666666666,0.6666666666666666,0.75,0.16666666666666666,,0.0,0.16666666666666666,,,,,
corrective reanalysis after test inspection,int8_calibration,posthoc_thresholds,family:ell,hard,present_hard,S2,0.7,0.0,family,1,6,6,0,4,1,3,2,0,4,0,1,1.0,1.0,0.0,0.6666666666666666,0.16666666666666666,0.5,0.3333333333333333,0.0,0.6666666666666666,0.0,0.16666666666666666,0.6666666666666666,0.6666666666666666,0.75,0.16666666666666666,,0.0,0.16666666666666666,,,,,
corrective reanalysis after test inspection,int8_calibration,posthoc_thresholds,family:gear,all,all,S2,0.7,0.0,family,1,12,6,6,8,2,6,4,0,4,4,2,1.0,0.5,0.5,0.6666666666666666,0.16666666666666666,0.5,0.3333333333333333,0.0,0.3333333333333333,0.3333333333333333,0.16666666666666666,0.6666666666666666,0.6666666666666666,0.75,0.3333333333333333,0.6666666666666666,0.0,0.3333333333333333,,,,,
corrective reanalysis after test inspection,int8_calibration,posthoc_thresholds,family:gear,easy,all,S2,0.7,0.0,family,1,6,3,3,4,1,3,2,0,2,2,1,1.0,0.5,0.5,0.6666666666666666,0.16666666666666666,0.5,0.3333333333333333,0.0,0.3333333333333333,0.3333333333333333,0.16666666666666666,0.6666666666666666,0.6666666666666666,0.75,0.3333333333333333,0.6666666666666666,0.0,0.3333333333333333,,,,,
corrective reanalysis after test inspection,int8_calibration,posthoc_thresholds,family:gear,hard,all,S2,0.7,0.0,family,1,6,3,3,4,1,3,2,0,2,2,1,1.0,0.5,0.5,0.6666666666666666,0.16666666666666666,0.5,0.3333333333333333,0.0,0.3333333333333333,0.3333333333333333,0.16666666666666666,0.6666666666666666,0.6666666666666666,0.75,0.3333333333333333,0.6666666666666666,0.0,0.3333333333333333,,,,,
corrective reanalysis after test inspection,int8_calibration,posthoc_thresholds,family:gear,easy,absent_easy,S2,0.7,0.0,family,1,3,0,3,2,0,2,1,0,0,2,0,1.0,0.0,1.0,0.6666666666666666,0.0,0.6666666666666666,0.3333333333333333,0.0,0.0,0.6666666666666666,0.0,0.6666666666666666,,1.0,,0.6666666666666666,0.0,,,,,,
corrective reanalysis after test inspection,int8_calibration,posthoc_thresholds,family:gear,hard,absent_hard,S2,0.7,0.0,family,1,3,0,3,2,0,2,1,0,0,2,0,1.0,0.0,1.0,0.6666666666666666,0.0,0.6666666666666666,0.3333333333333333,0.0,0.0,0.6666666666666666,0.0,0.6666666666666666,,1.0,,0.6666666666666666,0.0,,,,,,
corrective reanalysis after test inspection,int8_calibration,posthoc_thresholds,family:gear,easy,present_easy,S2,0.7,0.0,family,1,3,3,0,2,1,1,1,0,2,0,1,1.0,1.0,0.0,0.6666666666666666,0.3333333333333333,0.3333333333333333,0.3333333333333333,0.0,0.6666666666666666,0.0,0.3333333333333333,0.6666666666666666,0.6666666666666666,0.5,0.3333333333333333,,0.0,0.3333333333333333,,,,,
corrective reanalysis after test inspection,int8_calibration,posthoc_thresholds,family:gear,hard,present_hard,S2,0.7,0.0,family,1,3,3,0,2,1,1,1,0,2,0,1,1.0,1.0,0.0,0.6666666666666666,0.3333333333333333,0.3333333333333333,0.3333333333333333,0.0,0.6666666666666666,0.0,0.3333333333333333,0.6666666666666666,0.6666666666666666,0.5,0.3333333333333333,,0.0,0.3333333333333333,,,,,
corrective reanalysis after test inspection,int8_calibration,posthoc_thresholds,family:notched,all,all,S2,0.7,0.0,family,1,16,8,8,12,4,8,4,0,6,6,6,1.0,0.5,0.5,0.75,0.25,0.5,0.25,0.0,0.375,0.375,0.375,0.75,0.75,0.6666666666666666,0.5,0.75,0.0,0.75,,,,,
corrective reanalysis after test inspection,int8_calibration,posthoc_thresholds,family:notched,easy,all,S2,0.7,0.0,family,1,8,4,4,6,2,4,2,0,3,3,3,1.0,0.5,0.5,0.75,0.25,0.5,0.25,0.0,0.375,0.375,0.375,0.75,0.75,0.6666666666666666,0.5,0.75,0.0,0.75,,,,,
corrective reanalysis after test inspection,int8_calibration,posthoc_thresholds,family:notched,hard,all,S2,0.7,0.0,family,1,8,4,4,6,2,4,2,0,3,3,3,1.0,0.5,0.5,0.75,0.25,0.5,0.25,0.0,0.375,0.375,0.375,0.75,0.75,0.6666666666666666,0.5,0.75,0.0,0.75,,,,,
corrective reanalysis after test inspection,int8_calibration,posthoc_thresholds,family:notched,easy,absent_easy,S2,0.7,0.0,family,1,4,0,4,3,0,3,1,0,0,3,0,1.0,0.0,1.0,0.75,0.0,0.75,0.25,0.0,0.0,0.75,0.0,0.75,,1.0,,0.75,0.0,,,,,,
corrective reanalysis after test inspection,int8_calibration,posthoc_thresholds,family:notched,hard,absent_hard,S2,0.7,0.0,family,1,4,0,4,3,0,3,1,0,0,3,0,1.0,0.0,1.0,0.75,0.0,0.75,0.25,0.0,0.0,0.75,0.0,0.75,,1.0,,0.75,0.0,,,,,,
corrective reanalysis after test inspection,int8_calibration,posthoc_thresholds,family:notched,easy,present_easy,S2,0.7,0.0,family,1,4,4,0,3,2,1,1,0,3,0,3,1.0,1.0,0.0,0.75,0.5,0.25,0.25,0.0,0.75,0.0,0.75,0.75,0.75,0.3333333333333333,0.5,,0.0,0.75,,,,,
corrective reanalysis after test inspection,int8_calibration,posthoc_thresholds,family:notched,hard,present_hard,S2,0.7,0.0,family,1,4,4,0,3,2,1,1,0,3,0,3,1.0,1.0,0.0,0.75,0.5,0.25,0.25,0.0,0.75,0.0,0.75,0.75,0.75,0.3333333333333333,0.5,,0.0,0.75,,,,,
corrective reanalysis after test inspection,int8_calibration,posthoc_thresholds,family:rect,all,all,S2,0.7,0.0,family,1,20,10,10,14,6,8,6,0,8,6,7,1.0,0.5,0.5,0.7000000000000001,0.30000000000000004,0.4,0.30000000000000004,0.0,0.4,0.30000000000000004,0.35000000000000003,0.7000000000000001,0.8,0.5714285714285714,0.6000000000000001,0.6000000000000001,0.0,0.7000000000000001,,,,,
corrective reanalysis after test inspection,int8_calibration,posthoc_thresholds,family:rect,easy,all,S2,0.7,0.0,family,1,10,5,5,7,3,4,3,0,4,3,3,1.0,0.5,0.5,0.7000000000000001,0.30000000000000004,0.4,0.30000000000000004,0.0,0.4,0.30000000000000004,0.30000000000000004,0.7000000000000001,0.8,0.5714285714285714,0.6000000000000001,0.6000000000000001,0.0,0.6000000000000001,,,,,
corrective reanalysis after test inspection,int8_calibration,posthoc_thresholds,family:rect,hard,all,S2,0.7,0.0,family,1,10,5,5,7,3,4,3,0,4,3,4,1.0,0.5,0.5,0.7000000000000001,0.30000000000000004,0.4,0.30000000000000004,0.0,0.4,0.30000000000000004,0.4,0.7000000000000001,0.8,0.5714285714285714,0.6000000000000001,0.6000000000000001,0.0,0.8,,,,,
corrective reanalysis after test inspection,int8_calibration,posthoc_thresholds,family:rect,easy,absent_easy,S2,0.7,0.0,family,1,5,0,5,3,0,3,2,0,0,3,0,1.0,0.0,1.0,0.6000000000000001,0.0,0.6000000000000001,0.4,0.0,0.0,0.6000000000000001,0.0,0.6000000000000001,,1.0,,0.6000000000000001,0.0,,,,,,
corrective reanalysis after test inspection,int8_calibration,posthoc_thresholds,family:rect,hard,absent_hard,S2,0.7,0.0,family,1,5,0,5,3,0,3,2,0,0,3,0,1.0,0.0,1.0,0.6000000000000001,0.0,0.6000000000000001,0.4,0.0,0.0,0.6000000000000001,0.0,0.6000000000000001,,1.0,,0.6000000000000001,0.0,,,,,,
corrective reanalysis after test inspection,int8_calibration,posthoc_thresholds,family:rect,easy,present_easy,S2,0.7,0.0,family,1,5,5,0,4,3,1,1,0,4,0,3,1.0,1.0,0.0,0.8,0.6000000000000001,0.2,0.2,0.0,0.8,0.0,0.6000000000000001,0.8,0.8,0.25,0.6000000000000001,,0.0,0.6000000000000001,,,,,
corrective reanalysis after test inspection,int8_calibration,posthoc_thresholds,family:rect,hard,present_hard,S2,0.7,0.0,family,1,5,5,0,4,3,1,1,0,4,0,4,1.0,1.0,0.0,0.8,0.6000000000000001,0.2,0.2,0.0,0.8,0.0,0.8,0.8,0.8,0.25,0.6000000000000001,,0.0,0.8,,,,,
corrective reanalysis after test inspection,int8_calibration,posthoc_thresholds,family:square,all,all,S2,0.7,0.0,family,1,16,8,8,12,2,10,4,0,6,6,4,1.0,0.5,0.5,0.75,0.125,0.625,0.25,0.0,0.375,0.375,0.25,0.75,0.75,0.8333333333333334,0.25,0.75,0.0,0.5,,,,,
corrective reanalysis after test inspection,int8_calibration,posthoc_thresholds,family:square,easy,all,S2,0.7,0.0,family,1,8,4,4,6,1,5,2,0,3,3,2,1.0,0.5,0.5,0.75,0.125,0.625,0.25,0.0,0.375,0.375,0.25,0.75,0.75,0.8333333333333334,0.25,0.75,0.0,0.5,,,,,
corrective reanalysis after test inspection,int8_calibration,posthoc_thresholds,family:square,hard,all,S2,0.7,0.0,family,1,8,4,4,6,1,5,2,0,3,3,2,1.0,0.5,0.5,0.75,0.125,0.625,0.25,0.0,0.375,0.375,0.25,0.75,0.75,0.8333333333333334,0.25,0.75,0.0,0.5,,,,,
corrective reanalysis after test inspection,int8_calibration,posthoc_thresholds,family:square,easy,absent_easy,S2,0.7,0.0,family,1,4,0,4,3,0,3,1,0,0,3,0,1.0,0.0,1.0,0.75,0.0,0.75,0.25,0.0,0.0,0.75,0.0,0.75,,1.0,,0.75,0.0,,,,,,
corrective reanalysis after test inspection,int8_calibration,posthoc_thresholds,family:square,hard,absent_hard,S2,0.7,0.0,family,1,4,0,4,3,0,3,1,0,0,3,0,1.0,0.0,1.0,0.75,0.0,0.75,0.25,0.0,0.0,0.75,0.0,0.75,,1.0,,0.75,0.0,,,,,,
corrective reanalysis after test inspection,int8_calibration,posthoc_thresholds,family:square,easy,present_easy,S2,0.7,0.0,family,1,4,4,0,3,1,2,1,0,3,0,2,1.0,1.0,0.0,0.75,0.25,0.5,0.25,0.0,0.75,0.0,0.5,0.75,0.75,0.6666666666666666,0.25,,0.0,0.5,,,,,
corrective reanalysis after test inspection,int8_calibration,posthoc_thresholds,family:square,hard,present_hard,S2,0.7,0.0,family,1,4,4,0,3,1,2,1,0,3,0,2,1.0,1.0,0.0,0.75,0.25,0.5,0.25,0.0,0.75,0.0,0.5,0.75,0.75,0.6666666666666666,0.25,,0.0,0.5,,,,,
corrective reanalysis after test inspection,int8_calibration,posthoc_thresholds,family:tee,all,all,S2,0.7,0.0,family,1,12,6,6,11,4,7,1,0,6,5,4,1.0,0.5,0.5,0.9166666666666666,0.3333333333333333,0.5833333333333333,0.08333333333333333,0.0,0.5,0.41666666666666663,0.3333333333333333,0.9166666666666666,1.0,0.6363636363636364,0.6666666666666666,0.8333333333333333,0.0,0.6666666666666666,,,,,
corrective reanalysis after test inspection,int8_calibration,posthoc_thresholds,family:tee,easy,all,S2,0.7,0.0,family,1,6,3,3,6,2,4,0,0,3,3,2,1.0,0.5,0.5,1.0,0.3333333333333333,0.6666666666666666,0.0,0.0,0.5,0.5,0.3333333333333333,1.0,1.0,0.6666666666666666,0.6666666666666666,1.0,0.0,0.6666666666666666,,,,,
corrective reanalysis after test inspection,int8_calibration,posthoc_thresholds,family:tee,hard,all,S2,0.7,0.0,family,1,6,3,3,5,2,3,1,0,3,2,2,1.0,0.5,0.5,0.8333333333333333,0.3333333333333333,0.5,0.16666666666666666,0.0,0.5,0.3333333333333333,0.3333333333333333,0.8333333333333333,1.0,0.6000000000000001,0.6666666666666666,0.6666666666666666,0.0,0.6666666666666666,,,,,
corrective reanalysis after test inspection,int8_calibration,posthoc_thresholds,family:tee,easy,absent_easy,S2,0.7,0.0,family,1,3,0,3,3,0,3,0,0,0,3,0,1.0,0.0,1.0,1.0,0.0,1.0,0.0,0.0,0.0,1.0,0.0,1.0,,1.0,,1.0,0.0,,,,,,
corrective reanalysis after test inspection,int8_calibration,posthoc_thresholds,family:tee,hard,absent_hard,S2,0.7,0.0,family,1,3,0,3,2,0,2,1,0,0,2,0,1.0,0.0,1.0,0.6666666666666666,0.0,0.6666666666666666,0.3333333333333333,0.0,0.0,0.6666666666666666,0.0,0.6666666666666666,,1.0,,0.6666666666666666,0.0,,,,,,
corrective reanalysis after test inspection,int8_calibration,posthoc_thresholds,family:tee,easy,present_easy,S2,0.7,0.0,family,1,3,3,0,3,2,1,0,0,3,0,2,1.0,1.0,0.0,1.0,0.6666666666666666,0.3333333333333333,0.0,0.0,1.0,0.0,0.6666666666666666,1.0,1.0,0.3333333333333333,0.6666666666666666,,0.0,0.6666666666666666,,,,,
corrective reanalysis after test inspection,int8_calibration,posthoc_thresholds,family:tee,hard,present_hard,S2,0.7,0.0,family,1,3,3,0,3,2,1,0,0,3,0,2,1.0,1.0,0.0,1.0,0.6666666666666666,0.3333333333333333,0.0,0.0,1.0,0.0,0.6666666666666666,1.0,1.0,0.3333333333333333,0.6666666666666666,,0.0,0.6666666666666666,,,,,
corrective reanalysis after test inspection,int8_calibration,posthoc_thresholds,family:trapezoid,all,all,S2,0.7,0.0,family,1,12,6,6,12,4,8,0,0,6,6,4,1.0,0.5,0.5,1.0,0.3333333333333333,0.6666666666666666,0.0,0.0,0.5,0.5,0.3333333333333333,1.0,1.0,0.6666666666666666,0.6666666666666666,1.0,0.0,0.6666666666666666,,,,,
corrective reanalysis after test inspection,int8_calibration,posthoc_thresholds,family:trapezoid,easy,all,S2,0.7,0.0,family,1,6,3,3,6,3,3,0,0,3,3,3,1.0,0.5,0.5,1.0,0.5,0.5,0.0,0.0,0.5,0.5,0.5,1.0,1.0,0.5,1.0,1.0,0.0,1.0,,,,,
corrective reanalysis after test inspection,int8_calibration,posthoc_thresholds,family:trapezoid,hard,all,S2,0.7,0.0,family,1,6,3,3,6,1,5,0,0,3,3,1,1.0,0.5,0.5,1.0,0.16666666666666666,0.8333333333333333,0.0,0.0,0.5,0.5,0.16666666666666666,1.0,1.0,0.8333333333333333,0.3333333333333333,1.0,0.0,0.3333333333333333,,,,,
corrective reanalysis after test inspection,int8_calibration,posthoc_thresholds,family:trapezoid,easy,absent_easy,S2,0.7,0.0,family,1,3,0,3,3,0,3,0,0,0,3,0,1.0,0.0,1.0,1.0,0.0,1.0,0.0,0.0,0.0,1.0,0.0,1.0,,1.0,,1.0,0.0,,,,,,
corrective reanalysis after test inspection,int8_calibration,posthoc_thresholds,family:trapezoid,hard,absent_hard,S2,0.7,0.0,family,1,3,0,3,3,0,3,0,0,0,3,0,1.0,0.0,1.0,1.0,0.0,1.0,0.0,0.0,0.0,1.0,0.0,1.0,,1.0,,1.0,0.0,,,,,,
corrective reanalysis after test inspection,int8_calibration,posthoc_thresholds,family:trapezoid,easy,present_easy,S2,0.7,0.0,family,1,3,3,0,3,3,0,0,0,3,0,3,1.0,1.0,0.0,1.0,1.0,0.0,0.0,0.0,1.0,0.0,1.0,1.0,1.0,0.0,1.0,,0.0,1.0,,,,,
corrective reanalysis after test inspection,int8_calibration,posthoc_thresholds,family:trapezoid,hard,present_hard,S2,0.7,0.0,family,1,3,3,0,3,1,2,0,0,3,0,1,1.0,1.0,0.0,1.0,0.3333333333333333,0.6666666666666666,0.0,0.0,1.0,0.0,0.3333333333333333,1.0,1.0,0.6666666666666666,0.3333333333333333,,0.0,0.3333333333333333,,,,,
corrective reanalysis after test inspection,int8_calibration,posthoc_thresholds,all,all,all,U0,,,family,7,112,56,56,112,29,83,0,0,56,56,29,7.0,3.5,3.5,7.0,1.8916666666666666,5.108333333333333,0.0,0.0,3.5,3.5,1.8916666666666666,1.0,1.0,0.7297619047619047,0.5404761904761904,1.0,0.0,0.5404761904761904,"[0.38095238095238093, 0.6833333333333333]","[0.6583333333333333, 0.8095238095238094]","[1.0, 1.0]","[1.0, 1.0]","[0.38095238095238093, 0.6833333333333333]"
corrective reanalysis after test inspection,int8_calibration,posthoc_thresholds,all,easy,all,U0,,,family,7,56,28,28,56,15,41,0,0,28,28,15,7.0,3.5,3.5,7.0,2.0083333333333333,4.991666666666666,0.0,0.0,3.5,3.5,2.0083333333333333,1.0,1.0,0.713095238095238,0.5738095238095238,1.0,0.0,0.5738095238095238,"[0.38095238095238093, 0.7642857142857142]","[0.6178571428571429, 0.8095238095238094]","[1.0, 1.0]","[1.0, 1.0]","[0.38095238095238093, 0.7642857142857142]"
corrective reanalysis after test inspection,int8_calibration,posthoc_thresholds,all,hard,all,U0,,,family,7,56,28,28,56,14,42,0,0,28,28,14,7.0,3.5,3.5,7.0,1.775,5.225,0.0,0.0,3.5,3.5,1.775,1.0,1.0,0.7464285714285713,0.5071428571428571,1.0,0.0,0.5071428571428571,"[0.34523809523809523, 0.6690476190476191]","[0.6654761904761904, 0.8273809523809523]","[1.0, 1.0]","[1.0, 1.0]","[0.34523809523809523, 0.6690476190476191]"
corrective reanalysis after test inspection,int8_calibration,posthoc_thresholds,all,easy,absent_easy,U0,,,family,7,28,0,28,28,0,28,0,0,0,28,0,7.0,0.0,7.0,7.0,0.0,7.0,0.0,0.0,0.0,7.0,0.0,1.0,,1.0,,1.0,0.0,,"[None, None]","[1.0, 1.0]","[1.0, 1.0]","[None, None]","[None, None]"
corrective reanalysis after test inspection,int8_calibration,posthoc_thresholds,all,hard,absent_hard,U0,,,family,7,28,0,28,28,0,28,0,0,0,28,0,7.0,0.0,7.0,7.0,0.0,7.0,0.0,0.0,0.0,7.0,0.0,1.0,,1.0,,1.0,0.0,,"[None, None]","[1.0, 1.0]","[1.0, 1.0]","[None, None]","[None, None]"
corrective reanalysis after test inspection,int8_calibration,posthoc_thresholds,all,easy,present_easy,U0,,,family,7,28,28,0,28,15,13,0,0,28,0,15,7.0,7.0,0.0,7.0,4.016666666666667,2.9833333333333334,0.0,0.0,7.0,0.0,4.016666666666667,1.0,1.0,0.4261904761904762,0.5738095238095238,,0.0,0.5738095238095238,"[0.38095238095238093, 0.7642857142857142]","[0.2357142857142857, 0.619047619047619]","[None, None]","[1.0, 1.0]","[0.38095238095238093, 0.7642857142857142]"
corrective reanalysis after test inspection,int8_calibration,posthoc_thresholds,all,hard,present_hard,U0,,,family,7,28,28,0,28,14,14,0,0,28,0,14,7.0,7.0,0.0,7.0,3.55,3.4499999999999997,0.0,0.0,7.0,0.0,3.55,1.0,1.0,0.4928571428571428,0.5071428571428571,,0.0,0.5071428571428571,"[0.34523809523809523, 0.6690476190476191]","[0.33095238095238094, 0.6547619047619048]","[None, None]","[1.0, 1.0]","[0.34523809523809523, 0.6690476190476191]"
corrective reanalysis after test inspection,int8_calibration,posthoc_thresholds,exposed,all,all,U0,,,family,3,48,24,24,48,15,33,0,0,24,24,15,3.0,1.5,1.5,3.0,0.9333333333333333,2.066666666666667,0.0,0.0,1.5,1.5,0.9333333333333333,1.0,1.0,0.688888888888889,0.6222222222222222,1.0,0.0,0.6222222222222222,,,,,
corrective reanalysis after test inspection,int8_calibration,posthoc_thresholds,exposed,easy,all,U0,,,family,3,24,12,12,24,8,16,0,0,12,12,8,3.0,1.5,1.5,3.0,1.05,1.95,0.0,0.0,1.5,1.5,1.05,1.0,1.0,0.65,0.7000000000000001,1.0,0.0,0.7000000000000001,,,,,
corrective reanalysis after test inspection,int8_calibration,posthoc_thresholds,exposed,hard,all,U0,,,family,3,24,12,12,24,7,17,0,0,12,12,7,3.0,1.5,1.5,3.0,0.8166666666666667,2.183333333333333,0.0,0.0,1.5,1.5,0.8166666666666667,1.0,1.0,0.7277777777777777,0.5444444444444444,1.0,0.0,0.5444444444444444,,,,,
corrective reanalysis after test inspection,int8_calibration,posthoc_thresholds,exposed,easy,absent_easy,U0,,,family,3,12,0,12,12,0,12,0,0,0,12,0,3.0,0.0,3.0,3.0,0.0,3.0,0.0,0.0,0.0,3.0,0.0,1.0,,1.0,,1.0,0.0,,,,,,
corrective reanalysis after test inspection,int8_calibration,posthoc_thresholds,exposed,hard,absent_hard,U0,,,family,3,12,0,12,12,0,12,0,0,0,12,0,3.0,0.0,3.0,3.0,0.0,3.0,0.0,0.0,0.0,3.0,0.0,1.0,,1.0,,1.0,0.0,,,,,,
corrective reanalysis after test inspection,int8_calibration,posthoc_thresholds,exposed,easy,present_easy,U0,,,family,3,12,12,0,12,8,4,0,0,12,0,8,3.0,3.0,0.0,3.0,2.1,0.9,0.0,0.0,3.0,0.0,2.1,1.0,1.0,0.3,0.7000000000000001,,0.0,0.7000000000000001,,,,,
corrective reanalysis after test inspection,int8_calibration,posthoc_thresholds,exposed,hard,present_hard,U0,,,family,3,12,12,0,12,7,5,0,0,12,0,7,3.0,3.0,0.0,3.0,1.6333333333333333,1.3666666666666667,0.0,0.0,3.0,0.0,1.6333333333333333,1.0,1.0,0.45555555555555555,0.5444444444444444,,0.0,0.5444444444444444,,,,,
corrective reanalysis after test inspection,int8_calibration,posthoc_thresholds,unexposed,all,all,U0,,,family,4,64,32,32,64,14,50,0,0,32,32,14,4.0,2.0,2.0,4.0,0.9583333333333333,3.0416666666666665,0.0,0.0,2.0,2.0,0.9583333333333333,1.0,1.0,0.7604166666666666,0.47916666666666663,1.0,0.0,0.47916666666666663,,,,,
corrective reanalysis after test inspection,int8_calibration,posthoc_thresholds,unexposed,easy,all,U0,,,family,4,32,16,16,32,7,25,0,0,16,16,7,4.0,2.0,2.0,4.0,0.9583333333333333,3.0416666666666665,0.0,0.0,2.0,2.0,0.9583333333333333,1.0,1.0,0.7604166666666666,0.47916666666666663,1.0,0.0,0.47916666666666663,,,,,
corrective reanalysis after test inspection,int8_calibration,posthoc_thresholds,unexposed,hard,all,U0,,,family,4,32,16,16,32,7,25,0,0,16,16,7,4.0,2.0,2.0,4.0,0.9583333333333333,3.0416666666666665,0.0,0.0,2.0,2.0,0.9583333333333333,1.0,1.0,0.7604166666666666,0.47916666666666663,1.0,0.0,0.47916666666666663,,,,,
corrective reanalysis after test inspection,int8_calibration,posthoc_thresholds,unexposed,easy,absent_easy,U0,,,family,4,16,0,16,16,0,16,0,0,0,16,0,4.0,0.0,4.0,4.0,0.0,4.0,0.0,0.0,0.0,4.0,0.0,1.0,,1.0,,1.0,0.0,,,,,,
corrective reanalysis after test inspection,int8_calibration,posthoc_thresholds,unexposed,hard,absent_hard,U0,,,family,4,16,0,16,16,0,16,0,0,0,16,0,4.0,0.0,4.0,4.0,0.0,4.0,0.0,0.0,0.0,4.0,0.0,1.0,,1.0,,1.0,0.0,,,,,,
corrective reanalysis after test inspection,int8_calibration,posthoc_thresholds,unexposed,easy,present_easy,U0,,,family,4,16,16,0,16,7,9,0,0,16,0,7,4.0,4.0,0.0,4.0,1.9166666666666665,2.083333333333333,0.0,0.0,4.0,0.0,1.9166666666666665,1.0,1.0,0.5208333333333333,0.47916666666666663,,0.0,0.47916666666666663,,,,,
corrective reanalysis after test inspection,int8_calibration,posthoc_thresholds,unexposed,hard,present_hard,U0,,,family,4,16,16,0,16,7,9,0,0,16,0,7,4.0,4.0,0.0,4.0,1.9166666666666665,2.083333333333333,0.0,0.0,4.0,0.0,1.9166666666666665,1.0,1.0,0.5208333333333333,0.47916666666666663,,0.0,0.47916666666666663,,,,,
corrective reanalysis after test inspection,int8_calibration,posthoc_thresholds,family:ell,all,all,U0,,,family,1,24,12,12,24,2,22,0,0,12,12,2,1.0,0.5,0.5,1.0,0.08333333333333333,0.9166666666666666,0.0,0.0,0.5,0.5,0.08333333333333333,1.0,1.0,0.9166666666666666,0.16666666666666666,1.0,0.0,0.16666666666666666,,,,,
corrective reanalysis after test inspection,int8_calibration,posthoc_thresholds,family:ell,easy,all,U0,,,family,1,12,6,6,12,1,11,0,0,6,6,1,1.0,0.5,0.5,1.0,0.08333333333333333,0.9166666666666666,0.0,0.0,0.5,0.5,0.08333333333333333,1.0,1.0,0.9166666666666666,0.16666666666666666,1.0,0.0,0.16666666666666666,,,,,
corrective reanalysis after test inspection,int8_calibration,posthoc_thresholds,family:ell,hard,all,U0,,,family,1,12,6,6,12,1,11,0,0,6,6,1,1.0,0.5,0.5,1.0,0.08333333333333333,0.9166666666666666,0.0,0.0,0.5,0.5,0.08333333333333333,1.0,1.0,0.9166666666666666,0.16666666666666666,1.0,0.0,0.16666666666666666,,,,,
corrective reanalysis after test inspection,int8_calibration,posthoc_thresholds,family:ell,easy,absent_easy,U0,,,family,1,6,0,6,6,0,6,0,0,0,6,0,1.0,0.0,1.0,1.0,0.0,1.0,0.0,0.0,0.0,1.0,0.0,1.0,,1.0,,1.0,0.0,,,,,,
corrective reanalysis after test inspection,int8_calibration,posthoc_thresholds,family:ell,hard,absent_hard,U0,,,family,1,6,0,6,6,0,6,0,0,0,6,0,1.0,0.0,1.0,1.0,0.0,1.0,0.0,0.0,0.0,1.0,0.0,1.0,,1.0,,1.0,0.0,,,,,,
corrective reanalysis after test inspection,int8_calibration,posthoc_thresholds,family:ell,easy,present_easy,U0,,,family,1,6,6,0,6,1,5,0,0,6,0,1,1.0,1.0,0.0,1.0,0.16666666666666666,0.8333333333333333,0.0,0.0,1.0,0.0,0.16666666666666666,1.0,1.0,0.8333333333333333,0.16666666666666666,,0.0,0.16666666666666666,,,,,
corrective reanalysis after test inspection,int8_calibration,posthoc_thresholds,family:ell,hard,present_hard,U0,,,family,1,6,6,0,6,1,5,0,0,6,0,1,1.0,1.0,0.0,1.0,0.16666666666666666,0.8333333333333333,0.0,0.0,1.0,0.0,0.16666666666666666,1.0,1.0,0.8333333333333333,0.16666666666666666,,0.0,0.16666666666666666,,,,,
corrective reanalysis after test inspection,int8_calibration,posthoc_thresholds,family:gear,all,all,U0,,,family,1,12,6,6,12,2,10,0,0,6,6,2,1.0,0.5,0.5,1.0,0.16666666666666666,0.8333333333333333,0.0,0.0,0.5,0.5,0.16666666666666666,1.0,1.0,0.8333333333333333,0.3333333333333333,1.0,0.0,0.3333333333333333,,,,,
corrective reanalysis after test inspection,int8_calibration,posthoc_thresholds,family:gear,easy,all,U0,,,family,1,6,3,3,6,1,5,0,0,3,3,1,1.0,0.5,0.5,1.0,0.16666666666666666,0.8333333333333333,0.0,0.0,0.5,0.5,0.16666666666666666,1.0,1.0,0.8333333333333333,0.3333333333333333,1.0,0.0,0.3333333333333333,,,,,
corrective reanalysis after test inspection,int8_calibration,posthoc_thresholds,family:gear,hard,all,U0,,,family,1,6,3,3,6,1,5,0,0,3,3,1,1.0,0.5,0.5,1.0,0.16666666666666666,0.8333333333333333,0.0,0.0,0.5,0.5,0.16666666666666666,1.0,1.0,0.8333333333333333,0.3333333333333333,1.0,0.0,0.3333333333333333,,,,,
corrective reanalysis after test inspection,int8_calibration,posthoc_thresholds,family:gear,easy,absent_easy,U0,,,family,1,3,0,3,3,0,3,0,0,0,3,0,1.0,0.0,1.0,1.0,0.0,1.0,0.0,0.0,0.0,1.0,0.0,1.0,,1.0,,1.0,0.0,,,,,,
corrective reanalysis after test inspection,int8_calibration,posthoc_thresholds,family:gear,hard,absent_hard,U0,,,family,1,3,0,3,3,0,3,0,0,0,3,0,1.0,0.0,1.0,1.0,0.0,1.0,0.0,0.0,0.0,1.0,0.0,1.0,,1.0,,1.0,0.0,,,,,,
corrective reanalysis after test inspection,int8_calibration,posthoc_thresholds,family:gear,easy,present_easy,U0,,,family,1,3,3,0,3,1,2,0,0,3,0,1,1.0,1.0,0.0,1.0,0.3333333333333333,0.6666666666666666,0.0,0.0,1.0,0.0,0.3333333333333333,1.0,1.0,0.6666666666666666,0.3333333333333333,,0.0,0.3333333333333333,,,,,
corrective reanalysis after test inspection,int8_calibration,posthoc_thresholds,family:gear,hard,present_hard,U0,,,family,1,3,3,0,3,1,2,0,0,3,0,1,1.0,1.0,0.0,1.0,0.3333333333333333,0.6666666666666666,0.0,0.0,1.0,0.0,0.3333333333333333,1.0,1.0,0.6666666666666666,0.3333333333333333,,0.0,0.3333333333333333,,,,,
corrective reanalysis after test inspection,int8_calibration,posthoc_thresholds,family:notched,all,all,U0,,,family,1,16,8,8,16,6,10,0,0,8,8,6,1.0,0.5,0.5,1.0,0.375,0.625,0.0,0.0,0.5,0.5,0.375,1.0,1.0,0.625,0.75,1.0,0.0,0.75,,,,,
corrective reanalysis after test inspection,int8_calibration,posthoc_thresholds,family:notched,easy,all,U0,,,family,1,8,4,4,8,3,5,0,0,4,4,3,1.0,0.5,0.5,1.0,0.375,0.625,0.0,0.0,0.5,0.5,0.375,1.0,1.0,0.625,0.75,1.0,0.0,0.75,,,,,
corrective reanalysis after test inspection,int8_calibration,posthoc_thresholds,family:notched,hard,all,U0,,,family,1,8,4,4,8,3,5,0,0,4,4,3,1.0,0.5,0.5,1.0,0.375,0.625,0.0,0.0,0.5,0.5,0.375,1.0,1.0,0.625,0.75,1.0,0.0,0.75,,,,,
corrective reanalysis after test inspection,int8_calibration,posthoc_thresholds,family:notched,easy,absent_easy,U0,,,family,1,4,0,4,4,0,4,0,0,0,4,0,1.0,0.0,1.0,1.0,0.0,1.0,0.0,0.0,0.0,1.0,0.0,1.0,,1.0,,1.0,0.0,,,,,,
corrective reanalysis after test inspection,int8_calibration,posthoc_thresholds,family:notched,hard,absent_hard,U0,,,family,1,4,0,4,4,0,4,0,0,0,4,0,1.0,0.0,1.0,1.0,0.0,1.0,0.0,0.0,0.0,1.0,0.0,1.0,,1.0,,1.0,0.0,,,,,,
corrective reanalysis after test inspection,int8_calibration,posthoc_thresholds,family:notched,easy,present_easy,U0,,,family,1,4,4,0,4,3,1,0,0,4,0,3,1.0,1.0,0.0,1.0,0.75,0.25,0.0,0.0,1.0,0.0,0.75,1.0,1.0,0.25,0.75,,0.0,0.75,,,,,
corrective reanalysis after test inspection,int8_calibration,posthoc_thresholds,family:notched,hard,present_hard,U0,,,family,1,4,4,0,4,3,1,0,0,4,0,3,1.0,1.0,0.0,1.0,0.75,0.25,0.0,0.0,1.0,0.0,0.75,1.0,1.0,0.25,0.75,,0.0,0.75,,,,,
corrective reanalysis after test inspection,int8_calibration,posthoc_thresholds,family:rect,all,all,U0,,,family,1,20,10,10,20,7,13,0,0,10,10,7,1.0,0.5,0.5,1.0,0.35000000000000003,0.65,0.0,0.0,0.5,0.5,0.35000000000000003,1.0,1.0,0.65,0.7000000000000001,1.0,0.0,0.7000000000000001,,,,,
corrective reanalysis after test inspection,int8_calibration,posthoc_thresholds,family:rect,easy,all,U0,,,family,1,10,5,5,10,3,7,0,0,5,5,3,1.0,0.5,0.5,1.0,0.30000000000000004,0.7000000000000001,0.0,0.0,0.5,0.5,0.30000000000000004,1.0,1.0,0.7000000000000001,0.6000000000000001,1.0,0.0,0.6000000000000001,,,,,
corrective reanalysis after test inspection,int8_calibration,posthoc_thresholds,family:rect,hard,all,U0,,,family,1,10,5,5,10,4,6,0,0,5,5,4,1.0,0.5,0.5,1.0,0.4,0.6000000000000001,0.0,0.0,0.5,0.5,0.4,1.0,1.0,0.6000000000000001,0.8,1.0,0.0,0.8,,,,,
corrective reanalysis after test inspection,int8_calibration,posthoc_thresholds,family:rect,easy,absent_easy,U0,,,family,1,5,0,5,5,0,5,0,0,0,5,0,1.0,0.0,1.0,1.0,0.0,1.0,0.0,0.0,0.0,1.0,0.0,1.0,,1.0,,1.0,0.0,,,,,,
corrective reanalysis after test inspection,int8_calibration,posthoc_thresholds,family:rect,hard,absent_hard,U0,,,family,1,5,0,5,5,0,5,0,0,0,5,0,1.0,0.0,1.0,1.0,0.0,1.0,0.0,0.0,0.0,1.0,0.0,1.0,,1.0,,1.0,0.0,,,,,,
corrective reanalysis after test inspection,int8_calibration,posthoc_thresholds,family:rect,easy,present_easy,U0,,,family,1,5,5,0,5,3,2,0,0,5,0,3,1.0,1.0,0.0,1.0,0.6000000000000001,0.4,0.0,0.0,1.0,0.0,0.6000000000000001,1.0,1.0,0.4,0.6000000000000001,,0.0,0.6000000000000001,,,,,
corrective reanalysis after test inspection,int8_calibration,posthoc_thresholds,family:rect,hard,present_hard,U0,,,family,1,5,5,0,5,4,1,0,0,5,0,4,1.0,1.0,0.0,1.0,0.8,0.2,0.0,0.0,1.0,0.0,0.8,1.0,1.0,0.2,0.8,,0.0,0.8,,,,,
corrective reanalysis after test inspection,int8_calibration,posthoc_thresholds,family:square,all,all,U0,,,family,1,16,8,8,16,4,12,0,0,8,8,4,1.0,0.5,0.5,1.0,0.25,0.75,0.0,0.0,0.5,0.5,0.25,1.0,1.0,0.75,0.5,1.0,0.0,0.5,,,,,
corrective reanalysis after test inspection,int8_calibration,posthoc_thresholds,family:square,easy,all,U0,,,family,1,8,4,4,8,2,6,0,0,4,4,2,1.0,0.5,0.5,1.0,0.25,0.75,0.0,0.0,0.5,0.5,0.25,1.0,1.0,0.75,0.5,1.0,0.0,0.5,,,,,
corrective reanalysis after test inspection,int8_calibration,posthoc_thresholds,family:square,hard,all,U0,,,family,1,8,4,4,8,2,6,0,0,4,4,2,1.0,0.5,0.5,1.0,0.25,0.75,0.0,0.0,0.5,0.5,0.25,1.0,1.0,0.75,0.5,1.0,0.0,0.5,,,,,
corrective reanalysis after test inspection,int8_calibration,posthoc_thresholds,family:square,easy,absent_easy,U0,,,family,1,4,0,4,4,0,4,0,0,0,4,0,1.0,0.0,1.0,1.0,0.0,1.0,0.0,0.0,0.0,1.0,0.0,1.0,,1.0,,1.0,0.0,,,,,,
corrective reanalysis after test inspection,int8_calibration,posthoc_thresholds,family:square,hard,absent_hard,U0,,,family,1,4,0,4,4,0,4,0,0,0,4,0,1.0,0.0,1.0,1.0,0.0,1.0,0.0,0.0,0.0,1.0,0.0,1.0,,1.0,,1.0,0.0,,,,,,
corrective reanalysis after test inspection,int8_calibration,posthoc_thresholds,family:square,easy,present_easy,U0,,,family,1,4,4,0,4,2,2,0,0,4,0,2,1.0,1.0,0.0,1.0,0.5,0.5,0.0,0.0,1.0,0.0,0.5,1.0,1.0,0.5,0.5,,0.0,0.5,,,,,
corrective reanalysis after test inspection,int8_calibration,posthoc_thresholds,family:square,hard,present_hard,U0,,,family,1,4,4,0,4,2,2,0,0,4,0,2,1.0,1.0,0.0,1.0,0.5,0.5,0.0,0.0,1.0,0.0,0.5,1.0,1.0,0.5,0.5,,0.0,0.5,,,,,
corrective reanalysis after test inspection,int8_calibration,posthoc_thresholds,family:tee,all,all,U0,,,family,1,12,6,6,12,4,8,0,0,6,6,4,1.0,0.5,0.5,1.0,0.3333333333333333,0.6666666666666666,0.0,0.0,0.5,0.5,0.3333333333333333,1.0,1.0,0.6666666666666666,0.6666666666666666,1.0,0.0,0.6666666666666666,,,,,
corrective reanalysis after test inspection,int8_calibration,posthoc_thresholds,family:tee,easy,all,U0,,,family,1,6,3,3,6,2,4,0,0,3,3,2,1.0,0.5,0.5,1.0,0.3333333333333333,0.6666666666666666,0.0,0.0,0.5,0.5,0.3333333333333333,1.0,1.0,0.6666666666666666,0.6666666666666666,1.0,0.0,0.6666666666666666,,,,,
corrective reanalysis after test inspection,int8_calibration,posthoc_thresholds,family:tee,hard,all,U0,,,family,1,6,3,3,6,2,4,0,0,3,3,2,1.0,0.5,0.5,1.0,0.3333333333333333,0.6666666666666666,0.0,0.0,0.5,0.5,0.3333333333333333,1.0,1.0,0.6666666666666666,0.6666666666666666,1.0,0.0,0.6666666666666666,,,,,
corrective reanalysis after test inspection,int8_calibration,posthoc_thresholds,family:tee,easy,absent_easy,U0,,,family,1,3,0,3,3,0,3,0,0,0,3,0,1.0,0.0,1.0,1.0,0.0,1.0,0.0,0.0,0.0,1.0,0.0,1.0,,1.0,,1.0,0.0,,,,,,
corrective reanalysis after test inspection,int8_calibration,posthoc_thresholds,family:tee,hard,absent_hard,U0,,,family,1,3,0,3,3,0,3,0,0,0,3,0,1.0,0.0,1.0,1.0,0.0,1.0,0.0,0.0,0.0,1.0,0.0,1.0,,1.0,,1.0,0.0,,,,,,
corrective reanalysis after test inspection,int8_calibration,posthoc_thresholds,family:tee,easy,present_easy,U0,,,family,1,3,3,0,3,2,1,0,0,3,0,2,1.0,1.0,0.0,1.0,0.6666666666666666,0.3333333333333333,0.0,0.0,1.0,0.0,0.6666666666666666,1.0,1.0,0.3333333333333333,0.6666666666666666,,0.0,0.6666666666666666,,,,,
corrective reanalysis after test inspection,int8_calibration,posthoc_thresholds,family:tee,hard,present_hard,U0,,,family,1,3,3,0,3,2,1,0,0,3,0,2,1.0,1.0,0.0,1.0,0.6666666666666666,0.3333333333333333,0.0,0.0,1.0,0.0,0.6666666666666666,1.0,1.0,0.3333333333333333,0.6666666666666666,,0.0,0.6666666666666666,,,,,
corrective reanalysis after test inspection,int8_calibration,posthoc_thresholds,family:trapezoid,all,all,U0,,,family,1,12,6,6,12,4,8,0,0,6,6,4,1.0,0.5,0.5,1.0,0.3333333333333333,0.6666666666666666,0.0,0.0,0.5,0.5,0.3333333333333333,1.0,1.0,0.6666666666666666,0.6666666666666666,1.0,0.0,0.6666666666666666,,,,,
corrective reanalysis after test inspection,int8_calibration,posthoc_thresholds,family:trapezoid,easy,all,U0,,,family,1,6,3,3,6,3,3,0,0,3,3,3,1.0,0.5,0.5,1.0,0.5,0.5,0.0,0.0,0.5,0.5,0.5,1.0,1.0,0.5,1.0,1.0,0.0,1.0,,,,,
corrective reanalysis after test inspection,int8_calibration,posthoc_thresholds,family:trapezoid,hard,all,U0,,,family,1,6,3,3,6,1,5,0,0,3,3,1,1.0,0.5,0.5,1.0,0.16666666666666666,0.8333333333333333,0.0,0.0,0.5,0.5,0.16666666666666666,1.0,1.0,0.8333333333333333,0.3333333333333333,1.0,0.0,0.3333333333333333,,,,,
corrective reanalysis after test inspection,int8_calibration,posthoc_thresholds,family:trapezoid,easy,absent_easy,U0,,,family,1,3,0,3,3,0,3,0,0,0,3,0,1.0,0.0,1.0,1.0,0.0,1.0,0.0,0.0,0.0,1.0,0.0,1.0,,1.0,,1.0,0.0,,,,,,
corrective reanalysis after test inspection,int8_calibration,posthoc_thresholds,family:trapezoid,hard,absent_hard,U0,,,family,1,3,0,3,3,0,3,0,0,0,3,0,1.0,0.0,1.0,1.0,0.0,1.0,0.0,0.0,0.0,1.0,0.0,1.0,,1.0,,1.0,0.0,,,,,,
corrective reanalysis after test inspection,int8_calibration,posthoc_thresholds,family:trapezoid,easy,present_easy,U0,,,family,1,3,3,0,3,3,0,0,0,3,0,3,1.0,1.0,0.0,1.0,1.0,0.0,0.0,0.0,1.0,0.0,1.0,1.0,1.0,0.0,1.0,,0.0,1.0,,,,,
corrective reanalysis after test inspection,int8_calibration,posthoc_thresholds,family:trapezoid,hard,present_hard,U0,,,family,1,3,3,0,3,1,2,0,0,3,0,1,1.0,1.0,0.0,1.0,0.3333333333333333,0.6666666666666666,0.0,0.0,1.0,0.0,0.3333333333333333,1.0,1.0,0.6666666666666666,0.3333333333333333,,0.0,0.3333333333333333,,,,,
