quant,grouping,prompt,chat,category,peg_id,socket,label,margin_mm,images_sha,p_yes,mass_yes,mass_no,answer,top_token,top_prob,n_input_tokens,latency_s,prep_s,peak_vram_gb
nf4,nested,controlled,qwen_1_5,nominal,ellipse_01,ellipse_01,compatible,0.29981020754907156,75e27003ed8ae93a,0.7819968818194164,0.7811166048049927,0.2177577167749405,yes,yes,0.7215707302093506,3080,1.3032504000002518,0.0268512999991799,6.132611274719238
nf4,nested,controlled,qwen_1_5,nominal,ellipse_02,ellipse_02,compatible,0.299813919484128,9f9a8d122211e70c,0.7740000721770002,0.7730866074562073,0.2257332056760788,yes,yes,0.7158117294311523,3080,1.233581200000117,0.03112449999935052,6.132611274719238
nf4,nested,controlled,qwen_1_5,nominal,ellipse_03,ellipse_03,compatible,0.29979681734150887,a7af3e4f5acd5368,0.7850525597941256,0.7842072248458862,0.21471598744392395,yes,yes,0.7317258715629578,3080,1.2408271000003879,0.03226569999969797,6.132611274719238
nf4,nested,controlled,qwen_1_5,nominal,dshape_01,dshape_01,compatible,0.2922746466650832,b78de3844478c00a,0.7512837703742515,0.7501839399337769,0.24835212528705597,yes,yes,0.6664223074913025,3080,1.2813287999997556,0.027806199999758974,6.132611274719238
nf4,nested,controlled,qwen_1_5,nominal,dshape_02,dshape_02,compatible,0.2829689679359062,cc9e97894a81d97d,0.7676503555215626,0.7664583325386047,0.2319888472557068,yes,yes,0.6600137948989868,3080,1.271398599999884,0.028399000000717933,6.132611274719238
nf4,nested,controlled,qwen_1_5,nominal,dshape_03,dshape_03,compatible,0.2743944415034985,82cedf3b15fd7f3f,0.7649844290174055,0.7637611627578735,0.23463976383209229,yes,yes,0.6590905785560608,3080,1.300052799999321,0.02557619999970484,6.132611274719238
nf4,nested,controlled,qwen_1_5,nominal,dshape_04,dshape_04,compatible,0.28653652858701567,891cb7eca466fdb3,0.7479973482746457,0.7468108534812927,0.2516029179096222,yes,yes,0.6299326419830322,3080,1.272272599999269,0.023170500000560423,6.132611274719238
nf4,nested,controlled,qwen_1_5,nominal,cross_01,cross_01,compatible,0.2999096456088586,591efcaba9f53131,0.7503877306296304,0.7487608790397644,0.24907110631465912,yes,yes,0.49528855085372925,3080,1.2597644999987097,0.027122899999085348,6.132611274719238
nf4,nested,controlled,qwen_1_5,nominal,cross_02,cross_02,compatible,0.29990964560885724,15a4d556975d5c0a,0.7511818573275035,0.749589741230011,0.2482907772064209,yes,yes,0.5087525248527527,3080,1.2263668999985384,0.02835879999838653,6.132611274719238
nf4,nested,controlled,qwen_1_5,nominal,cross_03,cross_03,compatible,0.2999096456088604,f956214ddb54ba0c,0.7533390175128951,0.7518272399902344,0.24616599082946777,yes,yes,0.5650207996368408,3080,1.3082034999988537,0.028146999999080435,6.132611274719238
nf4,nested,controlled,qwen_1_5,nominal,cross_04,cross_04,compatible,0.2999096456088599,1f9b43b475da84b7,0.7469543866812169,0.7454243898391724,0.25252729654312134,yes,yes,0.564505934715271,3080,1.267224900000656,0.025824500000453554,6.132611274719238
nf4,nested,controlled,qwen_1_5,nominal,tube_01,tube_01,compatible,0.29990964560885974,a43db81b2e363361,0.7998376491080061,0.798957884311676,0.1999421864748001,yes,yes,0.7423114776611328,3080,1.3017874999986816,0.024144699998942087,6.132611274719238
nf4,nested,controlled,qwen_1_5,nominal,tube_02,tube_02,compatible,0.2999096456088599,4d7dabf0a91e236c,0.8034441114850545,0.802618145942688,0.19635382294654846,yes,yes,0.7555338740348816,3080,1.2476423000007344,0.026034900000013295,6.132611274719238
nf4,nested,controlled,qwen_1_5,nominal,tube_03,tube_03,compatible,0.2999096456088598,20d45a2de9de9aab,0.8111073033726469,0.8102619051933289,0.18869581818580627,yes,yes,0.7448991537094116,3080,1.2437517999987904,0.030994699998700526,6.132611274719238
nf4,nested,controlled,qwen_1_5,rotated,ellipse_01,ellipse_01_rot90,compatible,0.29981020754907156,93979c440c6e4314,0.7583370748669386,0.7573603391647339,0.2413516640663147,yes,yes,0.6848631501197815,3080,1.273542400000224,0.029002700001001358,6.132611274719238
nf4,nested,controlled,qwen_1_5,rotated,ellipse_02,ellipse_02_rot90,compatible,0.299813919484128,8a4618f7e21d67d1,0.7429744755204586,0.7420250773429871,0.2566970884799957,yes,yes,0.6854621171951294,3080,1.3126170999985334,0.02515039999889268,6.132611274719238
nf4,nested,controlled,qwen_1_5,rotated,ellipse_03,ellipse_03_rot90,compatible,0.29979681734150887,ce4b6011e4b2b3a2,0.761986143547519,0.7609628438949585,0.23769421875476837,yes,yes,0.6712091565132141,3080,1.2889011999996,0.02662129999953322,6.132611274719238
nf4,nested,controlled,qwen_1_5,rotated,dshape_01,dshape_01_rot90,compatible,0.2922746466650832,12723ddda28cfaa6,0.7527090254629278,0.7516403198242188,0.24693986773490906,yes,yes,0.6765573024749756,3080,1.2781938000007358,0.029429900001559872,6.132611274719238
nf4,nested,controlled,qwen_1_5,rotated,dshape_02,dshape_02_rot90,compatible,0.2829689679359062,fe28a83a456eab4e,0.7667071877718704,0.7655158638954163,0.23293031752109528,yes,yes,0.6633884310722351,3080,1.2984596000005695,0.028032800000801217,6.132611274719238
nf4,nested,controlled,qwen_1_5,rotated,dshape_03,dshape_03_rot90,compatible,0.2743944415034985,c889c3af12753d89,0.7523189025365945,0.7510285377502441,0.24725627899169922,yes,yes,0.6119229197502136,3080,1.2633755000006204,0.027014100000087637,6.132611274719238
nf4,nested,controlled,qwen_1_5,rotated,dshape_04,dshape_04_rot90,compatible,0.28653652858701567,602049c59e292069,0.7557533692265739,0.7544916868209839,0.24383887648582458,yes,yes,0.6129720211029053,3080,1.2507447999996657,0.02587659999880998,6.132611274719238
nf4,nested,controlled,qwen_1_5,rotated,cross_04,cross_04_rot90,compatible,0.2999096456088599,8715cb01d1f51794,0.7471424469073515,0.7456185221672058,0.2523418068885803,yes,yes,0.5667937994003296,3080,1.2916229000002204,0.029223300000012387,6.132611274719238
nf4,nested,controlled,qwen_1_5,clear_neg,ellipse_01,dshape_03,incompatible,-2.0,767343f100d48dec,0.7682863173099203,0.7673536539077759,0.23143239319324493,yes,yes,0.70713871717453,3080,1.31179610000072,0.028279800000746036,6.132611274719238
nf4,nested,controlled,qwen_1_5,clear_neg,ellipse_02,tube_03,incompatible,-2.0,1291cd55fcabf96f,0.7772963459425644,0.7764406800270081,0.22245849668979645,yes,yes,0.7252420783042908,3080,1.3169345000005706,0.03920110000035493,6.132611274719238
nf4,nested,controlled,qwen_1_5,clear_neg,ellipse_03,tube_01,incompatible,-2.0,942fa757b26c2755,0.7867181241307244,0.7858436107635498,0.21304479241371155,yes,yes,0.7250964045524597,3080,1.2774398000001383,0.02416619999894465,6.132611274719238
nf4,nested,controlled,qwen_1_5,clear_neg,dshape_01,tube_02,incompatible,-2.0,27597f7f0615bc81,0.7767673040350419,0.7758411169052124,0.2229665219783783,yes,yes,0.7191953659057617,3080,1.303805100000318,0.028125800001362222,6.132611274719238
nf4,nested,controlled,qwen_1_5,clear_neg,dshape_02,tube_03,incompatible,-2.0,359e1562489e9ce3,0.7787238602480432,0.7777199149131775,0.2209908664226532,yes,yes,0.693295955657959,3080,1.242369300000064,0.0260405000008177,6.132611274719238
nf4,nested,controlled,qwen_1_5,clear_neg,dshape_03,tube_01,incompatible,-2.0,557a696d832a2c67,0.7647794301261943,0.7637218832969666,0.23489530384540558,yes,yes,0.6784696578979492,3080,1.2078998000015417,0.02686090000133845,6.132611274719238
nf4,nested,controlled,qwen_1_5,clear_neg,dshape_04,tube_01,incompatible,-2.0,34f9501a77f01d1f,0.7636124869116729,0.7625320553779602,0.23605304956436157,yes,yes,0.6688010096549988,3080,1.2610093999992387,0.025367799999003182,6.132611274719238
nf4,nested,controlled,qwen_1_5,clear_neg,cross_01,tube_03,incompatible,-2.0,5e65821fc1494b07,0.7620341514635018,0.7609688639640808,0.23763318359851837,yes,yes,0.6661730408668518,3080,1.270566899998812,0.024824899999657646,6.132611274719238
nf4,nested,controlled,qwen_1_5,clear_neg,cross_02,ellipse_01,incompatible,-2.0,5e2692dab5b1beb8,0.7409807378625798,0.7397058010101318,0.25857359170913696,yes,yes,0.6160673499107361,3080,1.3112416000003577,0.02820869999959541,6.132611274719238
nf4,nested,controlled,qwen_1_5,clear_neg,cross_03,tube_01,incompatible,-2.0,41b7576f78d5720f,0.7535926625414264,0.7524924278259277,0.24604758620262146,yes,yes,0.6741105914115906,3080,1.2422568000001775,0.0271245000003546,6.132611274719238
nf4,nested,controlled,qwen_1_5,clear_neg,cross_04,dshape_03,incompatible,-2.0,ade8041ee1c632c9,0.7166112888270241,0.7153173089027405,0.28287699818611145,yes,yes,0.6003252863883972,3080,1.2615135000014561,0.03169310000157566,6.132611274719238
nf4,nested,controlled,qwen_1_5,clear_neg,tube_01,cross_01,incompatible,-2.0,688144c3df251c3c,0.7685293977394155,0.7672920227050781,0.23109792172908783,yes,yes,0.6322871446609497,3080,1.2234943999992538,0.03020250000008673,6.132611274719238
nf4,nested,controlled,qwen_1_5,clear_neg,tube_02,cross_01,incompatible,-2.0,9dfc926ceb6e2d66,0.7664474252694209,0.7652783989906311,0.23319634795188904,yes,yes,0.6531684994697571,3080,1.2603003999993234,0.026732399999673362,6.132611274719238
nf4,nested,controlled,qwen_1_5,clear_neg,tube_03,cross_04,incompatible,-2.0,1c0b91fe3b72e9d5,0.782105423031287,0.7809946537017822,0.21758511662483215,yes,yes,0.6345542073249817,3080,1.3050239000003785,0.026970400000209338,6.132611274719238
nf4,nested,controlled,qwen_1_5,hard_neg,cross_03,cross_04,incompatible,-0.7001953125,528023385247be33,0.7495112821871277,0.7479904890060425,0.24998046457767487,yes,yes,0.5621268153190613,3080,1.2742933000008634,0.028879800000140676,6.132611274719238
nf4,nested,controlled,qwen_1_5,hard_neg,cross_04,cross_01,incompatible,-0.2001953125,83f43c863c9d4514,0.7426120745634224,0.7409827709197998,0.25682321190834045,yes,yes,0.5250035524368286,3080,1.2710176000000502,0.03300189999936265,6.132611274719238
nf4,nested,controlled,qwen_1_5,hard_neg,tube_01,tube_03,incompatible,-1.7001953125,37bfe00eeed5cef5,0.8072820876208079,0.8064379096031189,0.19251638650894165,yes,yes,0.7500939965248108,3080,1.2506778999995731,0.03033559999857971,6.132611274719238
nf4,nested,controlled,qwen_1_5,hard_neg,cross_02,cross_03,incompatible,-1.9365234375,21f9bf4a8017c21c,0.7558704501316476,0.7543715238571167,0.24364542961120605,yes,yes,0.5511306524276733,3080,1.3184827000004589,0.024846599999364116,6.132611274719238
nf4,nested,controlled,qwen_1_5,hard_neg,dshape_01,dshape_03,incompatible,-1.912109375,2a747b3bf4ac9c31,0.7670413550269577,0.7659947276115417,0.23264077305793762,yes,yes,0.6956654787063599,3080,1.2904333999995288,0.02372020000075281,6.132611274719238
nf4,nested,controlled,qwen_1_5,hard_neg,tube_03,tube_01,incompatible,-1.7001953125,6f170d550ae9e4c6,0.8038828798573571,0.8030127286911011,0.19590483605861664,yes,yes,0.7391465306282043,3080,1.3077907000006235,0.025325200000224868,6.132611274719238
nf4,nested,controlled,qwen_1_5,hard_neg,ellipse_01,ellipse_02,incompatible,-0.7001953125,42d5d883f8ee78f5,0.7787986239589632,0.7778797745704651,0.22094039618968964,yes,yes,0.7141621112823486,3080,1.2641433000007964,0.02345950000017183,6.132611274719238
nf4,nested,controlled,qwen_1_5,hard_neg,dshape_02,dshape_03,incompatible,-0.7529296875,43758b88d5a7133d,0.7719734134484321,0.7708046436309814,0.22768135368824005,yes,yes,0.6760303974151611,3080,1.3086509999993723,0.025160900000628317,6.132611274719238
nf4,nested,controlled,qwen_1_5,hard_neg,tube_01,tube_02,incompatible,-1.2001953125,467bff81ce223648,0.810241744179067,0.8094158172607422,0.18956482410430908,yes,yes,0.7590730786323547,3080,1.2689461999998457,0.024420399999144138,6.132611274719238
nf4,nested,controlled,qwen_1_5,hard_neg,tube_03,tube_02,incompatible,-1.7001953125,ca55c55562845bd5,0.8140568191896826,0.8132328987121582,0.18575498461723328,yes,yes,0.7530485987663269,3080,1.4056868999996368,0.025521499999740627,6.132611274719238
nf4,nested,controlled,qwen_1_5,hard_neg,cross_04,cross_03,incompatible,-1.7001953125,231be3df731d5990,0.7524298381023717,0.750912070274353,0.247070774435997,yes,yes,0.5643367767333984,3080,1.4289264000017283,0.02989490000072692,6.132611274719238
nf4,nested,controlled,qwen_1_5,hard_neg,cross_02,cross_01,incompatible,-1.2001953125,f8891c97a35b0f7e,0.7483189782505869,0.7467007040977478,0.25113674998283386,yes,yes,0.5266342759132385,3080,1.4814830000013899,0.03409079999983078,6.132611274719238
nf4,nested,controlled,qwen_1_5,shrunk,cross_03,cross_03_c-0.3,incompatible,-0.4248046875,edc60efc09614fae,0.7472955655397712,0.7457658052444458,0.2521871328353882,yes,yes,0.5355467796325684,3080,1.3725455000003421,0.03701799999907962,6.132611274719238
nf4,nested,controlled,qwen_1_5,shrunk,cross_03,cross_03_c-1.0,incompatible,-1.4150390625,78029a92a641417a,0.7537403930438991,0.7522884607315063,0.24578523635864258,yes,yes,0.5802837014198303,3080,1.4794172999991133,0.034045599999444676,6.132611274719238
nf4,nested,controlled,qwen_1_5,shrunk,dshape_03,dshape_03_c-0.3,incompatible,-0.3623046875,d75e5f835a71d93c,0.7629081122321726,0.7616738080978394,0.23670829832553864,yes,yes,0.6470758318901062,3080,1.4441062000005331,0.035850400001436356,6.132611274719238
nf4,nested,controlled,qwen_1_5,shrunk,dshape_03,dshape_03_c-1.0,incompatible,-1.220703125,d77fbd5ac89b46a3,0.761502138682841,0.7602522373199463,0.2381063997745514,yes,yes,0.6380792260169983,3080,1.4327986000007513,0.03528120000009949,6.132611274719238
nf4,nested,controlled,qwen_1_5,shrunk,cross_01,cross_01_c-0.3,incompatible,-0.4248046875,dc0ae0b3685a642e,0.7441954167776105,0.74266517162323,0.2552785873413086,yes,yes,0.41153421998023987,3080,1.4316177000000607,0.037164299999858486,6.132611274719238
nf4,nested,controlled,qwen_1_5,shrunk,cross_01,cross_01_c-1.0,incompatible,-1.4150390625,ae727051aebcf0bd,0.7412965639030994,0.7398024797439575,0.25818201899528503,yes,yes,0.42133763432502747,3080,1.4362956999993912,0.03565409999828262,6.132611274719238
nf4,nested,controlled,qwen_1_5,shrunk,tube_02,tube_02_c-0.3,incompatible,-0.30078125,5aa3322bcf3febfd,0.8191228655063039,0.818311870098114,0.18069805204868317,yes,yes,0.7643651366233826,3080,1.4282609000001685,0.038545500001418986,6.132611274719238
nf4,nested,controlled,qwen_1_5,shrunk,tube_02,tube_02_c-1.0,incompatible,-1.0009765625,4b1a4cd0eb4c8462,0.8089402580322305,0.8080933094024658,0.19085970520973206,yes,yes,0.7465156316757202,3080,1.424544400000741,0.032676599999831524,6.132611274719238
nf4,flat,paper,qwen_1_5,nominal,ellipse_01,ellipse_01,compatible,0.29981020754907156,75e27003ed8ae93a,0.6319261376387567,0.6308079361915588,0.36742255091667175,yes,Yes,0.5370770692825317,14894,7.702555300000313,0.13608820000081323,7.777138710021973
nf4,flat,paper,qwen_1_5,nominal,ellipse_02,ellipse_02,compatible,0.299813919484128,9f9a8d122211e70c,0.6049009452797588,0.6038362979888916,0.3944036662578583,yes,Yes,0.5232300758361816,14894,7.821525299999848,0.16809789999933855,7.777138710021973
nf4,flat,paper,qwen_1_5,nominal,ellipse_03,ellipse_03,compatible,0.29979681734150887,a7af3e4f5acd5368,0.6098051187908688,0.6087104678153992,0.3894944489002228,yes,Yes,0.5133373737335205,14894,7.649613499999759,0.125010800000382,7.777138710021973
nf4,flat,paper,qwen_1_5,nominal,dshape_01,dshape_01,compatible,0.2922746466650832,b78de3844478c00a,0.5651822261643403,0.5642707943916321,0.43411657214164734,yes,Yes,0.5145580172538757,14894,7.727162600000156,0.13900260000082199,7.777138710021973
nf4,flat,paper,qwen_1_5,nominal,dshape_02,dshape_02,compatible,0.2829689679359062,cc9e97894a81d97d,0.6152386732581135,0.6141846179962158,0.38410213589668274,yes,Yes,0.5375607013702393,14894,7.802925199999663,0.14445049999994808,7.777138710021973
nf4,flat,paper,qwen_1_5,nominal,dshape_03,dshape_03,compatible,0.2743944415034985,82cedf3b15fd7f3f,0.6247125031753381,0.6237059831619263,0.37468284368515015,yes,Yes,0.5549753904342651,14894,6.858824499999173,0.134260799999538,7.777138710021973
nf4,flat,paper,qwen_1_5,nominal,dshape_04,dshape_04,compatible,0.28653652858701567,891cb7eca466fdb3,0.5773408731001767,0.5764114856719971,0.42197874188423157,yes,Yes,0.524176299571991,14894,7.0838067999993655,0.1132594999999128,7.777138710021973
nf4,flat,paper,qwen_1_5,nominal,cross_01,cross_01,compatible,0.2999096456088586,591efcaba9f53131,0.6320760182798865,0.6310793161392212,0.36734381318092346,yes,Yes,0.575523853302002,14894,7.824752399999852,0.14246280000043043,7.777138710021973
nf4,flat,paper,qwen_1_5,nominal,cross_02,cross_02,compatible,0.29990964560885724,15a4d556975d5c0a,0.6169191377548154,0.6159658432006836,0.3824889063835144,yes,Yes,0.5654546022415161,14894,7.3855304999997315,0.12672790000033274,7.777138710021973
nf4,flat,paper,qwen_1_5,nominal,cross_03,cross_03,compatible,0.2999096456088604,f956214ddb54ba0c,0.6116445983728142,0.6106128692626953,0.38770031929016113,yes,Yes,0.5469427108764648,14894,7.911604200000511,0.1448991000015667,7.777138710021973
nf4,flat,paper,qwen_1_5,nominal,cross_04,cross_04,compatible,0.2999096456088599,1f9b43b475da84b7,0.6370849357870568,0.6359513401985168,0.3622693121433258,yes,Yes,0.5463526844978333,14894,7.3385018999997556,0.15074789999925997,7.777138710021973
nf4,flat,paper,qwen_1_5,nominal,tube_01,tube_01,compatible,0.29990964560885974,a43db81b2e363361,0.6427777901981363,0.6417799592018127,0.3566676676273346,yes,Yes,0.5690751671791077,14894,7.183641399999033,0.13538449999941804,7.777138710021973
nf4,flat,paper,qwen_1_5,nominal,tube_02,tube_02,compatible,0.2999096456088599,4d7dabf0a91e236c,0.6748309637420503,0.67371666431427,0.32463210821151733,yes,Yes,0.5668146014213562,14894,7.463761900000463,0.12325920000148471,7.777138710021973
nf4,flat,paper,qwen_1_5,nominal,tube_03,tube_03,compatible,0.2999096456088598,20d45a2de9de9aab,0.6447690783644391,0.6438367366790771,0.3547172546386719,yes,Yes,0.5785925984382629,14894,8.145606199999747,0.09209449999980279,7.777138710021973
nf4,flat,paper,qwen_1_5,rotated,ellipse_01,ellipse_01_rot90,compatible,0.29981020754907156,93979c440c6e4314,0.5762586429559059,0.5752264261245728,0.4229823350906372,yes,Yes,0.5063458681106567,14894,7.942816299999322,0.13574510000034934,7.777138710021973
nf4,flat,paper,qwen_1_5,rotated,ellipse_02,ellipse_02_rot90,compatible,0.299813919484128,8a4618f7e21d67d1,0.5690111825084616,0.5679561495780945,0.43018969893455505,yes,Yes,0.49806031584739685,14894,7.911295899999459,0.14835059999859368,7.777138710021973
nf4,flat,paper,qwen_1_5,rotated,ellipse_03,ellipse_03_rot90,compatible,0.29979681734150887,ce4b6011e4b2b3a2,0.5805318010202483,0.5794490575790405,0.4186858534812927,yes,Yes,0.5051455497741699,14894,7.995252999999138,0.18015879999984463,7.777138710021973
nf4,flat,paper,qwen_1_5,rotated,dshape_01,dshape_01_rot90,compatible,0.2922746466650832,12723ddda28cfaa6,0.578758326948178,0.5777671337127686,0.42052024602890015,yes,Yes,0.5149258971214294,14894,7.718628499998886,0.13782679999894754,7.777138710021973
nf4,flat,paper,qwen_1_5,rotated,dshape_02,dshape_02_rot90,compatible,0.2829689679359062,fe28a83a456eab4e,0.6043513327481215,0.6033525466918945,0.3949947953224182,yes,Yes,0.5430067181587219,14894,7.428474099999221,0.11529429999973217,7.777138710021973
nf4,flat,paper,qwen_1_5,rotated,dshape_03,dshape_03_rot90,compatible,0.2743944415034985,c889c3af12753d89,0.613047803903485,0.6120151877403259,0.3863004148006439,yes,Yes,0.5454738140106201,14894,7.56524250000075,0.11740099999951781,7.777138710021973
nf4,flat,paper,qwen_1_5,rotated,dshape_04,dshape_04_rot90,compatible,0.28653652858701567,602049c59e292069,0.5909897641035688,0.5900593996047974,0.4083663523197174,yes,Yes,0.5430095195770264,14894,7.351463699998931,0.10904789999949571,7.777138710021973
nf4,flat,paper,qwen_1_5,rotated,cross_04,cross_04_rot90,compatible,0.2999096456088599,8715cb01d1f51794,0.6189313060227838,0.6179105639457703,0.38044023513793945,yes,Yes,0.5552687048912048,14894,7.577249500000107,0.1270105000003241,7.777138710021973
nf4,flat,paper,qwen_1_5,clear_neg,ellipse_01,dshape_03,incompatible,-2.0,767343f100d48dec,0.6024536742305384,0.6013132929801941,0.39679381251335144,yes,Yes,0.5083386898040771,14894,7.599913500000184,0.11889599999994971,7.777138710021973
nf4,flat,paper,qwen_1_5,clear_neg,ellipse_02,tube_03,incompatible,-2.0,1291cd55fcabf96f,0.6219785553357057,0.6209157705307007,0.3773755133152008,yes,Yes,0.5413202047348022,14894,7.478290499999275,0.10562409999874944,7.777138710021973
nf4,flat,paper,qwen_1_5,clear_neg,ellipse_03,tube_01,incompatible,-2.0,942fa757b26c2755,0.6407365958535851,0.6395862102508545,0.3586183786392212,yes,Yes,0.5298184156417847,14894,7.5235217999997985,0.09627949999958219,7.777138710021973
nf4,flat,paper,qwen_1_5,clear_neg,dshape_01,tube_02,incompatible,-2.0,27597f7f0615bc81,0.6319446938757535,0.6307849884033203,0.3673798739910126,yes,Yes,0.5153352618217468,14894,7.70287559999997,0.12199010000040289,7.777138710021973
nf4,flat,paper,qwen_1_5,clear_neg,dshape_02,tube_03,incompatible,-2.0,359e1562489e9ce3,0.6196167686664937,0.6185764670372009,0.37974458932876587,yes,Yes,0.5337331891059875,14894,7.653148499999588,0.1237950999984605,7.777138710021973
nf4,flat,paper,qwen_1_5,clear_neg,dshape_03,tube_01,incompatible,-2.0,557a696d832a2c67,0.6184715609195193,0.6173861622810364,0.3808588683605194,yes,Yes,0.5193935632705688,14894,7.753890500000125,0.12042100000144274,7.777138710021973
nf4,flat,paper,qwen_1_5,clear_neg,dshape_04,tube_01,incompatible,-2.0,34f9501a77f01d1f,0.6135830282647602,0.6125149130821228,0.3857443034648895,yes,Yes,0.5214797854423523,14894,7.649824899999658,0.11942780000026687,7.777138710021973
nf4,flat,paper,qwen_1_5,clear_neg,cross_01,tube_03,incompatible,-2.0,5e65821fc1494b07,0.5936661749612756,0.592614471912384,0.4056139886379242,yes,Yes,0.5021985173225403,14894,6.88182549999874,0.11333679999916058,7.777138710021973
nf4,flat,paper,qwen_1_5,clear_neg,cross_02,ellipse_01,incompatible,-2.0,5e2692dab5b1beb8,0.5712324349478646,0.5701817274093628,0.42797890305519104,yes,Yes,0.4831697642803192,14894,7.053870599998845,0.12630329999956302,7.777138710021973
nf4,flat,paper,qwen_1_5,clear_neg,cross_03,tube_01,incompatible,-2.0,41b7576f78d5720f,0.5885235300163252,0.5874029397964478,0.4106929898262024,yes,Yes,0.4826158583164215,14894,7.151343599998654,0.11147319999872707,7.777138710021973
nf4,flat,paper,qwen_1_5,clear_neg,cross_04,dshape_03,incompatible,-2.0,ade8041ee1c632c9,0.5502925751706396,0.5492026805877686,0.4488167464733124,yes,Yes,0.44869545102119446,14894,7.486014800000703,0.10151570000016363,7.777138710021973
nf4,flat,paper,qwen_1_5,clear_neg,tube_01,cross_01,incompatible,-2.0,688144c3df251c3c,0.6325192684119925,0.6313324570655823,0.3667912185192108,yes,Yes,0.5243611335754395,14894,7.749156500000026,0.11367400000017369,7.777138710021973
nf4,flat,paper,qwen_1_5,clear_neg,tube_02,cross_01,incompatible,-2.0,9dfc926ceb6e2d66,0.6330577045581136,0.6318461298942566,0.3662400245666504,yes,Yes,0.5191349387168884,14894,7.728262299999187,0.1415077999990899,7.777138710021973
nf4,flat,paper,qwen_1_5,clear_neg,tube_03,cross_04,incompatible,-2.0,1c0b91fe3b72e9d5,0.6408380403430337,0.6397011280059814,0.35852476954460144,yes,Yes,0.5270567536354065,14894,7.694181099999696,0.12460449999889534,7.777138710021973
nf4,flat,paper,qwen_1_5,hard_neg,cross_03,cross_04,incompatible,-0.7001953125,528023385247be33,0.629432089509304,0.6282983422279358,0.3699004352092743,yes,Yes,0.5421164631843567,14894,7.6742752000009204,0.14153330000044662,7.777138710021973
nf4,flat,paper,qwen_1_5,hard_neg,cross_04,cross_01,incompatible,-0.2001953125,83f43c863c9d4514,0.6260032346142532,0.624967098236084,0.3733777403831482,yes,Yes,0.5607097148895264,14894,7.732593099999576,0.12709739999991143,7.777138710021973
nf4,flat,paper,qwen_1_5,hard_neg,tube_01,tube_03,incompatible,-1.7001953125,37bfe00eeed5cef5,0.6457820893619246,0.6447947025299072,0.35367631912231445,yes,Yes,0.5737399458885193,14894,7.7339250999993965,0.12808719999884488,7.777138710021973
nf4,flat,paper,qwen_1_5,hard_neg,cross_02,cross_03,incompatible,-1.9365234375,21f9bf4a8017c21c,0.6136316155973268,0.612670361995697,0.38576313853263855,yes,Yes,0.5602321624755859,14894,7.221539000000121,0.09805770000093617,7.777138710021973
nf4,flat,paper,qwen_1_5,hard_neg,dshape_01,dshape_03,incompatible,-1.912109375,2a747b3bf4ac9c31,0.5971391089444561,0.5960805416107178,0.40214672684669495,yes,Yes,0.5164834856987,14894,7.07298769999943,0.1516825999988214,7.777138710021973
nf4,flat,paper,qwen_1_5,hard_neg,tube_03,tube_01,incompatible,-1.7001953125,6f170d550ae9e4c6,0.6347040215470539,0.6337707042694092,0.36475881934165955,yes,Yes,0.5677273869514465,14894,7.170293099999981,0.10700440000073286,7.777138710021973
nf4,flat,paper,qwen_1_5,hard_neg,ellipse_01,ellipse_02,incompatible,-0.7001953125,42d5d883f8ee78f5,0.6165050527795192,0.6154009103775024,0.382808119058609,yes,Yes,0.5263578295707703,14894,6.441786699999284,0.11165900000014517,7.777138710021973
nf4,flat,paper,qwen_1_5,hard_neg,dshape_02,dshape_03,incompatible,-0.7529296875,43758b88d5a7133d,0.6223565535506195,0.6213025450706482,0.37700387835502625,yes,Yes,0.5437984466552734,14894,6.178936899999826,0.10010309999961464,7.777138710021973
nf4,flat,paper,qwen_1_5,hard_neg,tube_01,tube_02,incompatible,-1.2001953125,467bff81ce223648,0.6633983357685813,0.6623156070709229,0.3360522985458374,yes,Yes,0.5690326690673828,14894,6.3181352999999945,0.10977240000102029,7.777138710021973
nf4,flat,paper,qwen_1_5,hard_neg,tube_03,tube_02,incompatible,-1.7001953125,ca55c55562845bd5,0.6648157563412602,0.6638069152832031,0.3346756100654602,yes,Yes,0.581042468547821,14894,6.271302299999661,0.10675730000002659,7.777138710021973
nf4,flat,paper,qwen_1_5,hard_neg,cross_04,cross_03,incompatible,-1.7001953125,231be3df731d5990,0.6152417424976607,0.6142324209213257,0.38412705063819885,yes,Yes,0.5519582629203796,14894,6.288314600000376,0.10276000000158092,7.777138710021973
nf4,flat,paper,qwen_1_5,hard_neg,cross_02,cross_01,incompatible,-1.2001953125,f8891c97a35b0f7e,0.6139519256505749,0.6129831075668335,0.3854388892650604,yes,Yes,0.5597612857818604,14894,6.264782500000365,0.10053599999992002,7.777138710021973
nf4,flat,paper,qwen_1_5,shrunk,cross_03,cross_03_c-0.3,incompatible,-0.4248046875,edc60efc09614fae,0.6150817438273204,0.6140720248222351,0.38428637385368347,yes,Yes,0.5526778697967529,14894,6.285030099999858,0.09981650000008813,7.777138710021973
nf4,flat,paper,qwen_1_5,shrunk,cross_03,cross_03_c-1.0,incompatible,-1.4150390625,78029a92a641417a,0.6156738416065795,0.6146457195281982,0.383684366941452,yes,Yes,0.5487555265426636,14894,6.289148600000772,0.11134270000002289,7.777138710021973
nf4,flat,paper,qwen_1_5,shrunk,dshape_03,dshape_03_c-0.3,incompatible,-0.3623046875,d75e5f835a71d93c,0.6216453776785711,0.6206446886062622,0.3777455687522888,yes,Yes,0.550331175327301,14894,6.347567400000116,0.11094120000052499,7.777138710021973
nf4,flat,paper,qwen_1_5,shrunk,dshape_03,dshape_03_c-1.0,incompatible,-1.220703125,d77fbd5ac89b46a3,0.6267521106642557,0.6257265210151672,0.3726371228694916,yes,Yes,0.5476875901222229,14894,6.303765900000144,0.09430330000031972,7.777138710021973
nf4,flat,paper,qwen_1_5,shrunk,cross_01,cross_01_c-0.3,incompatible,-0.4248046875,dc0ae0b3685a642e,0.6173784112656289,0.6164563298225403,0.38205012679100037,yes,Yes,0.565210223197937,14894,6.3490130999998655,0.10552370000004885,7.777138710021973
nf4,flat,paper,qwen_1_5,shrunk,cross_01,cross_01_c-1.0,incompatible,-1.4150390625,ae727051aebcf0bd,0.6131293999578677,0.6122081279754639,0.3862892985343933,yes,Yes,0.5641518235206604,14894,6.343229400001292,0.09499640000103682,7.777138710021973
nf4,flat,paper,qwen_1_5,shrunk,tube_02,tube_02_c-0.3,incompatible,-0.30078125,5aa3322bcf3febfd,0.6738442663294516,0.6727728247642517,0.3256371319293976,yes,Yes,0.574166476726532,14894,6.3543853999999556,0.10539049999897543,7.777138710021973
nf4,flat,paper,qwen_1_5,shrunk,tube_02,tube_02_c-1.0,incompatible,-1.0009765625,4b1a4cd0eb4c8462,0.6607017559989352,0.6596370935440063,0.33875149488449097,yes,Yes,0.5603510141372681,14894,6.370660099999441,0.11027789999934612,7.777138710021973
nf4,flat,controlled,qwen_1_5,nominal,ellipse_01,ellipse_01,compatible,0.29981020754907156,75e27003ed8ae93a,0.8324414918914155,0.8315796256065369,0.1673850268125534,yes,yes,0.7400315403938293,14956,6.252053100000921,0.10394289999931061,7.785388469696045
nf4,flat,controlled,qwen_1_5,nominal,ellipse_02,ellipse_02,compatible,0.299813919484128,9f9a8d122211e70c,0.8240432633473689,0.8231071829795837,0.17575685679912567,yes,yes,0.7162683606147766,14956,6.312414199999694,0.09349429999929271,7.785388469696045
nf4,flat,controlled,qwen_1_5,nominal,ellipse_03,ellipse_03,compatible,0.29979681734150887,a7af3e4f5acd5368,0.8120113782016856,0.8110987544059753,0.1877773404121399,yes,yes,0.7140877842903137,14956,6.546822999998767,0.09366919999956735,7.785388469696045
nf4,flat,controlled,qwen_1_5,nominal,dshape_01,dshape_01,compatible,0.2922746466650832,b78de3844478c00a,0.8013306834861382,0.8002120852470398,0.19839198887348175,yes,yes,0.6682000756263733,14956,6.2936366999983875,0.10156409999945026,7.785388469696045
nf4,flat,controlled,qwen_1_5,nominal,dshape_02,dshape_02,compatible,0.2829689679359062,cc9e97894a81d97d,0.8142704363077744,0.8131569623947144,0.18547558784484863,yes,yes,0.6644869446754456,14956,6.26703980000093,0.10618520000025455,7.785388469696045
nf4,flat,controlled,qwen_1_5,nominal,dshape_03,dshape_03,compatible,0.2743944415034985,82cedf3b15fd7f3f,0.8142699136864716,0.813181459903717,0.18548181653022766,yes,yes,0.692453920841217,14956,6.383586500000092,0.11592770000061137,7.785388469696045
nf4,flat,controlled,qwen_1_5,nominal,dshape_04,dshape_04,compatible,0.28653652858701567,891cb7eca466fdb3,0.8003857246369167,0.7992496490478516,0.19933094084262848,yes,yes,0.6474431753158569,14956,6.279464400000506,0.09063339999920572,7.785388469696045
nf4,flat,controlled,qwen_1_5,nominal,cross_01,cross_01,compatible,0.2999096456088586,591efcaba9f53131,0.7791447507341849,0.7777876853942871,0.2204705774784088,yes,yes,0.5252729654312134,14956,6.400169900000037,0.11212909999994736,7.785388469696045
nf4,flat,controlled,qwen_1_5,nominal,cross_02,cross_02,compatible,0.29990964560885724,15a4d556975d5c0a,0.7794417076067783,0.7780697345733643,0.2201700657606125,yes,yes,0.5281081795692444,14956,6.308998900000006,0.11382609999964188,7.785388469696045
nf4,flat,controlled,qwen_1_5,nominal,cross_03,cross_03,compatible,0.2999096456088604,f956214ddb54ba0c,0.7782771896397259,0.7769363522529602,0.2213408201932907,yes,yes,0.5793417096138,14956,6.314032499998575,0.09381450000000768,7.785388469696045
nf4,flat,controlled,qwen_1_5,nominal,cross_04,cross_04,compatible,0.2999096456088599,1f9b43b475da84b7,0.7909825727097751,0.7897302508354187,0.20868650078773499,yes,yes,0.611352801322937,14956,6.3184879000000365,0.11165690000052564,7.785388469696045
nf4,flat,controlled,qwen_1_5,nominal,tube_01,tube_01,compatible,0.29990964560885974,a43db81b2e363361,0.8409683326545395,0.840019166469574,0.15885217487812042,yes,yes,0.7153497338294983,14956,6.333593999999721,0.10928559999956633,7.785388469696045
nf4,flat,controlled,qwen_1_5,nominal,tube_02,tube_02,compatible,0.2999096456088599,4d7dabf0a91e236c,0.8545129585927389,0.8536355495452881,0.14533765614032745,yes,yes,0.7443743944168091,14956,6.368114400000195,0.10971569999856001,7.785388469696045
nf4,flat,controlled,qwen_1_5,nominal,tube_03,tube_03,compatible,0.2999096456088598,20d45a2de9de9aab,0.8420656624461335,0.8411048054695129,0.15775412321090698,yes,yes,0.6931619048118591,14956,6.37293789999967,0.09581830000024638,7.785388469696045
nf4,flat,controlled,qwen_1_5,rotated,ellipse_01,ellipse_01_rot90,compatible,0.29981020754907156,93979c440c6e4314,0.8160667202468259,0.815165638923645,0.18373018503189087,yes,yes,0.7190155386924744,14956,6.384559999998601,0.11173499999858905,7.785388469696045
nf4,flat,controlled,qwen_1_5,rotated,ellipse_02,ellipse_02_rot90,compatible,0.299813919484128,8a4618f7e21d67d1,0.8189548707285512,0.8180443644523621,0.18084384500980377,yes,yes,0.7279834747314453,14956,6.344858000000386,0.09531070000048203,7.785388469696045
nf4,flat,controlled,qwen_1_5,rotated,ellipse_03,ellipse_03_rot90,compatible,0.29979681734150887,ce4b6011e4b2b3a2,0.8092744836893467,0.8082830905914307,0.19049187004566193,yes,yes,0.6898687481880188,14956,6.366006700000071,0.10863419999986945,7.785388469696045
nf4,flat,controlled,qwen_1_5,rotated,dshape_01,dshape_01_rot90,compatible,0.2922746466650832,12723ddda28cfaa6,0.8043264408368688,0.8032490015029907,0.19541144371032715,yes,yes,0.6758503317832947,14956,6.3132053000008455,0.10485250000056112,7.785388469696045
nf4,flat,controlled,qwen_1_5,rotated,dshape_02,dshape_02_rot90,compatible,0.2829689679359062,fe28a83a456eab4e,0.8117028983501424,0.8105682730674744,0.18803389370441437,yes,yes,0.6546581983566284,14956,6.347097699999722,0.10365120000096795,7.785388469696045
nf4,flat,controlled,qwen_1_5,rotated,dshape_03,dshape_03_rot90,compatible,0.2743944415034985,c889c3af12753d89,0.8025727704502089,0.8013916015625,0.19713667035102844,yes,yes,0.6372859477996826,14956,6.324994100001277,0.10668470000018715,7.785388469696045
nf4,flat,controlled,qwen_1_5,rotated,dshape_04,dshape_04_rot90,compatible,0.28653652858701567,602049c59e292069,0.8006572623723783,0.7994205355644226,0.19903482496738434,yes,yes,0.6054554581642151,14956,6.42195989999891,0.09807179999916116,7.785388469696045
nf4,flat,controlled,qwen_1_5,rotated,cross_04,cross_04_rot90,compatible,0.2999096456088599,8715cb01d1f51794,0.7829484184565395,0.7816203236579895,0.21668340265750885,yes,yes,0.575808584690094,14956,6.378907300000719,0.1124033000014606,7.785388469696045
nf4,flat,controlled,qwen_1_5,clear_neg,ellipse_01,dshape_03,incompatible,-2.0,767343f100d48dec,0.8225427276651067,0.8216240406036377,0.17725907266139984,yes,yes,0.7192443609237671,14956,6.441449299998567,0.11142999999901804,7.785388469696045
nf4,flat,controlled,qwen_1_5,clear_neg,ellipse_02,tube_03,incompatible,-2.0,1291cd55fcabf96f,0.8309229564400534,0.8300120830535889,0.16889169812202454,yes,yes,0.7334533929824829,14956,6.462036000000808,0.10225519999949029,7.785388469696045
nf4,flat,controlled,qwen_1_5,clear_neg,ellipse_03,tube_01,incompatible,-2.0,942fa757b26c2755,0.8325137518705698,0.8316230177879333,0.167307049036026,yes,yes,0.7237070202827454,14956,6.397053500000766,0.10617959999945015,7.785388469696045
nf4,flat,controlled,qwen_1_5,clear_neg,dshape_01,tube_02,incompatible,-2.0,27597f7f0615bc81,0.8386458091073856,0.8377619981765747,0.1611841470003128,yes,yes,0.7468127608299255,14956,6.48944819999997,0.10804939999979979,7.785388469696045
nf4,flat,controlled,qwen_1_5,clear_neg,dshape_02,tube_03,incompatible,-2.0,359e1562489e9ce3,0.8251366915102286,0.8241304159164429,0.17465005815029144,yes,yes,0.7001726031303406,14956,6.385112500000105,0.10023350000119535,7.785388469696045
nf4,flat,controlled,qwen_1_5,clear_neg,dshape_03,tube_01,incompatible,-2.0,557a696d832a2c67,0.8210743541866027,0.8200957775115967,0.178712397813797,yes,yes,0.70624178647995,14956,6.280465499999991,0.10234289999971224,7.785388469696045
nf4,flat,controlled,qwen_1_5,clear_neg,dshape_04,tube_01,incompatible,-2.0,34f9501a77f01d1f,0.8228701534843916,0.8218928575515747,0.17691947519779205,yes,yes,0.6982796788215637,14956,6.365516199999547,0.09477010000045993,7.785388469696045
nf4,flat,controlled,qwen_1_5,clear_neg,cross_01,tube_03,incompatible,-2.0,5e65821fc1494b07,0.7837703872339448,0.7825449705123901,0.2158915400505066,yes,yes,0.5789121985435486,14956,6.284250700000484,0.09845830000085698,7.785388469696045
nf4,flat,controlled,qwen_1_5,clear_neg,cross_02,ellipse_01,incompatible,-2.0,5e2692dab5b1beb8,0.7746425843860237,0.7733529806137085,0.22498224675655365,yes,yes,0.5766763091087341,14956,6.505276299998513,0.10142379999888362,7.785388469696045
nf4,flat,controlled,qwen_1_5,clear_neg,cross_03,tube_01,incompatible,-2.0,41b7576f78d5720f,0.7878705074710644,0.7866791486740112,0.2118087261915207,yes,yes,0.6195135116577148,14956,7.066535800000565,0.11091900000064925,7.785388469696045
nf4,flat,controlled,qwen_1_5,clear_neg,cross_04,dshape_03,incompatible,-2.0,ade8041ee1c632c9,0.7697836820562481,0.7685332298278809,0.22984234988689423,yes,yes,0.5970278978347778,14956,6.757372400001259,0.1350614000002679,7.785388469696045
nf4,flat,controlled,qwen_1_5,clear_neg,tube_01,cross_01,incompatible,-2.0,688144c3df251c3c,0.8123831666371425,0.8112896084785461,0.18736428022384644,yes,yes,0.6892176866531372,14956,7.129537200000414,0.10649030000058701,7.785388469696045
nf4,flat,controlled,qwen_1_5,clear_neg,tube_02,cross_01,incompatible,-2.0,9dfc926ceb6e2d66,0.8031725110560441,0.8020482659339905,0.19655197858810425,yes,yes,0.6748324632644653,14956,6.986545699999624,0.1383533999996871,7.785388469696045
nf4,flat,controlled,qwen_1_5,clear_neg,tube_03,cross_04,incompatible,-2.0,1c0b91fe3b72e9d5,0.8241573302751514,0.8231756687164307,0.17563322186470032,yes,yes,0.7073310017585754,14956,6.368345000000772,0.11085880000064208,7.785388469696045
nf4,flat,controlled,qwen_1_5,hard_neg,cross_03,cross_04,incompatible,-0.7001953125,528023385247be33,0.7883898530063184,0.78711998462677,0.2112693041563034,yes,yes,0.6093217730522156,14956,6.365337100000033,0.10379960000136634,7.785388469696045
nf4,flat,controlled,qwen_1_5,hard_neg,cross_04,cross_01,incompatible,-0.2001953125,83f43c863c9d4514,0.7849016058984055,0.783592700958252,0.21473969519138336,yes,yes,0.579632580280304,14956,6.819105300000956,0.10285060000023805,7.785388469696045
nf4,flat,controlled,qwen_1_5,hard_neg,tube_01,tube_03,incompatible,-1.7001953125,37bfe00eeed5cef5,0.8449478288551348,0.8440195918083191,0.15488183498382568,yes,yes,0.7220430970191956,14956,7.0985481000006985,0.11272790000111854,7.785388469696045
nf4,flat,controlled,qwen_1_5,hard_neg,cross_02,cross_03,incompatible,-1.9365234375,21f9bf4a8017c21c,0.7755347872519225,0.7741563320159912,0.22406624257564545,yes,yes,0.5435144901275635,14956,7.367452200000116,0.12457419999918784,7.785388469696045
nf4,flat,controlled,qwen_1_5,hard_neg,dshape_01,dshape_03,incompatible,-1.912109375,2a747b3bf4ac9c31,0.8144025198304503,0.8133826851844788,0.18536506593227386,yes,yes,0.7034096121788025,14956,7.560494900000776,0.15455149999979767,7.785388469696045
nf4,flat,controlled,qwen_1_5,hard_neg,tube_03,tube_01,incompatible,-1.7001953125,6f170d550ae9e4c6,0.8360898248995529,0.8351262807846069,0.16372127830982208,yes,yes,0.6919729113578796,14956,6.891868499998964,0.1202486999991379,7.785388469696045
nf4,flat,controlled,qwen_1_5,hard_neg,ellipse_01,ellipse_02,incompatible,-0.7001953125,42d5d883f8ee78f5,0.8257498094700941,0.8248298168182373,0.1740560531616211,yes,yes,0.716306209564209,14956,6.746884600001067,0.11256330000105663,7.785388469696045
nf4,flat,controlled,qwen_1_5,hard_neg,dshape_02,dshape_03,incompatible,-0.7529296875,43758b88d5a7133d,0.8210789035933787,0.8200245499610901,0.1786913424730301,yes,yes,0.7014843225479126,14956,6.476072800000111,0.09072140000171203,7.785388469696045
nf4,flat,controlled,qwen_1_5,hard_neg,tube_01,tube_02,incompatible,-1.2001953125,467bff81ce223648,0.8542699961539145,0.8533881902694702,0.14557957649230957,yes,yes,0.7411513924598694,14956,34.043755099999544,0.08970709999994142,7.785388469696045
nf4,flat,controlled,qwen_1_5,hard_neg,tube_03,tube_02,incompatible,-1.7001953125,ca55c55562845bd5,0.8536054454200563,0.8526973724365234,0.14623881876468658,yes,yes,0.7193025350570679,14956,62.635393500000646,0.08643210000082036,7.785388469696045
nf4,flat,controlled,qwen_1_5,hard_neg,cross_04,cross_03,incompatible,-1.7001953125,231be3df731d5990,0.7786345379679773,0.777312159538269,0.22098951041698456,yes,yes,0.5749953389167786,14956,66.71089790000042,0.16209650000018883,7.785388469696045
nf4,flat,controlled,qwen_1_5,hard_neg,cross_02,cross_01,incompatible,-1.2001953125,f8891c97a35b0f7e,0.7785339250620052,0.7771673202514648,0.2210773229598999,yes,yes,0.5379428863525391,14956,55.68990620000113,0.2103058000011515,7.785388469696045
nf4,flat,controlled,qwen_1_5,shrunk,cross_03,cross_03_c-0.3,incompatible,-0.4248046875,edc60efc09614fae,0.7800628672562525,0.7787149548530579,0.21955709159374237,yes,yes,0.564114511013031,14956,49.509454999999434,0.14149259999976493,7.785388469696045
nf4,flat,controlled,qwen_1_5,shrunk,cross_03,cross_03_c-1.0,incompatible,-1.4150390625,78029a92a641417a,0.7889778351243131,0.7876806259155273,0.2106752097606659,yes,yes,0.5802914500236511,14956,63.98100599999998,0.20001050000064424,7.785388469696045
nf4,flat,controlled,qwen_1_5,shrunk,dshape_03,dshape_03_c-0.3,incompatible,-0.3623046875,d75e5f835a71d93c,0.8164775743154733,0.8153758645057678,0.1832747906446457,yes,yes,0.6809025406837463,14956,58.458124799999496,0.1916866999999911,7.785388469696045
nf4,flat,controlled,qwen_1_5,shrunk,dshape_03,dshape_03_c-1.0,incompatible,-1.220703125,d77fbd5ac89b46a3,0.8233965658163818,0.8223241567611694,0.1763734221458435,yes,yes,0.6919288635253906,14956,51.09555200000068,0.17361630000050354,7.785388469696045
nf4,flat,controlled,qwen_1_5,shrunk,cross_01,cross_01_c-0.3,incompatible,-0.4248046875,dc0ae0b3685a642e,0.7703881053074326,0.7690592408180237,0.2292158305644989,yes,yes,0.4670606255531311,14956,61.222362199998315,7.3845085999982985,7.785388469696045
nf4,flat,controlled,qwen_1_5,shrunk,cross_01,cross_01_c-1.0,incompatible,-1.4150390625,ae727051aebcf0bd,0.76818041878907,0.7668209075927734,0.23140931129455566,yes,yes,0.4599766433238983,14956,59.87002810000013,0.16055339999911666,7.785388469696045
nf4,flat,controlled,qwen_1_5,shrunk,tube_02,tube_02_c-0.3,incompatible,-0.30078125,5aa3322bcf3febfd,0.8608859348201785,0.8600223660469055,0.13897451758384705,yes,yes,0.7390378713607788,14956,50.622180899999876,0.13008970000009867,7.785388469696045
nf4,flat,controlled,qwen_1_5,shrunk,tube_02,tube_02_c-1.0,incompatible,-1.0009765625,4b1a4cd0eb4c8462,0.8593944808430738,0.8585565090179443,0.14046841859817505,yes,yes,0.7471666932106018,14956,70.59204500000124,0.12698060000002442,7.785388469696045
nf4,nested,paper,qwen_1_5,nominal,ellipse_01,ellipse_01,compatible,0.29981020754907156,75e27003ed8ae93a,0.5705993171827013,0.5697788000106812,0.42878320813179016,yes,Yes,0.5293192863464355,3018,1.0550120000007155,0.016235900002357084,6.12585973739624
nf4,nested,paper,qwen_1_5,nominal,ellipse_02,ellipse_02,compatible,0.299813919484128,9f9a8d122211e70c,0.5524230192341956,0.5515486598014832,0.44686856865882874,yes,Yes,0.5075801014900208,3018,1.074633600001107,0.015316500001063105,6.12585973739624
nf4,nested,paper,qwen_1_5,nominal,ellipse_03,ellipse_03,compatible,0.29979681734150887,a7af3e4f5acd5368,0.580163405937797,0.5792350769042969,0.4191648066043854,yes,Yes,0.5260027647018433,3018,1.07284769999751,0.015408199997182237,6.12585973739624
nf4,nested,paper,qwen_1_5,nominal,dshape_01,dshape_01,compatible,0.2922746466650832,b78de3844478c00a,0.515547596773625,0.5147686004638672,0.4837203919887543,yes,Yes,0.48173320293426514,3018,1.0757878000003984,0.016209299999900395,6.12585973739624
nf4,nested,paper,qwen_1_5,nominal,dshape_02,dshape_02,compatible,0.2829689679359062,cc9e97894a81d97d,0.5389532949776981,0.5381569862365723,0.46036550402641296,yes,Yes,0.505102813243866,3018,1.0587616999982856,0.022231799997825874,6.12585973739624
nf4,nested,paper,qwen_1_5,nominal,dshape_03,dshape_03,compatible,0.2743944415034985,82cedf3b15fd7f3f,0.5291809385875906,0.5284733176231384,0.47018948197364807,yes,Yes,0.5053529739379883,3018,1.0942475000010745,0.018053600000712322,6.12585973739624
nf4,nested,paper,qwen_1_5,nominal,dshape_04,dshape_04,compatible,0.28653652858701567,891cb7eca466fdb3,0.5101292743022426,0.5094417929649353,0.4892105460166931,yes,Yes,0.4843480587005615,3018,1.1056626999998116,0.016606100001808954,6.12585973739624
nf4,nested,paper,qwen_1_5,nominal,cross_01,cross_01,compatible,0.2999096456088586,591efcaba9f53131,0.5918487278307194,0.5911067128181458,0.4076395630836487,yes,Yes,0.577140748500824,3018,1.0987062999993213,0.019257800002378644,6.12585973739624
nf4,nested,paper,qwen_1_5,nominal,cross_02,cross_02,compatible,0.29990964560885724,15a4d556975d5c0a,0.5881148054585561,0.5874149799346924,0.4113950729370117,yes,Yes,0.5731110572814941,3018,1.1309720999997808,0.01929270000255201,6.12585973739624
nf4,nested,paper,qwen_1_5,nominal,cross_03,cross_03,compatible,0.2999096456088604,f956214ddb54ba0c,0.5779152566929331,0.5771462917327881,0.4215231239795685,yes,Yes,0.5572648644447327,3018,1.1152474000009533,0.013566400000854628,6.12585973739624
nf4,nested,paper,qwen_1_5,nominal,cross_04,cross_04,compatible,0.2999096456088599,1f9b43b475da84b7,0.5743005821739959,0.5735268592834473,0.4251258969306946,yes,Yes,0.5531612634658813,3018,1.1346268999986933,0.013968999999633525,6.12585973739624
nf4,nested,paper,qwen_1_5,nominal,tube_01,tube_01,compatible,0.29990964560885974,a43db81b2e363361,0.6235443277835061,0.622542142868042,0.3758506178855896,yes,Yes,0.5529787540435791,3018,1.0805168999977468,0.016301899999234593,6.12585973739624
nf4,nested,paper,qwen_1_5,nominal,tube_02,tube_02,compatible,0.2999096456088599,4d7dabf0a91e236c,0.6347509490798398,0.6337177753448486,0.364654541015625,yes,Yes,0.556816041469574,3018,1.0664556000010634,0.014696899997943547,6.12585973739624
nf4,nested,paper,qwen_1_5,nominal,tube_03,tube_03,compatible,0.2999096456088598,20d45a2de9de9aab,0.6311073144333276,0.6301835179328918,0.3683527112007141,yes,Yes,0.5568393468856812,3018,1.1034311000003072,0.01859570000306121,6.12585973739624
nf4,nested,paper,qwen_1_5,rotated,ellipse_01,ellipse_01_rot90,compatible,0.29981020754907156,93979c440c6e4314,0.5356075954656431,0.5348057746887207,0.4636971950531006,yes,Yes,0.49791890382766724,3018,1.113040700001875,0.017828200001531513,6.12585973739624
nf4,nested,paper,qwen_1_5,rotated,ellipse_02,ellipse_02_rot90,compatible,0.299813919484128,8a4618f7e21d67d1,0.5211727992581386,0.5203366875648499,0.4780590236186981,yes,Yes,0.47888311743736267,3018,1.100017000000662,0.015804700000444427,6.12585973739624
nf4,nested,paper,qwen_1_5,rotated,ellipse_03,ellipse_03_rot90,compatible,0.29979681734150887,ce4b6011e4b2b3a2,0.5064693702980315,0.5057751536369324,0.49285414814949036,no,No,0.4785713255405426,3018,1.0848053000008804,0.016432199998234864,6.12585973739624
nf4,nested,paper,qwen_1_5,rotated,dshape_01,dshape_01_rot90,compatible,0.2922746466650832,12723ddda28cfaa6,0.5306526684947861,0.5298610329627991,0.46864715218544006,yes,Yes,0.496822714805603,3018,1.0916966000004322,0.01962909999929252,6.12585973739624
nf4,nested,paper,qwen_1_5,rotated,dshape_02,dshape_02_rot90,compatible,0.2829689679359062,fe28a83a456eab4e,0.5610378707797372,0.5602226257324219,0.4383242726325989,yes,Yes,0.5287007093429565,3018,1.1206654000015988,0.01551110000218614,6.12585973739624
nf4,nested,paper,qwen_1_5,rotated,dshape_03,dshape_03_rot90,compatible,0.2743944415034985,c889c3af12753d89,0.5680968317435646,0.5673110485076904,0.43130576610565186,yes,Yes,0.5393681526184082,3018,1.0916058000002522,0.014126199999736855,6.12585973739624
nf4,nested,paper,qwen_1_5,rotated,dshape_04,dshape_04_rot90,compatible,0.28653652858701567,602049c59e292069,0.5485803817476996,0.5478366017341614,0.4508075714111328,yes,Yes,0.5220082998275757,3018,1.0695489999998244,0.015612499999406282,6.12585973739624
nf4,nested,paper,qwen_1_5,rotated,cross_04,cross_04_rot90,compatible,0.2999096456088599,8715cb01d1f51794,0.5735039751786735,0.5727757811546326,0.4259544909000397,yes,Yes,0.556303858757019,3018,1.0613424000002851,0.019854800000757677,6.12585973739624
nf4,nested,paper,qwen_1_5,clear_neg,ellipse_01,dshape_03,incompatible,-2.0,767343f100d48dec,0.5404173763990973,0.539555013179779,0.4588492512702942,yes,Yes,0.4959396421909332,3018,1.0749606999997923,0.02024159999928088,6.12585973739624
nf4,nested,paper,qwen_1_5,clear_neg,ellipse_02,tube_03,incompatible,-2.0,1291cd55fcabf96f,0.6008255225215642,0.5997292995452881,0.3984461724758148,yes,Yes,0.5082351565361023,3018,1.0708615000003192,0.02039829999921494,6.12585973739624
nf4,nested,paper,qwen_1_5,clear_neg,ellipse_03,tube_01,incompatible,-2.0,942fa757b26c2755,0.5933650392020872,0.5924025177955627,0.405975341796875,yes,Yes,0.5271196961402893,3018,1.0343742000004568,0.016415099998994265,6.12585973739624
nf4,nested,paper,qwen_1_5,clear_neg,dshape_01,tube_02,incompatible,-2.0,27597f7f0615bc81,0.5716533206782681,0.5706209540367126,0.4275731146335602,yes,Yes,0.49941524863243103,3018,1.0571810000001278,0.02021249999961583,6.12585973739624
nf4,nested,paper,qwen_1_5,clear_neg,dshape_02,tube_03,incompatible,-2.0,359e1562489e9ce3,0.5826088984207304,0.5815402865409851,0.4166255295276642,yes,Yes,0.48924851417541504,3018,1.055383000002621,0.01652690000264556,6.12585973739624
nf4,nested,paper,qwen_1_5,clear_neg,dshape_03,tube_01,incompatible,-2.0,557a696d832a2c67,0.5599034365328719,0.5589405298233032,0.43933969736099243,yes,Yes,0.49560534954071045,3018,1.0945519999986573,0.018767300000035902,6.12585973739624
nf4,nested,paper,qwen_1_5,clear_neg,dshape_04,tube_01,incompatible,-2.0,34f9501a77f01d1f,0.555374643451441,0.554392397403717,0.4438389837741852,yes,Yes,0.48980259895324707,3018,1.0886484000002383,0.016983400000754045,6.12585973739624
nf4,nested,paper,qwen_1_5,clear_neg,cross_01,tube_03,incompatible,-2.0,5e65821fc1494b07,0.5746374426460455,0.5736806392669678,0.4246543049812317,yes,Yes,0.5078240633010864,3018,1.0470081999992544,0.022419699998863507,6.12585973739624
nf4,nested,paper,qwen_1_5,clear_neg,cross_02,ellipse_01,incompatible,-2.0,5e2692dab5b1beb8,0.5417025385633211,0.5409174561500549,0.45763325691223145,yes,Yes,0.5105120539665222,3018,1.0466071999981068,0.022990400000708178,6.12585973739624
nf4,nested,paper,qwen_1_5,clear_neg,cross_03,tube_01,incompatible,-2.0,41b7576f78d5720f,0.5850123422668804,0.5838854312896729,0.4141882658004761,yes,Yes,0.4948042333126068,3018,1.047057899999345,0.017323199997917982,6.12585973739624
nf4,nested,paper,qwen_1_5,clear_neg,cross_04,dshape_03,incompatible,-2.0,ade8041ee1c632c9,0.5196613893313144,0.5188230872154236,0.47956374287605286,yes,Yes,0.48198458552360535,3018,1.046666499998537,0.02219350000086706,6.12585973739624
nf4,nested,paper,qwen_1_5,clear_neg,tube_01,cross_01,incompatible,-2.0,688144c3df251c3c,0.6054830841978464,0.6045004725456238,0.39387667179107666,yes,Yes,0.5556287169456482,3018,1.043453899997985,0.01568570000017644,6.12585973739624
nf4,nested,paper,qwen_1_5,clear_neg,tube_02,cross_01,incompatible,-2.0,9dfc926ceb6e2d66,0.6048848019941695,0.603933572769165,0.39449384808540344,yes,Yes,0.5565032362937927,3018,1.039224699998158,0.01697529999728431,6.12585973739624
nf4,nested,paper,qwen_1_5,clear_neg,tube_03,cross_04,incompatible,-2.0,1c0b91fe3b72e9d5,0.6095981578856418,0.6087154746055603,0.38983654975891113,yes,Yes,0.5573833584785461,3018,1.0414679999994405,0.015585099998133956,6.12585973739624
nf4,nested,paper,qwen_1_5,hard_neg,cross_03,cross_04,incompatible,-0.7001953125,528023385247be33,0.5709691145795064,0.5701665282249451,0.4284278154373169,yes,Yes,0.5473483204841614,3018,1.0402525000026799,0.015152300002228003,6.12585973739624
nf4,nested,paper,qwen_1_5,hard_neg,cross_04,cross_01,incompatible,-0.2001953125,83f43c863c9d4514,0.5848245515244436,0.5840592384338379,0.4146321415901184,yes,Yes,0.5675010681152344,3018,1.0493274999971618,0.016925500000070315,6.12585973739624
nf4,nested,paper,qwen_1_5,hard_neg,tube_01,tube_03,incompatible,-1.7001953125,37bfe00eeed5cef5,0.6408380908960343,0.6397482752799988,0.35855111479759216,yes,Yes,0.5447126030921936,3018,1.0626728999995976,0.021663199997419724,6.12585973739624
nf4,nested,paper,qwen_1_5,hard_neg,cross_02,cross_03,incompatible,-1.9365234375,21f9bf4a8017c21c,0.5814145909347617,0.5806757807731628,0.4180535078048706,yes,Yes,0.5624014735221863,3018,1.0609469000009994,0.016882200001418823,6.12585973739624
nf4,nested,paper,qwen_1_5,hard_neg,dshape_01,dshape_03,incompatible,-1.912109375,2a747b3bf4ac9c31,0.5161161532009026,0.5153212547302246,0.4831385910511017,yes,Yes,0.4792341887950897,3018,1.0772269999979471,0.01637769999797456,6.12585973739624
nf4,nested,paper,qwen_1_5,hard_neg,tube_03,tube_01,incompatible,-1.7001953125,6f170d550ae9e4c6,0.6140469369291264,0.6131845116615295,0.38541099429130554,yes,Yes,0.558465301990509,3018,1.0546852999978,0.018067099998006597,6.12585973739624
nf4,nested,paper,qwen_1_5,hard_neg,ellipse_01,ellipse_02,incompatible,-0.7001953125,42d5d883f8ee78f5,0.5596977040667086,0.5588408708572388,0.4396282434463501,yes,Yes,0.5155569911003113,3018,1.0471615999995265,0.018718999999691732,6.12585973739624
nf4,nested,paper,qwen_1_5,hard_neg,dshape_02,dshape_03,incompatible,-0.7529296875,43758b88d5a7133d,0.5301022196278243,0.5293431282043457,0.4692249000072479,yes,Yes,0.5008472204208374,3018,1.048430200000439,0.01648919999934151,6.12585973739624
nf4,nested,paper,qwen_1_5,hard_neg,tube_01,tube_02,incompatible,-1.2001953125,467bff81ce223648,0.6391642969110343,0.6381061673164368,0.36023834347724915,yes,Yes,0.5574277639389038,3018,1.0385428000008687,0.020896400001220172,6.12585973739624
nf4,nested,paper,qwen_1_5,hard_neg,tube_03,tube_02,incompatible,-1.7001953125,ca55c55562845bd5,0.6369572982371191,0.636039137840271,0.36251938343048096,yes,Yes,0.5716022849082947,3018,1.0535562000004575,0.014380300002812874,6.12585973739624
nf4,nested,paper,qwen_1_5,hard_neg,cross_04,cross_03,incompatible,-1.7001953125,231be3df731d5990,0.5813567651561131,0.5806142687797546,0.4181085526943207,yes,Yes,0.5628787279129028,3018,1.0424255999969319,0.01773229999889736,6.12585973739624
nf4,nested,paper,qwen_1_5,hard_neg,cross_02,cross_01,incompatible,-1.2001953125,f8891c97a35b0f7e,0.5850985168420786,0.5843034982681274,0.41433772444725037,yes,Yes,0.5661754608154297,3018,1.0313550000028044,0.016050300000642892,6.12585973739624
nf4,nested,paper,qwen_1_5,shrunk,cross_03,cross_03_c-0.3,incompatible,-0.4248046875,edc60efc09614fae,0.5733431478615086,0.5726219415664673,0.42612016201019287,yes,Yes,0.5563955903053284,3018,1.0510214000023552,0.014760599999135593,6.12585973739624
nf4,nested,paper,qwen_1_5,shrunk,cross_03,cross_03_c-1.0,incompatible,-1.4150390625,78029a92a641417a,0.5706056565555642,0.5698230862617493,0.4288054406642914,yes,Yes,0.5483422875404358,3018,1.0548187999993388,0.019935300002543954,6.12585973739624
nf4,nested,paper,qwen_1_5,shrunk,dshape_03,dshape_03_c-0.3,incompatible,-0.3623046875,d75e5f835a71d93c,0.5329865448669366,0.5322648286819458,0.4663810729980469,yes,Yes,0.5086330771446228,3018,1.0463535000017146,0.015154000000620726,6.12585973739624
nf4,nested,paper,qwen_1_5,shrunk,dshape_03,dshape_03_c-1.0,incompatible,-1.220703125,d77fbd5ac89b46a3,0.5250347738143516,0.524319052696228,0.4743177592754364,yes,Yes,0.5020517706871033,3018,1.0957384999965143,0.02054599999974016,6.12585973739624
nf4,nested,paper,qwen_1_5,shrunk,cross_01,cross_01_c-0.3,incompatible,-0.4248046875,dc0ae0b3685a642e,0.5836190334803358,0.5829895734786987,0.4159318804740906,yes,Yes,0.5728350877761841,3018,1.1072458999988157,0.019420000000536675,6.12585973739624
nf4,nested,paper,qwen_1_5,shrunk,cross_01,cross_01_c-1.0,incompatible,-1.4150390625,ae727051aebcf0bd,0.580201017121022,0.5795665979385376,0.41933995485305786,yes,Yes,0.5676469802856445,3018,1.11370689999967,0.02030659999945783,6.12585973739624
nf4,nested,paper,qwen_1_5,shrunk,tube_02,tube_02_c-0.3,incompatible,-0.30078125,5aa3322bcf3febfd,0.6397136132853977,0.6386735439300537,0.35970062017440796,yes,Yes,0.5545799136161804,3018,1.131927899998118,0.02047409999795491,6.12585973739624
nf4,nested,paper,qwen_1_5,shrunk,tube_02,tube_02_c-1.0,incompatible,-1.0009765625,4b1a4cd0eb4c8462,0.6274749062583335,0.626497745513916,0.37194496393203735,yes,Yes,0.5535444021224976,3018,1.1716330999988713,0.016351400001440197,6.12585973739624
nf4,nested,shape,qwen_1_5,nominal,ellipse_01,ellipse_01,compatible,0.29981020754907156,75e27003ed8ae93a,0.812444411734459,0.8106279969215393,0.18713626265525818,yes,yes,0.4427729845046997,3054,1.1780266999994637,0.02011290000154986,6.1284499168396
nf4,nested,shape,qwen_1_5,nominal,ellipse_02,ellipse_02,compatible,0.299813919484128,9f9a8d122211e70c,0.8124516532576869,0.8105122447013855,0.18710064888000488,yes,yes,0.44267696142196655,3054,1.153458100001444,0.0168803000015032,6.1284499168396
nf4,nested,shape,qwen_1_5,nominal,ellipse_03,ellipse_03,compatible,0.29979681734150887,a7af3e4f5acd5368,0.8299147644595785,0.8281635046005249,0.16972632706165314,yes,Yes,0.42661625146865845,3054,1.1554893000029551,0.01993140000195126,6.1284499168396
nf4,nested,shape,qwen_1_5,nominal,dshape_01,dshape_01,compatible,0.2922746466650832,b78de3844478c00a,0.7657914232066672,0.763858437538147,0.2336173951625824,yes,Yes,0.49435266852378845,3054,1.1419057000020985,0.021385200001532212,6.1284499168396
nf4,nested,shape,qwen_1_5,nominal,dshape_02,dshape_02,compatible,0.2829689679359062,cc9e97894a81d97d,0.7990055406123588,0.7971828579902649,0.20053595304489136,yes,Yes,0.489928275346756,3054,1.131558799999766,0.020917499998176936,6.1284499168396
nf4,nested,shape,qwen_1_5,nominal,dshape_03,dshape_03,compatible,0.2743944415034985,82cedf3b15fd7f3f,0.7870569228963729,0.7851845026016235,0.2124364823102951,yes,Yes,0.4969092905521393,3054,1.1677519000004395,0.020025300000270363,6.1284499168396
nf4,nested,shape,qwen_1_5,nominal,dshape_04,dshape_04,compatible,0.28653652858701567,891cb7eca466fdb3,0.7608212118820503,0.7590315341949463,0.23861616849899292,yes,Yes,0.5449917316436768,3054,1.1312519999992219,0.01735240000198246,6.1284499168396
nf4,nested,shape,qwen_1_5,nominal,cross_01,cross_01,compatible,0.2999096456088586,591efcaba9f53131,0.6967102155963302,0.6953674554824829,0.3027052581310272,yes,Yes,0.6561774015426636,3054,1.1517346000000543,0.01990559999831021,6.1284499168396
nf4,nested,shape,qwen_1_5,nominal,cross_02,cross_02,compatible,0.29990964560885724,15a4d556975d5c0a,0.6941838455263579,0.6926491260528564,0.30514004826545715,yes,Yes,0.6373322010040283,3054,1.1537334000022383,0.020731800002977252,6.1284499168396
nf4,nested,shape,qwen_1_5,nominal,cross_03,cross_03,compatible,0.2999096456088604,f956214ddb54ba0c,0.7052342037183492,0.703672468662262,0.29411303997039795,yes,Yes,0.6361261010169983,3054,1.1771724999998696,0.02182179999726941,6.1284499168396
nf4,nested,shape,qwen_1_5,nominal,cross_04,cross_04,compatible,0.2999096456088599,1f9b43b475da84b7,0.7157800866802635,0.714232861995697,0.28360554575920105,yes,Yes,0.6406987309455872,3054,1.1712673000001814,0.02167379999809782,6.1284499168396
nf4,nested,shape,qwen_1_5,nominal,tube_01,tube_01,compatible,0.29990964560885974,a43db81b2e363361,0.8565227753026243,0.8548969626426697,0.14320488274097443,yes,yes,0.4504299759864807,3054,1.194062300000951,0.02017150000028778,6.1284499168396
nf4,nested,shape,qwen_1_5,nominal,tube_02,tube_02,compatible,0.2999096456088599,4d7dabf0a91e236c,0.8657490790600378,0.8642504215240479,0.13401852548122406,yes,yes,0.5686066746711731,3054,1.1961807999978191,0.019843999998556683,6.1284499168396
nf4,nested,shape,qwen_1_5,nominal,tube_03,tube_03,compatible,0.2999096456088598,20d45a2de9de9aab,0.8652155215107757,0.8637664318084717,0.13455873727798462,yes,yes,0.4450725018978119,3054,1.1812195999991673,0.018609899998409674,6.1284499168396
nf4,nested,shape,qwen_1_5,rotated,ellipse_01,ellipse_01_rot90,compatible,0.29981020754907156,93979c440c6e4314,0.7846122595956851,0.7826797962188721,0.21485725045204163,yes,Yes,0.46341338753700256,3054,1.1909355999996478,0.019739499999559484,6.1284499168396
nf4,nested,shape,qwen_1_5,rotated,ellipse_02,ellipse_02_rot90,compatible,0.299813919484128,8a4618f7e21d67d1,0.777344750107754,0.775276243686676,0.22206276655197144,yes,Yes,0.44429948925971985,3054,1.2002286999995704,0.019069800000579562,6.1284499168396
nf4,nested,shape,qwen_1_5,rotated,ellipse_03,ellipse_03_rot90,compatible,0.29979681734150887,ce4b6011e4b2b3a2,0.7563499128842124,0.7544686198234558,0.24304404854774475,yes,Yes,0.524584949016571,3054,1.1983596999998554,0.020934899999701884,6.1284499168396
nf4,nested,shape,qwen_1_5,rotated,dshape_01,dshape_01_rot90,compatible,0.2922746466650832,12723ddda28cfaa6,0.7848387462706918,0.7829034328460693,0.21463069319725037,yes,Yes,0.5066657066345215,3054,1.1857191000017338,0.022667100001854124,6.1284499168396
nf4,nested,shape,qwen_1_5,rotated,dshape_02,dshape_02_rot90,compatible,0.2829689679359062,fe28a83a456eab4e,0.7872207254201128,0.7854067087173462,0.212288960814476,yes,Yes,0.5688127279281616,3054,1.144070999998803,0.019074299998464994,6.1284499168396
nf4,nested,shape,qwen_1_5,rotated,dshape_03,dshape_03_rot90,compatible,0.2743944415034985,c889c3af12753d89,0.7936722209596838,0.7918531894683838,0.2058548927307129,yes,Yes,0.5400362610816956,3054,1.1759416999993846,0.01788519999900018,6.1284499168396
nf4,nested,shape,qwen_1_5,rotated,dshape_04,dshape_04_rot90,compatible,0.28653652858701567,602049c59e292069,0.7769704457295029,0.7753033638000488,0.22255101799964905,yes,Yes,0.6063333749771118,3054,1.1866448000000673,0.01968029999989085,6.1284499168396
nf4,nested,shape,qwen_1_5,rotated,cross_04,cross_04_rot90,compatible,0.2999096456088599,8715cb01d1f51794,0.7053511114849693,0.7037180662155151,0.29396671056747437,yes,Yes,0.6291928291320801,3054,1.1242687000012666,0.01824780000242754,6.1284499168396
nf4,nested,shape,qwen_1_5,clear_neg,ellipse_01,dshape_03,incompatible,-2.0,767343f100d48dec,0.7866999169638981,0.784644603729248,0.21274282038211823,yes,yes,0.40718206763267517,3054,1.1204333000023325,0.01868020000256365,6.1284499168396
nf4,nested,shape,qwen_1_5,clear_neg,ellipse_02,tube_03,incompatible,-2.0,1291cd55fcabf96f,0.8319426127587505,0.8301745653152466,0.16770023107528687,yes,yes,0.45669791102409363,3054,1.143203399999038,0.018689600001380313,6.1284499168396
nf4,nested,shape,qwen_1_5,clear_neg,ellipse_03,tube_01,incompatible,-2.0,942fa757b26c2755,0.8239567806875312,0.8221821188926697,0.1756640523672104,yes,Yes,0.42035526037216187,3054,1.1790728999985731,0.020905099998344667,6.1284499168396
nf4,nested,shape,qwen_1_5,clear_neg,dshape_01,tube_02,incompatible,-2.0,27597f7f0615bc81,0.8088286426430783,0.8069313764572144,0.19072292745113373,yes,yes,0.4093627333641052,3054,1.145507599998382,0.01765940000041155,6.1284499168396
nf4,nested,shape,qwen_1_5,clear_neg,dshape_02,tube_03,incompatible,-2.0,359e1562489e9ce3,0.8069844119856633,0.8052256107330322,0.19259491562843323,yes,Yes,0.45229700207710266,3054,1.111370499998884,0.021476800000527874,6.1284499168396
nf4,nested,shape,qwen_1_5,clear_neg,dshape_03,tube_01,incompatible,-2.0,557a696d832a2c67,0.7802202894608548,0.7782413959503174,0.2192222774028778,yes,Yes,0.46078765392303467,3054,1.1042534000007436,0.018450200001097983,6.1284499168396
nf4,nested,shape,qwen_1_5,clear_neg,dshape_04,tube_01,incompatible,-2.0,34f9501a77f01d1f,0.7931652590437445,0.7912566661834717,0.20633703470230103,yes,Yes,0.4714980721473694,3054,1.0965374000006705,0.018846499999199295,6.1284499168396
nf4,nested,shape,qwen_1_5,clear_neg,cross_01,tube_03,incompatible,-2.0,5e65821fc1494b07,0.7249564482968202,0.7229707837104797,0.27429020404815674,yes,Yes,0.5002822279930115,3054,1.0648206000005302,0.017328800000541378,6.1284499168396
nf4,nested,shape,qwen_1_5,clear_neg,cross_02,ellipse_01,incompatible,-2.0,5e2692dab5b1beb8,0.6226244158823669,0.620639443397522,0.3761724829673767,yes,Yes,0.4917171597480774,3054,1.0713362999995297,0.02022699999724864,6.1284499168396
nf4,nested,shape,qwen_1_5,clear_neg,cross_03,tube_01,incompatible,-2.0,41b7576f78d5720f,0.7090827516270111,0.7067489624023438,0.28995975852012634,yes,Yes,0.4622776210308075,3054,1.1010129999995115,0.02064790000076755,6.1284499168396
nf4,nested,shape,qwen_1_5,clear_neg,cross_04,dshape_03,incompatible,-2.0,ade8041ee1c632c9,0.5834501385937615,0.5816140174865723,0.41523897647857666,yes,Yes,0.45926031470298767,3054,1.0973836000011943,0.014804400001594331,6.1284499168396
nf4,nested,shape,qwen_1_5,clear_neg,tube_01,cross_01,incompatible,-2.0,688144c3df251c3c,0.7632070528249238,0.7610710263252258,0.2361302226781845,yes,Yes,0.5188589692115784,3054,1.111387700002524,0.01971600000251783,6.1284499168396
nf4,nested,shape,qwen_1_5,clear_neg,tube_02,cross_01,incompatible,-2.0,9dfc926ceb6e2d66,0.766960165045862,0.764824628829956,0.23239095509052277,yes,Yes,0.481090784072876,3054,1.0724331999990682,0.020235899999534013,6.1284499168396
nf4,nested,shape,qwen_1_5,clear_neg,tube_03,cross_04,incompatible,-2.0,1c0b91fe3b72e9d5,0.7738456724679631,0.7721473574638367,0.22565799951553345,yes,Yes,0.5592023730278015,3054,1.090990900000179,0.015036799999506911,6.1284499168396
nf4,nested,shape,qwen_1_5,hard_neg,cross_03,cross_04,incompatible,-0.7001953125,528023385247be33,0.7117111498456413,0.7101148366928101,0.287642240524292,yes,Yes,0.6390054821968079,3054,1.0594810000002326,0.018077000000630505,6.1284499168396
nf4,nested,shape,qwen_1_5,hard_neg,cross_04,cross_01,incompatible,-0.2001953125,83f43c863c9d4514,0.6938863095761633,0.6924152374267578,0.3054647147655487,yes,Yes,0.6458876729011536,3054,1.049013500000001,0.020558899999741698,6.1284499168396
nf4,nested,shape,qwen_1_5,hard_neg,tube_01,tube_03,incompatible,-1.7001953125,37bfe00eeed5cef5,0.8651128240641299,0.8635817766189575,0.13464845716953278,yes,yes,0.48178720474243164,3054,1.0692029999991064,0.019298399998660898,6.1284499168396
nf4,nested,shape,qwen_1_5,hard_neg,cross_02,cross_03,incompatible,-1.9365234375,21f9bf4a8017c21c,0.7017251591730307,0.7002785205841064,0.2976599335670471,yes,Yes,0.6402706503868103,3054,1.075160500000493,0.013917399999627378,6.1284499168396
nf4,nested,shape,qwen_1_5,hard_neg,dshape_01,dshape_03,incompatible,-1.912109375,2a747b3bf4ac9c31,0.7862441978557574,0.7842319011688232,0.21320872008800507,yes,Yes,0.431354284286499,3054,1.0777637000028335,0.016595600001892308,6.1284499168396
nf4,nested,shape,qwen_1_5,hard_neg,tube_03,tube_01,incompatible,-1.7001953125,6f170d550ae9e4c6,0.8564837465325561,0.8549425601959229,0.1432580053806305,yes,yes,0.43049758672714233,3054,1.0551135999994585,0.01731840000138618,6.1284499168396
nf4,nested,shape,qwen_1_5,hard_neg,ellipse_01,ellipse_02,incompatible,-0.7001953125,42d5d883f8ee78f5,0.8158506734605981,0.8139854669570923,0.18372832238674164,yes,yes,0.44144147634506226,3054,1.0430926000008185,0.016177600002265535,6.1284499168396
nf4,nested,shape,qwen_1_5,hard_neg,dshape_02,dshape_03,incompatible,-0.7529296875,43758b88d5a7133d,0.7962419136287598,0.7943624258041382,0.203277125954628,yes,Yes,0.479313462972641,3054,1.0672440999987884,0.0183513000010862,6.1284499168396
nf4,nested,shape,qwen_1_5,hard_neg,tube_01,tube_02,incompatible,-1.2001953125,467bff81ce223648,0.8664320744128882,0.8649266958236694,0.13333585858345032,yes,yes,0.5219464898109436,3054,1.063127399997029,0.021675500000128523,6.1284499168396
nf4,nested,shape,qwen_1_5,hard_neg,tube_03,tube_02,incompatible,-1.7001953125,ca55c55562845bd5,0.8727188386485227,0.8713148832321167,0.1270764023065567,yes,yes,0.5225975513458252,3054,1.0568168999998306,0.019240699999500066,6.1284499168396
nf4,nested,shape,qwen_1_5,hard_neg,cross_04,cross_03,incompatible,-1.7001953125,231be3df731d5990,0.705586409744196,0.7040754556655884,0.29378312826156616,yes,Yes,0.637446939945221,3054,1.0733825000024808,0.016761000002588844,6.1284499168396
nf4,nested,shape,qwen_1_5,hard_neg,cross_02,cross_01,incompatible,-1.2001953125,f8891c97a35b0f7e,0.6831865501623465,0.6817634701728821,0.31615352630615234,yes,Yes,0.6409851908683777,3054,1.0658237999996345,0.015636399999493733,6.1284499168396
nf4,nested,shape,qwen_1_5,shrunk,cross_03,cross_03_c-0.3,incompatible,-0.4248046875,edc60efc09614fae,0.7043309745612711,0.7027713656425476,0.29501432180404663,yes,Yes,0.6407682299613953,3054,1.0394965999985288,0.016755500000726897,6.1284499168396
nf4,nested,shape,qwen_1_5,shrunk,cross_03,cross_03_c-1.0,incompatible,-1.4150390625,78029a92a641417a,0.7154293352621833,0.7137624025344849,0.28390762209892273,yes,Yes,0.6327420473098755,3054,1.0352940000011586,0.01567580000119051,6.1284499168396
nf4,nested,shape,qwen_1_5,shrunk,dshape_03,dshape_03_c-0.3,incompatible,-0.3623046875,d75e5f835a71d93c,0.7770142910168422,0.7752238512039185,0.22247189283370972,yes,Yes,0.5416277050971985,3054,1.0064262999985658,0.01937079999697744,6.1284499168396
nf4,nested,shape,qwen_1_5,shrunk,dshape_03,dshape_03_c-1.0,incompatible,-1.220703125,d77fbd5ac89b46a3,0.7748550679707792,0.7729989290237427,0.22460560500621796,yes,Yes,0.5323692560195923,3054,1.0377522000017052,0.024032000001170672,6.1284499168396
nf4,nested,shape,qwen_1_5,shrunk,cross_01,cross_01_c-0.3,incompatible,-0.4248046875,dc0ae0b3685a642e,0.6892764745847789,0.6881790161132812,0.31022879481315613,yes,Yes,0.6593692302703857,3054,1.0325054999993881,0.024537400000554044,6.1284499168396
nf4,nested,shape,qwen_1_5,shrunk,cross_01,cross_01_c-1.0,incompatible,-1.4150390625,ae727051aebcf0bd,0.6965662751823347,0.6954491138458252,0.302947074174881,yes,Yes,0.6606835126876831,3054,1.0426723999989918,0.021459300001879456,6.1284499168396
nf4,nested,shape,qwen_1_5,shrunk,tube_02,tube_02_c-0.3,incompatible,-0.30078125,5aa3322bcf3febfd,0.8757909143043798,0.8743752241134644,0.12400830537080765,yes,yes,0.5470752716064453,3054,1.0429207000015595,0.021276300001773052,6.1284499168396
nf4,nested,shape,qwen_1_5,shrunk,tube_02,tube_02_c-1.0,incompatible,-1.0009765625,4b1a4cd0eb4c8462,0.8711085922127523,0.869686484336853,0.1286809891462326,yes,yes,0.5018694400787354,3054,1.04892579999796,0.024673399999301182,6.1284499168396
nf4,nested,paper_v1,qwen_1_5,nominal,ellipse_01,ellipse_01,compatible,0.29981020754907156,75e27003ed8ae93a,0.674974101928864,0.6727836728096008,0.32397112250328064,yes,Yes,0.38799378275871277,1526,0.5614231999970798,0.008739799999602837,5.967661380767822
nf4,nested,paper_v1,qwen_1_5,nominal,ellipse_02,ellipse_02,compatible,0.299813919484128,9f9a8d122211e70c,0.6325785232907887,0.6303908824920654,0.366150826215744,yes,Yes,0.4144374132156372,1526,0.6021928999980446,0.009908899999572895,5.967661380767822
nf4,nested,paper_v1,qwen_1_5,nominal,ellipse_03,ellipse_03,compatible,0.29979681734150887,a7af3e4f5acd5368,0.6808752743366413,0.6788533926010132,0.31817707419395447,yes,Yes,0.37855270504951477,1526,0.602273000000423,0.007981299997481983,5.967661380767822
nf4,nested,paper_v1,qwen_1_5,nominal,dshape_01,dshape_01,compatible,0.2922746466650832,b78de3844478c00a,0.5918479599798459,0.5896594524383545,0.4066427946090698,yes,Yes,0.33997422456741333,1526,0.6092685000003257,0.009424799998669187,5.967661380767822
nf4,nested,paper_v1,qwen_1_5,nominal,dshape_02,dshape_02,compatible,0.2829689679359062,cc9e97894a81d97d,0.5874688679289315,0.5851805806159973,0.4109242558479309,yes,Yes,0.30578967928886414,1526,0.6001591999993252,0.011075300000811694,5.967661380767822
nf4,nested,paper_v1,qwen_1_5,nominal,dshape_03,dshape_03,compatible,0.2743944415034985,82cedf3b15fd7f3f,0.5920026271983727,0.5896780490875244,0.4063953161239624,yes,Yes,0.34890419244766235,1526,0.6108865000023798,0.00951569999961066,5.967661380767822
nf4,nested,paper_v1,qwen_1_5,nominal,dshape_04,dshape_04,compatible,0.28653652858701567,891cb7eca466fdb3,0.5982440497129973,0.5960192680358887,0.40026187896728516,yes,Yes,0.329947292804718,1526,0.5953741000012087,0.010861499999009538,5.967661380767822
nf4,nested,paper_v1,qwen_1_5,nominal,cross_01,cross_01,compatible,0.2999096456088586,591efcaba9f53131,0.6204174112654526,0.6186686754226685,0.3785126805305481,yes,Yes,0.5253012776374817,1526,0.5910418999992544,0.009514199999102857,5.967661380767822
nf4,nested,paper_v1,qwen_1_5,nominal,cross_02,cross_02,compatible,0.29990964560885724,15a4d556975d5c0a,0.6320421844772793,0.6301684975624084,0.3668670058250427,yes,Yes,0.5272448658943176,1526,0.5786559999978635,0.009933199999068165,5.967661380767822
nf4,nested,paper_v1,qwen_1_5,nominal,cross_03,cross_03,compatible,0.2999096456088604,f956214ddb54ba0c,0.6437566771923254,0.6417471170425415,0.35513126850128174,yes,Yes,0.5225343704223633,1526,0.5841424999998708,0.011631400000624126,5.967661380767822
nf4,nested,paper_v1,qwen_1_5,nominal,cross_04,cross_04,compatible,0.2999096456088599,1f9b43b475da84b7,0.6519620367021287,0.6497771739959717,0.34687161445617676,yes,Yes,0.4841606914997101,1526,0.5782501000030607,0.009830599999986589,5.967661380767822
nf4,nested,paper_v1,qwen_1_5,nominal,tube_01,tube_01,compatible,0.29990964560885974,a43db81b2e363361,0.6787684654272236,0.6765726208686829,0.3201923370361328,yes,yes,0.35100823640823364,1526,0.5760974000004353,0.01337739999871701,5.967661380767822
nf4,nested,paper_v1,qwen_1_5,nominal,tube_02,tube_02,compatible,0.2999096456088599,4d7dabf0a91e236c,0.662146854010689,0.6600813865661621,0.3367992639541626,yes,Yes,0.35021546483039856,1526,0.5787127000003238,0.01014239999858546,5.967661380767822
nf4,nested,paper_v1,qwen_1_5,nominal,tube_03,tube_03,compatible,0.2999096456088598,20d45a2de9de9aab,0.6782610421617857,0.676215410232544,0.3207685947418213,yes,Yes,0.3482503294944763,1526,0.5642523999995319,0.009463699996558717,5.967661380767822
nf4,nested,paper_v1,qwen_1_5,rotated,ellipse_01,ellipse_01_rot90,compatible,0.29981020754907156,93979c440c6e4314,0.680449086311145,0.6782293915748596,0.318508505821228,yes,Yes,0.39375001192092896,1526,0.5723474999977043,0.012184299997898052,5.967661380767822
nf4,nested,paper_v1,qwen_1_5,rotated,ellipse_02,ellipse_02_rot90,compatible,0.299813919484128,8a4618f7e21d67d1,0.6544845356186023,0.6524033546447754,0.3444167673587799,yes,Yes,0.4197540581226349,1526,0.5686940000014147,0.009242100000847131,5.967661380767822
nf4,nested,paper_v1,qwen_1_5,rotated,ellipse_03,ellipse_03_rot90,compatible,0.29979681734150887,ce4b6011e4b2b3a2,0.6869230906055531,0.6848053336143494,0.3121117055416107,yes,Yes,0.3765604794025421,1526,0.5651069999985339,0.01217719999840483,5.967661380767822
nf4,nested,paper_v1,qwen_1_5,rotated,dshape_01,dshape_01_rot90,compatible,0.2922746466650832,12723ddda28cfaa6,0.6022027707623239,0.6000720262527466,0.3963897228240967,yes,Yes,0.3751400411128998,1526,0.5641649999997753,0.008961699997598771,5.967661380767822
nf4,nested,paper_v1,qwen_1_5,rotated,dshape_02,dshape_02_rot90,compatible,0.2829689679359062,fe28a83a456eab4e,0.5959550321698097,0.5937771797180176,0.40256842970848083,yes,Yes,0.34914758801460266,1526,0.5569928000004438,0.008661800002300879,5.967661380767822
nf4,nested,paper_v1,qwen_1_5,rotated,dshape_03,dshape_03_rot90,compatible,0.2743944415034985,c889c3af12753d89,0.6054683412155024,0.6031522750854492,0.39302247762680054,yes,Yes,0.3362317383289337,1526,0.5601131000003079,0.01134230000025127,5.967661380767822
nf4,nested,paper_v1,qwen_1_5,rotated,dshape_04,dshape_04_rot90,compatible,0.28653652858701567,602049c59e292069,0.6006466274554956,0.5984148979187012,0.3978695571422577,yes,Yes,0.35409411787986755,1526,0.5525407999994059,0.009514299999864306,5.967661380767822
nf4,nested,paper_v1,qwen_1_5,rotated,cross_04,cross_04_rot90,compatible,0.2999096456088599,8715cb01d1f51794,0.646894451260115,0.6447687149047852,0.3519452214241028,yes,Yes,0.4934485852718353,1526,0.5476957999999286,0.010107999998581363,5.967661380767822
nf4,nested,paper_v1,qwen_1_5,clear_neg,ellipse_01,dshape_03,incompatible,-2.0,767343f100d48dec,0.6602646424680472,0.6579442024230957,0.3385413885116577,yes,Yes,0.3540896475315094,1526,0.5417257999979483,0.01179509999928996,5.967661380767822
nf4,nested,paper_v1,qwen_1_5,clear_neg,ellipse_02,tube_03,incompatible,-2.0,1291cd55fcabf96f,0.6662851837140329,0.6640759110450745,0.33260828256607056,yes,yes,0.3600221872329712,1526,0.5589293999983056,0.01118750000023283,5.967661380767822
nf4,nested,paper_v1,qwen_1_5,clear_neg,ellipse_03,tube_01,incompatible,-2.0,942fa757b26c2755,0.6839092006863312,0.6817041039466858,0.31507164239883423,yes,yes,0.3563636839389801,1526,0.5597259999995003,0.01086819999909494,5.967661380767822
nf4,nested,paper_v1,qwen_1_5,clear_neg,dshape_01,tube_02,incompatible,-2.0,27597f7f0615bc81,0.6199016284144391,0.6178127527236938,0.3788175582885742,yes,yes,0.3157094419002533,1526,0.5818026000015379,0.008791899999778252,5.967661380767822
nf4,nested,paper_v1,qwen_1_5,clear_neg,dshape_02,tube_03,incompatible,-2.0,359e1562489e9ce3,0.6030855232910303,0.6009315252304077,0.39549684524536133,yes,yes,0.3488059937953949,1526,0.5954878000011377,0.009080800002266187,5.967661380767822
nf4,nested,paper_v1,qwen_1_5,clear_neg,dshape_03,tube_01,incompatible,-2.0,557a696d832a2c67,0.6018929973469104,0.5996353626251221,0.396613746881485,yes,Yes,0.3040206730365753,1526,0.5870924999981071,0.009215499998390442,5.967661380767822
nf4,nested,paper_v1,qwen_1_5,clear_neg,dshape_04,tube_01,incompatible,-2.0,34f9501a77f01d1f,0.6081946678518809,0.6060150265693665,0.3904011845588684,yes,Yes,0.3190775513648987,1526,0.5712660999997752,0.00906379999651108,5.967661380767822
nf4,nested,paper_v1,qwen_1_5,clear_neg,cross_01,tube_03,incompatible,-2.0,5e65821fc1494b07,0.5805611673888929,0.5787311792373657,0.4181167185306549,yes,Yes,0.41717928647994995,1526,0.5554980999986583,0.01209970000127214,5.967661380767822
nf4,nested,paper_v1,qwen_1_5,clear_neg,cross_02,ellipse_01,incompatible,-2.0,5e2692dab5b1beb8,0.5793607809799743,0.5775766372680664,0.41934385895729065,yes,Yes,0.4575375020503998,1526,0.5550851999978477,0.011781599998357706,5.967661380767822
nf4,nested,paper_v1,qwen_1_5,clear_neg,cross_03,tube_01,incompatible,-2.0,41b7576f78d5720f,0.591202980408852,0.5891768932342529,0.4073960483074188,yes,Yes,0.4441629946231842,1526,0.5480548000014096,0.011663500001304783,5.967661380767822
nf4,nested,paper_v1,qwen_1_5,clear_neg,cross_04,dshape_03,incompatible,-2.0,ade8041ee1c632c9,0.5270744933419143,0.5254011154174805,0.47142404317855835,yes,Yes,0.42269977927207947,1526,0.5481842000008328,0.011613099999522092,5.967661380767822
nf4,nested,paper_v1,qwen_1_5,clear_neg,tube_01,cross_01,incompatible,-2.0,688144c3df251c3c,0.6536807748293068,0.6512651443481445,0.345039427280426,yes,Yes,0.3554363548755646,1526,0.5491260999988299,0.008925199999794131,5.967661380767822
nf4,nested,paper_v1,qwen_1_5,clear_neg,tube_02,cross_01,incompatible,-2.0,9dfc926ceb6e2d66,0.6521863821194319,0.6498798131942749,0.3465835154056549,yes,Yes,0.40859606862068176,1526,0.5387375999998767,0.010115400000358932,5.967661380767822
nf4,nested,paper_v1,qwen_1_5,clear_neg,tube_03,cross_04,incompatible,-2.0,1c0b91fe3b72e9d5,0.674451791806067,0.6721450090408325,0.324434757232666,yes,Yes,0.34598249197006226,1526,0.5306760999992548,0.011779099997511366,5.967661380767822
nf4,nested,paper_v1,qwen_1_5,hard_neg,cross_03,cross_04,incompatible,-0.7001953125,528023385247be33,0.6422770151703199,0.6401818990707397,0.35655608773231506,yes,Yes,0.5037583708763123,1526,0.5341197999987344,0.014068699998460943,5.967661380767822
nf4,nested,paper_v1,qwen_1_5,hard_neg,cross_04,cross_01,incompatible,-0.2001953125,83f43c863c9d4514,0.6305627703375759,0.6285756230354309,0.368272989988327,yes,Yes,0.5057710409164429,1526,0.5407804000024043,0.013093700003082631,5.967661380767822
nf4,nested,paper_v1,qwen_1_5,hard_neg,tube_01,tube_03,incompatible,-1.7001953125,37bfe00eeed5cef5,0.6806974616923317,0.67852383852005,0.31828293204307556,yes,yes,0.3757207691669464,1526,0.5298394999990705,0.010062499997729901,5.967661380767822
nf4,nested,paper_v1,qwen_1_5,hard_neg,cross_02,cross_03,incompatible,-1.9365234375,21f9bf4a8017c21c,0.6401709555261125,0.6382340788841248,0.35874035954475403,yes,Yes,0.5270286202430725,1526,0.5243866000018897,0.00888670000131242,5.967661380767822
nf4,nested,paper_v1,qwen_1_5,hard_neg,dshape_01,dshape_03,incompatible,-1.912109375,2a747b3bf4ac9c31,0.5870987193413436,0.5849171876907349,0.4113670289516449,yes,Yes,0.3634907305240631,1526,0.5487389999980223,0.009698999998363433,5.967661380767822
nf4,nested,paper_v1,qwen_1_5,hard_neg,tube_03,tube_01,incompatible,-1.7001953125,6f170d550ae9e4c6,0.6700046607598489,0.6679518818855286,0.3289842903614044,yes,Yes,0.375041127204895,1526,0.5510781000011775,0.011859400001412723,5.967661380767822
nf4,nested,paper_v1,qwen_1_5,hard_neg,ellipse_01,ellipse_02,incompatible,-0.7001953125,42d5d883f8ee78f5,0.6556436087252808,0.6534376740455627,0.3431977927684784,yes,Yes,0.4156515896320343,1526,0.5501002999990305,0.00901509999675909,5.967661380767822
nf4,nested,paper_v1,qwen_1_5,hard_neg,dshape_02,dshape_03,incompatible,-0.7529296875,43758b88d5a7133d,0.5870179776335823,0.584713339805603,0.41136065125465393,yes,Yes,0.3348765969276428,1526,0.5718409000000975,0.0098762000015995,5.967661380767822
nf4,nested,paper_v1,qwen_1_5,hard_neg,tube_01,tube_02,incompatible,-1.2001953125,467bff81ce223648,0.6769173368969329,0.6747969388961792,0.3220706284046173,yes,yes,0.36845141649246216,1526,0.5685193999997864,0.012292600000364473,5.967661380767822
nf4,nested,paper_v1,qwen_1_5,hard_neg,tube_03,tube_02,incompatible,-1.7001953125,ca55c55562845bd5,0.6665859605925392,0.6646053194999695,0.3324233591556549,yes,Yes,0.35778436064720154,1526,0.5700555999974313,0.009898799999064067,5.967661380767822
nf4,nested,paper_v1,qwen_1_5,hard_neg,cross_04,cross_03,incompatible,-1.7001953125,231be3df731d5990,0.6502535718289258,0.6481053829193115,0.34859099984169006,yes,Yes,0.49779143929481506,1526,0.5632283999984793,0.010811399999511195,5.967661380767822
nf4,nested,paper_v1,qwen_1_5,hard_neg,cross_02,cross_01,incompatible,-1.2001953125,f8891c97a35b0f7e,0.6235575956893539,0.6217724680900574,0.3753647208213806,yes,Yes,0.5291323661804199,1526,0.5707265000019106,0.012647700001252815,5.967661380767822
nf4,nested,paper_v1,qwen_1_5,shrunk,cross_03,cross_03_c-0.3,incompatible,-0.4248046875,edc60efc09614fae,0.6196902378552097,0.618098795413971,0.3793330788612366,yes,Yes,0.5586282014846802,1526,0.5902722000028007,0.012192400001367787,5.967661380767822
nf4,nested,paper_v1,qwen_1_5,shrunk,cross_03,cross_03_c-1.0,incompatible,-1.4150390625,78029a92a641417a,0.6391064155769342,0.6372008919715881,0.3598175644874573,yes,Yes,0.5275903940200806,1526,0.5974569000027259,0.011740199999621836,5.967661380767822
nf4,nested,paper_v1,qwen_1_5,shrunk,dshape_03,dshape_03_c-0.3,incompatible,-0.3623046875,d75e5f835a71d93c,0.5891682665858958,0.5868886709213257,0.4092421531677246,yes,Yes,0.349460244178772,1526,0.5813459000019066,0.013309700003446778,5.967661380767822
nf4,nested,paper_v1,qwen_1_5,shrunk,dshape_03,dshape_03_c-1.0,incompatible,-1.220703125,d77fbd5ac89b46a3,0.5943310682495236,0.592006504535675,0.4040822684764862,yes,Yes,0.33226993680000305,1526,0.5926542000015615,0.008913600002415478,5.967661380767822
nf4,nested,paper_v1,qwen_1_5,shrunk,cross_01,cross_01_c-0.3,incompatible,-0.4248046875,dc0ae0b3685a642e,0.629565818789468,0.6277614831924438,0.36937251687049866,yes,Yes,0.5127037763595581,1526,0.5770628999998735,0.010118900001543807,5.967661380767822
nf4,nested,paper_v1,qwen_1_5,shrunk,cross_01,cross_01_c-1.0,incompatible,-1.4150390625,ae727051aebcf0bd,0.6306973391987731,0.6289385557174683,0.3682728111743927,yes,Yes,0.512225329875946,1526,0.5855995999991137,0.012442700000974583,5.967661380767822
nf4,nested,paper_v1,qwen_1_5,shrunk,tube_02,tube_02_c-0.3,incompatible,-0.30078125,5aa3322bcf3febfd,0.6679468904242221,0.6658967733383179,0.33103394508361816,yes,Yes,0.35849201679229736,1526,0.5704225000008591,0.010655699999915669,5.967661380767822
nf4,nested,paper_v1,qwen_1_5,shrunk,tube_02,tube_02_c-1.0,incompatible,-1.0009765625,4b1a4cd0eb4c8462,0.7044440496877065,0.7024790048599243,0.2947314977645874,yes,yes,0.37547004222869873,1526,0.5751147999981185,0.009812299998884555,5.967661380767822
nf4,nested,paper,hf,nominal,ellipse_01,ellipse_01,compatible,0.29981020754907156,75e27003ed8ae93a,0.7081008465883807,0.7068222761154175,0.2913720905780792,yes,Yes,0.5206834673881531,3004,1.05589979999786,0.017148899998574052,6.123560905456543
nf4,nested,paper,hf,nominal,ellipse_02,ellipse_02,compatible,0.299813919484128,9f9a8d122211e70c,0.6892481832702936,0.6879073977470398,0.31014731526374817,yes,Yes,0.5046310424804688,3004,1.0595900000007532,0.015491300000576302,6.123560905456543
nf4,nested,paper,hf,nominal,ellipse_03,ellipse_03,compatible,0.29979681734150887,a7af3e4f5acd5368,0.726104756606617,0.7249181270599365,0.2734476327896118,yes,Yes,0.5251207947731018,3004,1.057911599997169,0.018609499999001855,6.123560905456543
nf4,nested,paper,hf,nominal,dshape_01,dshape_01,compatible,0.2922746466650832,b78de3844478c00a,0.6455559867305071,0.6443637609481812,0.35378941893577576,yes,Yes,0.5279800295829773,3004,1.0578127000007953,0.016489500001625856,6.123560905456543
nf4,nested,paper,hf,nominal,dshape_02,dshape_02,compatible,0.2829689679359062,cc9e97894a81d97d,0.6495599875305913,0.6483119130134583,0.34976667165756226,yes,Yes,0.5312025547027588,3004,1.0591152000015427,0.017687100000330247,6.123560905456543
nf4,nested,paper,hf,nominal,dshape_03,dshape_03,compatible,0.2743944415034985,82cedf3b15fd7f3f,0.6451321713287476,0.6439562439918518,0.354220986366272,yes,Yes,0.5390578508377075,3004,1.0513452000013785,0.020801300001039635,6.123560905456543
nf4,nested,paper,hf,nominal,dshape_04,dshape_04,compatible,0.28653652858701567,891cb7eca466fdb3,0.6339413112299321,0.632744312286377,0.36536750197410583,yes,Yes,0.5241842865943909,3004,1.053818799999135,0.019720699998288183,6.123560905456543
nf4,nested,paper,hf,nominal,cross_01,cross_01,compatible,0.2999096456088586,591efcaba9f53131,0.6645717529496787,0.6632956862449646,0.3347841799259186,yes,Yes,0.5538141131401062,3004,1.045487499999581,0.021680400001059752,6.123560905456543
nf4,nested,paper,hf,nominal,cross_02,cross_02,compatible,0.29990964560885724,15a4d556975d5c0a,0.6621687808783828,0.6610221862792969,0.33724623918533325,yes,Yes,0.5739911198616028,3004,1.0540803000003507,0.016163899999810383,6.123560905456543
nf4,nested,paper,hf,nominal,cross_03,cross_03,compatible,0.2999096456088604,f956214ddb54ba0c,0.6301990325267632,0.6290106773376465,0.36910364031791687,yes,Yes,0.5472913980484009,3004,1.0543182000001252,0.015356899999460438,6.123560905456543
nf4,nested,paper,hf,nominal,cross_04,cross_04,compatible,0.2999096456088599,1f9b43b475da84b7,0.6385777982570484,0.6373663544654846,0.36073654890060425,yes,Yes,0.5439220070838928,3004,1.0470824000003631,0.017148499999166233,6.123560905456543
nf4,nested,paper,hf,nominal,tube_01,tube_01,compatible,0.29990964560885974,a43db81b2e363361,0.7404749694070132,0.7390825748443604,0.2590370178222656,yes,Yes,0.47312283515930176,3004,1.0692967000031786,0.01734770000257413,6.123560905456543
nf4,nested,paper,hf,nominal,tube_02,tube_02,compatible,0.2999096456088599,4d7dabf0a91e236c,0.7296187823387659,0.7282217741012573,0.2698635160923004,yes,Yes,0.4765332341194153,3004,1.0851527999984683,0.015045000000100117,6.123560905456543
nf4,nested,paper,hf,nominal,tube_03,tube_03,compatible,0.2999096456088598,20d45a2de9de9aab,0.7221255994052141,0.7208482623100281,0.27738288044929504,yes,Yes,0.5037077069282532,3004,1.033988600000157,0.02175390000047628,6.123560905456543
nf4,nested,paper,hf,rotated,ellipse_01,ellipse_01_rot90,compatible,0.29981020754907156,93979c440c6e4314,0.6842355472121978,0.6830054521560669,0.31519678235054016,yes,Yes,0.5249595046043396,3004,1.0388925000006566,0.015394400001241593,6.123560905456543
nf4,nested,paper,hf,rotated,ellipse_02,ellipse_02_rot90,compatible,0.299813919484128,8a4618f7e21d67d1,0.678915107602259,0.677588939666748,0.32045769691467285,yes,Yes,0.49294042587280273,3004,1.0391173999996681,0.015223999998852378,6.123560905456543
nf4,nested,paper,hf,rotated,ellipse_03,ellipse_03_rot90,compatible,0.29979681734150887,ce4b6011e4b2b3a2,0.6937262979310992,0.6925731897354126,0.3057646155357361,yes,Yes,0.532333493232727,3004,1.0494193000013183,0.020458000002690824,6.123560905456543
nf4,nested,paper,hf,rotated,dshape_01,dshape_01_rot90,compatible,0.2922746466650832,12723ddda28cfaa6,0.6553841375155718,0.654220461845398,0.34400397539138794,yes,Yes,0.5390378832817078,3004,1.0417689999994764,0.022152199999254663,6.123560905456543
nf4,nested,paper,hf,rotated,dshape_02,dshape_02_rot90,compatible,0.2829689679359062,fe28a83a456eab4e,0.6644241323257695,0.6631617546081543,0.33493828773498535,yes,Yes,0.530641496181488,3004,1.0495480999998108,0.017390799999702722,6.123560905456543
nf4,nested,paper,hf,rotated,dshape_03,dshape_03_rot90,compatible,0.2743944415034985,c889c3af12753d89,0.6451613134381835,0.6439657211303711,0.35418111085891724,yes,Yes,0.533480167388916,3004,1.0902179000004253,0.015670299999328563,6.123560905456543
nf4,nested,paper,hf,rotated,dshape_04,dshape_04_rot90,compatible,0.28653652858701567,602049c59e292069,0.6471187364632892,0.6459285616874695,0.3522322475910187,yes,Yes,0.5379270911216736,3004,1.1141650999998092,0.018623500000103377,6.123560905456543
nf4,nested,paper,hf,rotated,cross_04,cross_04_rot90,compatible,0.2999096456088599,8715cb01d1f51794,0.6491268600053095,0.6478912830352783,0.35020527243614197,yes,Yes,0.551642894744873,3004,1.09364160000041,0.02316680000149063,6.123560905456543
nf4,nested,paper,hf,clear_neg,ellipse_01,dshape_03,incompatible,-2.0,767343f100d48dec,0.684620945533646,0.6835160255432129,0.31487005949020386,yes,Yes,0.553649365901947,3004,1.0636807999981102,0.023443999998562504,6.123560905456543
nf4,nested,paper,hf,clear_neg,ellipse_02,tube_03,incompatible,-2.0,1291cd55fcabf96f,0.6904882561085725,0.6891511082649231,0.30891236662864685,yes,Yes,0.4815443754196167,3004,1.0891942999987805,0.018684900001971982,6.123560905456543
nf4,nested,paper,hf,clear_neg,ellipse_03,tube_01,incompatible,-2.0,942fa757b26c2755,0.732742288511824,0.731474757194519,0.26679539680480957,yes,Yes,0.49646997451782227,3004,1.1058171999975457,0.022302299999864772,6.123560905456543
nf4,nested,paper,hf,clear_neg,dshape_01,tube_02,incompatible,-2.0,27597f7f0615bc81,0.6877371389725536,0.686337947845459,0.3116275668144226,yes,Yes,0.48402872681617737,3004,1.0867600999990827,0.01938449999943259,6.123560905456543
nf4,nested,paper,hf,clear_neg,dshape_02,tube_03,incompatible,-2.0,359e1562489e9ce3,0.6767650942335154,0.6755114793777466,0.3226361572742462,yes,Yes,0.5154148936271667,3004,1.0914435999984562,0.01842910000050324,6.123560905456543
nf4,nested,paper,hf,clear_neg,dshape_03,tube_01,incompatible,-2.0,557a696d832a2c67,0.6696507524448906,0.6684025526046753,0.3297334909439087,yes,Yes,0.5210201740264893,3004,1.0739279000008537,0.018597900001623202,6.123560905456543
nf4,nested,paper,hf,clear_neg,dshape_04,tube_01,incompatible,-2.0,34f9501a77f01d1f,0.6688706327904221,0.6675606966018677,0.3304808735847473,yes,Yes,0.5130605697631836,3004,1.0761705999975675,0.018038300000625895,6.123560905456543
nf4,nested,paper,hf,clear_neg,cross_01,tube_03,incompatible,-2.0,5e65821fc1494b07,0.6354663288073802,0.6343820691108704,0.3639116883277893,yes,Yes,0.5376527309417725,3004,1.0693675000002258,0.016768199999205535,6.123560905456543
nf4,nested,paper,hf,clear_neg,cross_02,ellipse_01,incompatible,-2.0,5e2692dab5b1beb8,0.6473313282543572,0.6461836099624634,0.35204339027404785,yes,Yes,0.5395649075508118,3004,1.0619079000025522,0.016209700002946192,6.123560905456543
nf4,nested,paper,hf,clear_neg,cross_03,tube_01,incompatible,-2.0,41b7576f78d5720f,0.6561790091883567,0.6548550128936768,0.3431272506713867,yes,Yes,0.5173443555831909,3004,1.0531107999995584,0.017717299997457303,6.123560905456543
nf4,nested,paper,hf,clear_neg,cross_04,dshape_03,incompatible,-2.0,ade8041ee1c632c9,0.6192000375418427,0.6181701421737671,0.38016659021377563,yes,Yes,0.5378963947296143,3004,1.073131299999659,0.01530060000004596,6.123560905456543
nf4,nested,paper,hf,clear_neg,tube_01,cross_01,incompatible,-2.0,688144c3df251c3c,0.7000763559677898,0.6988245844841003,0.2993873655796051,yes,Yes,0.5292028784751892,3004,1.0726479000004474,0.014832200002274476,6.123560905456543
nf4,nested,paper,hf,clear_neg,tube_02,cross_01,incompatible,-2.0,9dfc926ceb6e2d66,0.6934713111947207,0.6922397613525391,0.3059843182563782,yes,Yes,0.5242266654968262,3004,1.0703966000000946,0.018844800000806572,6.123560905456543
nf4,nested,paper,hf,clear_neg,tube_03,cross_04,incompatible,-2.0,1c0b91fe3b72e9d5,0.710168738258559,0.7090491056442261,0.28937432169914246,yes,Yes,0.5390106439590454,3004,1.049840600000607,0.017174799999338575,6.123560905456543
nf4,nested,paper,hf,hard_neg,cross_03,cross_04,incompatible,-0.7001953125,528023385247be33,0.6383848070706809,0.6371409296989441,0.3609105944633484,yes,Yes,0.5424661040306091,3004,1.0465399000022444,0.024178600000595907,6.123560905456543
nf4,nested,paper,hf,hard_neg,cross_04,cross_01,incompatible,-0.2001953125,83f43c863c9d4514,0.6535211000113952,0.6522261500358582,0.34579235315322876,yes,Yes,0.5486990213394165,3004,1.0624317999972845,0.02320060000056401,6.123560905456543
nf4,nested,paper,hf,hard_neg,tube_01,tube_03,incompatible,-1.7001953125,37bfe00eeed5cef5,0.7298320739985499,0.7284601926803589,0.269660085439682,yes,Yes,0.4741238057613373,3004,1.070009500002925,0.015935200000967598,6.123560905456543
nf4,nested,paper,hf,hard_neg,cross_02,cross_03,incompatible,-1.9365234375,21f9bf4a8017c21c,0.6473152912338407,0.6462149620056152,0.3520852029323578,yes,Yes,0.5688837766647339,3004,1.0682861999994202,0.018931200000224635,6.123560905456543
nf4,nested,paper,hf,hard_neg,dshape_01,dshape_03,incompatible,-1.912109375,2a747b3bf4ac9c31,0.6487211047886682,0.64755779504776,0.35064896941185,yes,Yes,0.5335452556610107,3004,1.0625061999999161,0.01902680000057444,6.123560905456543
nf4,nested,paper,hf,hard_neg,tube_03,tube_01,incompatible,-1.7001953125,6f170d550ae9e4c6,0.729060517039427,0.7277601361274719,0.2704562246799469,yes,Yes,0.5085389614105225,3004,1.0775834000014584,0.023013599999103462,6.123560905456543
nf4,nested,paper,hf,hard_neg,ellipse_01,ellipse_02,incompatible,-0.7001953125,42d5d883f8ee78f5,0.7009408848752806,0.6996541023254395,0.2985101044178009,yes,Yes,0.5216681361198425,3004,1.0692488000022422,0.021251800000754884,6.123560905456543
nf4,nested,paper,hf,hard_neg,dshape_02,dshape_03,incompatible,-0.7529296875,43758b88d5a7133d,0.6572780486625059,0.656017005443573,0.34206441044807434,yes,Yes,0.5329039692878723,3004,1.031935599999997,0.02013029999943683,6.123560905456543
nf4,nested,paper,hf,hard_neg,tube_01,tube_02,incompatible,-1.2001953125,467bff81ce223648,0.7419562778285752,0.740563154220581,0.257559210062027,yes,Yes,0.4713892340660095,3004,1.0375760999995691,0.018038100002740975,6.123560905456543
nf4,nested,paper,hf,hard_neg,tube_03,tube_02,incompatible,-1.7001953125,ca55c55562845bd5,0.7352513873711503,0.7339412569999695,0.2642768621444702,yes,Yes,0.4956149458885193,3004,1.0387597999979334,0.024932299998909002,6.123560905456543
nf4,nested,paper,hf,hard_neg,cross_04,cross_03,incompatible,-1.7001953125,231be3df731d5990,0.6338290596039833,0.6326663494110107,0.36549922823905945,yes,Yes,0.5504860877990723,3004,1.0255050000014307,0.023041799999191426,6.123560905456543
nf4,nested,paper,hf,hard_neg,cross_02,cross_01,incompatible,-1.2001953125,f8891c97a35b0f7e,0.6718513611174073,0.6705660820007324,0.32752087712287903,yes,Yes,0.556971549987793,3004,1.0523995000003197,0.01929759999984526,6.123560905456543
nf4,nested,paper,hf,shrunk,cross_03,cross_03_c-0.3,incompatible,-0.4248046875,edc60efc09614fae,0.642008930497594,0.6407924890518188,0.35731276869773865,yes,Yes,0.548086941242218,3004,1.0853940999986662,0.02256409999972675,6.123560905456543
nf4,nested,paper,hf,shrunk,cross_03,cross_03_c-1.0,incompatible,-1.4150390625,78029a92a641417a,0.6504400543360276,0.649150550365448,0.34886693954467773,yes,Yes,0.5391786694526672,3004,1.1238000000012107,0.024417800002993317,6.123560905456543
nf4,nested,paper,hf,shrunk,dshape_03,dshape_03_c-0.3,incompatible,-0.3623046875,d75e5f835a71d93c,0.6325047132571052,0.6313822269439697,0.3668431043624878,yes,Yes,0.5424657464027405,3004,1.1369100000010803,0.020824900002480717,6.123560905456543
nf4,nested,paper,hf,shrunk,dshape_03,dshape_03_c-1.0,incompatible,-1.220703125,d77fbd5ac89b46a3,0.6367443447547235,0.6356024742126465,0.3626042306423187,yes,Yes,0.5399243831634521,3004,1.1263643999991473,0.019497299999784445,6.123560905456543
nf4,nested,paper,hf,shrunk,cross_01,cross_01_c-0.3,incompatible,-0.4248046875,dc0ae0b3685a642e,0.6509839848629424,0.6499133110046387,0.3484419882297516,yes,Yes,0.575294017791748,3004,1.1213424000015948,0.020003200002975063,6.123560905456543
nf4,nested,paper,hf,shrunk,cross_01,cross_01_c-1.0,incompatible,-1.4150390625,ae727051aebcf0bd,0.6398858866076519,0.6388748288154602,0.35954511165618896,yes,Yes,0.5713985562324524,3004,1.0793759000007412,0.019250600002123974,6.123560905456543
nf4,nested,paper,hf,shrunk,tube_02,tube_02_c-0.3,incompatible,-0.30078125,5aa3322bcf3febfd,0.7277482609246558,0.7264426946640015,0.27176332473754883,yes,Yes,0.5216449499130249,3004,1.0739214999994147,0.01886000000013155,6.123560905456543
nf4,nested,paper,hf,shrunk,tube_02,tube_02_c-1.0,incompatible,-1.0009765625,4b1a4cd0eb4c8462,0.7219037353894074,0.7206592559814453,0.27761685848236084,yes,Yes,0.5264838933944702,3004,1.089009100000112,0.018257900002936367,6.123560905456543
nf4,nested,shape,hf,nominal,ellipse_01,ellipse_01,compatible,0.29981020754907156,75e27003ed8ae93a,0.776333299712899,0.7751075029373169,0.22331354022026062,yes,Yes,0.6975663304328918,3040,1.1068687999977556,0.018493499999749474,6.127233982086182
nf4,nested,shape,hf,nominal,ellipse_02,ellipse_02,compatible,0.299813919484128,9f9a8d122211e70c,0.767445522555486,0.7660202980041504,0.23212260007858276,yes,Yes,0.6677064895629883,3040,1.1293101999981445,0.019807199998467695,6.127233982086182
nf4,nested,shape,hf,nominal,ellipse_03,ellipse_03,compatible,0.29979681734150887,a7af3e4f5acd5368,0.7857372744921126,0.7846273183822632,0.21396005153656006,yes,Yes,0.7229557037353516,3040,1.1494849999980943,0.02208260000043083,6.127233982086182
nf4,nested,shape,hf,nominal,dshape_01,dshape_01,compatible,0.2922746466650832,b78de3844478c00a,0.7031269089455384,0.7020241618156433,0.2964074909687042,yes,Yes,0.6716881394386292,3040,1.175938699998369,0.02251609999802895,6.127233982086182
nf4,nested,shape,hf,nominal,dshape_02,dshape_02,compatible,0.2829689679359062,cc9e97894a81d97d,0.7656298942594123,0.7645487189292908,0.23403914272785187,yes,Yes,0.7182854413986206,3040,1.1341930000016873,0.019651400001748698,6.127233982086182
nf4,nested,shape,hf,nominal,dshape_03,dshape_03,compatible,0.2743944415034985,82cedf3b15fd7f3f,0.7709646852380301,0.7697309255599976,0.22866879403591156,yes,Yes,0.6980060338973999,3040,1.1102619000012055,0.01797920000171871,6.127233982086182
nf4,nested,shape,hf,nominal,dshape_04,dshape_04,compatible,0.28653652858701567,891cb7eca466fdb3,0.7220378495096278,0.7210367918014526,0.2775767743587494,yes,Yes,0.6938496232032776,3040,1.0812519999999495,0.017694400001346366,6.127233982086182
nf4,nested,shape,hf,nominal,cross_01,cross_01,compatible,0.2999096456088586,591efcaba9f53131,0.7331633328785275,0.732006311416626,0.2664155662059784,yes,Yes,0.6849861741065979,3040,1.083676900001592,0.019168900002114242,6.127233982086182
nf4,nested,shape,hf,nominal,cross_02,cross_02,compatible,0.29990964560885724,15a4d556975d5c0a,0.7270632581394978,0.7258520722389221,0.2724820673465729,yes,Yes,0.6764256954193115,3040,1.0825502999978198,0.018595300000015413,6.127233982086182
nf4,nested,shape,hf,nominal,cross_03,cross_03,compatible,0.2999096456088604,f956214ddb54ba0c,0.7242101759803886,0.7229430079460144,0.2753072679042816,yes,Yes,0.6700262427330017,3040,1.097770500000479,0.01604380000208039,6.127233982086182
nf4,nested,shape,hf,nominal,cross_04,cross_04,compatible,0.2999096456088599,1f9b43b475da84b7,0.7262690710133733,0.724927544593811,0.2732253074645996,yes,Yes,0.6543785333633423,3040,1.08301599999686,0.01635609999721055,6.127233982086182
nf4,nested,shape,hf,nominal,tube_01,tube_01,compatible,0.29990964560885974,a43db81b2e363361,0.8190607019250212,0.817962646484375,0.18069672584533691,yes,Yes,0.7428357601165771,3040,1.1111756000027526,0.02257810000082827,6.127233982086182
nf4,nested,shape,hf,nominal,tube_02,tube_02,compatible,0.2999096456088599,4d7dabf0a91e236c,0.8394996328615744,0.8383158445358276,0.16027404367923737,yes,Yes,0.7186403274536133,3040,1.0801122000011674,0.016187799999897834,6.127233982086182
nf4,nested,shape,hf,nominal,tube_03,tube_03,compatible,0.2999096456088598,20d45a2de9de9aab,0.8314463795240016,0.8305173516273499,0.16836528480052948,yes,Yes,0.7707682251930237,3040,1.0822388000015053,0.021221700000751298,6.127233982086182
nf4,nested,shape,hf,rotated,ellipse_01,ellipse_01_rot90,compatible,0.29981020754907156,93979c440c6e4314,0.7260897884807445,0.7250034809112549,0.2735004127025604,yes,Yes,0.6881647109985352,3040,1.1020629000013287,0.01644289999967441,6.127233982086182
nf4,nested,shape,hf,rotated,ellipse_02,ellipse_02_rot90,compatible,0.299813919484128,8a4618f7e21d67d1,0.7298728242168754,0.72870272397995,0.26969411969184875,yes,Yes,0.6858132481575012,3040,1.1018688999974984,0.017126200000348035,6.127233982086182
nf4,nested,shape,hf,rotated,ellipse_03,ellipse_03_rot90,compatible,0.29979681734150887,ce4b6011e4b2b3a2,0.7284611555902624,0.7274956107139587,0.2711789309978485,yes,Yes,0.6979307532310486,3040,1.0671806999998807,0.017682300000160467,6.127233982086182
nf4,nested,shape,hf,rotated,dshape_01,dshape_01_rot90,compatible,0.2922746466650832,12723ddda28cfaa6,0.7194943097579589,0.7183550000190735,0.2800615131855011,yes,Yes,0.6839149594306946,3040,1.105168699999922,0.021186000001762295,6.127233982086182
nf4,nested,shape,hf,rotated,dshape_02,dshape_02_rot90,compatible,0.2829689679359062,fe28a83a456eab4e,0.735444176609486,0.7342762351036072,0.2641356885433197,yes,Yes,0.6940963864326477,3040,1.0907936999974481,0.016416799997386988,6.127233982086182
nf4,nested,shape,hf,rotated,dshape_03,dshape_03_rot90,compatible,0.2743944415034985,c889c3af12753d89,0.7367630463229646,0.7355530261993408,0.26280462741851807,yes,Yes,0.6854939460754395,3040,1.067994799999724,0.019311700001708232,6.127233982086182
nf4,nested,shape,hf,rotated,dshape_04,dshape_04_rot90,compatible,0.28653652858701567,602049c59e292069,0.7188232638447093,0.7177500128746033,0.2807569205760956,yes,Yes,0.6889758706092834,3040,1.080203800000163,0.022656500001176028,6.127233982086182
nf4,nested,shape,hf,rotated,cross_04,cross_04_rot90,compatible,0.2999096456088599,8715cb01d1f51794,0.7131345288579504,0.7117535471916199,0.28630995750427246,yes,Yes,0.6471778750419617,3040,1.0917886999995972,0.02220149999993737,6.127233982086182
nf4,nested,shape,hf,clear_neg,ellipse_01,dshape_03,incompatible,-2.0,767343f100d48dec,0.7601175063533044,0.7588106393814087,0.23947006464004517,yes,Yes,0.6762456893920898,3040,1.0674186999967787,0.016767799999797717,6.127233982086182
nf4,nested,shape,hf,clear_neg,ellipse_02,tube_03,incompatible,-2.0,1291cd55fcabf96f,0.772730007504443,0.7714647054672241,0.22689785063266754,yes,Yes,0.703483521938324,3040,1.0570904999985942,0.021851299999980256,6.127233982086182
nf4,nested,shape,hf,clear_neg,ellipse_03,tube_01,incompatible,-2.0,942fa757b26c2755,0.7858993541310616,0.7847818732261658,0.2137962132692337,yes,Yes,0.721335232257843,3040,1.074074500000279,0.020876499998848885,6.127233982086182
nf4,nested,shape,hf,clear_neg,dshape_01,tube_02,incompatible,-2.0,27597f7f0615bc81,0.754842048264916,0.7535473108291626,0.244737446308136,yes,Yes,0.6942392587661743,3040,1.0516099999986182,0.02074209999773302,6.127233982086182
nf4,nested,shape,hf,clear_neg,dshape_02,tube_03,incompatible,-2.0,359e1562489e9ce3,0.7481191607841393,0.7469605207443237,0.2514907419681549,yes,Yes,0.7023807764053345,3040,1.0810607000021264,0.01585260000138078,6.127233982086182
nf4,nested,shape,hf,clear_neg,dshape_03,tube_01,incompatible,-2.0,557a696d832a2c67,0.746525627798572,0.7452427744865417,0.25303879380226135,yes,Yes,0.6849420666694641,3040,1.0744240999993053,0.0155767999967793,6.127233982086182
nf4,nested,shape,hf,clear_neg,dshape_04,tube_01,incompatible,-2.0,34f9501a77f01d1f,0.7476354725483806,0.7465364933013916,0.2519935667514801,yes,Yes,0.706321120262146,3040,1.0756182000004628,0.01966539999921224,6.127233982086182
nf4,nested,shape,hf,clear_neg,cross_01,tube_03,incompatible,-2.0,5e65821fc1494b07,0.6797704964263639,0.6787198781967163,0.3197345733642578,yes,Yes,0.6489694714546204,3040,1.070849100000487,0.021066900000732858,6.127233982086182
nf4,nested,shape,hf,clear_neg,cross_02,ellipse_01,incompatible,-2.0,5e2692dab5b1beb8,0.653208560899711,0.6520121693611145,0.3461562693119049,yes,Yes,0.6124126315116882,3040,1.0680581999986316,0.016748199999710778,6.127233982086182
nf4,nested,shape,hf,clear_neg,cross_03,tube_01,incompatible,-2.0,41b7576f78d5720f,0.6941035462498412,0.6928558349609375,0.3053465783596039,yes,Yes,0.6519994735717773,3040,1.0492983000003733,0.01994860000195331,6.127233982086182
nf4,nested,shape,hf,clear_neg,cross_04,dshape_03,incompatible,-2.0,ade8041ee1c632c9,0.6210184526557726,0.6196951270103455,0.37817397713661194,yes,Yes,0.5755086541175842,3040,1.0422710999991978,0.021396100000856677,6.127233982086182
nf4,nested,shape,hf,clear_neg,tube_01,cross_01,incompatible,-2.0,688144c3df251c3c,0.7274957310912789,0.7261838316917419,0.272012859582901,yes,Yes,0.6714191436767578,3040,1.040180899999541,0.021730500000558095,6.127233982086182
nf4,nested,shape,hf,clear_neg,tube_02,cross_01,incompatible,-2.0,9dfc926ceb6e2d66,0.7370323559761962,0.7357116937637329,0.2624964416027069,yes,Yes,0.675260603427887,3040,1.061101700001018,0.018739400002232287,6.127233982086182
nf4,nested,shape,hf,clear_neg,tube_03,cross_04,incompatible,-2.0,1c0b91fe3b72e9d5,0.7480475378557947,0.7470112442970276,0.2516034245491028,yes,Yes,0.7030782103538513,3040,1.0666206000023521,0.021892400000069756,6.127233982086182
nf4,nested,shape,hf,hard_neg,cross_03,cross_04,incompatible,-0.7001953125,528023385247be33,0.728093793606511,0.7267854809761047,0.27141761779785156,yes,Yes,0.6662518382072449,3040,1.0650306000025012,0.01575840000077733,6.127233982086182
nf4,nested,shape,hf,hard_neg,cross_04,cross_01,incompatible,-0.2001953125,83f43c863c9d4514,0.735408819397479,0.7340174913406372,0.2640905976295471,yes,Yes,0.6615428328514099,3040,1.086623299997882,0.016299499999149702,6.127233982086182
nf4,nested,shape,hf,hard_neg,tube_01,tube_03,incompatible,-1.7001953125,37bfe00eeed5cef5,0.8186320283413161,0.8175604939460754,0.1811305731534958,yes,Yes,0.747624397277832,3040,1.0648564000002807,0.016618600002402673,6.127233982086182
nf4,nested,shape,hf,hard_neg,cross_02,cross_03,incompatible,-1.9365234375,21f9bf4a8017c21c,0.7335019182446664,0.7323040962219238,0.2660628855228424,yes,Yes,0.6810055375099182,3040,1.0609725000031176,0.02084080000349786,6.127233982086182
nf4,nested,shape,hf,hard_neg,dshape_01,dshape_03,incompatible,-1.912109375,2a747b3bf4ac9c31,0.7513961364613476,0.7502482533454895,0.24822407960891724,yes,Yes,0.7013639807701111,3040,1.0543095000030007,0.01605820000258973,6.127233982086182
nf4,nested,shape,hf,hard_neg,tube_03,tube_01,incompatible,-1.7001953125,6f170d550ae9e4c6,0.8300945262226123,0.8291212916374207,0.16970627009868622,yes,Yes,0.7602362632751465,3040,1.069452800002182,0.01543360000141547,6.127233982086182
nf4,nested,shape,hf,hard_neg,ellipse_01,ellipse_02,incompatible,-0.7001953125,42d5d883f8ee78f5,0.7717430696616725,0.7704468965530396,0.2278735637664795,yes,Yes,0.6842606663703918,3040,1.0561328999974648,0.02104709999912302,6.127233982086182
nf4,nested,shape,hf,hard_neg,dshape_02,dshape_03,incompatible,-0.7529296875,43758b88d5a7133d,0.7775818283982254,0.776455283164978,0.22209593653678894,yes,Yes,0.7205168008804321,3040,1.0637932999998156,0.020703099999082042,6.127233982086182
nf4,nested,shape,hf,hard_neg,tube_01,tube_02,incompatible,-1.2001953125,467bff81ce223648,0.8265805077838074,0.8254333138465881,0.1731788069009781,yes,Yes,0.7356988191604614,3040,1.071521699999721,0.02230979999876581,6.127233982086182
nf4,nested,shape,hf,hard_neg,tube_03,tube_02,incompatible,-1.7001953125,ca55c55562845bd5,0.8395924084828241,0.8386014699935913,0.1602182686328888,yes,Yes,0.7548274993896484,3040,1.0958653999987291,0.01635600000008708,6.127233982086182
nf4,nested,shape,hf,hard_neg,cross_04,cross_03,incompatible,-1.7001953125,231be3df731d5990,0.7254399500609534,0.7241254448890686,0.27406254410743713,yes,Yes,0.6611973643302917,3040,1.1084331999991264,0.02274089999991702,6.127233982086182
nf4,nested,shape,hf,hard_neg,cross_02,cross_01,incompatible,-1.2001953125,f8891c97a35b0f7e,0.7434411480090477,0.7421505451202393,0.2561134696006775,yes,Yes,0.6803345084190369,3040,1.1036410000015167,0.022162900000694208,6.127233982086182
nf4,nested,shape,hf,shrunk,cross_03,cross_03_c-0.3,incompatible,-0.4248046875,edc60efc09614fae,0.728094558857811,0.7267863750457764,0.27141690254211426,yes,Yes,0.6662490367889404,3040,1.1119561999985308,0.018361999998887768,6.127233982086182
nf4,nested,shape,hf,shrunk,cross_03,cross_03_c-1.0,incompatible,-1.4150390625,78029a92a641417a,0.7469633139492029,0.7456692457199097,0.2525983154773712,yes,Yes,0.6780533194541931,3040,1.0988541999977315,0.0192810999978974,6.127233982086182
nf4,nested,shape,hf,shrunk,dshape_03,dshape_03_c-0.3,incompatible,-0.3623046875,d75e5f835a71d93c,0.7463620890375324,0.7451909780502319,0.2532399296760559,yes,Yes,0.6922585964202881,3040,1.0777164000028279,0.017128300001786556,6.127233982086182
nf4,nested,shape,hf,shrunk,dshape_03,dshape_03_c-1.0,incompatible,-1.220703125,d77fbd5ac89b46a3,0.7550152760095156,0.7538437843322754,0.24460460245609283,yes,Yes,0.7002967000007629,3040,1.0580225000012433,0.0203771999986202,6.127233982086182
nf4,nested,shape,hf,shrunk,cross_01,cross_01_c-0.3,incompatible,-0.4248046875,dc0ae0b3685a642e,0.7258309054676206,0.724815309047699,0.27378547191619873,yes,Yes,0.690140426158905,3040,1.0720708000008017,0.020896199999697274,6.127233982086182
nf4,nested,shape,hf,shrunk,cross_01,cross_01_c-1.0,incompatible,-1.4150390625,ae727051aebcf0bd,0.7162045256167345,0.7152155041694641,0.28340357542037964,yes,Yes,0.6839311122894287,3040,1.063397999998415,0.021616599999106256,6.127233982086182
nf4,nested,shape,hf,shrunk,tube_02,tube_02_c-0.3,incompatible,-0.30078125,5aa3322bcf3febfd,0.8364212952547904,0.8353041410446167,0.16336022317409515,yes,Yes,0.7339470982551575,3040,1.0609709000018483,0.01734520000172779,6.127233982086182
nf4,nested,shape,hf,shrunk,tube_02,tube_02_c-1.0,incompatible,-1.0009765625,4b1a4cd0eb4c8462,0.8244695280786221,0.8233730792999268,0.17529703676700592,yes,Yes,0.737557590007782,3040,1.0699820000008913,0.01626390000092215,6.127233982086182
nf4,nested,paper_v1,hf,nominal,ellipse_01,ellipse_01,compatible,0.29981020754907156,75e27003ed8ae93a,0.6319921753105098,0.6306225061416626,0.3672102689743042,yes,yes,0.6019479632377625,1514,0.5685167999981786,0.009770600001502316,5.967064380645752
nf4,nested,paper_v1,hf,nominal,ellipse_02,ellipse_02,compatible,0.299813919484128,9f9a8d122211e70c,0.603170442550464,0.6015749573707581,0.39577987790107727,yes,yes,0.5572777390480042,1514,0.5677502999969875,0.012323199996899348,5.967064380645752
nf4,nested,paper_v1,hf,nominal,ellipse_03,ellipse_03,compatible,0.29979681734150887,a7af3e4f5acd5368,0.6568001576571196,0.6555467844009399,0.34254491329193115,yes,yes,0.6320381164550781,1514,0.5678184999997029,0.00944549999985611,5.967064380645752
nf4,nested,paper_v1,hf,nominal,dshape_01,dshape_01,compatible,0.2922746466650832,b78de3844478c00a,0.5652546093372329,0.5637965798377991,0.4336239993572235,yes,yes,0.5251571536064148,1514,0.5556514999989304,0.011508399999001995,5.967064380645752
nf4,nested,paper_v1,hf,nominal,dshape_02,dshape_02,compatible,0.2829689679359062,cc9e97894a81d97d,0.5650653703626287,0.5635556578636169,0.43377259373664856,yes,yes,0.5208801627159119,1514,0.557963600000221,0.00989819999813335,5.967064380645752
nf4,nested,paper_v1,hf,nominal,dshape_03,dshape_03,compatible,0.2743944415034985,82cedf3b15fd7f3f,0.5953991266231471,0.5937480926513672,0.4034789204597473,yes,yes,0.5461421608924866,1514,0.5447443999983079,0.009633300000132294,5.967064380645752
nf4,nested,paper_v1,hf,nominal,dshape_04,dshape_04,compatible,0.28653652858701567,891cb7eca466fdb3,0.5842765167834332,0.5827352404594421,0.4146268367767334,yes,yes,0.5404664874076843,1514,0.5503204999986337,0.01015190000180155,5.967064380645752
nf4,nested,paper_v1,hf,nominal,cross_01,cross_01,compatible,0.2999096456088586,591efcaba9f53131,0.671980343176551,0.6704424023628235,0.32726892828941345,yes,yes,0.6289533972740173,1514,0.5425310999999056,0.011113900000054855,5.967064380645752
nf4,nested,paper_v1,hf,nominal,cross_02,cross_02,compatible,0.29990964560885724,15a4d556975d5c0a,0.6790024040956698,0.6774615049362183,0.3202691376209259,yes,yes,0.6355168223381042,1514,0.5522261000005528,0.012621599998965394,5.967064380645752
nf4,nested,paper_v1,hf,nominal,cross_03,cross_03,compatible,0.2999096456088604,f956214ddb54ba0c,0.6756914166754914,0.6741123199462891,0.32355067133903503,yes,yes,0.6286001205444336,1514,0.5515436999994563,0.010333999998692889,5.967064380645752
nf4,nested,paper_v1,hf,nominal,cross_04,cross_04,compatible,0.2999096456088599,1f9b43b475da84b7,0.6651005088350133,0.663570761680603,0.3341292142868042,yes,yes,0.623081624507904,1514,0.5483151000007638,0.009661800002504606,5.967064380645752
nf4,nested,paper_v1,hf,nominal,tube_01,tube_01,compatible,0.29990964560885974,a43db81b2e363361,0.6501152411703381,0.6488287448883057,0.34919238090515137,yes,yes,0.6226419806480408,1514,0.562176700001146,0.011492000001453562,5.967064380645752
nf4,nested,paper_v1,hf,nominal,tube_02,tube_02,compatible,0.2999096456088599,4d7dabf0a91e236c,0.6472195606784635,0.6457827687263489,0.3519972860813141,yes,yes,0.6092494130134583,1514,0.5490291999994952,0.010202500001469161,5.967064380645752
nf4,nested,paper_v1,hf,nominal,tube_03,tube_03,compatible,0.2999096456088598,20d45a2de9de9aab,0.6467508572184566,0.6454078555107117,0.3525156080722809,yes,yes,0.6129475831985474,1514,0.5434187000028032,0.009250800001609605,5.967064380645752
nf4,nested,paper_v1,hf,rotated,ellipse_01,ellipse_01_rot90,compatible,0.29981020754907156,93979c440c6e4314,0.6567510624576322,0.6553341746330261,0.3425084054470062,yes,yes,0.62887042760849,1514,0.5250833000027342,0.012439600002835505,5.967064380645752
nf4,nested,paper_v1,hf,rotated,ellipse_02,ellipse_02_rot90,compatible,0.299813919484128,8a4618f7e21d67d1,0.6246376723259937,0.623060405254364,0.37441450357437134,yes,yes,0.5861464142799377,1514,0.5296092000025965,0.011853700001665857,5.967064380645752
nf4,nested,paper_v1,hf,rotated,ellipse_03,ellipse_03_rot90,compatible,0.29979681734150887,ce4b6011e4b2b3a2,0.6640705236730794,0.6626365780830383,0.3352040946483612,yes,yes,0.627755343914032,1514,0.5351703999986057,0.008413499999733176,5.967064380645752
nf4,nested,paper_v1,hf,rotated,dshape_01,dshape_01_rot90,compatible,0.2922746466650832,12723ddda28cfaa6,0.5575896959861872,0.5562909245491028,0.4413798153400421,yes,yes,0.5277859568595886,1514,0.5422256999991077,0.008800600000540726,5.967064380645752
nf4,nested,paper_v1,hf,rotated,dshape_02,dshape_02_rot90,compatible,0.2829689679359062,fe28a83a456eab4e,0.5579068388135672,0.5564157366752625,0.44091159105300903,yes,yes,0.5166260600090027,1514,0.5624258999996528,0.009997999997722218,5.967064380645752
nf4,nested,paper_v1,hf,rotated,dshape_03,dshape_03_rot90,compatible,0.2743944415034985,c889c3af12753d89,0.5842199178677531,0.5826552510261536,0.4146665334701538,yes,yes,0.5444191098213196,1514,0.5541474999990896,0.008772599998337682,5.967064380645752
nf4,nested,paper_v1,hf,rotated,dshape_04,dshape_04_rot90,compatible,0.28653652858701567,602049c59e292069,0.5504812143628958,0.5490246415138245,0.448329359292984,yes,yes,0.5113975405693054,1514,0.5808453999998164,0.008915300000808202,5.967064380645752
nf4,nested,paper_v1,hf,rotated,cross_04,cross_04_rot90,compatible,0.2999096456088599,8715cb01d1f51794,0.6719009543245708,0.670352041721344,0.327342689037323,yes,yes,0.6288566589355469,1514,0.5763329000001249,0.009285799998906441,5.967064380645752
nf4,nested,paper_v1,hf,clear_neg,ellipse_01,dshape_03,incompatible,-2.0,767343f100d48dec,0.6428144890607241,0.641430675983429,0.35641658306121826,yes,yes,0.6147618889808655,1514,0.5760439000005135,0.009312900001532398,5.967064380645752
nf4,nested,paper_v1,hf,clear_neg,ellipse_02,tube_03,incompatible,-2.0,1291cd55fcabf96f,0.610222203717077,0.6088718175888062,0.3889152407646179,yes,yes,0.5808036923408508,1514,0.5634401999996044,0.009611299999960465,5.967064380645752
nf4,nested,paper_v1,hf,clear_neg,ellipse_03,tube_01,incompatible,-2.0,942fa757b26c2755,0.6495924849024393,0.6484671831130981,0.3498004972934723,yes,yes,0.6296308040618896,1514,0.5653845999986515,0.009726500000397209,5.967064380645752
nf4,nested,paper_v1,hf,clear_neg,dshape_01,tube_02,incompatible,-2.0,27597f7f0615bc81,0.5836766649061451,0.5824583768844604,0.41545435786247253,yes,yes,0.5599619746208191,1514,0.5528975000015635,0.010613800001010532,5.967064380645752
nf4,nested,paper_v1,hf,clear_neg,dshape_02,tube_03,incompatible,-2.0,359e1562489e9ce3,0.5606592167895601,0.5594576597213745,0.43839922547340393,yes,yes,0.535515546798706,1514,0.5571619000002102,0.011326899999403395,5.967064380645752
nf4,nested,paper_v1,hf,clear_neg,dshape_03,tube_01,incompatible,-2.0,557a696d832a2c67,0.5986004919386217,0.5972760915756226,0.40051141381263733,yes,yes,0.572414755821228,1514,0.5558866999999736,0.011831700001494028,5.967064380645752
nf4,nested,paper_v1,hf,clear_neg,dshape_04,tube_01,incompatible,-2.0,34f9501a77f01d1f,0.579832018603171,0.5786181092262268,0.4192883372306824,yes,yes,0.5581656098365784,1514,0.562281400001666,0.009154800001851982,5.967064380645752
nf4,nested,paper_v1,hf,clear_neg,cross_01,tube_03,incompatible,-2.0,5e65821fc1494b07,0.6639794819164804,0.6628138422966003,0.3354306221008301,yes,yes,0.6420463919639587,1514,0.5688291999977082,0.011215399998036446,5.967064380645752
nf4,nested,paper_v1,hf,clear_neg,cross_02,ellipse_01,incompatible,-2.0,5e2692dab5b1beb8,0.6574845896118691,0.6561471819877625,0.3418186902999878,yes,yes,0.6271225810050964,1514,0.5758191000022634,0.008972600000561215,5.967064380645752
nf4,nested,paper_v1,hf,clear_neg,cross_03,tube_01,incompatible,-2.0,41b7576f78d5720f,0.6713605164156394,0.6700698137283325,0.32800766825675964,yes,yes,0.6445220708847046,1514,0.5533382999965397,0.0100795999969705,5.967064380645752
nf4,nested,paper_v1,hf,clear_neg,cross_04,dshape_03,incompatible,-2.0,ade8041ee1c632c9,0.6225496096144696,0.6209068894386292,0.3764544129371643,yes,yes,0.5731406211853027,1514,0.5671755000003031,0.010819799997989321,5.967064380645752
nf4,nested,paper_v1,hf,clear_neg,tube_01,cross_01,incompatible,-2.0,688144c3df251c3c,0.6674736891356496,0.6662121415138245,0.3318978250026703,yes,yes,0.6429868936538696,1514,0.569584599998052,0.012382399996567983,5.967064380645752
nf4,nested,paper_v1,hf,clear_neg,tube_02,cross_01,incompatible,-2.0,9dfc926ceb6e2d66,0.6676738845504921,0.6662918329238892,0.3316382169723511,yes,yes,0.6401355266571045,1514,0.5872023000010813,0.012354400001640897,5.967064380645752
nf4,nested,paper_v1,hf,clear_neg,tube_03,cross_04,incompatible,-2.0,1c0b91fe3b72e9d5,0.6908299518212703,0.6897103786468506,0.30866900086402893,yes,yes,0.6724389791488647,1514,0.5865133999977843,0.012714799999230308,5.967064380645752
nf4,nested,paper_v1,hf,hard_neg,cross_03,cross_04,incompatible,-0.7001953125,528023385247be33,0.6756877518773706,0.6741206049919128,0.32356005907058716,yes,yes,0.629897952079773,1514,0.5836445999993884,0.0116039999993518,5.967064380645752
nf4,nested,paper_v1,hf,hard_neg,cross_04,cross_01,incompatible,-0.2001953125,83f43c863c9d4514,0.66195989587018,0.6603349447250366,0.3372102975845337,yes,yes,0.6130732893943787,1514,0.584989900002256,0.010194300000875955,5.967064380645752
nf4,nested,paper_v1,hf,hard_neg,tube_01,tube_03,incompatible,-1.7001953125,37bfe00eeed5cef5,0.6467865683027445,0.645456850528717,0.3524872660636902,yes,yes,0.6143759489059448,1514,0.5930894999983138,0.012018800000078045,5.967064380645752
nf4,nested,paper_v1,hf,hard_neg,cross_02,cross_03,incompatible,-1.9365234375,21f9bf4a8017c21c,0.6792010600530116,0.6775994300842285,0.3200424611568451,yes,yes,0.6318352818489075,1514,0.6000687000014295,0.011396000001695938,5.967064380645752
nf4,nested,paper_v1,hf,hard_neg,dshape_01,dshape_03,incompatible,-1.912109375,2a747b3bf4ac9c31,0.5650162810839061,0.5635812282562256,0.43387892842292786,yes,yes,0.5325134992599487,1514,0.6053155000008701,0.010270099999615923,5.967064380645752
nf4,nested,paper_v1,hf,hard_neg,tube_03,tube_01,incompatible,-1.7001953125,6f170d550ae9e4c6,0.6537299110620325,0.6524214744567871,0.34557703137397766,yes,yes,0.6245130300521851,1514,0.5932527999975719,0.009479099997406593,5.967064380645752
nf4,nested,paper_v1,hf,hard_neg,ellipse_01,ellipse_02,incompatible,-0.7001953125,42d5d883f8ee78f5,0.6323657151488304,0.6308385133743286,0.3667464256286621,yes,yes,0.5923696160316467,1514,0.5967552000001888,0.012252600001374958,5.967064380645752
nf4,nested,paper_v1,hf,hard_neg,dshape_02,dshape_03,incompatible,-0.7529296875,43758b88d5a7133d,0.5651403502113778,0.5636137127876282,0.43368494510650635,yes,yes,0.5233206152915955,1514,0.5722664999993867,0.01008699999874807,5.967064380645752
nf4,nested,paper_v1,hf,hard_neg,tube_01,tube_02,incompatible,-1.2001953125,467bff81ce223648,0.6540129267921865,0.6526722311973572,0.3452778160572052,yes,yes,0.622150182723999,1514,0.5670753999984299,0.010294399999111192,5.967064380645752
nf4,nested,paper_v1,hf,hard_neg,tube_03,tube_02,incompatible,-1.7001953125,ca55c55562845bd5,0.6539759501000562,0.6526463031768799,0.34532052278518677,yes,yes,0.6217054128646851,1514,0.5637719000005745,0.009720699999888893,5.967064380645752
nf4,nested,paper_v1,hf,hard_neg,cross_04,cross_03,incompatible,-1.7001953125,231be3df731d5990,0.661570411165533,0.6600385308265686,0.337645947933197,yes,yes,0.6191818118095398,1514,0.568094199999905,0.013073599999188446,5.967064380645752
nf4,nested,paper_v1,hf,hard_neg,cross_02,cross_01,incompatible,-1.2001953125,f8891c97a35b0f7e,0.6790173196377198,0.6773715019226074,0.3202046751976013,yes,yes,0.6288970708847046,1514,0.553337699999247,0.00976509999964037,5.967064380645752
nf4,nested,paper_v1,hf,shrunk,cross_03,cross_03_c-0.3,incompatible,-0.4248046875,edc60efc09614fae,0.683303509487378,0.6814219951629639,0.3158244490623474,yes,yes,0.6099337935447693,1514,0.5645741000007547,0.009995399999752408,5.967064380645752
nf4,nested,paper_v1,hf,shrunk,cross_03,cross_03_c-1.0,incompatible,-1.4150390625,78029a92a641417a,0.6754660404135429,0.6739241480827332,0.3237931430339813,yes,yes,0.6315895915031433,1514,0.5608412999972643,0.012554499997349922,5.967064380645752
nf4,nested,paper_v1,hf,shrunk,dshape_03,dshape_03_c-0.3,incompatible,-0.3623046875,d75e5f835a71d93c,0.5914828147648105,0.5898844003677368,0.40741321444511414,yes,yes,0.5452168583869934,1514,0.5572831999998016,0.009570800000801682,5.967064380645752
nf4,nested,paper_v1,hf,shrunk,dshape_03,dshape_03_c-1.0,incompatible,-1.220703125,d77fbd5ac89b46a3,0.5913823048727147,0.589786946773529,0.40751537680625916,yes,yes,0.5469973683357239,1514,0.5526644000019587,0.011454499999672407,5.967064380645752
nf4,nested,paper_v1,hf,shrunk,cross_01,cross_01_c-0.3,incompatible,-0.4248046875,dc0ae0b3685a642e,0.6750649978113812,0.6736598610877991,0.3242586553096771,yes,yes,0.6411617994308472,1514,0.5610252000005858,0.011591300000873161,5.967064380645752
nf4,nested,paper_v1,hf,shrunk,cross_01,cross_01_c-1.0,incompatible,-1.4150390625,ae727051aebcf0bd,0.6748433211408451,0.6734158992767334,0.3244689106941223,yes,yes,0.6404635906219482,1514,0.5601657000006526,0.00871510000069975,5.967064380645752
nf4,nested,paper_v1,hf,shrunk,tube_02,tube_02_c-0.3,incompatible,-0.30078125,5aa3322bcf3febfd,0.6539237765301276,0.6524732708930969,0.3453085720539093,yes,yes,0.6166467070579529,1514,0.559909499999776,0.008588500000769272,5.967064380645752
nf4,nested,paper_v1,hf,shrunk,tube_02,tube_02_c-1.0,incompatible,-1.0009765625,4b1a4cd0eb4c8462,0.674650117544546,0.6732662320137024,0.3246825039386749,yes,yes,0.6418212056159973,1514,0.5611807999994198,0.011144600000989158,5.967064380645752
int8,nested,paper,qwen_1_5,nominal,ellipse_01,ellipse_01,compatible,0.29981020754907156,75e27003ed8ae93a,0.5016587614742076,0.5011873841285706,0.4978729784488678,no,No,0.49462461471557617,3018,0.8427065000032599,0.016551000000617933,9.087324142456055
int8,nested,paper,qwen_1_5,nominal,ellipse_02,ellipse_02,compatible,0.299813919484128,9f9a8d122211e70c,0.5226669244852618,0.5220049619674683,0.47672852873802185,yes,Yes,0.508040726184845,3018,0.8627230999991298,0.020474299999477807,9.086688995361328
int8,nested,paper,qwen_1_5,nominal,ellipse_03,ellipse_03,compatible,0.29979681734150887,a7af3e4f5acd5368,0.5190155767772572,0.5183612704277039,0.48037806153297424,yes,Yes,0.503407895565033,3018,0.8378459999985353,0.014761899998120498,9.08710765838623
int8,nested,paper,qwen_1_5,nominal,dshape_01,dshape_01,compatible,0.2922746466650832,b78de3844478c00a,0.43956599917121214,0.43909960985183716,0.5598393678665161,no,No,0.5558279752731323,3018,0.828602999998111,0.014623700000811368,9.0872163772583
int8,nested,paper,qwen_1_5,nominal,dshape_02,dshape_02,compatible,0.2829689679359062,cc9e97894a81d97d,0.49433857018674043,0.49379193782806396,0.505102276802063,no,No,0.5009457468986511,3018,0.8524366999990889,0.01626129999931436,9.086480617523193
int8,nested,paper,qwen_1_5,nominal,dshape_03,dshape_03,compatible,0.2743944415034985,82cedf3b15fd7f3f,0.48619758523187906,0.48569610714912415,0.5132724642753601,no,No,0.5094810724258423,3018,0.8476975999983551,0.016644899998937035,9.087549209594727
int8,nested,paper,qwen_1_5,nominal,dshape_04,dshape_04,compatible,0.28653652858701567,891cb7eca466fdb3,0.5102520799178781,0.5096235871315002,0.4891446828842163,yes,Yes,0.4990662634372711,3018,0.843821400001616,0.015479200003028382,9.087259292602539
int8,nested,paper,qwen_1_5,nominal,cross_01,cross_01,compatible,0.2999096456088586,591efcaba9f53131,0.536108016689531,0.5355721712112427,0.4634283185005188,yes,Yes,0.5313963890075684,3018,0.8577053999979398,0.01544379999904777,9.085872173309326
int8,nested,paper,qwen_1_5,nominal,cross_02,cross_02,compatible,0.29990964560885724,15a4d556975d5c0a,0.5087159973337354,0.5082327127456665,0.49081727862358093,yes,Yes,0.5045244693756104,3018,0.9612386000007973,0.02056069999889587,9.08601713180542
int8,nested,paper,qwen_1_5,nominal,cross_03,cross_03,compatible,0.2999096456088604,f956214ddb54ba0c,0.48530867280674134,0.4848625659942627,0.5142182111740112,no,No,0.5124841928482056,3018,0.9144407999992836,0.015282200001820456,9.086583137512207
int8,nested,paper,qwen_1_5,nominal,cross_04,cross_04,compatible,0.2999096456088599,1f9b43b475da84b7,0.5169908932852605,0.5164551734924316,0.4825085997581482,yes,Yes,0.5108145475387573,3018,0.8361786999994365,0.016023000000132015,9.085980892181396
int8,nested,paper,qwen_1_5,nominal,tube_01,tube_01,compatible,0.29990964560885974,a43db81b2e363361,0.575715546198144,0.575144350528717,0.4238635003566742,yes,Yes,0.5656801462173462,3018,0.8427241999997932,0.01566889999958221,9.087535381317139
int8,nested,paper,qwen_1_5,nominal,tube_02,tube_02,compatible,0.2999096456088599,4d7dabf0a91e236c,0.5784745267243465,0.5777170062065125,0.4209734797477722,yes,Yes,0.5527803897857666,3018,0.8616029000004346,0.018052899999020156,9.087442398071289
int8,nested,paper,qwen_1_5,nominal,tube_03,tube_03,compatible,0.2999096456088598,20d45a2de9de9aab,0.5915099766588244,0.5909134149551392,0.40807804465293884,yes,Yes,0.5783535838127136,3018,0.864626300000964,0.02017350000096485,9.087406158447266
int8,nested,paper,qwen_1_5,rotated,ellipse_01,ellipse_01_rot90,compatible,0.29981020754907156,93979c440c6e4314,0.47154399497436605,0.47098392248153687,0.5278283357620239,no,No,0.5217914581298828,3018,0.847885999999562,0.019461600000795443,9.08777666091919
int8,nested,paper,qwen_1_5,rotated,ellipse_02,ellipse_02_rot90,compatible,0.299813919484128,8a4618f7e21d67d1,0.49520453649144125,0.4946027100086212,0.504181981086731,no,No,0.49766042828559875,3018,0.971589100001438,0.019015800000488525,9.087500095367432
int8,nested,paper,qwen_1_5,rotated,ellipse_03,ellipse_03_rot90,compatible,0.29979681734150887,ce4b6011e4b2b3a2,0.4745831630627176,0.4740639626979828,0.5248420238494873,no,No,0.5206592679023743,3018,0.9844479999992473,0.018038000001979526,9.087387561798096
int8,nested,paper,qwen_1_5,rotated,dshape_01,dshape_01_rot90,compatible,0.2922746466650832,12723ddda28cfaa6,0.4953512027798265,0.49464860558509827,0.5039330124855042,no,No,0.49602967500686646,3018,0.9769142999975884,0.015301299998100149,9.087215900421143
int8,nested,paper,qwen_1_5,rotated,dshape_02,dshape_02_rot90,compatible,0.2829689679359062,fe28a83a456eab4e,0.49425783477887386,0.49367913603782654,0.5051500201225281,no,No,0.5005531907081604,3018,0.9710596000004443,0.01721670000188169,9.087331295013428
int8,nested,paper,qwen_1_5,rotated,dshape_03,dshape_03_rot90,compatible,0.2743944415034985,c889c3af12753d89,0.49382397710473863,0.49330106377601624,0.5056400299072266,no,No,0.5022867918014526,3018,0.8364680999984557,0.01607769999827724,9.087203025817871
int8,nested,paper,qwen_1_5,rotated,dshape_04,dshape_04_rot90,compatible,0.28653652858701567,602049c59e292069,0.509616851837828,0.5090088248252869,0.48979806900024414,yes,Yes,0.5012151598930359,3018,0.970955299999332,0.020407500000146683,9.087339401245117
int8,nested,paper,qwen_1_5,rotated,cross_04,cross_04_rot90,compatible,0.2999096456088599,8715cb01d1f51794,0.493065468392586,0.4926410913467407,0.5064982175827026,no,No,0.5049731731414795,3018,0.9851482999984,0.01993679999941378,9.086058616638184
int8,nested,paper,qwen_1_5,clear_neg,ellipse_01,dshape_03,incompatible,-2.0,767343f100d48dec,0.48417271333786843,0.48347243666648865,0.5150812268257141,no,No,0.504697322845459,3018,0.9920885999999882,0.016754000000219094,9.087110042572021
int8,nested,paper,qwen_1_5,clear_neg,ellipse_02,tube_03,incompatible,-2.0,1291cd55fcabf96f,0.559055396332616,0.5582913160324097,0.4403419494628906,yes,Yes,0.5359084606170654,3018,0.9106905999979062,0.013893100000132108,9.087261199951172
int8,nested,paper,qwen_1_5,clear_neg,ellipse_03,tube_01,incompatible,-2.0,942fa757b26c2755,0.5450772768916333,0.5445239543914795,0.45446091890335083,yes,Yes,0.5348591804504395,3018,0.861113099999784,0.01597550000224146,9.087364673614502
int8,nested,paper,qwen_1_5,clear_neg,dshape_01,tube_02,incompatible,-2.0,27597f7f0615bc81,0.5022896119455265,0.501726508140564,0.4971524178981781,no,No,0.4923790693283081,3018,0.9852797000021383,0.018677100000786595,9.087409496307373
int8,nested,paper,qwen_1_5,clear_neg,dshape_02,tube_03,incompatible,-2.0,359e1562489e9ce3,0.49879681296868766,0.49820059537887573,0.5006040930747986,no,No,0.4942229986190796,3018,0.9412360000023909,0.014013399999385001,9.086664199829102
int8,nested,paper,qwen_1_5,clear_neg,dshape_03,tube_01,incompatible,-2.0,557a696d832a2c67,0.5081368967590029,0.5074102282524109,0.49115970730781555,yes,Yes,0.48852628469467163,3018,0.8458410000021104,0.014162200001010206,9.087549686431885
int8,nested,paper,qwen_1_5,clear_neg,dshape_04,tube_01,incompatible,-2.0,34f9501a77f01d1f,0.5060600275027369,0.5054794549942017,0.493373304605484,yes,Yes,0.49675822257995605,3018,0.8357507000000624,0.016424099998403108,9.08755111694336
int8,nested,paper,qwen_1_5,clear_neg,cross_01,tube_03,incompatible,-2.0,5e65821fc1494b07,0.4747019451913245,0.47418054938316345,0.524721086025238,no,No,0.5200273990631104,3018,0.9364562000009755,0.016594600001553772,9.087270736694336
int8,nested,paper,qwen_1_5,clear_neg,cross_02,ellipse_01,incompatible,-2.0,5e2692dab5b1beb8,0.43481996822729213,0.434438556432724,0.564684271812439,no,No,0.5628077387809753,3018,0.9514535000016622,0.016791800000646617,9.086340427398682
int8,nested,paper,qwen_1_5,clear_neg,cross_03,tube_01,incompatible,-2.0,41b7576f78d5720f,0.49192908843317174,0.4912300109863281,0.507348895072937,no,No,0.4972739517688751,3018,0.8582993000018178,0.01652280000052997,9.087620735168457
int8,nested,paper,qwen_1_5,clear_neg,cross_04,dshape_03,incompatible,-2.0,ade8041ee1c632c9,0.4434275849668785,0.4429737627506256,0.5560027956962585,no,No,0.5519316792488098,3018,0.8531739999998535,0.014547000002494315,9.087336540222168
int8,nested,paper,qwen_1_5,clear_neg,tube_01,cross_01,incompatible,-2.0,688144c3df251c3c,0.5292266148145881,0.5286343693733215,0.4702465534210205,yes,Yes,0.5203136205673218,3018,0.8358160999996471,0.018077300002914853,9.086621284484863
int8,nested,paper,qwen_1_5,clear_neg,tube_02,cross_01,incompatible,-2.0,9dfc926ceb6e2d66,0.5298590396988104,0.5292381048202515,0.4695900082588196,yes,Yes,0.5179624557495117,3018,0.8672023999970406,0.01692419999744743,9.087489604949951
int8,nested,paper,qwen_1_5,clear_neg,tube_03,cross_04,incompatible,-2.0,1c0b91fe3b72e9d5,0.5478549089243506,0.5473867058753967,0.4517586827278137,yes,Yes,0.542717695236206,3018,0.8397717000007106,0.016277899998385692,9.086557388305664
int8,nested,paper,qwen_1_5,hard_neg,cross_03,cross_04,incompatible,-0.7001953125,528023385247be33,0.500883275677732,0.5004385709762573,0.49867358803749084,no,No,0.4970274865627289,3018,0.8512475999996241,0.014883300002111355,9.087482929229736
int8,nested,paper,qwen_1_5,hard_neg,cross_04,cross_01,incompatible,-0.2001953125,83f43c863c9d4514,0.48540664265826605,0.4849557876586914,0.5141153931617737,no,No,0.5122267603874207,3018,0.8584295000000566,0.018771600000036415,9.08640718460083
int8,nested,paper,qwen_1_5,hard_neg,tube_01,tube_03,incompatible,-1.7001953125,37bfe00eeed5cef5,0.579840130678875,0.5792192220687866,0.4197099506855011,yes,Yes,0.5679571628570557,3018,0.978349299999536,0.019829699998808792,9.087262630462646
int8,nested,paper,qwen_1_5,hard_neg,cross_02,cross_03,incompatible,-1.9365234375,21f9bf4a8017c21c,0.5168507107708267,0.516343355178833,0.4826750159263611,yes,Yes,0.511279284954071,3018,0.9639204000013706,0.0173309000019799,9.086272239685059
int8,nested,paper,qwen_1_5,hard_neg,dshape_01,dshape_03,incompatible,-1.912109375,2a747b3bf4ac9c31,0.46306795143193447,0.4625355005264282,0.5363146662712097,no,No,0.5311307311058044,3018,0.8613528000023507,0.02087509999910253,9.087289333343506
int8,nested,paper,qwen_1_5,hard_neg,tube_03,tube_01,incompatible,-1.7001953125,6f170d550ae9e4c6,0.5595950676027657,0.5591602921485901,0.4400627613067627,yes,Yes,0.5540206432342529,3018,0.8647172999990289,0.01679320000039297,9.087360858917236
int8,nested,paper,qwen_1_5,hard_neg,ellipse_01,ellipse_02,incompatible,-0.7001953125,42d5d883f8ee78f5,0.5060739676564251,0.505511462688446,0.49337702989578247,yes,Yes,0.4966607391834259,3018,0.9682724000012968,0.020520800000667805,9.087189674377441
int8,nested,paper,qwen_1_5,hard_neg,dshape_02,dshape_03,incompatible,-0.7529296875,43758b88d5a7133d,0.4824900827912204,0.4819408357143402,0.516920804977417,no,No,0.5126338005065918,3018,0.991083199998684,0.0171732000017073,9.086442470550537
int8,nested,paper,qwen_1_5,hard_neg,tube_01,tube_02,incompatible,-1.2001953125,467bff81ce223648,0.5687684678594914,0.5681514143943787,0.43076369166374207,yes,Yes,0.5554885268211365,3018,0.9944118000021263,0.018130000000383006,9.087539196014404
int8,nested,paper,qwen_1_5,hard_neg,tube_03,tube_02,incompatible,-1.7001953125,ca55c55562845bd5,0.6031195096046846,0.6025192737579346,0.39648550748825073,yes,Yes,0.5876182913780212,3018,0.9793035000002419,0.02280080000127782,9.087088108062744
int8,nested,paper,qwen_1_5,hard_neg,cross_04,cross_03,incompatible,-1.7001953125,231be3df731d5990,0.48538327440903684,0.4849320650100708,0.5141383409500122,no,No,0.5122389793395996,3018,0.8572359999998298,0.019146300001011696,9.086270332336426
int8,nested,paper,qwen_1_5,hard_neg,cross_02,cross_01,incompatible,-1.2001953125,f8891c97a35b0f7e,0.5085480816355264,0.5080888271331787,0.49100810289382935,yes,Yes,0.5051829814910889,3018,0.8719036999973468,0.015962999998009764,9.085728645324707
int8,nested,paper,qwen_1_5,shrunk,cross_03,cross_03_c-0.3,incompatible,-0.4248046875,edc60efc09614fae,0.49301870363503975,0.4925631880760193,0.5065128803253174,no,No,0.5049654841423035,3018,0.8628405000017665,0.018178099999204278,9.086686611175537
int8,nested,paper,qwen_1_5,shrunk,cross_03,cross_03_c-1.0,incompatible,-1.4150390625,78029a92a641417a,0.4850223180762473,0.4846043288707733,0.5145338773727417,no,No,0.5133583545684814,3018,0.8679508999994141,0.015439499999047257,9.086653709411621
int8,nested,paper,qwen_1_5,shrunk,dshape_03,dshape_03_c-0.3,incompatible,-0.3623046875,d75e5f835a71d93c,0.4860138924436936,0.48549774289131165,0.5134402513504028,no,No,0.5103331208229065,3018,0.8499996999998984,0.015972600001987303,9.086546897888184
int8,nested,paper,qwen_1_5,shrunk,dshape_03,dshape_03_c-1.0,incompatible,-1.220703125,d77fbd5ac89b46a3,0.48622823309330626,0.4856865406036377,0.5131993889808655,no,No,0.5094650983810425,3018,0.8468838999979198,0.01629239999965648,9.087401390075684
int8,nested,paper,qwen_1_5,shrunk,cross_01,cross_01_c-0.3,incompatible,-0.4248046875,dc0ae0b3685a642e,0.48494500795443213,0.4845608174800873,0.5146469473838806,no,No,0.513640284538269,3018,0.977264599998307,0.019363899999007117,9.085768699645996
int8,nested,paper,qwen_1_5,shrunk,cross_01,cross_01_c-1.0,incompatible,-1.4150390625,ae727051aebcf0bd,0.47723453021216394,0.4768456816673279,0.5223395228385925,no,No,0.521284818649292,3018,1.0014891999999236,0.020307900002080714,9.086016654968262
int8,nested,paper,qwen_1_5,shrunk,tube_02,tube_02_c-0.3,incompatible,-0.30078125,5aa3322bcf3febfd,0.5895057938069942,0.5888329148292542,0.4100256562232971,yes,Yes,0.5652742385864258,3018,0.9728241999982856,0.020660999998654006,9.08718204498291
int8,nested,paper,qwen_1_5,shrunk,tube_02,tube_02_c-1.0,incompatible,-1.0009765625,4b1a4cd0eb4c8462,0.5451970494342784,0.5446609258651733,0.45435571670532227,yes,Yes,0.534390389919281,3018,0.9359155999991344,0.019822300000669202,9.086654663085938
