split,family,peg_id,cand_id,offset_mm,label,reason,margin_mm,peg_v1,peg_v2,socket_v1,socket_v2,p_yes,answer,top_prob,image_margin_mm,image_fits,accept_tau,accept_yes,margin_left_censored,margin_relation,binary_label_eligible,score_snapshot_key
test,chamfered,chamfered_01,chamfered_01,0.3,compatible,,0.2874,data/renders/procedural/chamfered_01_peg_v1.png,data/renders/procedural/chamfered_01_peg_v2.png,data/renders/procedural/chamfered_01_socket_v1.png,data/renders/procedural/chamfered_01_socket_v2.png,0.7739285891141234,yes,0.5939040184020996,0.2708,1,0,1,0,=,1,dbd78b9aada42ba8d1be8a091b229824c1480d0e9e032ecf6758afaddcad5de1
test,chamfered,chamfered_01,chamfered_01_ap+0.10,0.1,compatible,,0.0956,data/renders/procedural/chamfered_01_peg_v1.png,data/renders/procedural/chamfered_01_peg_v2.png,data/renders/aperture/chamfered_01_ap+0.10_socket_v1.png,data/renders/aperture/chamfered_01_ap+0.10_socket_v2.png,0.767543093343989,yes,0.5824970602989197,0.1354,1,0,1,0,=,1,42d80c4960e6c62230de4eb894d8b69e279d7f04f4e2d8d8bb74976818062bd7
test,chamfered,chamfered_01,chamfered_01_ap+0.00,0.0,ambiguous,boundary,0.0,data/renders/procedural/chamfered_01_peg_v1.png,data/renders/procedural/chamfered_01_peg_v2.png,data/renders/aperture/chamfered_01_ap+0.00_socket_v1.png,data/renders/aperture/chamfered_01_ap+0.00_socket_v2.png,0.7656451199872427,yes,0.5744608640670776,-0.0677,0,0,1,0,=,0,6c9fc451f3243bccc83c3088d2dea4b631e2e1b5db7bbb96e42f56881821afdd
test,chamfered,chamfered_01,chamfered_01_ap-0.10,-0.1,ambiguous,off_centre,-0.1426,data/renders/procedural/chamfered_01_peg_v1.png,data/renders/procedural/chamfered_01_peg_v2.png,data/renders/aperture/chamfered_01_ap-0.10_socket_v1.png,data/renders/aperture/chamfered_01_ap-0.10_socket_v2.png,0.7697272114815125,yes,0.5797616839408875,-0.1915,0,0,1,0,=,0,adab8f43e9309ef4ac904ff24d1e0bb6efe305cd8e1144af9d2dd215bb409a1f
test,chamfered,chamfered_01,chamfered_01_ap-0.30,-0.3,incompatible,,-0.4258,data/renders/procedural/chamfered_01_peg_v1.png,data/renders/procedural/chamfered_01_peg_v2.png,data/renders/aperture/chamfered_01_ap-0.30_socket_v1.png,data/renders/aperture/chamfered_01_ap-0.30_socket_v2.png,0.7711849881540885,yes,0.5917750000953674,-0.4788,0,0,1,0,=,1,389d050ae9243f48842e12bc879512753f77d2cf000fbc9f47d857597e2690c6
test,chamfered,chamfered_01,chamfered_01_ap-0.60,-0.6,incompatible,,-0.8516,data/renders/procedural/chamfered_01_peg_v1.png,data/renders/procedural/chamfered_01_peg_v2.png,data/renders/aperture/chamfered_01_ap-0.60_socket_v1.png,data/renders/aperture/chamfered_01_ap-0.60_socket_v2.png,0.7739489039920946,yes,0.580732524394989,-0.8671,0,0,1,0,=,1,3fea3c53d53ca3b72b572f7dea55b3758f5e7d25d70b68b29a1b58f5d90e552c
test,chamfered,chamfered_01,chamfered_01_ap-1.20,-1.2,incompatible,,-1.7031,data/renders/procedural/chamfered_01_peg_v1.png,data/renders/procedural/chamfered_01_peg_v2.png,data/renders/aperture/chamfered_01_ap-1.20_socket_v1.png,data/renders/aperture/chamfered_01_ap-1.20_socket_v2.png,0.7758566769463229,yes,0.609999418258667,-1.7721,0,0,1,0,=,1,f4f1870dbae664f08f86f1b0b4a3685ccbe075e90bb9d3e570037f26d4e427fe
test,chamfered,chamfered_02,chamfered_02,0.3,compatible,,0.2874,data/renders/procedural/chamfered_02_peg_v1.png,data/renders/procedural/chamfered_02_peg_v2.png,data/renders/procedural/chamfered_02_socket_v1.png,data/renders/procedural/chamfered_02_socket_v2.png,0.7743043304520366,yes,0.6046878099441528,0.2708,1,0,1,0,=,1,f708bb2e59a8e7343ffa586c5d430db767e398077f9d50a12d3e7716fe7bf46e
test,chamfered,chamfered_02,chamfered_02_ap+0.10,0.1,compatible,,0.0956,data/renders/procedural/chamfered_02_peg_v1.png,data/renders/procedural/chamfered_02_peg_v2.png,data/renders/aperture/chamfered_02_ap+0.10_socket_v1.png,data/renders/aperture/chamfered_02_ap+0.10_socket_v2.png,0.7659900054993664,yes,0.583501935005188,0.1354,1,0,1,0,=,1,b1af2e64748a95d20c6ce69970f1077ade0ce3fd50d40cf9edc843d0598f2656
test,chamfered,chamfered_02,chamfered_02_ap+0.00,0.0,ambiguous,boundary,0.0,data/renders/procedural/chamfered_02_peg_v1.png,data/renders/procedural/chamfered_02_peg_v2.png,data/renders/aperture/chamfered_02_ap+0.00_socket_v1.png,data/renders/aperture/chamfered_02_ap+0.00_socket_v2.png,0.7648003897898615,yes,0.5601645708084106,-0.0677,0,0,1,0,=,0,b212f84a8ad6e34cf1edaf6f19e6411d7edd082c170fa540e9d9c13498ebe2b6
test,chamfered,chamfered_02,chamfered_02_ap-0.10,-0.1,ambiguous,off_centre,-0.1426,data/renders/procedural/chamfered_02_peg_v1.png,data/renders/procedural/chamfered_02_peg_v2.png,data/renders/aperture/chamfered_02_ap-0.10_socket_v1.png,data/renders/aperture/chamfered_02_ap-0.10_socket_v2.png,0.7678121896128027,yes,0.5715886950492859,-0.1915,0,0,1,0,=,0,50a4d7df8f7ee064c460389915af47a36173f3ecd276703ff3183924cd7b33fc
test,chamfered,chamfered_02,chamfered_02_ap-0.30,-0.3,incompatible,,-0.4258,data/renders/procedural/chamfered_02_peg_v1.png,data/renders/procedural/chamfered_02_peg_v2.png,data/renders/aperture/chamfered_02_ap-0.30_socket_v1.png,data/renders/aperture/chamfered_02_ap-0.30_socket_v2.png,0.7684148642644016,yes,0.5896347761154175,-0.4788,0,0,1,0,=,1,11801bfd172c997aba3ef021dfb5c9883443fbf3488f0b2d7677221d3c6a66b9
test,chamfered,chamfered_02,chamfered_02_ap-0.60,-0.6,incompatible,,-0.8516,data/renders/procedural/chamfered_02_peg_v1.png,data/renders/procedural/chamfered_02_peg_v2.png,data/renders/aperture/chamfered_02_ap-0.60_socket_v1.png,data/renders/aperture/chamfered_02_ap-0.60_socket_v2.png,0.7706953476574108,yes,0.5804933905601501,-0.8671,0,0,1,0,=,1,3265ce739bd21da26a8e58e6e0ff3016ec2a18417383583bd26c24096652f0dc
test,chamfered,chamfered_02,chamfered_02_ap-1.20,-1.2,incompatible,,-1.7031,data/renders/procedural/chamfered_02_peg_v1.png,data/renders/procedural/chamfered_02_peg_v2.png,data/renders/aperture/chamfered_02_ap-1.20_socket_v1.png,data/renders/aperture/chamfered_02_ap-1.20_socket_v2.png,0.7669293080470577,yes,0.5842294096946716,-1.7721,0,0,1,0,=,1,894f62ec358edaa496733e4feb7ae5d003bfe12e4e12c8f3311f167161d83d41
test,chamfered,chamfered_03,chamfered_03,0.3,compatible,,0.2857,data/renders/procedural/chamfered_03_peg_v1.png,data/renders/procedural/chamfered_03_peg_v2.png,data/renders/procedural/chamfered_03_socket_v1.png,data/renders/procedural/chamfered_03_socket_v2.png,0.7751417605860385,yes,0.5700880289077759,0.2441,1,0,1,0,=,1,2665f93a3eca530d0ae6cf6f3ea2ac19573cb0f292599c2fcfa4707f695b830d
test,chamfered,chamfered_03,chamfered_03_ap+0.10,0.1,compatible,,0.0951,data/renders/procedural/chamfered_03_peg_v1.png,data/renders/procedural/chamfered_03_peg_v2.png,data/renders/aperture/chamfered_03_ap+0.10_socket_v1.png,data/renders/aperture/chamfered_03_ap+0.10_socket_v2.png,0.7672931189636738,yes,0.559603214263916,0.0677,1,0,1,0,=,1,7b6020fcb481b9312883c01346266c04574fab439423f5a67fc21b075b5ee501
test,chamfered,chamfered_03,chamfered_03_ap+0.00,0.0,ambiguous,boundary,0.0,data/renders/procedural/chamfered_03_peg_v1.png,data/renders/procedural/chamfered_03_peg_v2.png,data/renders/aperture/chamfered_03_ap+0.00_socket_v1.png,data/renders/aperture/chamfered_03_ap+0.00_socket_v2.png,0.7690084033613446,yes,0.5608713626861572,0.0677,1,0,1,0,=,0,ae0141e7f5c19dcaa0a5e947da680b503ab8bbac98764ca58288ddffac263665
test,chamfered,chamfered_03,chamfered_03_ap-0.10,-0.1,ambiguous,off_centre,-0.1465,data/renders/procedural/chamfered_03_peg_v1.png,data/renders/procedural/chamfered_03_peg_v2.png,data/renders/aperture/chamfered_03_ap-0.10_socket_v1.png,data/renders/aperture/chamfered_03_ap-0.10_socket_v2.png,0.773434072637786,yes,0.5688418745994568,-0.2141,0,0,1,0,=,0,8ebb803643f06c5dbea68838b96b5f53041abe78650570839a42fa0f10edecf9
test,chamfered,chamfered_03,chamfered_03_ap-0.30,-0.3,incompatible,,-0.4404,data/renders/procedural/chamfered_03_peg_v1.png,data/renders/procedural/chamfered_03_peg_v2.png,data/renders/aperture/chamfered_03_ap-0.30_socket_v1.png,data/renders/aperture/chamfered_03_ap-0.30_socket_v2.png,0.7746324623086599,yes,0.5789790749549866,-0.4542,0,0,1,0,=,1,6826f0c33b14363aa46c689a9d8cea7e2e86cd1d1e392eaa4b7c513ae6a0268e
test,chamfered,chamfered_03,chamfered_03_ap-0.60,-0.6,incompatible,,-0.8828,data/renders/procedural/chamfered_03_peg_v1.png,data/renders/procedural/chamfered_03_peg_v2.png,data/renders/aperture/chamfered_03_ap-0.60_socket_v1.png,data/renders/aperture/chamfered_03_ap-0.60_socket_v2.png,0.7832130498984095,yes,0.5966804027557373,-0.9109,0,0,1,0,=,1,692c8ee42362d82468e8a1faffd49ce9ba2deb653eab1a815df029679b29f1ba
test,chamfered,chamfered_03,chamfered_03_ap-1.20,-1.2,incompatible,,-1.7793,data/renders/procedural/chamfered_03_peg_v1.png,data/renders/procedural/chamfered_03_peg_v2.png,data/renders/aperture/chamfered_03_ap-1.20_socket_v1.png,data/renders/aperture/chamfered_03_ap-1.20_socket_v2.png,0.784720564809088,yes,0.617007315158844,-1.8193,0,0,1,0,=,1,1b6a87efcec2ae8b7586dd0deeaf1f7f61057d53f244ba1736383afa9f12a9b0
test,chamfered,chamfered_04,chamfered_04,0.3,compatible,,0.2867,data/renders/procedural/chamfered_04_peg_v1.png,data/renders/procedural/chamfered_04_peg_v2.png,data/renders/procedural/chamfered_04_socket_v1.png,data/renders/procedural/chamfered_04_socket_v2.png,0.7762782902615771,yes,0.6221397519111633,0.2792,1,0,1,0,=,1,3a5a7f77acb66bcdc05f980c70539b0dcd4f673fbfa0ed1dcd77eaf048ac103a
test,chamfered,chamfered_04,chamfered_04_ap+0.10,0.1,compatible,,0.0954,data/renders/procedural/chamfered_04_peg_v1.png,data/renders/procedural/chamfered_04_peg_v2.png,data/renders/aperture/chamfered_04_ap+0.10_socket_v1.png,data/renders/aperture/chamfered_04_ap+0.10_socket_v2.png,0.7769833261366504,yes,0.6283560991287231,0.0958,1,0,1,0,=,1,e740138696c84225a92ddcea57d85231754a72bec0988135abdccb188d3f7854
test,chamfered,chamfered_04,chamfered_04_ap+0.00,0.0,ambiguous,boundary,-0.001,data/renders/procedural/chamfered_04_peg_v1.png,data/renders/procedural/chamfered_04_peg_v2.png,data/renders/aperture/chamfered_04_ap+0.00_socket_v1.png,data/renders/aperture/chamfered_04_ap+0.00_socket_v2.png,0.7785968910448224,yes,0.6369988322257996,0.0677,1,0,1,0,=,0,0e442383ff7acabfe520957b04836a1db4fe40bcf2d5d2ee917301d0d1a0c954
test,chamfered,chamfered_04,chamfered_04_ap-0.10,-0.1,ambiguous,off_centre,-0.1416,data/renders/procedural/chamfered_04_peg_v1.png,data/renders/procedural/chamfered_04_peg_v2.png,data/renders/aperture/chamfered_04_ap-0.10_socket_v1.png,data/renders/aperture/chamfered_04_ap-0.10_socket_v2.png,0.7737935497886681,yes,0.6220067143440247,-0.1915,0,0,1,0,=,0,ea861c255a9123fe1751f0b7489f8c16e50c21007c5780844a0c387e39a7bc75
test,chamfered,chamfered_04,chamfered_04_ap-0.30,-0.3,incompatible,,-0.4248,data/renders/procedural/chamfered_04_peg_v1.png,data/renders/procedural/chamfered_04_peg_v2.png,data/renders/aperture/chamfered_04_ap-0.30_socket_v1.png,data/renders/aperture/chamfered_04_ap-0.30_socket_v2.png,0.7801321711448223,yes,0.6346225738525391,-0.4335,0,0,1,0,=,1,90df8a384e9320c0552b6f5a19f7a818460ba52c04888d2c85cb78ceb3e04552
test,chamfered,chamfered_04,chamfered_04_ap-0.60,-0.6,incompatible,,-0.8496,data/renders/procedural/chamfered_04_peg_v1.png,data/renders/procedural/chamfered_04_peg_v2.png,data/renders/aperture/chamfered_04_ap-0.60_socket_v1.png,data/renders/aperture/chamfered_04_ap-0.60_socket_v2.png,0.7783808600919273,yes,0.6350204944610596,-0.9575,0,0,1,0,=,1,24ad61c439db899ef04b2371568d916fb8a30e56ba46f75bd5dbb6e00e1c5938
test,chamfered,chamfered_04,chamfered_04_ap-1.20,-1.2,incompatible,,-1.7002,data/renders/procedural/chamfered_04_peg_v1.png,data/renders/procedural/chamfered_04_peg_v2.png,data/renders/aperture/chamfered_04_ap-1.20_socket_v1.png,data/renders/aperture/chamfered_04_ap-1.20_socket_v2.png,0.7718156279472047,yes,0.6204378604888916,-1.7236,0,0,1,0,=,1,abb342583117c32b4f1329e2d1957c224d50eec351bdd7ad633424764de63b83
test,circle,circle_01,circle_01,0.3,compatible,,0.2999,data/renders/procedural/circle_01_peg_v1.png,data/renders/procedural/circle_01_peg_v2.png,data/renders/procedural/circle_01_socket_v1.png,data/renders/procedural/circle_01_socket_v2.png,0.8265172059594086,yes,0.7580444812774658,0.3385,1,1,1,0,=,1,a451702b1a4bb69505466fb00603f95374a5cc950de8188c7060d3197ab0c030
test,circle,circle_01,circle_01_ap+0.10,0.1,compatible,,0.1,data/renders/procedural/circle_01_peg_v1.png,data/renders/procedural/circle_01_peg_v2.png,data/renders/aperture/circle_01_ap+0.10_socket_v1.png,data/renders/aperture/circle_01_ap+0.10_socket_v2.png,0.8290641105740133,yes,0.7650909423828125,0.1354,1,1,1,0,=,1,7654db3956cb03aa66b268917f36443ae8fae8e5dc3c816d791085f06078f85f
test,circle,circle_01,circle_01_ap+0.00,0.0,ambiguous,boundary,-0.001,data/renders/procedural/circle_01_peg_v1.png,data/renders/procedural/circle_01_peg_v2.png,data/renders/aperture/circle_01_ap+0.00_socket_v1.png,data/renders/aperture/circle_01_ap+0.00_socket_v2.png,0.8297882578384002,yes,0.7734938859939575,0.0677,1,1,1,0,=,0,8391a9f6c9e3e21afcff47de190917fb902ac257442aafb4c63b127fa0ec107c
test,circle,circle_01,circle_01_ap-0.10,-0.1,ambiguous,off_centre,-0.1006,data/renders/procedural/circle_01_peg_v1.png,data/renders/procedural/circle_01_peg_v2.png,data/renders/aperture/circle_01_ap-0.10_socket_v1.png,data/renders/aperture/circle_01_ap-0.10_socket_v2.png,0.8277200772038655,yes,0.7707517147064209,-0.1354,0,1,1,0,=,0,efae2369c1fea8af16b63231211261b2bd0687af595310b15b7f0fe4e94420b5
test,circle,circle_01,circle_01_ap-0.30,-0.3,incompatible,,-0.3008,data/renders/procedural/circle_01_peg_v1.png,data/renders/procedural/circle_01_peg_v2.png,data/renders/aperture/circle_01_ap-0.30_socket_v1.png,data/renders/aperture/circle_01_ap-0.30_socket_v2.png,0.8297886043704935,yes,0.773504912853241,-0.3385,0,1,1,0,=,1,c6c7c1cd45f4509ae8d87acedc0438de3fb91ca6876da9be8e272512174db691
test,circle,circle_01,circle_01_ap-0.60,-0.6,incompatible,,-0.6006,data/renders/procedural/circle_01_peg_v1.png,data/renders/procedural/circle_01_peg_v2.png,data/renders/aperture/circle_01_ap-0.60_socket_v1.png,data/renders/aperture/circle_01_ap-0.60_socket_v2.png,0.829185460597086,yes,0.7670226693153381,-0.6242,0,1,1,0,=,1,1e1c2bedc19a077928ad5cd416dda1d45ba34728b09e8aa208704ff9241c8de2
test,circle,circle_01,circle_01_ap-1.20,-1.2,incompatible,,-1.2012,data/renders/procedural/circle_01_peg_v1.png,data/renders/procedural/circle_01_peg_v2.png,data/renders/aperture/circle_01_ap-1.20_socket_v1.png,data/renders/aperture/circle_01_ap-1.20_socket_v2.png,0.8226141441384772,yes,0.7600206732749939,-1.2206,0,1,1,0,=,1,516766c0462c0674b2c1979b2c46cc49d3154f13b80b6af908e628d9ead98f37
test,circle,circle_02,circle_02,0.3,compatible,,0.2999,data/renders/procedural/circle_02_peg_v1.png,data/renders/procedural/circle_02_peg_v2.png,data/renders/procedural/circle_02_socket_v1.png,data/renders/procedural/circle_02_socket_v2.png,0.8230087282476413,yes,0.7630136013031006,0.3028,1,1,1,0,=,1,6fa221da314475d784cf7f891b3fcc04f4ffeecca06c667f37b6a3d930ab2e92
test,circle,circle_02,circle_02_ap+0.10,0.1,compatible,,0.1,data/renders/procedural/circle_02_peg_v1.png,data/renders/procedural/circle_02_peg_v2.png,data/renders/aperture/circle_02_ap+0.10_socket_v1.png,data/renders/aperture/circle_02_ap+0.10_socket_v2.png,0.8235516704795633,yes,0.7449846863746643,0.1354,1,1,1,0,=,1,a260231e484fe3c3be85c3266f669078688ecbc0c9a45aafd47178190b495733
test,circle,circle_02,circle_02_ap+0.00,0.0,ambiguous,boundary,-0.001,data/renders/procedural/circle_02_peg_v1.png,data/renders/procedural/circle_02_peg_v2.png,data/renders/aperture/circle_02_ap+0.00_socket_v1.png,data/renders/aperture/circle_02_ap+0.00_socket_v2.png,0.8264525060901791,yes,0.7569962739944458,0.0677,1,1,1,0,=,0,50860fc2706ed93dc0ffedf2b51f3923b6cd164e3b5fcc084c982edceab01406
test,circle,circle_02,circle_02_ap-0.10,-0.1,ambiguous,off_centre,-0.1006,data/renders/procedural/circle_02_peg_v1.png,data/renders/procedural/circle_02_peg_v2.png,data/renders/aperture/circle_02_ap-0.10_socket_v1.png,data/renders/aperture/circle_02_ap-0.10_socket_v2.png,0.8212697779092604,yes,0.7429028749465942,-0.1354,0,1,1,0,=,0,b88d266e2141f78e03a1c66174f210f765eaeeb7f1cf4934a2d12f9f48049ac2
test,circle,circle_02,circle_02_ap-0.30,-0.3,incompatible,,-0.3008,data/renders/procedural/circle_02_peg_v1.png,data/renders/procedural/circle_02_peg_v2.png,data/renders/aperture/circle_02_ap-0.30_socket_v1.png,data/renders/aperture/circle_02_ap-0.30_socket_v2.png,0.8248837483079041,yes,0.7584205269813538,-0.3385,0,1,1,0,=,1,b7e0e30748313bcbcd5add3955fceee20f0c81d772f4f7206d9626bc4fb7af65
test,circle,circle_02,circle_02_ap-0.60,-0.6,incompatible,,-0.6006,data/renders/procedural/circle_02_peg_v1.png,data/renders/procedural/circle_02_peg_v2.png,data/renders/aperture/circle_02_ap-0.60_socket_v1.png,data/renders/aperture/circle_02_ap-0.60_socket_v2.png,0.8266400888506156,yes,0.7561727166175842,-0.6242,0,1,1,0,=,1,f0b59ab0b09e01c7c8ce75a640974db132ce1871c542e62a19ce0290e2cbb90e
test,circle,circle_02,circle_02_ap-1.20,-1.2,incompatible,,-1.2012,data/renders/procedural/circle_02_peg_v1.png,data/renders/procedural/circle_02_peg_v2.png,data/renders/aperture/circle_02_ap-1.20_socket_v1.png,data/renders/aperture/circle_02_ap-1.20_socket_v2.png,0.8279710363779562,yes,0.7478878498077393,-1.2206,0,1,1,0,=,1,8bda175ec8497035313eadbf7619ed50b853b326dcfe4ddbb05bfcf92830531f
test,circle,circle_03,circle_03,0.3,compatible,,0.2999,data/renders/procedural/circle_03_peg_v1.png,data/renders/procedural/circle_03_peg_v2.png,data/renders/procedural/circle_03_socket_v1.png,data/renders/procedural/circle_03_socket_v2.png,0.8176975100392931,yes,0.7508804202079773,0.3028,1,1,1,0,=,1,71d04c218e928ed2ce1de5c8f58bc30e8c4fb7c03382e7d90b02d0da3db0bfb9
test,circle,circle_03,circle_03_ap+0.10,0.1,compatible,,0.1,data/renders/procedural/circle_03_peg_v1.png,data/renders/procedural/circle_03_peg_v2.png,data/renders/aperture/circle_03_ap+0.10_socket_v1.png,data/renders/aperture/circle_03_ap+0.10_socket_v2.png,0.8184117742153886,yes,0.7587498426437378,0.0958,1,1,1,0,=,1,5876d6ad8f29d3e2c8cd3f38cc2e9263c4caf6efa40ca8e7f88ec0339ef5af1b
test,circle,circle_03,circle_03_ap+0.00,0.0,ambiguous,boundary,-0.001,data/renders/procedural/circle_03_peg_v1.png,data/renders/procedural/circle_03_peg_v2.png,data/renders/aperture/circle_03_ap+0.00_socket_v1.png,data/renders/aperture/circle_03_ap+0.00_socket_v2.png,0.8153568397172413,yes,0.7487276196479797,0.0677,1,1,1,0,=,0,4b3015d5476c9110a31bb308e8dec9cb0d1a8332fa0deb3ce8c4de93d4b820b2
test,circle,circle_03,circle_03_ap-0.10,-0.1,ambiguous,off_centre,-0.1006,data/renders/procedural/circle_03_peg_v1.png,data/renders/procedural/circle_03_peg_v2.png,data/renders/aperture/circle_03_ap-0.10_socket_v1.png,data/renders/aperture/circle_03_ap-0.10_socket_v2.png,0.8177599085453512,yes,0.7519003748893738,-0.1514,0,1,1,0,=,0,18d2aeee06eab8631ff0d18bb739d7f1cc118fa9ab76257d19c3272a62ce0421
test,circle,circle_03,circle_03_ap-0.30,-0.3,incompatible,,-0.3008,data/renders/procedural/circle_03_peg_v1.png,data/renders/procedural/circle_03_peg_v2.png,data/renders/aperture/circle_03_ap-0.30_socket_v1.png,data/renders/aperture/circle_03_ap-0.30_socket_v2.png,0.8199601330152467,yes,0.7557868957519531,-0.3385,0,1,1,0,=,1,e0a9af6da847d1651d31c6a6aa20476bfe99ae47f0e8c88d7163ee391adb7bdf
test,circle,circle_03,circle_03_ap-0.60,-0.6,incompatible,,-0.6006,data/renders/procedural/circle_03_peg_v1.png,data/renders/procedural/circle_03_peg_v2.png,data/renders/aperture/circle_03_ap-0.60_socket_v1.png,data/renders/aperture/circle_03_ap-0.60_socket_v2.png,0.8175653245142026,yes,0.7488631010055542,-0.6242,0,1,1,0,=,1,203cdd908a535c9190a62b33b109eefcc679ba12d98f7b3d9195473955b04110
test,circle,circle_03,circle_03_ap-1.20,-1.2,incompatible,,-1.2012,data/renders/procedural/circle_03_peg_v1.png,data/renders/procedural/circle_03_peg_v2.png,data/renders/aperture/circle_03_ap-1.20_socket_v1.png,data/renders/aperture/circle_03_ap-1.20_socket_v2.png,0.8237971003757032,yes,0.7525913119316101,-1.2206,0,1,1,0,=,1,f191518e92d5bd87e74e95a3334b1acd357e64d5b57ee1a4fa3cdf2eea4f7877
test,circle,circle_04,circle_04,0.3,compatible,,0.2999,data/renders/procedural/circle_04_peg_v1.png,data/renders/procedural/circle_04_peg_v2.png,data/renders/procedural/circle_04_socket_v1.png,data/renders/procedural/circle_04_socket_v2.png,0.8196198082137205,yes,0.7322059273719788,0.3028,1,1,1,0,=,1,98fc1c72710d26d940ec01ec6dee558fd9822f9e6e8f993d042bd5f429fffb3c
test,circle,circle_04,circle_04_ap+0.10,0.1,compatible,,0.1,data/renders/procedural/circle_04_peg_v1.png,data/renders/procedural/circle_04_peg_v2.png,data/renders/aperture/circle_04_ap+0.10_socket_v1.png,data/renders/aperture/circle_04_ap+0.10_socket_v2.png,0.8169465714246201,yes,0.7210260033607483,0.1354,1,1,1,0,=,1,637c53ff4ecca4292a4df1a45661e1ead5f24d571ba29a728bba3b8624909491
test,circle,circle_04,circle_04_ap+0.00,0.0,ambiguous,boundary,-0.001,data/renders/procedural/circle_04_peg_v1.png,data/renders/procedural/circle_04_peg_v2.png,data/renders/aperture/circle_04_ap+0.00_socket_v1.png,data/renders/aperture/circle_04_ap+0.00_socket_v2.png,0.8163492052196168,yes,0.717830240726471,0.0677,1,1,1,0,=,0,edc1adff96958065d49e9b2623687831e6051a0afbdb96c8cb93f08e90ce329b
test,circle,circle_04,circle_04_ap-0.10,-0.1,ambiguous,off_centre,-0.1006,data/renders/procedural/circle_04_peg_v1.png,data/renders/procedural/circle_04_peg_v2.png,data/renders/aperture/circle_04_ap-0.10_socket_v1.png,data/renders/aperture/circle_04_ap-0.10_socket_v2.png,0.8168882281287111,yes,0.7248402237892151,-0.1354,0,1,1,0,=,0,94a0a4d8c50933d4fb39e9e6cfa05007c441aaf9c2d3fa351ce513e4de9873c3
test,circle,circle_04,circle_04_ap-0.30,-0.3,incompatible,,-0.3008,data/renders/procedural/circle_04_peg_v1.png,data/renders/procedural/circle_04_peg_v2.png,data/renders/aperture/circle_04_ap-0.30_socket_v1.png,data/renders/aperture/circle_04_ap-0.30_socket_v2.png,0.8165679445840712,yes,0.7206962704658508,-0.3385,0,1,1,0,=,1,d60832c11efbae9ccf0870d2381508428a39aac6a8252554041efcbff8c1e465
test,circle,circle_04,circle_04_ap-0.60,-0.6,incompatible,,-0.6006,data/renders/procedural/circle_04_peg_v1.png,data/renders/procedural/circle_04_peg_v2.png,data/renders/aperture/circle_04_ap-0.60_socket_v1.png,data/renders/aperture/circle_04_ap-0.60_socket_v2.png,0.8167826951468548,yes,0.723458468914032,-0.6388,0,1,1,0,=,1,743bc3f98f967f59ebf315d05b5468457140ee5b4ee7738377b5cdd6e8e898bf
test,circle,circle_04,circle_04_ap-1.20,-1.2,incompatible,,-1.2012,data/renders/procedural/circle_04_peg_v1.png,data/renders/procedural/circle_04_peg_v2.png,data/renders/aperture/circle_04_ap-1.20_socket_v1.png,data/renders/aperture/circle_04_ap-1.20_socket_v2.png,0.8137068322216734,yes,0.7281100749969482,-1.2206,0,1,1,0,=,1,e55ccd946144a59b92d410033ac73fa7c147603bacc47a95070ec6fb6f3d67b1
test,circle,circle_05,circle_05,0.3,compatible,,0.2999,data/renders/procedural/circle_05_peg_v1.png,data/renders/procedural/circle_05_peg_v2.png,data/renders/procedural/circle_05_socket_v1.png,data/renders/procedural/circle_05_socket_v2.png,0.8201351470625885,yes,0.7156367897987366,0.3028,1,1,1,0,=,1,4a692b14aebf45ec5cf9d5e34adcdbc4a88862e515d588f65c28fc234a131e92
test,circle,circle_05,circle_05_ap+0.10,0.1,compatible,,0.1,data/renders/procedural/circle_05_peg_v1.png,data/renders/procedural/circle_05_peg_v2.png,data/renders/aperture/circle_05_ap+0.10_socket_v1.png,data/renders/aperture/circle_05_ap+0.10_socket_v2.png,0.8161261324447184,yes,0.7148977518081665,0.0958,1,1,1,0,=,1,b21835022d8c29fab34383ef2277a529105d98cbb02a73e818697e937e24cea0
test,circle,circle_05,circle_05_ap+0.00,0.0,ambiguous,boundary,-0.001,data/renders/procedural/circle_05_peg_v1.png,data/renders/procedural/circle_05_peg_v2.png,data/renders/aperture/circle_05_ap+0.00_socket_v1.png,data/renders/aperture/circle_05_ap+0.00_socket_v2.png,0.8111564167249391,yes,0.7077621817588806,0.0677,1,1,1,0,=,0,89c8c0d84016a7182596b5b4c1c31edd36739306e917cac9f664fc979958fd0b
test,circle,circle_05,circle_05_ap-0.10,-0.1,ambiguous,off_centre,-0.1006,data/renders/procedural/circle_05_peg_v1.png,data/renders/procedural/circle_05_peg_v2.png,data/renders/aperture/circle_05_ap-0.10_socket_v1.png,data/renders/aperture/circle_05_ap-0.10_socket_v2.png,0.8132982026956946,yes,0.706821620464325,-0.1514,0,1,1,0,=,0,ce70d1054535f6134dcb8030bc8ec674fc13a0f6d4770022d3006655652f5a51
test,circle,circle_05,circle_05_ap-0.30,-0.3,incompatible,,-0.3008,data/renders/procedural/circle_05_peg_v1.png,data/renders/procedural/circle_05_peg_v2.png,data/renders/aperture/circle_05_ap-0.30_socket_v1.png,data/renders/aperture/circle_05_ap-0.30_socket_v2.png,0.8167373220990621,yes,0.7181586027145386,-0.3385,0,1,1,0,=,1,b41927f6089bbaf1356271493c616ed0f9df496d136309fa2c72a66958a54954
test,circle,circle_05,circle_05_ap-0.60,-0.6,incompatible,,-0.6006,data/renders/procedural/circle_05_peg_v1.png,data/renders/procedural/circle_05_peg_v2.png,data/renders/aperture/circle_05_ap-0.60_socket_v1.png,data/renders/aperture/circle_05_ap-0.60_socket_v2.png,0.8181744129361277,yes,0.7180925607681274,-0.6242,0,1,1,0,=,1,334a0c2fc2b1540df967183288647771adc916c6c52202387453cb15fe84a05f
test,circle,circle_05,circle_05_ap-1.20,-1.2,incompatible,,-1.2012,data/renders/procedural/circle_05_peg_v1.png,data/renders/procedural/circle_05_peg_v2.png,data/renders/aperture/circle_05_ap-1.20_socket_v1.png,data/renders/aperture/circle_05_ap-1.20_socket_v2.png,0.8164603097134898,yes,0.719253659248352,-1.243,0,1,1,0,=,1,2b11a54d618ae2fc5f4a20761fea4b0a9884268ba69d54113fbba1ac42039f9a
test,double_d,double_d_01,double_d_01,0.3,compatible,,0.2999,data/renders/procedural/double_d_01_peg_v1.png,data/renders/procedural/double_d_01_peg_v2.png,data/renders/procedural/double_d_01_socket_v1.png,data/renders/procedural/double_d_01_socket_v2.png,0.7980983998370019,yes,0.6474739909172058,0.3028,1,1,1,0,=,1,5523711996cb1642b73a1a85554c6038cb8fa85759ac4cb747d756c318d86e15
test,double_d,double_d_01,double_d_01_ap+0.10,0.1,compatible,,0.1,data/renders/procedural/double_d_01_peg_v1.png,data/renders/procedural/double_d_01_peg_v2.png,data/renders/aperture/double_d_01_ap+0.10_socket_v1.png,data/renders/aperture/double_d_01_ap+0.10_socket_v2.png,0.8010238118107735,yes,0.6536232233047485,0.0958,1,1,1,0,=,1,bb213fc6e61481915a982ac6263acaaa0b5dc3fe9f41de5cf64ccdd08cee00c2
test,double_d,double_d_01,double_d_01_ap+0.00,0.0,ambiguous,boundary,-0.001,data/renders/procedural/double_d_01_peg_v1.png,data/renders/procedural/double_d_01_peg_v2.png,data/renders/aperture/double_d_01_ap+0.00_socket_v1.png,data/renders/aperture/double_d_01_ap+0.00_socket_v2.png,0.8039094729479426,yes,0.6597122550010681,0.0677,1,1,1,0,=,0,12f0145222b4ec7106acb6cc18cade5f4dc7e942b7c3596247a4a21224b4ed37
test,double_d,double_d_01,double_d_01_ap-0.10,-0.1,ambiguous,off_centre,-0.1074,data/renders/procedural/double_d_01_peg_v1.png,data/renders/procedural/double_d_01_peg_v2.png,data/renders/aperture/double_d_01_ap-0.10_socket_v1.png,data/renders/aperture/double_d_01_ap-0.10_socket_v2.png,0.8081547893035191,yes,0.663219153881073,-0.1514,0,1,1,0,=,0,8ba321cd0c9274a1ba787cd333c9b469f6112953e053e3f93f2bda660b143b48
test,double_d,double_d_01,double_d_01_ap-0.30,-0.3,incompatible,,-0.3203,data/renders/procedural/double_d_01_peg_v1.png,data/renders/procedural/double_d_01_peg_v2.png,data/renders/aperture/double_d_01_ap-0.30_socket_v1.png,data/renders/aperture/double_d_01_ap-0.30_socket_v2.png,0.8032637785539627,yes,0.6591830849647522,-0.3452,0,1,1,0,=,1,2f718ce9d4c2915480c31b7d88b687ba42aa3a09bf7ab2e45d15a59c7ff4c7f0
test,double_d,double_d_01,double_d_01_ap-0.60,-0.6,incompatible,,-0.6436,data/renders/procedural/double_d_01_peg_v1.png,data/renders/procedural/double_d_01_peg_v2.png,data/renders/aperture/double_d_01_ap-0.60_socket_v1.png,data/renders/aperture/double_d_01_ap-0.60_socket_v2.png,0.8030517142868953,yes,0.6571707725524902,-0.6423,0,1,1,0,=,1,c26d2c0e5a65c7c9685f326ef4a933cf3d824d61d55ffad1005cf0bd1965e3ee
test,double_d,double_d_01,double_d_01_ap-1.20,-1.2,incompatible,,-1.291,data/renders/procedural/double_d_01_peg_v1.png,data/renders/procedural/double_d_01_peg_v2.png,data/renders/aperture/double_d_01_ap-1.20_socket_v1.png,data/renders/aperture/double_d_01_ap-1.20_socket_v2.png,0.7996976936321514,yes,0.6468873023986816,-1.2847,0,1,1,0,=,1,80d15c5a2598cadf64b27d9dd3d9fb70cda30ef4ebcc7ea0a20b7430f58b32c3
test,double_d,double_d_02,double_d_02,0.3,compatible,,0.2999,data/renders/procedural/double_d_02_peg_v1.png,data/renders/procedural/double_d_02_peg_v2.png,data/renders/procedural/double_d_02_socket_v1.png,data/renders/procedural/double_d_02_socket_v2.png,0.8061341640616881,yes,0.6652032732963562,0.3028,1,1,1,0,=,1,b7d33cc842c8c268aa4b8b96c8de3eaf204b153039b816938b60de288776821e
test,double_d,double_d_02,double_d_02_ap+0.10,0.1,compatible,,0.1,data/renders/procedural/double_d_02_peg_v1.png,data/renders/procedural/double_d_02_peg_v2.png,data/renders/aperture/double_d_02_ap+0.10_socket_v1.png,data/renders/aperture/double_d_02_ap+0.10_socket_v2.png,0.7932338314456225,yes,0.6453985571861267,0.1354,1,1,1,0,=,1,647b735485a6cd8a649fe385b6b5cf3809193b9bbba07e20abacf36f9e2675e9
test,double_d,double_d_02,double_d_02_ap+0.00,0.0,ambiguous,boundary,-0.001,data/renders/procedural/double_d_02_peg_v1.png,data/renders/procedural/double_d_02_peg_v2.png,data/renders/aperture/double_d_02_ap+0.00_socket_v1.png,data/renders/aperture/double_d_02_ap+0.00_socket_v2.png,0.7991409576549511,yes,0.6576185822486877,0.0677,1,1,1,0,=,0,46896ea1e003cc0b9b3e8d01b24f68c19bbd41c50a214cc28b6a3e62dd4ef1c4
test,double_d,double_d_02,double_d_02_ap-0.10,-0.1,ambiguous,off_centre,-0.1162,data/renders/procedural/double_d_02_peg_v1.png,data/renders/procedural/double_d_02_peg_v2.png,data/renders/aperture/double_d_02_ap-0.10_socket_v1.png,data/renders/aperture/double_d_02_ap-0.10_socket_v2.png,0.7978463453697626,yes,0.6510568857192993,-0.1514,0,1,1,0,=,0,c3d18dae9dd68a6a70928b54b4aaa6ea387b0a9007f59c7c45f720250624bca9
test,double_d,double_d_02,double_d_02_ap-0.30,-0.3,incompatible,,-0.3477,data/renders/procedural/double_d_02_peg_v1.png,data/renders/procedural/double_d_02_peg_v2.png,data/renders/aperture/double_d_02_ap-0.30_socket_v1.png,data/renders/aperture/double_d_02_ap-0.30_socket_v2.png,0.7938706610423432,yes,0.6514472365379333,-0.3385,0,1,1,0,=,1,3e2526d2e5632e43a5a32b0e5084d50f3d5465f5822876b75e8f57b0597ee1ac
test,double_d,double_d_02,double_d_02_ap-0.60,-0.6,incompatible,,-0.6982,data/renders/procedural/double_d_02_peg_v1.png,data/renders/procedural/double_d_02_peg_v2.png,data/renders/aperture/double_d_02_ap-0.60_socket_v1.png,data/renders/aperture/double_d_02_ap-0.60_socket_v2.png,0.794532743686884,yes,0.6519825458526611,-0.6971,0,1,1,0,=,1,4e9f33524de1f726ea196679ea0a2e6567b6c8732490f8d2907f89d0ffae8c66
test,double_d,double_d_02,double_d_02_ap-1.20,-1.2,incompatible,,-1.4062,data/renders/procedural/double_d_02_peg_v1.png,data/renders/procedural/double_d_02_peg_v2.png,data/renders/aperture/double_d_02_ap-1.20_socket_v1.png,data/renders/aperture/double_d_02_ap-1.20_socket_v2.png,0.7967122840629922,yes,0.6821507215499878,-1.4283,0,1,1,0,=,1,ab26dc01fc3d8774709edf79ba463f953b2b5197f2cbe76f463d5a579ec05efd
test,double_d,double_d_03,double_d_03,0.3,compatible,,0.2999,data/renders/procedural/double_d_03_peg_v1.png,data/renders/procedural/double_d_03_peg_v2.png,data/renders/procedural/double_d_03_socket_v1.png,data/renders/procedural/double_d_03_socket_v2.png,0.7967313688338417,yes,0.6114541292190552,0.3028,1,1,1,0,=,1,17cedb9b239893b01831d1faf6aaa16de65f2b9cf93a7eb91182d46f1b1c0507
test,double_d,double_d_03,double_d_03_ap+0.10,0.1,compatible,,0.1,data/renders/procedural/double_d_03_peg_v1.png,data/renders/procedural/double_d_03_peg_v2.png,data/renders/aperture/double_d_03_ap+0.10_socket_v1.png,data/renders/aperture/double_d_03_ap+0.10_socket_v2.png,0.8014135961358729,yes,0.5990884304046631,0.1354,1,1,1,0,=,1,55f0fecb5a5ab3837f33a994020beec9ea093f79b20190431c8cfc3e780a5b48
test,double_d,double_d_03,double_d_03_ap+0.00,0.0,ambiguous,boundary,-0.001,data/renders/procedural/double_d_03_peg_v1.png,data/renders/procedural/double_d_03_peg_v2.png,data/renders/aperture/double_d_03_ap+0.00_socket_v1.png,data/renders/aperture/double_d_03_ap+0.00_socket_v2.png,0.7966856414867515,yes,0.5978708863258362,0.0677,1,1,1,0,=,0,038dbe6e3f3bf355e5a01778bf05ef2349ab101940765fb62878995e824ff5f7
test,double_d,double_d_03,double_d_03_ap-0.10,-0.1,ambiguous,off_centre,-0.1094,data/renders/procedural/double_d_03_peg_v1.png,data/renders/procedural/double_d_03_peg_v2.png,data/renders/aperture/double_d_03_ap-0.10_socket_v1.png,data/renders/aperture/double_d_03_ap-0.10_socket_v2.png,0.8000587845927302,yes,0.6073235869407654,-0.1354,0,1,1,0,=,0,4a74acfb1cfbef565d65c979c621a4eb4cbb8d1d0fb15db8b94d6447565d2f57
test,double_d,double_d_03,double_d_03_ap-0.30,-0.3,incompatible,,-0.3271,data/renders/procedural/double_d_03_peg_v1.png,data/renders/procedural/double_d_03_peg_v2.png,data/renders/aperture/double_d_03_ap-0.30_socket_v1.png,data/renders/aperture/double_d_03_ap-0.30_socket_v2.png,0.7912680365549762,yes,0.5673900842666626,-0.3452,0,1,1,0,=,1,de2f68ba4b307cf1f2c0b9305518fa03463b5672fd0aed9544414b1eca6dd0fd
test,double_d,double_d_03,double_d_03_ap-0.60,-0.6,incompatible,,-0.6533,data/renders/procedural/double_d_03_peg_v1.png,data/renders/procedural/double_d_03_peg_v2.png,data/renders/aperture/double_d_03_ap-0.60_socket_v1.png,data/renders/aperture/double_d_03_ap-0.60_socket_v2.png,0.7998692600965825,yes,0.5810851454734802,-0.6423,0,1,1,0,=,1,730302669e3f23e4753b09a2691091fd1bf0a343662adb37e171ca962fbb958e
test,double_d,double_d_03,double_d_03_ap-1.20,-1.2,incompatible,,-1.3105,data/renders/procedural/double_d_03_peg_v1.png,data/renders/procedural/double_d_03_peg_v2.png,data/renders/aperture/double_d_03_ap-1.20_socket_v1.png,data/renders/aperture/double_d_03_ap-1.20_socket_v2.png,0.7981555879855707,yes,0.6035988330841064,-1.3077,0,1,1,0,=,1,b3e175d254b697d4024b9f6a4d7ac9b8891800db73c3be0544351c5f9501ebe9
calib,ell,ell_01,ell_01,0.3,compatible,,0.2346,data/renders/procedural/ell_01_peg_v1.png,data/renders/procedural/ell_01_peg_v2.png,data/renders/procedural/ell_01_socket_v1.png,data/renders/procedural/ell_01_socket_v2.png,0.7811665399069078,yes,0.4823830723762512,0.2708,1,0,1,0,=,1,d02786cd37c3beb0bb1c94031bd80af1d568407cd0c19f43516c00189d588a21
calib,ell,ell_01,ell_01_ap+0.10,0.1,compatible,,0.0776,data/renders/procedural/ell_01_peg_v1.png,data/renders/procedural/ell_01_peg_v2.png,data/renders/aperture/ell_01_ap+0.10_socket_v1.png,data/renders/aperture/ell_01_ap+0.10_socket_v2.png,0.7849113708919369,yes,0.5074292421340942,0.0677,1,0,1,0,=,1,ae229b7f17ecf161c0944388ffd964996b40601acb3e7b8225e6f76b2c6e7333
calib,ell,ell_01,ell_01_ap+0.00,0.0,ambiguous,boundary,-0.001,data/renders/procedural/ell_01_peg_v1.png,data/renders/procedural/ell_01_peg_v2.png,data/renders/aperture/ell_01_ap+0.00_socket_v1.png,data/renders/aperture/ell_01_ap+0.00_socket_v2.png,0.7828202336876472,yes,0.4862931966781616,0.0677,1,0,1,0,=,0,63f361af4d13ff9f31e17910b78a67d4ed638ee71ed3ab9f928fc7994b605513
calib,ell,ell_01,ell_01_ap-0.10,-0.1,ambiguous,off_centre,-0.165,data/renders/procedural/ell_01_peg_v1.png,data/renders/procedural/ell_01_peg_v2.png,data/renders/aperture/ell_01_ap-0.10_socket_v1.png,data/renders/aperture/ell_01_ap-0.10_socket_v2.png,0.7845104987590317,yes,0.4815748333930969,-0.1915,0,0,1,0,=,0,10a5472a0486b751f590d488080d6561c6ea3516a5e247b5ba676cbbdfbcbb6d
calib,ell,ell_01,ell_01_ap-0.30,-0.3,incompatible,,-0.4941,data/renders/procedural/ell_01_peg_v1.png,data/renders/procedural/ell_01_peg_v2.png,data/renders/aperture/ell_01_ap-0.30_socket_v1.png,data/renders/aperture/ell_01_ap-0.30_socket_v2.png,0.7811692157073439,yes,0.4823819696903229,-0.4788,0,0,1,0,=,1,55497bff72553cd73e96f544f036e572c5585df8920506f6f177904404a409d1
calib,ell,ell_01,ell_01_ap-0.60,-0.6,incompatible,,-0.9912,data/renders/procedural/ell_01_peg_v1.png,data/renders/procedural/ell_01_peg_v2.png,data/renders/aperture/ell_01_ap-0.60_socket_v1.png,data/renders/aperture/ell_01_ap-0.60_socket_v2.png,0.7788494122228292,yes,0.46940866112709045,-0.9109,0,0,1,0,=,1,df2dc92dccaf475af502f6155e408380316f65c17f874b9f6df31af2b741366c
calib,ell,ell_01,ell_01_ap-1.20,-1.2,incompatible,,-1.998,data/renders/procedural/ell_01_peg_v1.png,data/renders/procedural/ell_01_peg_v2.png,data/renders/aperture/ell_01_ap-1.20_socket_v1.png,data/renders/aperture/ell_01_ap-1.20_socket_v2.png,0.7893545855594294,yes,0.5214367508888245,-1.9635,0,1,1,0,=,1,d52f9274fa2bebc44c89c75aba0e8ad551179f67a806d4ef4e7499185d2e1c84
calib,ell,ell_02,ell_02,0.3,compatible,,0.2346,data/renders/procedural/ell_02_peg_v1.png,data/renders/procedural/ell_02_peg_v2.png,data/renders/procedural/ell_02_socket_v1.png,data/renders/procedural/ell_02_socket_v2.png,0.766450453501677,yes,0.4816615581512451,0.2708,1,0,1,0,=,1,664b4c25811dd041c0247310ec501b66bd5809e44b605eb606d04e1ffae14603
calib,ell,ell_02,ell_02_ap+0.10,0.1,compatible,,0.0776,data/renders/procedural/ell_02_peg_v1.png,data/renders/procedural/ell_02_peg_v2.png,data/renders/aperture/ell_02_ap+0.10_socket_v1.png,data/renders/aperture/ell_02_ap+0.10_socket_v2.png,0.7692361676484797,yes,0.4834073781967163,0.0677,1,0,1,0,=,1,22c873bb4245f4a5a66ff3b87ebbe48ada6f84896701da8ed3099c517285762d
calib,ell,ell_02,ell_02_ap+0.00,0.0,ambiguous,boundary,-0.001,data/renders/procedural/ell_02_peg_v1.png,data/renders/procedural/ell_02_peg_v2.png,data/renders/aperture/ell_02_ap+0.00_socket_v1.png,data/renders/aperture/ell_02_ap+0.00_socket_v2.png,0.7685867330378893,yes,0.471757709980011,0.0677,1,0,1,0,=,0,ff343795ae24b7366aa361dee581915568138d7d02aeeb2fca1a2064e97281db
calib,ell,ell_02,ell_02_ap-0.10,-0.1,ambiguous,off_centre,-0.165,data/renders/procedural/ell_02_peg_v1.png,data/renders/procedural/ell_02_peg_v2.png,data/renders/aperture/ell_02_ap-0.10_socket_v1.png,data/renders/aperture/ell_02_ap-0.10_socket_v2.png,0.7693147497165974,yes,0.4693695902824402,-0.1915,0,0,1,0,=,0,1801b68255c8c41eba76431e5d397da30e8b27433fd55913e78a6e07ca9ccf4d
calib,ell,ell_02,ell_02_ap-0.30,-0.3,incompatible,,-0.4941,data/renders/procedural/ell_02_peg_v1.png,data/renders/procedural/ell_02_peg_v2.png,data/renders/aperture/ell_02_ap-0.30_socket_v1.png,data/renders/aperture/ell_02_ap-0.30_socket_v2.png,0.7615079646950756,yes,0.4589086174964905,-0.4788,0,0,1,0,=,1,ffe8dfa1b53385838f9098f5da82800fe6b1389e9cb3e0cbc411164c2a9f2e8d
calib,ell,ell_02,ell_02_ap-0.60,-0.6,incompatible,,-0.9912,data/renders/procedural/ell_02_peg_v1.png,data/renders/procedural/ell_02_peg_v2.png,data/renders/aperture/ell_02_ap-0.60_socket_v1.png,data/renders/aperture/ell_02_ap-0.60_socket_v2.png,0.7682974499284615,yes,0.4772133529186249,-0.9109,0,0,1,0,=,1,9a6323eb5b22326558c3e64c6e0d9251f36878a6e1f87aeab0f75ed4206e9f56
calib,ell,ell_02,ell_02_ap-1.20,-1.2,incompatible,,-1.998,data/renders/procedural/ell_02_peg_v1.png,data/renders/procedural/ell_02_peg_v2.png,data/renders/aperture/ell_02_ap-1.20_socket_v1.png,data/renders/aperture/ell_02_ap-1.20_socket_v2.png,0.7557147902712789,yes,0.4354887008666992,-1.9635,0,0,1,0,=,1,5ff3ea7799b0e0216057cf9b1af24b01ecb1ce5b332c4e14eda8451b4eb95aa4
calib,ell,ell_03,ell_03,0.3,compatible,,0.2417,data/renders/procedural/ell_03_peg_v1.png,data/renders/procedural/ell_03_peg_v2.png,data/renders/procedural/ell_03_socket_v1.png,data/renders/procedural/ell_03_socket_v2.png,0.7910442139527182,yes,0.5843847990036011,0.2708,1,1,1,0,=,1,48662e6d2d1c65f2a70df9bc35cc8d53d21ea70b7ffe802015f725a8d540cdec
calib,ell,ell_03,ell_03_ap+0.10,0.1,compatible,,0.08,data/renders/procedural/ell_03_peg_v1.png,data/renders/procedural/ell_03_peg_v2.png,data/renders/aperture/ell_03_ap+0.10_socket_v1.png,data/renders/aperture/ell_03_ap+0.10_socket_v2.png,0.7870039873201902,yes,0.5790425539016724,0.0677,1,0,1,0,=,1,43ecfc33bf8608879c5ad495de4340e42516b1d2397e654b263735048237d805
calib,ell,ell_03,ell_03_ap+0.00,0.0,ambiguous,boundary,0.0,data/renders/procedural/ell_03_peg_v1.png,data/renders/procedural/ell_03_peg_v2.png,data/renders/aperture/ell_03_ap+0.00_socket_v1.png,data/renders/aperture/ell_03_ap+0.00_socket_v2.png,0.7874983407798958,yes,0.5572812557220459,0.0677,1,0,1,0,=,0,702f78365d32655e342b078dab35cb6cd42f8a6c8a949fa4248add324d3042ac
calib,ell,ell_03,ell_03_ap-0.10,-0.1,ambiguous,off_centre,-0.1621,data/renders/procedural/ell_03_peg_v1.png,data/renders/procedural/ell_03_peg_v2.png,data/renders/aperture/ell_03_ap-0.10_socket_v1.png,data/renders/aperture/ell_03_ap-0.10_socket_v2.png,0.7892759032090305,yes,0.5534334182739258,-0.2441,0,1,1,0,=,0,4a1612309567ce1d00c7e47f3b7d8768e8ad45c1832b85fc0059abc6707e871d
calib,ell,ell_03,ell_03_ap-0.30,-0.3,incompatible,,-0.4873,data/renders/procedural/ell_03_peg_v1.png,data/renders/procedural/ell_03_peg_v2.png,data/renders/aperture/ell_03_ap-0.30_socket_v1.png,data/renders/aperture/ell_03_ap-0.30_socket_v2.png,0.787274734909959,yes,0.5390002727508545,-0.5288,0,0,1,0,=,1,950fb0041b0318b7fb04b36fc933711ca30441ca121c7cf3c23b318e45900fcc
calib,ell,ell_03,ell_03_ap-0.60,-0.6,incompatible,,-0.9766,data/renders/procedural/ell_03_peg_v1.png,data/renders/procedural/ell_03_peg_v2.png,data/renders/aperture/ell_03_ap-0.60_socket_v1.png,data/renders/aperture/ell_03_ap-0.60_socket_v2.png,0.7928975630196236,yes,0.5455203056335449,-1.0066,0,1,1,0,=,1,f73d759f80ea31360f405f7ce5b85e32e225cee7c893bed3e03d991f5fddb580
calib,ell,ell_03,ell_03_ap-1.20,-1.2,incompatible,,-1.9688,data/renders/procedural/ell_03_peg_v1.png,data/renders/procedural/ell_03_peg_v2.png,data/renders/aperture/ell_03_ap-1.20_socket_v1.png,data/renders/aperture/ell_03_ap-1.20_socket_v2.png,0.7979171154897927,yes,0.556892991065979,-1.9635,0,1,1,0,=,1,8d29292eb665c2c9d4492fb902ed2eabfe9634563b862f304e2351dfadb3b961
calib,ell,ell_04,ell_04,0.3,compatible,,0.2417,data/renders/procedural/ell_04_peg_v1.png,data/renders/procedural/ell_04_peg_v2.png,data/renders/procedural/ell_04_socket_v1.png,data/renders/procedural/ell_04_socket_v2.png,0.7753299941360045,yes,0.5333912372589111,0.2708,1,0,1,0,=,1,1831073b1199fbcbbe0a993dfe7e90d210e0bbc16dd8bb627aaeb9d68c5d6de3
calib,ell,ell_04,ell_04_ap+0.10,0.1,compatible,,0.08,data/renders/procedural/ell_04_peg_v1.png,data/renders/procedural/ell_04_peg_v2.png,data/renders/aperture/ell_04_ap+0.10_socket_v1.png,data/renders/aperture/ell_04_ap+0.10_socket_v2.png,0.7719366561294129,yes,0.5179494023323059,0.0677,1,0,1,0,=,1,0d6dee2c7f1cdbf674f7e16881439b8adf73689949d79c5ff6b06462c1eb03b2
calib,ell,ell_04,ell_04_ap+0.00,0.0,ambiguous,boundary,0.0,data/renders/procedural/ell_04_peg_v1.png,data/renders/procedural/ell_04_peg_v2.png,data/renders/aperture/ell_04_ap+0.00_socket_v1.png,data/renders/aperture/ell_04_ap+0.00_socket_v2.png,0.7728426698587504,yes,0.5158894658088684,0.0677,1,0,1,0,=,0,1a4e49b6e9214c479e03d6f57a51465170fb44fe62978a872d996d1fd7ded35a
calib,ell,ell_04,ell_04_ap-0.10,-0.1,ambiguous,off_centre,-0.1621,data/renders/procedural/ell_04_peg_v1.png,data/renders/procedural/ell_04_peg_v2.png,data/renders/aperture/ell_04_ap-0.10_socket_v1.png,data/renders/aperture/ell_04_ap-0.10_socket_v2.png,0.7713534200917471,yes,0.5228087306022644,-0.2441,0,0,1,0,=,0,af43b0c2d3bdefb1be5d2eddd3403ca990b603f9a49fc59be4d5df357ede0961
calib,ell,ell_04,ell_04_ap-0.30,-0.3,incompatible,,-0.4873,data/renders/procedural/ell_04_peg_v1.png,data/renders/procedural/ell_04_peg_v2.png,data/renders/aperture/ell_04_ap-0.30_socket_v1.png,data/renders/aperture/ell_04_ap-0.30_socket_v2.png,0.7720014523462903,yes,0.5099374651908875,-0.5288,0,0,1,0,=,1,0db4a8e55bbf2fe513882faf0c37ae303960996bef7fbec6fb02a29fd4d9a5f5
calib,ell,ell_04,ell_04_ap-0.60,-0.6,incompatible,,-0.9766,data/renders/procedural/ell_04_peg_v1.png,data/renders/procedural/ell_04_peg_v2.png,data/renders/aperture/ell_04_ap-0.60_socket_v1.png,data/renders/aperture/ell_04_ap-0.60_socket_v2.png,0.7770344317330745,yes,0.5105785727500916,-1.0066,0,0,1,0,=,1,d841d431702f520d204d3dc16ae65a28be8eadc95ac88f1a034f1342479d625f
calib,ell,ell_04,ell_04_ap-1.20,-1.2,incompatible,,-1.9688,data/renders/procedural/ell_04_peg_v1.png,data/renders/procedural/ell_04_peg_v2.png,data/renders/aperture/ell_04_ap-1.20_socket_v1.png,data/renders/aperture/ell_04_ap-1.20_socket_v2.png,0.7819369625030473,yes,0.5192803740501404,-1.9635,0,0,1,0,=,1,5c641ef019b9728efcbc77280ca9e0e5e72906b3ad427089764f6657408e72e6
calib,ell,ell_05,ell_05,0.3,compatible,,0.2221,data/renders/procedural/ell_05_peg_v1.png,data/renders/procedural/ell_05_peg_v2.png,data/renders/procedural/ell_05_socket_v1.png,data/renders/procedural/ell_05_socket_v2.png,0.7728156210906908,yes,0.43060192465782166,0.2708,1,0,1,0,=,1,e4134e76eb77b8101f81db970487bbfa28be6eae2efb908f16f207f8097e03fc
calib,ell,ell_05,ell_05_ap+0.10,0.1,compatible,,0.0733,data/renders/procedural/ell_05_peg_v1.png,data/renders/procedural/ell_05_peg_v2.png,data/renders/aperture/ell_05_ap+0.10_socket_v1.png,data/renders/aperture/ell_05_ap+0.10_socket_v2.png,0.7604792293212,yes,0.3794536292552948,0.0677,1,0,1,0,=,1,a63070aed0f05fb021c18c0fbda9d42e96ea5e64303e16a800109634f6f9f920
calib,ell,ell_05,ell_05_ap+0.00,0.0,ambiguous,boundary,0.0,data/renders/procedural/ell_05_peg_v1.png,data/renders/procedural/ell_05_peg_v2.png,data/renders/aperture/ell_05_ap+0.00_socket_v1.png,data/renders/aperture/ell_05_ap+0.00_socket_v2.png,0.7601267143312977,yes,0.3881654143333435,0.0677,1,0,1,0,=,0,0fc26877546ba1934bf83f1534ded03b5661681fd404ce24e10fd658629a2ee1
calib,ell,ell_05,ell_05_ap-0.10,-0.1,ambiguous,off_centre,-0.1689,data/renders/procedural/ell_05_peg_v1.png,data/renders/procedural/ell_05_peg_v2.png,data/renders/aperture/ell_05_ap-0.10_socket_v1.png,data/renders/aperture/ell_05_ap-0.10_socket_v2.png,0.7585259049522015,yes,0.37848198413848877,-0.2873,0,0,1,0,=,0,77662ff32cb2cf5b54f4c25bb32864d1189cfb33c6e007f68729a064a0434089
calib,ell,ell_05,ell_05_ap-0.30,-0.3,incompatible,,-0.5078,data/renders/procedural/ell_05_peg_v1.png,data/renders/procedural/ell_05_peg_v2.png,data/renders/aperture/ell_05_ap-0.30_socket_v1.png,data/renders/aperture/ell_05_ap-0.30_socket_v2.png,0.7552678685268535,yes,0.37980082631111145,-0.6242,0,0,1,0,=,1,d3ed02f25fac100829b43f27c4de3ff729fd69ecbbee8daa38df44243990438f
calib,ell,ell_05,ell_05_ap-0.60,-0.6,incompatible,,-1.0205,data/renders/procedural/ell_05_peg_v1.png,data/renders/procedural/ell_05_peg_v2.png,data/renders/aperture/ell_05_ap-0.60_socket_v1.png,data/renders/aperture/ell_05_ap-0.60_socket_v2.png,0.7505970450929951,yes,0.3862327039241791,-1.149,0,0,1,0,=,1,8e3d8b9b51f52b2a46474ef1e40706f1eeb1f45166137096bb0279a0b6fa6313
calib,ell,ell_05,ell_05_ap-1.20,-1.2,incompatible,,-2.0,data/renders/procedural/ell_05_peg_v1.png,data/renders/procedural/ell_05_peg_v2.png,data/renders/aperture/ell_05_ap-1.20_socket_v1.png,data/renders/aperture/ell_05_ap-1.20_socket_v2.png,0.7712566612035435,yes,0.41484853625297546,-2.1066,0,0,1,1,<=,1,e61a5eb5201ba4b66fbeb0718d4f27192f81f537ae6c48ab1b24c09520ba1fd0
calib,ell,ell_06,ell_06,0.3,compatible,,0.2221,data/renders/procedural/ell_06_peg_v1.png,data/renders/procedural/ell_06_peg_v2.png,data/renders/procedural/ell_06_socket_v1.png,data/renders/procedural/ell_06_socket_v2.png,0.7637448532080334,yes,0.4372149407863617,0.2708,1,0,1,0,=,1,07f45024523e1fc1aa6161e1c397f0afc90fba0b7a9cc2524d1719b20833c184
calib,ell,ell_06,ell_06_ap+0.10,0.1,compatible,,0.0733,data/renders/procedural/ell_06_peg_v1.png,data/renders/procedural/ell_06_peg_v2.png,data/renders/aperture/ell_06_ap+0.10_socket_v1.png,data/renders/aperture/ell_06_ap+0.10_socket_v2.png,0.7665513607423917,yes,0.4388311803340912,0.0677,1,0,1,0,=,1,d215be79f360af9576c24de75a62a12146969ab9e65052b79106a8e8f2384e70
calib,ell,ell_06,ell_06_ap+0.00,0.0,ambiguous,boundary,0.0,data/renders/procedural/ell_06_peg_v1.png,data/renders/procedural/ell_06_peg_v2.png,data/renders/aperture/ell_06_ap+0.00_socket_v1.png,data/renders/aperture/ell_06_ap+0.00_socket_v2.png,0.7633516663777852,yes,0.43114957213401794,0.0677,1,0,1,0,=,0,ad76d34d01bc4a762946cd47afd54613b2b6f6417b69934dc978d0f626fee543
calib,ell,ell_06,ell_06_ap-0.10,-0.1,ambiguous,off_centre,-0.1689,data/renders/procedural/ell_06_peg_v1.png,data/renders/procedural/ell_06_peg_v2.png,data/renders/aperture/ell_06_ap-0.10_socket_v1.png,data/renders/aperture/ell_06_ap-0.10_socket_v2.png,0.7611307573967102,yes,0.4211314618587494,-0.2873,0,0,1,0,=,0,0708bb5e9ea60f9743b7734987ce5040a137889b0755bb26282ff0d4f289f72a
calib,ell,ell_06,ell_06_ap-0.30,-0.3,incompatible,,-0.5078,data/renders/procedural/ell_06_peg_v1.png,data/renders/procedural/ell_06_peg_v2.png,data/renders/aperture/ell_06_ap-0.30_socket_v1.png,data/renders/aperture/ell_06_ap-0.30_socket_v2.png,0.7574997540631154,yes,0.40446943044662476,-0.6242,0,0,1,0,=,1,8e52005692301f849d26494da11a0c4c2db317bc420d7b9307b3515d0fbee007
calib,ell,ell_06,ell_06_ap-0.60,-0.6,incompatible,,-1.0205,data/renders/procedural/ell_06_peg_v1.png,data/renders/procedural/ell_06_peg_v2.png,data/renders/aperture/ell_06_ap-0.60_socket_v1.png,data/renders/aperture/ell_06_ap-0.60_socket_v2.png,0.7550388659714464,yes,0.39437586069107056,-1.149,0,0,1,0,=,1,f2fa62efde03393b205893faf4a4fc43c2d2382ee9ccae3521e93c265026b715
calib,ell,ell_06,ell_06_ap-1.20,-1.2,incompatible,,-2.0,data/renders/procedural/ell_06_peg_v1.png,data/renders/procedural/ell_06_peg_v2.png,data/renders/aperture/ell_06_ap-1.20_socket_v1.png,data/renders/aperture/ell_06_ap-1.20_socket_v2.png,0.7718920352335037,yes,0.4594368636608124,-2.1066,0,0,1,1,<=,1,d8d980456dee6d791a041a83a001e138ce47ebc1c66a67170247e226398e50e4
calib,gear,gear_01,gear_01,0.3,compatible,,0.2999,data/renders/procedural/gear_01_peg_v1.png,data/renders/procedural/gear_01_peg_v2.png,data/renders/procedural/gear_01_socket_v1.png,data/renders/procedural/gear_01_socket_v2.png,0.8091336998059213,yes,0.5230876207351685,0.3028,1,1,1,0,=,1,6239d35508202a6177cbdaa611ebbb5b6a2a821b108e78c91d02ac19faf87adc
calib,gear,gear_01,gear_01_ap+0.10,0.1,compatible,,0.1,data/renders/procedural/gear_01_peg_v1.png,data/renders/procedural/gear_01_peg_v2.png,data/renders/aperture/gear_01_ap+0.10_socket_v1.png,data/renders/aperture/gear_01_ap+0.10_socket_v2.png,0.8065312246296894,yes,0.5098329782485962,0.0958,1,1,1,0,=,1,4b5cc97af14a719ceaa3f20f8af8247ca10f6f867e215cb5da469037732106ad
calib,gear,gear_01,gear_01_ap+0.00,0.0,ambiguous,boundary,-0.001,data/renders/procedural/gear_01_peg_v1.png,data/renders/procedural/gear_01_peg_v2.png,data/renders/aperture/gear_01_ap+0.00_socket_v1.png,data/renders/aperture/gear_01_ap+0.00_socket_v2.png,0.7986906424044284,yes,0.48135659098625183,-0.0677,0,1,1,0,=,0,8a2db603bb86ff128fc034bd8e2cc8f3f70b73799a849c31077aa7eec493eae8
calib,gear,gear_01,gear_01_ap-0.10,-0.1,ambiguous,off_centre,-0.124,data/renders/procedural/gear_01_peg_v1.png,data/renders/procedural/gear_01_peg_v2.png,data/renders/aperture/gear_01_ap-0.10_socket_v1.png,data/renders/aperture/gear_01_ap-0.10_socket_v2.png,0.7975367924619958,yes,0.48064854741096497,-0.1514,0,1,1,0,=,0,6f3a5798e5e4f5ddbd5106e05a82fa1b421f4f6b79263e9c875888a6d7b52de0
calib,gear,gear_01,gear_01_ap-0.30,-0.3,incompatible,,-0.3711,data/renders/procedural/gear_01_peg_v1.png,data/renders/procedural/gear_01_peg_v2.png,data/renders/aperture/gear_01_ap-0.30_socket_v1.png,data/renders/aperture/gear_01_ap-0.30_socket_v2.png,0.8033647384061215,yes,0.5019811391830444,-0.4062,0,1,1,0,=,1,1ee4e391f354769f681c3c463686bad2eb653eac1c562cfaf81a1546d3a6c420
calib,gear,gear_01,gear_01_ap-0.60,-0.6,incompatible,,-0.7422,data/renders/procedural/gear_01_peg_v1.png,data/renders/procedural/gear_01_peg_v2.png,data/renders/aperture/gear_01_ap-0.60_socket_v1.png,data/renders/aperture/gear_01_ap-0.60_socket_v2.png,0.8033650874106308,yes,0.5019774436950684,-0.772,0,1,1,0,=,1,08827da09040e4e16352bd986555e5171db610ecfd114f12115e8c352172de06
calib,gear,gear_01,gear_01_ap-1.20,-1.2,incompatible,,-1.4834,data/renders/procedural/gear_01_peg_v1.png,data/renders/procedural/gear_01_peg_v2.png,data/renders/aperture/gear_01_ap-1.20_socket_v1.png,data/renders/aperture/gear_01_ap-1.20_socket_v2.png,0.810682011186036,yes,0.5467677116394043,-1.4957,0,1,1,0,=,1,4d11469a41d6b5c8d532b5945228d7508bc3b78f6f2e7688d4a4244231ba4f7a
calib,gear,gear_02,gear_02,0.3,compatible,,0.2999,data/renders/procedural/gear_02_peg_v1.png,data/renders/procedural/gear_02_peg_v2.png,data/renders/procedural/gear_02_socket_v1.png,data/renders/procedural/gear_02_socket_v2.png,0.7806662825674662,yes,0.3955913782119751,0.3028,1,0,1,0,=,1,65ef3d8a755da0d62c18e5e7f4f8095fe119c02f9a989d552e6ae3a6750a96ba
calib,gear,gear_02,gear_02_ap+0.10,0.1,compatible,,0.1,data/renders/procedural/gear_02_peg_v1.png,data/renders/procedural/gear_02_peg_v2.png,data/renders/aperture/gear_02_ap+0.10_socket_v1.png,data/renders/aperture/gear_02_ap+0.10_socket_v2.png,0.7792115475708157,yes,0.4039549231529236,0.1354,1,0,1,0,=,1,c6c5c3d19a84cc3d3a5d3ec0136a88800355fdf67700512635553b852dca6593
calib,gear,gear_02,gear_02_ap+0.00,0.0,ambiguous,boundary,-0.001,data/renders/procedural/gear_02_peg_v1.png,data/renders/procedural/gear_02_peg_v2.png,data/renders/aperture/gear_02_ap+0.00_socket_v1.png,data/renders/aperture/gear_02_ap+0.00_socket_v2.png,0.7825029607047383,yes,0.4178265333175659,0.0677,1,0,1,0,=,0,f815d6d270eaa364609fcfe9a76d45be1814714090c035bf84a777b00d8c840a
calib,gear,gear_02,gear_02_ap-0.10,-0.1,ambiguous,off_centre,-0.127,data/renders/procedural/gear_02_peg_v1.png,data/renders/procedural/gear_02_peg_v2.png,data/renders/aperture/gear_02_ap-0.10_socket_v1.png,data/renders/aperture/gear_02_ap-0.10_socket_v2.png,0.7794296737229066,yes,0.41314950585365295,-0.1354,0,0,1,0,=,0,b27035c06809758ff8817351bd26520daaaef731a9bfdbd756eb4756cb181b71
calib,gear,gear_02,gear_02_ap-0.30,-0.3,incompatible,,-0.3799,data/renders/procedural/gear_02_peg_v1.png,data/renders/procedural/gear_02_peg_v2.png,data/renders/aperture/gear_02_ap-0.30_socket_v1.png,data/renders/aperture/gear_02_ap-0.30_socket_v2.png,0.7802994684490997,yes,0.407550185918808,-0.4062,0,0,1,0,=,1,aa815ec4a91354d7221f057ee5aabc05163420b5d4cc185085102e7278ae91e9
calib,gear,gear_02,gear_02_ap-0.60,-0.6,incompatible,,-0.7588,data/renders/procedural/gear_02_peg_v1.png,data/renders/procedural/gear_02_peg_v2.png,data/renders/aperture/gear_02_ap-0.60_socket_v1.png,data/renders/aperture/gear_02_ap-0.60_socket_v2.png,0.7935428440940784,yes,0.45731446146965027,-0.8153,0,1,1,0,=,1,36f26661af03e3ac9b24aec728e1106261cb89367bf46755bc5689a3e7abf927
calib,gear,gear_02,gear_02_ap-1.20,-1.2,incompatible,,-1.5176,data/renders/procedural/gear_02_peg_v1.png,data/renders/procedural/gear_02_peg_v2.png,data/renders/aperture/gear_02_ap-1.20_socket_v1.png,data/renders/aperture/gear_02_ap-1.20_socket_v2.png,0.8083967731000705,yes,0.5368608832359314,-1.5632,0,1,1,0,=,1,51eb165dd366e6195037b69b71b547f30116cc707b85f43951129eaf9b3b9b7e
calib,gear,gear_03,gear_03,0.3,compatible,,0.2999,data/renders/procedural/gear_03_peg_v1.png,data/renders/procedural/gear_03_peg_v2.png,data/renders/procedural/gear_03_socket_v1.png,data/renders/procedural/gear_03_socket_v2.png,0.7707205977970187,yes,0.42046812176704407,0.2441,1,0,1,0,=,1,d9c28d0f7c6e19a74885ef11c1b40edf43dcafcaecda4354f4a831125f352cc8
calib,gear,gear_03,gear_03_ap+0.10,0.1,compatible,,0.1,data/renders/procedural/gear_03_peg_v1.png,data/renders/procedural/gear_03_peg_v2.png,data/renders/aperture/gear_03_ap+0.10_socket_v1.png,data/renders/aperture/gear_03_ap+0.10_socket_v2.png,0.7729645582983293,yes,0.4571079909801483,0.1354,1,0,1,0,=,1,eac5fb5c2ed2d0690999dda950708d8f14066903f99ffe5e05c94e8fe80d74c8
calib,gear,gear_03,gear_03_ap+0.00,0.0,ambiguous,boundary,-0.001,data/renders/procedural/gear_03_peg_v1.png,data/renders/procedural/gear_03_peg_v2.png,data/renders/aperture/gear_03_ap+0.00_socket_v1.png,data/renders/aperture/gear_03_ap+0.00_socket_v2.png,0.76205166994909,yes,0.40092602372169495,-0.0677,0,0,1,0,=,0,dae5fd30c96c9436d7936623fe1b60d33f03c3eb7daece08a4857d0b71f54f3e
calib,gear,gear_03,gear_03_ap-0.10,-0.1,ambiguous,off_centre,-0.127,data/renders/procedural/gear_03_peg_v1.png,data/renders/procedural/gear_03_peg_v2.png,data/renders/aperture/gear_03_ap-0.10_socket_v1.png,data/renders/aperture/gear_03_ap-0.10_socket_v2.png,0.7699319114705234,yes,0.4140593111515045,-0.1514,0,0,1,0,=,0,bca7b27aaffbef8f7a3b414d4b6e51225e04b976c8e92b9aae5f8b58852ff9a2
calib,gear,gear_03,gear_03_ap-0.30,-0.3,incompatible,,-0.3799,data/renders/procedural/gear_03_peg_v1.png,data/renders/procedural/gear_03_peg_v2.png,data/renders/aperture/gear_03_ap-0.30_socket_v1.png,data/renders/aperture/gear_03_ap-0.30_socket_v2.png,0.7819583452294585,yes,0.4799470603466034,-0.383,0,0,1,0,=,1,e6ee5979ce028004ecee9df1d0b8fc50e1fb9a4d0c9a12fb38c87cf78e751432
calib,gear,gear_03,gear_03_ap-0.60,-0.6,incompatible,,-0.7588,data/renders/procedural/gear_03_peg_v1.png,data/renders/procedural/gear_03_peg_v2.png,data/renders/aperture/gear_03_ap-0.60_socket_v1.png,data/renders/aperture/gear_03_ap-0.60_socket_v2.png,0.7799983114154391,yes,0.46421435475349426,-0.772,0,0,1,0,=,1,022afce046220e3fdef3f33a9f9adff6e746647d0a3abe65261d38b8d33f9fa9
calib,gear,gear_03,gear_03_ap-1.20,-1.2,incompatible,,-1.6787,data/renders/procedural/gear_03_peg_v1.png,data/renders/procedural/gear_03_peg_v2.png,data/renders/aperture/gear_03_ap-1.20_socket_v1.png,data/renders/aperture/gear_03_ap-1.20_socket_v2.png,0.773637133912405,yes,0.559608519077301,-1.7565,0,0,1,0,=,1,77af86aab3c2e353f49ebcf6f3af8e5629d6001004b9b0ea87f52aa8b7f77914
test,keyed,keyed_01,keyed_01,0.3,compatible,,0.2599,data/renders/procedural/keyed_01_peg_v1.png,data/renders/procedural/keyed_01_peg_v2.png,data/renders/procedural/keyed_01_socket_v1.png,data/renders/procedural/keyed_01_socket_v2.png,0.8122242150405836,yes,0.716863214969635,0.2708,1,1,1,0,=,1,68b855c66c91b9d5e2867cbb297b2fdfbb38fbcbe58005e25f47d797e1a461a6
test,keyed,keyed_01,keyed_01_ap+0.10,0.1,compatible,,0.086,data/renders/procedural/keyed_01_peg_v1.png,data/renders/procedural/keyed_01_peg_v2.png,data/renders/aperture/keyed_01_ap+0.10_socket_v1.png,data/renders/aperture/keyed_01_ap+0.10_socket_v2.png,0.813704435197648,yes,0.7281144261360168,0.0958,1,1,1,0,=,1,535af44e7e996e6492563d760357a2ab22ca2d24023debaf5ba4cd7c70e4647d
test,keyed,keyed_01,keyed_01_ap+0.00,0.0,ambiguous,boundary,-0.001,data/renders/procedural/keyed_01_peg_v1.png,data/renders/procedural/keyed_01_peg_v2.png,data/renders/aperture/keyed_01_ap+0.00_socket_v1.png,data/renders/aperture/keyed_01_ap+0.00_socket_v2.png,0.8157297851383831,yes,0.7299368977546692,-0.0677,0,1,1,0,=,0,7c7ee01dc842738e7680d6fbaada4cd6cbbfe0c91de1ff3405b561ded1da114a
test,keyed,keyed_01,keyed_01_ap-0.10,-0.1,ambiguous,off_centre,-0.1318,data/renders/procedural/keyed_01_peg_v1.png,data/renders/procedural/keyed_01_peg_v2.png,data/renders/aperture/keyed_01_ap-0.10_socket_v1.png,data/renders/aperture/keyed_01_ap-0.10_socket_v2.png,0.8134399073485986,yes,0.7242718935012817,-0.1915,0,1,1,0,=,0,ddd5c58fb70a4258b05dd4c29780e83f297b7feeb0d4e9c188c20df73b58e993
test,keyed,keyed_01,keyed_01_ap-0.30,-0.3,incompatible,,-0.3955,data/renders/procedural/keyed_01_peg_v1.png,data/renders/procedural/keyed_01_peg_v2.png,data/renders/aperture/keyed_01_ap-0.30_socket_v1.png,data/renders/aperture/keyed_01_ap-0.30_socket_v2.png,0.8223425809928586,yes,0.7358958721160889,-0.4335,0,1,1,0,=,1,51ab9b8524ffe04baf58cf1c9af4f76439c636d8ab65e40b8d53c2696b8a4e84
test,keyed,keyed_01,keyed_01_ap-0.60,-0.6,incompatible,,-0.7891,data/renders/procedural/keyed_01_peg_v1.png,data/renders/procedural/keyed_01_peg_v2.png,data/renders/aperture/keyed_01_ap-0.60_socket_v1.png,data/renders/aperture/keyed_01_ap-0.60_socket_v2.png,0.8160809833073563,yes,0.7349050045013428,-0.8153,0,1,1,0,=,1,ffec8262fc0ef378d64261b05f1f6dcd905d00ef499877ee32660350d67621b2
test,keyed,keyed_01,keyed_01_ap-1.20,-1.2,incompatible,,-1.5752,data/renders/procedural/keyed_01_peg_v1.png,data/renders/procedural/keyed_01_peg_v2.png,data/renders/aperture/keyed_01_ap-1.20_socket_v1.png,data/renders/aperture/keyed_01_ap-1.20_socket_v2.png,0.8231093819887969,yes,0.7265332937240601,-1.5865,0,1,1,0,=,1,f3965896af9e2e61ece1922111c19c9ecb16ec83d7ef8cd8aa2d511f39f255b1
test,keyed,keyed_02,keyed_02,0.3,compatible,,0.2634,data/renders/procedural/keyed_02_peg_v1.png,data/renders/procedural/keyed_02_peg_v2.png,data/renders/procedural/keyed_02_socket_v1.png,data/renders/procedural/keyed_02_socket_v2.png,0.8130907465182527,yes,0.7239606976509094,0.2792,1,1,1,0,=,1,4b4fc5d2a8abc5ec455b233c79761677f9b439fb3c39a3d9b338880ecdddf262
test,keyed,keyed_02,keyed_02_ap+0.10,0.1,compatible,,0.0873,data/renders/procedural/keyed_02_peg_v1.png,data/renders/procedural/keyed_02_peg_v2.png,data/renders/aperture/keyed_02_ap+0.10_socket_v1.png,data/renders/aperture/keyed_02_ap+0.10_socket_v2.png,0.811838205545656,yes,0.7165379524230957,0.0677,1,1,1,0,=,1,9921599d7f5acd0bc7e00e12305310cd37a6c6fac3767061cc5ef9d735f1400b
test,keyed,keyed_02,keyed_02_ap+0.00,0.0,ambiguous,boundary,-0.001,data/renders/procedural/keyed_02_peg_v1.png,data/renders/procedural/keyed_02_peg_v2.png,data/renders/aperture/keyed_02_ap+0.00_socket_v1.png,data/renders/aperture/keyed_02_ap+0.00_socket_v2.png,0.8058441689612301,yes,0.7124997973442078,-0.0677,0,1,1,0,=,0,2f01bc9d17d99fdebe8fb1e317cd6fa697f0de2aaf0e5632528fa103fe87c9d0
test,keyed,keyed_02,keyed_02_ap-0.10,-0.1,ambiguous,off_centre,-0.1328,data/renders/procedural/keyed_02_peg_v1.png,data/renders/procedural/keyed_02_peg_v2.png,data/renders/aperture/keyed_02_ap-0.10_socket_v1.png,data/renders/aperture/keyed_02_ap-0.10_socket_v2.png,0.8131857344703357,yes,0.7252565622329712,-0.1915,0,1,1,0,=,0,74d2f9e38bce85bed853aa3bceb91c8dd44f580e7abab9d1e99b28a6ecc9a79a
test,keyed,keyed_02,keyed_02_ap-0.30,-0.3,incompatible,,-0.3984,data/renders/procedural/keyed_02_peg_v1.png,data/renders/procedural/keyed_02_peg_v2.png,data/renders/aperture/keyed_02_ap-0.30_socket_v1.png,data/renders/aperture/keyed_02_ap-0.30_socket_v2.png,0.8045269900217895,yes,0.7047383785247803,-0.4335,0,1,1,0,=,1,93d7e7442003af2c7e6947c6fd8a392f822ba0f5dc81bc2c1030c0104a6fdab4
test,keyed,keyed_02,keyed_02_ap-0.60,-0.6,incompatible,,-0.7949,data/renders/procedural/keyed_02_peg_v1.png,data/renders/procedural/keyed_02_peg_v2.png,data/renders/aperture/keyed_02_ap-0.60_socket_v1.png,data/renders/aperture/keyed_02_ap-0.60_socket_v2.png,0.8059402980353869,yes,0.7138305306434631,-0.8153,0,1,1,0,=,1,15b6c478c55db1c2e1a35b0cf557c3acd74726492b4f6a6fd8f3576ca792da7a
test,keyed,keyed_02,keyed_02_ap-1.20,-1.2,incompatible,,-1.5879,data/renders/procedural/keyed_02_peg_v1.png,data/renders/procedural/keyed_02_peg_v2.png,data/renders/aperture/keyed_02_ap-1.20_socket_v1.png,data/renders/aperture/keyed_02_ap-1.20_socket_v2.png,0.8130902950477363,yes,0.7239478230476379,-1.6306,0,1,1,0,=,1,ff2013b4b58616155c321fae31fe447ce2ca894eea877e5efd09831c839db3bb
test,keyed,keyed_03,keyed_03,0.3,compatible,,0.2999,data/renders/procedural/keyed_03_peg_v1.png,data/renders/procedural/keyed_03_peg_v2.png,data/renders/procedural/keyed_03_socket_v1.png,data/renders/procedural/keyed_03_socket_v2.png,0.8214370395595013,yes,0.6953638195991516,0.3028,1,1,1,0,=,1,ae29598c2e619f8be6ee731ed2bbd128d59669bb7eeaea4d111ceff985cc982e
test,keyed,keyed_03,keyed_03_ap+0.10,0.1,compatible,,0.1,data/renders/procedural/keyed_03_peg_v1.png,data/renders/procedural/keyed_03_peg_v2.png,data/renders/aperture/keyed_03_ap+0.10_socket_v1.png,data/renders/aperture/keyed_03_ap+0.10_socket_v2.png,0.8219374305850224,yes,0.6957902312278748,0.0958,1,1,1,0,=,1,9b4ea71e02cba2e1945e5b487b093510c0567329cf8fd336e2e8778959c3e2d5
test,keyed,keyed_03,keyed_03_ap+0.00,0.0,ambiguous,boundary,-0.001,data/renders/procedural/keyed_03_peg_v1.png,data/renders/procedural/keyed_03_peg_v2.png,data/renders/aperture/keyed_03_ap+0.00_socket_v1.png,data/renders/aperture/keyed_03_ap+0.00_socket_v2.png,0.8243600819993108,yes,0.6994800567626953,0.0677,1,1,1,0,=,0,8555fb172f69d2b72b612623e4341ad8de6850d211a94b159f1a0238c251034a
test,keyed,keyed_03,keyed_03_ap-0.10,-0.1,ambiguous,off_centre,-0.1416,data/renders/procedural/keyed_03_peg_v1.png,data/renders/procedural/keyed_03_peg_v2.png,data/renders/aperture/keyed_03_ap-0.10_socket_v1.png,data/renders/aperture/keyed_03_ap-0.10_socket_v2.png,0.8281812153419462,yes,0.7059977054595947,-0.1514,0,1,1,0,=,0,a0e0579e64fff5ff41b0648d0ad7cdad8e8b77bb59b857d200c80d045b43f079
test,keyed,keyed_03,keyed_03_ap-0.30,-0.3,incompatible,,-0.4248,data/renders/procedural/keyed_03_peg_v1.png,data/renders/procedural/keyed_03_peg_v2.png,data/renders/aperture/keyed_03_ap-0.30_socket_v1.png,data/renders/aperture/keyed_03_ap-0.30_socket_v2.png,0.8217002503939089,yes,0.6799349784851074,-0.4335,0,1,1,0,=,1,aa7b4693a5476545a2a2786dbe39659ac5943f1d1dc9091d92afb428a4fb77eb
test,keyed,keyed_03,keyed_03_ap-0.60,-0.6,incompatible,,-0.8486,data/renders/procedural/keyed_03_peg_v1.png,data/renders/procedural/keyed_03_peg_v2.png,data/renders/aperture/keyed_03_ap-0.60_socket_v1.png,data/renders/aperture/keyed_03_ap-0.60_socket_v2.png,0.8272735183049523,yes,0.6899896860122681,-0.8618,0,1,1,0,=,1,156b39ab30d631c724b7823829e2e156ddde4fd09e15fc64240bf86aa3b58d15
test,keyed,keyed_03,keyed_03_ap-1.20,-1.2,incompatible,,-1.6973,data/renders/procedural/keyed_03_peg_v1.png,data/renders/procedural/keyed_03_peg_v2.png,data/renders/aperture/keyed_03_ap-1.20_socket_v1.png,data/renders/aperture/keyed_03_ap-1.20_socket_v2.png,0.8259743994732469,yes,0.6992141008377075,-1.7236,0,1,1,0,=,1,706bed089185c686ba60218423ae950923ecf51d06a6a66218a2e9a6e0ac89fa
test,keyed,keyed_04,keyed_04,0.3,compatible,,0.2463,data/renders/procedural/keyed_04_peg_v1.png,data/renders/procedural/keyed_04_peg_v2.png,data/renders/procedural/keyed_04_socket_v1.png,data/renders/procedural/keyed_04_socket_v2.png,0.8201902704015704,yes,0.6693825721740723,0.1915,1,1,1,0,=,1,8c08438469abead37ff8ef5c1b8574333773137463a54e81a32084bf315594e2
test,keyed,keyed_04,keyed_04_ap+0.10,0.1,compatible,,0.0812,data/renders/procedural/keyed_04_peg_v1.png,data/renders/procedural/keyed_04_peg_v2.png,data/renders/aperture/keyed_04_ap+0.10_socket_v1.png,data/renders/aperture/keyed_04_ap+0.10_socket_v2.png,0.8218718149106796,yes,0.6707592606544495,0.0958,1,1,1,0,=,1,57bc87b5233f97de70e24f337e16ec3b74e4b448972efb3945380538e275e26c
test,keyed,keyed_04,keyed_04_ap+0.00,0.0,ambiguous,boundary,-0.001,data/renders/procedural/keyed_04_peg_v1.png,data/renders/procedural/keyed_04_peg_v2.png,data/renders/aperture/keyed_04_ap+0.00_socket_v1.png,data/renders/aperture/keyed_04_ap+0.00_socket_v2.png,0.819532433837044,yes,0.6590619683265686,-0.0677,0,1,1,0,=,0,8d3c93579e544d790ef33105bd2b27a6c6f956f3f2b200092289fe59042409ca
test,keyed,keyed_04,keyed_04_ap-0.10,-0.1,ambiguous,off_centre,-0.1436,data/renders/procedural/keyed_04_peg_v1.png,data/renders/procedural/keyed_04_peg_v2.png,data/renders/aperture/keyed_04_ap-0.10_socket_v1.png,data/renders/aperture/keyed_04_ap-0.10_socket_v2.png,0.819975076349029,yes,0.6633943915367126,-0.1915,0,1,1,0,=,0,b36b8793f2ef44d200097b41f3bf979160637e6c61a25121dc34648445fc2569
test,keyed,keyed_04,keyed_04_ap-0.30,-0.3,incompatible,,-0.4287,data/renders/procedural/keyed_04_peg_v1.png,data/renders/procedural/keyed_04_peg_v2.png,data/renders/aperture/keyed_04_ap-0.30_socket_v1.png,data/renders/aperture/keyed_04_ap-0.30_socket_v2.png,0.8224557875896332,yes,0.6769192814826965,-0.4335,0,1,1,0,=,1,54aa286a66014dadaa6beac42635344646d6d083950e674e9f6f2d615efe3da0
test,keyed,keyed_04,keyed_04_ap-0.60,-0.6,incompatible,,-0.8574,data/renders/procedural/keyed_04_peg_v1.png,data/renders/procedural/keyed_04_peg_v2.png,data/renders/aperture/keyed_04_ap-0.60_socket_v1.png,data/renders/aperture/keyed_04_ap-0.60_socket_v2.png,0.8214563720117464,yes,0.6723361611366272,-0.8671,0,1,1,0,=,1,f6df22408eae727726dd417665f1c884aab9b13aceeb533717197a1793a5576a
test,keyed,keyed_04,keyed_04_ap-1.20,-1.2,incompatible,,-1.7158,data/renders/procedural/keyed_04_peg_v1.png,data/renders/procedural/keyed_04_peg_v2.png,data/renders/aperture/keyed_04_ap-1.20_socket_v1.png,data/renders/aperture/keyed_04_ap-1.20_socket_v2.png,0.818755312064213,yes,0.6604688167572021,-1.7262,0,1,1,0,=,1,65281f9380d5983a804555d3c013d5d1179b2c4ea92db0165cac4a829f5d7d69
test,keyed,keyed_05,keyed_05,0.3,compatible,,0.2674,data/renders/procedural/keyed_05_peg_v1.png,data/renders/procedural/keyed_05_peg_v2.png,data/renders/procedural/keyed_05_socket_v1.png,data/renders/procedural/keyed_05_socket_v2.png,0.8145976081771125,yes,0.7189531326293945,0.2708,1,1,1,0,=,1,33167780656598341274bd5aba9fa8b6d75f71f8f717111b1700dd2c6a959889
test,keyed,keyed_05,keyed_05_ap+0.10,0.1,compatible,,0.0887,data/renders/procedural/keyed_05_peg_v1.png,data/renders/procedural/keyed_05_peg_v2.png,data/renders/aperture/keyed_05_ap+0.10_socket_v1.png,data/renders/aperture/keyed_05_ap+0.10_socket_v2.png,0.814323441540636,yes,0.7200154662132263,0.0677,1,1,1,0,=,1,c1c398608d337d8ff25fa164862a4b3297b4b7309be523fc4d80138a09c889b0
test,keyed,keyed_05,keyed_05_ap+0.00,0.0,ambiguous,boundary,-0.001,data/renders/procedural/keyed_05_peg_v1.png,data/renders/procedural/keyed_05_peg_v2.png,data/renders/aperture/keyed_05_ap+0.00_socket_v1.png,data/renders/aperture/keyed_05_ap+0.00_socket_v2.png,0.8176833990807264,yes,0.735210120677948,0.0677,1,1,1,0,=,0,6de7a5d481e20f9924bae153e6170aaf9343eb8c8a1f2ebbf9cdc63dd6ae4394
test,keyed,keyed_05,keyed_05_ap-0.10,-0.1,ambiguous,off_centre,-0.1338,data/renders/procedural/keyed_05_peg_v1.png,data/renders/procedural/keyed_05_peg_v2.png,data/renders/aperture/keyed_05_ap-0.10_socket_v1.png,data/renders/aperture/keyed_05_ap-0.10_socket_v2.png,0.8126363845113502,yes,0.7223208546638489,-0.2031,0,1,1,0,=,0,7331e1c917c0512850a9dbe2c9a0b2607ced947904538b03f5e45e823fd62f4b
test,keyed,keyed_05,keyed_05_ap-0.30,-0.3,incompatible,,-0.4014,data/renders/procedural/keyed_05_peg_v1.png,data/renders/procedural/keyed_05_peg_v2.png,data/renders/aperture/keyed_05_ap-0.30_socket_v1.png,data/renders/aperture/keyed_05_ap-0.30_socket_v2.png,0.8123287579064606,yes,0.7182574272155762,-0.4119,0,1,1,0,=,1,c1b5a05c7cd5051f7704823762e86b3dc4af37819bef94cc3951a43d115fb4da
test,keyed,keyed_05,keyed_05_ap-0.60,-0.6,incompatible,,-0.8018,data/renders/procedural/keyed_05_peg_v1.png,data/renders/procedural/keyed_05_peg_v2.png,data/renders/aperture/keyed_05_ap-0.60_socket_v1.png,data/renders/aperture/keyed_05_ap-0.60_socket_v2.png,0.8144289904571601,yes,0.7214121222496033,-0.772,0,1,1,0,=,1,9df7a2a4c3f19965a7152206ae45fd4a0538024f3836a8dad725f7d6bfa63b5e
test,keyed,keyed_05,keyed_05_ap-1.20,-1.2,incompatible,,-1.6025,data/renders/procedural/keyed_05_peg_v1.png,data/renders/procedural/keyed_05_peg_v2.png,data/renders/aperture/keyed_05_ap-1.20_socket_v1.png,data/renders/aperture/keyed_05_ap-1.20_socket_v2.png,0.8122240115377634,yes,0.7168697714805603,-1.5865,0,1,1,0,=,1,6ff051687cd9f45e0c182e1977a4955699636d3a7dbe2204c157c4d3ccf5e3fb
calib,notched,notched_01,notched_01,0.3,compatible,,0.2389,data/renders/procedural/notched_01_peg_v1.png,data/renders/procedural/notched_01_peg_v2.png,data/renders/procedural/notched_01_socket_v1.png,data/renders/procedural/notched_01_socket_v2.png,0.8037593732201478,yes,0.6753788590431213,0.2031,1,1,1,0,=,1,d5b24155517bea77e308e13aae65aa31db3b7b470391480795d98d8df57b9e83
calib,notched,notched_01,notched_01_ap+0.10,0.1,compatible,,0.0787,data/renders/procedural/notched_01_peg_v1.png,data/renders/procedural/notched_01_peg_v2.png,data/renders/aperture/notched_01_ap+0.10_socket_v1.png,data/renders/aperture/notched_01_ap+0.10_socket_v2.png,0.8001167481347008,yes,0.6566091179847717,0.0677,1,1,1,0,=,1,af8763ead1037eada5487914a58cffaf751264efaf3c16a648fa1dcbff9e3a59
calib,notched,notched_01,notched_01_ap+0.00,0.0,ambiguous,boundary,0.0,data/renders/procedural/notched_01_peg_v1.png,data/renders/procedural/notched_01_peg_v2.png,data/renders/aperture/notched_01_ap+0.00_socket_v1.png,data/renders/aperture/notched_01_ap+0.00_socket_v2.png,0.8032469609354955,yes,0.6646145582199097,0.0677,1,1,1,0,=,0,af217954f55e81f904a8354860b28ec5ab6ca188cfe4cca5b859ab9afec58e5e
calib,notched,notched_01,notched_01_ap-0.10,-0.1,ambiguous,off_centre,-0.1582,data/renders/procedural/notched_01_peg_v1.png,data/renders/procedural/notched_01_peg_v2.png,data/renders/aperture/notched_01_ap-0.10_socket_v1.png,data/renders/aperture/notched_01_ap-0.10_socket_v2.png,0.805504065098395,yes,0.6700041890144348,-0.1915,0,1,1,0,=,0,fb1ffffe95efb83dd6d6d9a4554f97eede89f1be55f13c192ad0c8204908cd03
calib,notched,notched_01,notched_01_ap-0.30,-0.3,incompatible,,-0.4746,data/renders/procedural/notched_01_peg_v1.png,data/renders/procedural/notched_01_peg_v2.png,data/renders/aperture/notched_01_ap-0.30_socket_v1.png,data/renders/aperture/notched_01_ap-0.30_socket_v2.png,0.8019407120380849,yes,0.6525413393974304,-0.4335,0,1,1,0,=,1,d4268ba10fc5d5cc07ff4756195cc679cd63883b64718ef8c2ade4c2094fb373
calib,notched,notched_01,notched_01_ap-0.60,-0.6,incompatible,,-0.9531,data/renders/procedural/notched_01_peg_v1.png,data/renders/procedural/notched_01_peg_v2.png,data/renders/aperture/notched_01_ap-0.60_socket_v1.png,data/renders/aperture/notched_01_ap-0.60_socket_v2.png,0.8012531454540314,yes,0.6519690155982971,-0.9109,0,1,1,0,=,1,f19ad62aa1ef19d9d4edfaa8cd3f0e172627f5e294bdc7d9494c9b7c11872bda
calib,notched,notched_01,notched_01_ap-1.20,-1.2,incompatible,,-1.9277,data/renders/procedural/notched_01_peg_v1.png,data/renders/procedural/notched_01_peg_v2.png,data/renders/aperture/notched_01_ap-1.20_socket_v1.png,data/renders/aperture/notched_01_ap-1.20_socket_v2.png,0.8026095344711116,yes,0.6640807390213013,-1.8825,0,1,1,0,=,1,3a0c092dab44e479c2e7dc5ac96ebf5abb1432de5713974fda192225335ee99a
calib,notched,notched_02,notched_02,0.3,compatible,,0.2017,data/renders/procedural/notched_02_peg_v1.png,data/renders/procedural/notched_02_peg_v2.png,data/renders/procedural/notched_02_socket_v1.png,data/renders/procedural/notched_02_socket_v2.png,0.7717456483363611,yes,0.6108119487762451,0.2031,1,0,1,0,=,1,eea96ee6d89bcd42ee09be01e1811f04a51e13e7329b95eafd2d3d5a55677dae
calib,notched,notched_02,notched_02_ap+0.10,0.1,compatible,,0.0652,data/renders/procedural/notched_02_peg_v1.png,data/renders/procedural/notched_02_peg_v2.png,data/renders/aperture/notched_02_ap+0.10_socket_v1.png,data/renders/aperture/notched_02_ap+0.10_socket_v2.png,0.7616557693107266,yes,0.6047419905662537,0.0677,1,0,1,0,=,1,7bda3e2f799ae42f1443dbf6104564350a2113fbee4dfd555350165c1202459f
calib,notched,notched_02,notched_02_ap+0.00,0.0,ambiguous,boundary,-0.001,data/renders/procedural/notched_02_peg_v1.png,data/renders/procedural/notched_02_peg_v2.png,data/renders/aperture/notched_02_ap+0.00_socket_v1.png,data/renders/aperture/notched_02_ap+0.00_socket_v2.png,0.7620310340109512,yes,0.5931169986724854,0.0677,1,0,1,0,=,0,3fefd9a6cde43156270dd880658d0eb272bb76c87576663b611e6137b5d515f4
calib,notched,notched_02,notched_02_ap-0.10,-0.1,ambiguous,off_centre,-0.1787,data/renders/procedural/notched_02_peg_v1.png,data/renders/procedural/notched_02_peg_v2.png,data/renders/aperture/notched_02_ap-0.10_socket_v1.png,data/renders/aperture/notched_02_ap-0.10_socket_v2.png,0.7617553485338924,yes,0.5908401012420654,-0.2441,0,0,1,0,=,0,b9a5a8c047e69c3b995e9258c651f9ff3864c599dbe76e421054415b8cb32798
calib,notched,notched_02,notched_02_ap-0.30,-0.3,incompatible,,-0.5391,data/renders/procedural/notched_02_peg_v1.png,data/renders/procedural/notched_02_peg_v2.png,data/renders/aperture/notched_02_ap-0.30_socket_v1.png,data/renders/aperture/notched_02_ap-0.30_socket_v2.png,0.7600731519665587,yes,0.5636466145515442,-0.5288,0,0,1,0,=,1,b2e869c9d19962cca52248ca20a9281ee7a13c921589bc5a6ddc7cad2e239a6b
calib,notched,notched_02,notched_02_ap-0.60,-0.6,incompatible,,-2.0,data/renders/procedural/notched_02_peg_v1.png,data/renders/procedural/notched_02_peg_v2.png,data/renders/aperture/notched_02_ap-0.60_socket_v1.png,data/renders/aperture/notched_02_ap-0.60_socket_v2.png,0.757760240374238,yes,0.6091675162315369,-2.5729,0,0,1,1,<=,1,e8ca583e1b488579c8bf902ef39c53aa519036834b0abc4bdfdb38364608dd39
calib,notched,notched_02,notched_02_ap-1.20,-1.2,incompatible,,-2.0,data/renders/procedural/notched_02_peg_v1.png,data/renders/procedural/notched_02_peg_v2.png,data/renders/aperture/notched_02_ap-1.20_socket_v1.png,data/renders/aperture/notched_02_ap-1.20_socket_v2.png,0.7563178119959605,yes,0.5886649489402771,-3.2556,0,0,1,1,<=,1,215514cb4f770209f90bba6de795695f1b4c58ad2cfb091765f113cbc320deda
calib,notched,notched_03,notched_03,0.3,compatible,,0.2017,data/renders/procedural/notched_03_peg_v1.png,data/renders/procedural/notched_03_peg_v2.png,data/renders/procedural/notched_03_socket_v1.png,data/renders/procedural/notched_03_socket_v2.png,0.7875760699193136,yes,0.6426962614059448,0.2031,1,0,1,0,=,1,e7b1b22cf2e78fb16390a291035f29a2bb0703ae64a8fb0b00b1fb8f5713ec1e
calib,notched,notched_03,notched_03_ap+0.10,0.1,compatible,,0.0652,data/renders/procedural/notched_03_peg_v1.png,data/renders/procedural/notched_03_peg_v2.png,data/renders/aperture/notched_03_ap+0.10_socket_v1.png,data/renders/aperture/notched_03_ap+0.10_socket_v2.png,0.7733886137950078,yes,0.6101493239402771,0.0677,1,0,1,0,=,1,c1bfefe8d7d55188e66b8d62821a0b35e403b6bf36ba87c7539d2768b7eee63e
calib,notched,notched_03,notched_03_ap+0.00,0.0,ambiguous,boundary,-0.001,data/renders/procedural/notched_03_peg_v1.png,data/renders/procedural/notched_03_peg_v2.png,data/renders/aperture/notched_03_ap+0.00_socket_v1.png,data/renders/aperture/notched_03_ap+0.00_socket_v2.png,0.7781982659122393,yes,0.6237804889678955,0.0677,1,0,1,0,=,0,c493b674da96d42e49e598f92c12d41fbffeee9d31dbfadf34c53778107e8ae1
calib,notched,notched_03,notched_03_ap-0.10,-0.1,ambiguous,off_centre,-0.1787,data/renders/procedural/notched_03_peg_v1.png,data/renders/procedural/notched_03_peg_v2.png,data/renders/aperture/notched_03_ap-0.10_socket_v1.png,data/renders/aperture/notched_03_ap-0.10_socket_v2.png,0.7803915638724713,yes,0.6216559410095215,-0.2441,0,0,1,0,=,0,12dcff99588da4ee94140051bfa4490cab1039c7f74bd16995ea910f123f9552
calib,notched,notched_03,notched_03_ap-0.30,-0.3,incompatible,,-0.5391,data/renders/procedural/notched_03_peg_v1.png,data/renders/procedural/notched_03_peg_v2.png,data/renders/aperture/notched_03_ap-0.30_socket_v1.png,data/renders/aperture/notched_03_ap-0.30_socket_v2.png,0.7700960192456355,yes,0.6035035252571106,-0.5288,0,0,1,0,=,1,8e0fbc4a9c8ce45262638abcdad34c2e4c7385fe17c8964d0123ce5ff91d06fb
calib,notched,notched_03,notched_03_ap-0.60,-0.6,incompatible,,-2.0,data/renders/procedural/notched_03_peg_v1.png,data/renders/procedural/notched_03_peg_v2.png,data/renders/aperture/notched_03_ap-0.60_socket_v1.png,data/renders/aperture/notched_03_ap-0.60_socket_v2.png,0.7617542478047905,yes,0.5908563733100891,-2.5729,0,0,1,1,<=,1,483de64f14feb13a7b855caf595a5296c84ef0835945ce4f13f34f90db44e8b4
calib,notched,notched_03,notched_03_ap-1.20,-1.2,incompatible,,-2.0,data/renders/procedural/notched_03_peg_v1.png,data/renders/procedural/notched_03_peg_v2.png,data/renders/aperture/notched_03_ap-1.20_socket_v1.png,data/renders/aperture/notched_03_ap-1.20_socket_v2.png,0.7656140782239858,yes,0.6079277396202087,-3.2556,0,0,1,1,<=,1,4a021859d0cb29d43b472fed889abe490cecbe7f3eac96bc734227e04463ab39
calib,notched,notched_04,notched_04,0.3,compatible,,0.2106,data/renders/procedural/notched_04_peg_v1.png,data/renders/procedural/notched_04_peg_v2.png,data/renders/procedural/notched_04_socket_v1.png,data/renders/procedural/notched_04_socket_v2.png,0.8145039596762432,yes,0.6775586605072021,0.3028,1,1,1,0,=,1,dbf580e159dd59cb50f56dc10cafea62ee12fb96d298a12ffd21e2e10b280480
calib,notched,notched_04,notched_04_ap+0.10,0.1,compatible,,0.0688,data/renders/procedural/notched_04_peg_v1.png,data/renders/procedural/notched_04_peg_v2.png,data/renders/aperture/notched_04_ap+0.10_socket_v1.png,data/renders/aperture/notched_04_ap+0.10_socket_v2.png,0.8115685224667671,yes,0.6853401064872742,0.1354,1,1,1,0,=,1,84450c3cfbbee6d1fc56c63dd55ce2491fe7dd210a2183a165de7b4319771958
calib,notched,notched_04,notched_04_ap+0.00,0.0,ambiguous,boundary,0.0,data/renders/procedural/notched_04_peg_v1.png,data/renders/procedural/notched_04_peg_v2.png,data/renders/aperture/notched_04_ap+0.00_socket_v1.png,data/renders/aperture/notched_04_ap+0.00_socket_v2.png,0.8085475696219507,yes,0.6725859642028809,0.0677,1,1,1,0,=,0,14e656f32ee78faaea37afc4ff40c68d005c1b4897e16adc6f359d0818cc3915
calib,notched,notched_04,notched_04_ap-0.10,-0.1,ambiguous,off_centre,-0.167,data/renders/procedural/notched_04_peg_v1.png,data/renders/procedural/notched_04_peg_v2.png,data/renders/aperture/notched_04_ap-0.10_socket_v1.png,data/renders/aperture/notched_04_ap-0.10_socket_v2.png,0.8101641866770068,yes,0.6774210333824158,-0.1514,0,1,1,0,=,0,e2428c4265189126d3992acccfa07935067434347658e15999c09be387c803a4
calib,notched,notched_04,notched_04_ap-0.30,-0.3,incompatible,,-0.501,data/renders/procedural/notched_04_peg_v1.png,data/renders/procedural/notched_04_peg_v2.png,data/renders/aperture/notched_04_ap-0.30_socket_v1.png,data/renders/aperture/notched_04_ap-0.30_socket_v2.png,0.8127388030582965,yes,0.6760838627815247,-0.4883,0,1,1,0,=,1,d0afb604db461b65bbaabae44986c30bfc945ff0c6b016a49634bafc5e8b4d41
calib,notched,notched_04,notched_04_ap-0.60,-0.6,incompatible,,-1.0117,data/renders/procedural/notched_04_peg_v1.png,data/renders/procedural/notched_04_peg_v2.png,data/renders/aperture/notched_04_ap-0.60_socket_v1.png,data/renders/aperture/notched_04_ap-0.60_socket_v2.png,0.8090558678339319,yes,0.6621493697166443,-1.0156,0,1,1,0,=,1,8d39e2089375843ecac8b05b61f6990736ffc4e3a7c24fe49c13f92b26c9e645
calib,notched,notched_04,notched_04_ap-1.20,-1.2,incompatible,,-2.0,data/renders/procedural/notched_04_peg_v1.png,data/renders/procedural/notched_04_peg_v2.png,data/renders/aperture/notched_04_ap-1.20_socket_v1.png,data/renders/aperture/notched_04_ap-1.20_socket_v2.png,0.8108017188692559,yes,0.663599967956543,-2.0312,0,1,1,1,<=,1,cf0b2d07af70f436aac1f5b9b16ffa89cf99bc8a9e59712a2397736f35ff135d
test,obround,obround_01,obround_01,0.3,compatible,,0.2999,data/renders/procedural/obround_01_peg_v1.png,data/renders/procedural/obround_01_peg_v2.png,data/renders/procedural/obround_01_socket_v1.png,data/renders/procedural/obround_01_socket_v2.png,0.8189001582353193,yes,0.7227200269699097,0.3028,1,1,1,0,=,1,09d2aacb8c37db5a814f9f864935ec8261d1e42b105471453f517f9762ab8c3a
test,obround,obround_01,obround_01_ap+0.10,0.1,compatible,,0.1,data/renders/procedural/obround_01_peg_v1.png,data/renders/procedural/obround_01_peg_v2.png,data/renders/aperture/obround_01_ap+0.10_socket_v1.png,data/renders/aperture/obround_01_ap+0.10_socket_v2.png,0.8152050850228454,yes,0.7270124554634094,0.0958,1,1,1,0,=,1,5f5d84a812d293f4951b267d15d35189e5204b9c69f18c406ea668db7648785d
test,obround,obround_01,obround_01_ap+0.00,0.0,ambiguous,boundary,-0.001,data/renders/procedural/obround_01_peg_v1.png,data/renders/procedural/obround_01_peg_v2.png,data/renders/aperture/obround_01_ap+0.00_socket_v1.png,data/renders/aperture/obround_01_ap+0.00_socket_v2.png,0.8181608280856975,yes,0.7332462072372437,-0.0677,0,1,1,0,=,0,5a3fa4fd5cfccbaf40da47578430d1c482e3498265165e3d6df2f8cbefe898bd
test,obround,obround_01,obround_01_ap-0.10,-0.1,ambiguous,off_centre,-0.1006,data/renders/procedural/obround_01_peg_v1.png,data/renders/procedural/obround_01_peg_v2.png,data/renders/aperture/obround_01_ap-0.10_socket_v1.png,data/renders/aperture/obround_01_ap-0.10_socket_v2.png,0.8215200927022572,yes,0.7289039492607117,-0.1514,0,1,1,0,=,0,6bb51ec9bab0894302412eadfedce93f0a1d5a5f8e37007dd181f48d1b9291a4
test,obround,obround_01,obround_01_ap-0.30,-0.3,incompatible,,-0.3008,data/renders/procedural/obround_01_peg_v1.png,data/renders/procedural/obround_01_peg_v2.png,data/renders/aperture/obround_01_ap-0.30_socket_v1.png,data/renders/aperture/obround_01_ap-0.30_socket_v2.png,0.8079077076239191,yes,0.7142447829246521,-0.3385,0,1,1,0,=,1,0db6bdaa7bf673f6350bc9207c59ae65e822672a1f0746042101567c89a16bde
test,obround,obround_01,obround_01_ap-0.60,-0.6,incompatible,,-0.6006,data/renders/procedural/obround_01_peg_v1.png,data/renders/procedural/obround_01_peg_v2.png,data/renders/aperture/obround_01_ap-0.60_socket_v1.png,data/renders/aperture/obround_01_ap-0.60_socket_v2.png,0.812333981779756,yes,0.7182003259658813,-0.6242,0,1,1,0,=,1,0ce88beb9187b51692b78a04f6c4f019e831e0e6b55979b1ffb436f6ffb24a9a
test,obround,obround_01,obround_01_ap-1.20,-1.2,incompatible,,-1.2012,data/renders/procedural/obround_01_peg_v1.png,data/renders/procedural/obround_01_peg_v2.png,data/renders/aperture/obround_01_ap-1.20_socket_v1.png,data/renders/aperture/obround_01_ap-1.20_socket_v2.png,0.8083012871008245,yes,0.7196133732795715,-1.2206,0,1,1,0,=,1,d9a40eb892b9d85bdfb6a828aa5a0cf6fff8c52247fe8d73d7022125e6cf1fd4
test,obround,obround_02,obround_02,0.3,compatible,,0.2999,data/renders/procedural/obround_02_peg_v1.png,data/renders/procedural/obround_02_peg_v2.png,data/renders/procedural/obround_02_socket_v1.png,data/renders/procedural/obround_02_socket_v2.png,0.8184194375248204,yes,0.7369434833526611,0.3028,1,1,1,0,=,1,173e88526814cf2307e5053be06efebc3e8bf70a86d7ab25c045e68a58e78173
test,obround,obround_02,obround_02_ap+0.10,0.1,compatible,,0.1,data/renders/procedural/obround_02_peg_v1.png,data/renders/procedural/obround_02_peg_v2.png,data/renders/aperture/obround_02_ap+0.10_socket_v1.png,data/renders/aperture/obround_02_ap+0.10_socket_v2.png,0.8160855295045993,yes,0.734840989112854,0.1354,1,1,1,0,=,1,4b8e36b06bc754e293cbb71c8c159c56e2aeb7adbd23d8d3c1b12a60b8f729d4
test,obround,obround_02,obround_02_ap+0.00,0.0,ambiguous,boundary,-0.001,data/renders/procedural/obround_02_peg_v1.png,data/renders/procedural/obround_02_peg_v2.png,data/renders/aperture/obround_02_ap+0.00_socket_v1.png,data/renders/aperture/obround_02_ap+0.00_socket_v2.png,0.8163166285829966,yes,0.733928918838501,-0.0677,0,1,1,0,=,0,c5f61beb47b603d53012424a6574c941b9b5e2fb2f5cb38fa5fd46f36f6fa140
test,obround,obround_02,obround_02_ap-0.10,-0.1,ambiguous,off_centre,-0.1006,data/renders/procedural/obround_02_peg_v1.png,data/renders/procedural/obround_02_peg_v2.png,data/renders/aperture/obround_02_ap-0.10_socket_v1.png,data/renders/aperture/obround_02_ap-0.10_socket_v2.png,0.8181039354977256,yes,0.7366642951965332,-0.2031,0,1,1,0,=,0,3dedf2a103781abc8f2f8ac4f6d3b0cfc6d572a329f1c1d29c3cdbcb63ac4278
test,obround,obround_02,obround_02_ap-0.30,-0.3,incompatible,,-0.3008,data/renders/procedural/obround_02_peg_v1.png,data/renders/procedural/obround_02_peg_v2.png,data/renders/aperture/obround_02_ap-0.30_socket_v1.png,data/renders/aperture/obround_02_ap-0.30_socket_v2.png,0.820644346203399,yes,0.737821102142334,-0.3385,0,1,1,0,=,1,b96edba0ad66bd8d81b261e7e7a85e07d2c2a1e96510968567e491b1dff48a42
test,obround,obround_02,obround_02_ap-0.60,-0.6,incompatible,,-0.6006,data/renders/procedural/obround_02_peg_v1.png,data/renders/procedural/obround_02_peg_v2.png,data/renders/aperture/obround_02_ap-0.60_socket_v1.png,data/renders/aperture/obround_02_ap-0.60_socket_v2.png,0.8180708305667408,yes,0.7319796085357666,-0.6242,0,1,1,0,=,1,16b255b77a7c55db1e5ebc66747ba76d2136bf0f7f3dc666de6823ec39d04dfd
test,obround,obround_02,obround_02_ap-1.20,-1.2,incompatible,,-1.2012,data/renders/procedural/obround_02_peg_v1.png,data/renders/procedural/obround_02_peg_v2.png,data/renders/aperture/obround_02_ap-1.20_socket_v1.png,data/renders/aperture/obround_02_ap-1.20_socket_v2.png,0.8204175011628234,yes,0.7387579083442688,-1.2206,0,1,1,0,=,1,a4cbe88f8eab17ef36c169ae433f39f725a47dd74eb95b37cf832fe2ae974499
test,obround,obround_03,obround_03,0.3,compatible,,0.2999,data/renders/procedural/obround_03_peg_v1.png,data/renders/procedural/obround_03_peg_v2.png,data/renders/procedural/obround_03_socket_v1.png,data/renders/procedural/obround_03_socket_v2.png,0.8298093518435306,yes,0.7152599096298218,0.3028,1,1,1,0,=,1,84fc05ebb81311ea6dea40b546ba88db5b21a3df60f0db4c5e9db6adeded1281
test,obround,obround_03,obround_03_ap+0.10,0.1,compatible,,0.1,data/renders/procedural/obround_03_peg_v1.png,data/renders/procedural/obround_03_peg_v2.png,data/renders/aperture/obround_03_ap+0.10_socket_v1.png,data/renders/aperture/obround_03_ap+0.10_socket_v2.png,0.82285982187766,yes,0.7014325857162476,0.1354,1,1,1,0,=,1,3fd4c381d7600fe260ab1e2019993a1fff00bfb738d7118b2514bb6fe0427ffd
test,obround,obround_03,obround_03_ap+0.00,0.0,ambiguous,boundary,-0.001,data/renders/procedural/obround_03_peg_v1.png,data/renders/procedural/obround_03_peg_v2.png,data/renders/aperture/obround_03_ap+0.00_socket_v1.png,data/renders/aperture/obround_03_ap+0.00_socket_v2.png,0.8259213142644177,yes,0.7134007811546326,-0.0677,0,1,1,0,=,0,3979348cc77fe154010b2248e33b97fa5c266bd0abf10c3e66f604576dec3a3d
test,obround,obround_03,obround_03_ap-0.10,-0.1,ambiguous,off_centre,-0.1006,data/renders/procedural/obround_03_peg_v1.png,data/renders/procedural/obround_03_peg_v2.png,data/renders/aperture/obround_03_ap-0.10_socket_v1.png,data/renders/aperture/obround_03_ap-0.10_socket_v2.png,0.8278587528793029,yes,0.7165724039077759,-0.1354,0,1,1,0,=,0,3cd7a3ce8b88ff74712f20a3b92e017a4b2789c063750d3202979ff4106b4140
test,obround,obround_03,obround_03_ap-0.30,-0.3,incompatible,,-0.3008,data/renders/procedural/obround_03_peg_v1.png,data/renders/procedural/obround_03_peg_v2.png,data/renders/aperture/obround_03_ap-0.30_socket_v1.png,data/renders/aperture/obround_03_ap-0.30_socket_v2.png,0.8220208534914578,yes,0.7172835469245911,-0.3385,0,1,1,0,=,1,1cbe9e49882ba11a6cad274468882abfb1d93428c553f4db4df19989a93df86a
test,obround,obround_03,obround_03_ap-0.60,-0.6,incompatible,,-0.6006,data/renders/procedural/obround_03_peg_v1.png,data/renders/procedural/obround_03_peg_v2.png,data/renders/aperture/obround_03_ap-0.60_socket_v1.png,data/renders/aperture/obround_03_ap-0.60_socket_v2.png,0.8257512814384693,yes,0.7162413597106934,-0.6242,0,1,1,0,=,1,7a8e6eae31d7fa0bd46a5d982c89e43a6d00c6010ea58c5a9e2e7703501da165
test,obround,obround_03,obround_03_ap-1.20,-1.2,incompatible,,-1.2012,data/renders/procedural/obround_03_peg_v1.png,data/renders/procedural/obround_03_peg_v2.png,data/renders/aperture/obround_03_ap-1.20_socket_v1.png,data/renders/aperture/obround_03_ap-1.20_socket_v2.png,0.8198953249987024,yes,0.7125582695007324,-1.2206,0,1,1,0,=,1,b1d4815b411a171efa2e451c63bf2d765c4e3276aa4aab6af4b23efaa4dfa569
test,polygon,polygon_01,polygon_01,0.3,compatible,,0.2999,data/renders/procedural/polygon_01_peg_v1.png,data/renders/procedural/polygon_01_peg_v2.png,data/renders/procedural/polygon_01_socket_v1.png,data/renders/procedural/polygon_01_socket_v2.png,0.7999988181842762,yes,0.6671099662780762,0.3385,1,1,1,0,=,1,63a5f4be0e56844ed2bd7f6e0a02c7c0dd832857b8c5cdeefae91e0b9a375b40
test,polygon,polygon_01,polygon_01_ap+0.10,0.1,compatible,,0.1,data/renders/procedural/polygon_01_peg_v1.png,data/renders/procedural/polygon_01_peg_v2.png,data/renders/aperture/polygon_01_ap+0.10_socket_v1.png,data/renders/aperture/polygon_01_ap+0.10_socket_v2.png,0.7898363900480881,yes,0.6330617666244507,0.1354,1,1,1,0,=,1,af9b22bd7d9b9715e0f7ea4910175f505c69ddd60ed24a2d13bef88d9d67a4b8
test,polygon,polygon_01,polygon_01_ap+0.00,0.0,ambiguous,boundary,-0.001,data/renders/procedural/polygon_01_peg_v1.png,data/renders/procedural/polygon_01_peg_v2.png,data/renders/aperture/polygon_01_ap+0.00_socket_v1.png,data/renders/aperture/polygon_01_ap+0.00_socket_v2.png,0.7920656749889625,yes,0.6207417249679565,-0.0677,0,1,1,0,=,0,d2d4a859efd3318cf641820a3d04fab0cfc1b33af1c58ad99329f56cae4f39a1
test,polygon,polygon_01,polygon_01_ap-0.10,-0.1,incompatible,,-0.2002,data/renders/procedural/polygon_01_peg_v1.png,data/renders/procedural/polygon_01_peg_v2.png,data/renders/aperture/polygon_01_ap-0.10_socket_v1.png,data/renders/aperture/polygon_01_ap-0.10_socket_v2.png,0.7929360453273111,yes,0.6296347975730896,-0.1915,0,1,1,0,=,1,f0807f7162d7c703aca6dd900cf74456a7b718d1496e5465aacd4576684bded9
test,polygon,polygon_01,polygon_01_ap-0.30,-0.3,incompatible,,-0.6006,data/renders/procedural/polygon_01_peg_v1.png,data/renders/procedural/polygon_01_peg_v2.png,data/renders/aperture/polygon_01_ap-0.30_socket_v1.png,data/renders/aperture/polygon_01_ap-0.30_socket_v2.png,0.7928341283485633,yes,0.621345579624176,-0.5824,0,1,1,0,=,1,1c2fb0e87940952f7d72747e041d047f4cee375a7addbe15e020c6499e82cfb7
test,polygon,polygon_01,polygon_01_ap-0.60,-0.6,incompatible,,-1.2012,data/renders/procedural/polygon_01_peg_v1.png,data/renders/procedural/polygon_01_peg_v2.png,data/renders/aperture/polygon_01_ap-0.60_socket_v1.png,data/renders/aperture/polygon_01_ap-0.60_socket_v2.png,0.7922845476790663,yes,0.6230158805847168,-1.2188,0,1,1,0,=,1,3eb238b3e140bbae26b0cf9e4628ab2dee89946b6a6e150df04b6d0e963596ac
test,polygon,polygon_01,polygon_01_ap-1.20,-1.2,incompatible,,-2.0,data/renders/procedural/polygon_01_peg_v1.png,data/renders/procedural/polygon_01_peg_v2.png,data/renders/aperture/polygon_01_ap-1.20_socket_v1.png,data/renders/aperture/polygon_01_ap-1.20_socket_v2.png,0.8006567612069163,yes,0.6275100111961365,-2.4375,0,1,1,1,<=,1,43b4ba2faa3f304453b42f9c0b50d917846bba53a1208916a888fe87d59df353
test,polygon,polygon_02,polygon_02,0.3,compatible,,0.2999,data/renders/procedural/polygon_02_peg_v1.png,data/renders/procedural/polygon_02_peg_v2.png,data/renders/procedural/polygon_02_socket_v1.png,data/renders/procedural/polygon_02_socket_v2.png,0.8226054238525924,yes,0.6842922568321228,0.3028,1,1,1,0,=,1,c762ee78c04e0167eab626bfdbfa7863d751761ee66f2455cde67e5ef095bcbc
test,polygon,polygon_02,polygon_02_ap+0.10,0.1,compatible,,0.1,data/renders/procedural/polygon_02_peg_v1.png,data/renders/procedural/polygon_02_peg_v2.png,data/renders/aperture/polygon_02_ap+0.10_socket_v1.png,data/renders/aperture/polygon_02_ap+0.10_socket_v2.png,0.8183466300741267,yes,0.6560754179954529,0.0677,1,1,1,0,=,1,696ddadfd5e2a2cf2f8404d4d815a6eadba12b674b39c1bb422a89b2620c66a5
test,polygon,polygon_02,polygon_02_ap+0.00,0.0,ambiguous,boundary,-0.001,data/renders/procedural/polygon_02_peg_v1.png,data/renders/procedural/polygon_02_peg_v2.png,data/renders/aperture/polygon_02_ap+0.00_socket_v1.png,data/renders/aperture/polygon_02_ap+0.00_socket_v2.png,0.8129999766785168,yes,0.6456732153892517,0.0677,1,1,1,0,=,0,7bd79f0c49ad8e9e7063847cc0c6985ae1c581d74717be1766d0c46997ab78fe
test,polygon,polygon_02,polygon_02_ap-0.10,-0.1,ambiguous,off_centre,-0.124,data/renders/procedural/polygon_02_peg_v1.png,data/renders/procedural/polygon_02_peg_v2.png,data/renders/aperture/polygon_02_ap-0.10_socket_v1.png,data/renders/aperture/polygon_02_ap-0.10_socket_v2.png,0.8138693104408918,yes,0.6544758677482605,-0.1915,0,1,1,0,=,0,08ad68bbc92cfa75df6cd3a2e98cedee8b381f0ff185f14b6d41f1aec4f75bc1
test,polygon,polygon_02,polygon_02_ap-0.30,-0.3,incompatible,,-0.3711,data/renders/procedural/polygon_02_peg_v1.png,data/renders/procedural/polygon_02_peg_v2.png,data/renders/aperture/polygon_02_ap-0.30_socket_v1.png,data/renders/aperture/polygon_02_ap-0.30_socket_v2.png,0.8136542178272601,yes,0.6523059010505676,-0.4119,0,1,1,0,=,1,668aa853166f9861c35a3b7eff81e854d3b08d683c293a18cbf47244bcd1b964
test,polygon,polygon_02,polygon_02_ap-0.60,-0.6,incompatible,,-0.7422,data/renders/procedural/polygon_02_peg_v1.png,data/renders/procedural/polygon_02_peg_v2.png,data/renders/aperture/polygon_02_ap-0.60_socket_v1.png,data/renders/aperture/polygon_02_ap-0.60_socket_v2.png,0.82062059457606,yes,0.6677727699279785,-0.772,0,1,1,0,=,1,b12afa584364cfe530d80e456a3a32058848a2203ffc429f10341ae3a8deb944
test,polygon,polygon_02,polygon_02_ap-1.20,-1.2,incompatible,,-1.4834,data/renders/procedural/polygon_02_peg_v1.png,data/renders/procedural/polygon_02_peg_v2.png,data/renders/aperture/polygon_02_ap-1.20_socket_v1.png,data/renders/aperture/polygon_02_ap-1.20_socket_v2.png,0.8224998009697398,yes,0.6769235730171204,-1.5034,0,1,1,0,=,1,a583aea1fd2e46fa3f569acc7fa3146eeb24f7e46d701ece7fc712bf11714c91
test,polygon,polygon_03,polygon_03,0.3,compatible,,0.2999,data/renders/procedural/polygon_03_peg_v1.png,data/renders/procedural/polygon_03_peg_v2.png,data/renders/procedural/polygon_03_socket_v1.png,data/renders/procedural/polygon_03_socket_v2.png,0.8270116276903073,yes,0.7113054394721985,0.2708,1,1,1,0,=,1,33a08fbf9522dabd75dc6660b8ae3051cf67e4dd7755b6278f5122fafadda4df
test,polygon,polygon_03,polygon_03_ap+0.10,0.1,compatible,,0.1,data/renders/procedural/polygon_03_peg_v1.png,data/renders/procedural/polygon_03_peg_v2.png,data/renders/aperture/polygon_03_ap+0.10_socket_v1.png,data/renders/aperture/polygon_03_ap+0.10_socket_v2.png,0.828367701211671,yes,0.7028984427452087,0.1354,1,1,1,0,=,1,66e4a0582bf39039e8879392ccd881aa0a8bf5597ff3d1c070a3603187679c0e
test,polygon,polygon_03,polygon_03_ap+0.00,0.0,ambiguous,boundary,-0.001,data/renders/procedural/polygon_03_peg_v1.png,data/renders/procedural/polygon_03_peg_v2.png,data/renders/aperture/polygon_03_ap+0.00_socket_v1.png,data/renders/aperture/polygon_03_ap+0.00_socket_v2.png,0.8258848043492323,yes,0.7178203463554382,-0.0677,0,1,1,0,=,0,571549bb689dae9469a7e922d0b689e21f47a0f33f728316263397d33ae356bf
test,polygon,polygon_03,polygon_03_ap-0.10,-0.1,ambiguous,off_centre,-0.1162,data/renders/procedural/polygon_03_peg_v1.png,data/renders/procedural/polygon_03_peg_v2.png,data/renders/aperture/polygon_03_ap-0.10_socket_v1.png,data/renders/aperture/polygon_03_ap-0.10_socket_v2.png,0.8295127806400326,yes,0.7165212631225586,-0.2031,0,1,1,0,=,0,08260bd7fab20e979d86bd7244211da44dfb7cee8abed843102c7e11a462977f
test,polygon,polygon_03,polygon_03_ap-0.30,-0.3,incompatible,,-0.3467,data/renders/procedural/polygon_03_peg_v1.png,data/renders/procedural/polygon_03_peg_v2.png,data/renders/aperture/polygon_03_ap-0.30_socket_v1.png,data/renders/aperture/polygon_03_ap-0.30_socket_v2.png,0.8253243906631396,yes,0.6969680786132812,-0.4062,0,1,1,0,=,1,9c9e07e29482fefcce72910b07f0fb132d2a9308a9b4d916f41df74384d5ac14
test,polygon,polygon_03,polygon_03_ap-0.60,-0.6,incompatible,,-0.6934,data/renders/procedural/polygon_03_peg_v1.png,data/renders/procedural/polygon_03_peg_v2.png,data/renders/aperture/polygon_03_ap-0.60_socket_v1.png,data/renders/aperture/polygon_03_ap-0.60_socket_v2.png,0.8289518755964165,yes,0.7098678350448608,-0.757,0,1,1,0,=,1,a54c98983d6fc049d13d617b38c1816737005d4fccb517fbac356430cc87fe7d
test,polygon,polygon_03,polygon_03_ap-1.20,-1.2,incompatible,,-1.3867,data/renders/procedural/polygon_03_peg_v1.png,data/renders/procedural/polygon_03_peg_v2.png,data/renders/aperture/polygon_03_ap-1.20_socket_v1.png,data/renders/aperture/polygon_03_ap-1.20_socket_v2.png,0.841031336142013,yes,0.7354339957237244,-1.4538,0,1,1,0,=,1,85575565ffb36b3769e068a6a45a765c26446965ef96e66aabf9e951059ab116
test,polygon,polygon_04,polygon_04,0.3,compatible,,0.2999,data/renders/procedural/polygon_04_peg_v1.png,data/renders/procedural/polygon_04_peg_v2.png,data/renders/procedural/polygon_04_socket_v1.png,data/renders/procedural/polygon_04_socket_v2.png,0.8459848411932148,yes,0.7676233649253845,0.2792,1,1,1,0,=,1,3d5fc9d5b9a464c319ae7efcb92a7242fcdee99b2ad0f8b4956e4de06fe6a36a
test,polygon,polygon_04,polygon_04_ap+0.10,0.1,compatible,,0.1,data/renders/procedural/polygon_04_peg_v1.png,data/renders/procedural/polygon_04_peg_v2.png,data/renders/aperture/polygon_04_ap+0.10_socket_v1.png,data/renders/aperture/polygon_04_ap+0.10_socket_v2.png,0.8365036235261912,yes,0.7486074566841125,0.1354,1,1,1,0,=,1,049b670c79a388ddcc29ddbe005a4fa8f356ddf10e4db383f3d5862be232348f
test,polygon,polygon_04,polygon_04_ap+0.00,0.0,ambiguous,boundary,-0.001,data/renders/procedural/polygon_04_peg_v1.png,data/renders/procedural/polygon_04_peg_v2.png,data/renders/aperture/polygon_04_ap+0.00_socket_v1.png,data/renders/aperture/polygon_04_ap+0.00_socket_v2.png,0.836293631201909,yes,0.7459602952003479,0.0677,1,1,1,0,=,0,d1059d2d38cbd64b0ecdc24b1d5e9559954db72e25d642d626c80defb1d043f4
test,polygon,polygon_04,polygon_04_ap-0.10,-0.1,ambiguous,off_centre,-0.1162,data/renders/procedural/polygon_04_peg_v1.png,data/renders/procedural/polygon_04_peg_v2.png,data/renders/aperture/polygon_04_ap-0.10_socket_v1.png,data/renders/aperture/polygon_04_ap-0.10_socket_v2.png,0.8406515779872504,yes,0.747314989566803,-0.1354,0,1,1,0,=,0,c2996b8df10df4661451d3f6cb4c8b8f46ca835e5f40d985f2c22214e9d21d25
test,polygon,polygon_04,polygon_04_ap-0.30,-0.3,incompatible,,-0.3467,data/renders/procedural/polygon_04_peg_v1.png,data/renders/procedural/polygon_04_peg_v2.png,data/renders/aperture/polygon_04_ap-0.30_socket_v1.png,data/renders/aperture/polygon_04_ap-0.30_socket_v2.png,0.8424024874971502,yes,0.7488903999328613,-0.3948,0,1,1,0,=,1,0d08a491c3c8733b36bd40e5e3dcbccaaf1789f9588dcf3751282d647e15aab2
test,polygon,polygon_04,polygon_04_ap-0.60,-0.6,incompatible,,-0.6934,data/renders/procedural/polygon_04_peg_v1.png,data/renders/procedural/polygon_04_peg_v2.png,data/renders/aperture/polygon_04_ap-0.60_socket_v1.png,data/renders/aperture/polygon_04_ap-0.60_socket_v2.png,0.847877909102724,yes,0.7498301267623901,-0.6971,0,1,1,0,=,1,17834e8d5b92744d0c391c0eba28d944a56725811f65eaaa8827dea58514ec13
test,polygon,polygon_04,polygon_04_ap-1.20,-1.2,incompatible,,-1.3867,data/renders/procedural/polygon_04_peg_v1.png,data/renders/procedural/polygon_04_peg_v2.png,data/renders/aperture/polygon_04_ap-1.20_socket_v1.png,data/renders/aperture/polygon_04_ap-1.20_socket_v2.png,0.8468251654054106,yes,0.7405386567115784,-1.4219,0,1,1,0,=,1,2c9981b8fb5eb3cb8871015ffce93d05b6ad2b65e6e2a6b09d958402cc68ab3a
test,polygon,polygon_05,polygon_05,0.3,compatible,,0.2999,data/renders/procedural/polygon_05_peg_v1.png,data/renders/procedural/polygon_05_peg_v2.png,data/renders/procedural/polygon_05_socket_v1.png,data/renders/procedural/polygon_05_socket_v2.png,0.8257129331875092,yes,0.6776339411735535,0.3385,1,1,1,0,=,1,c224df5fb2d82762497355a13a4db06fb84cd86c86cb74de92bd4c28970d854d
test,polygon,polygon_05,polygon_05_ap+0.10,0.1,compatible,,0.1,data/renders/procedural/polygon_05_peg_v1.png,data/renders/procedural/polygon_05_peg_v2.png,data/renders/aperture/polygon_05_ap+0.10_socket_v1.png,data/renders/aperture/polygon_05_ap+0.10_socket_v2.png,0.8290151222472205,yes,0.6859642267227173,0.1354,1,1,1,0,=,1,4fb7058aed57a7923fe6f8259fda3069bdffbf1c14f4584af4ed836585906db4
test,polygon,polygon_05,polygon_05_ap+0.00,0.0,ambiguous,boundary,-0.001,data/renders/procedural/polygon_05_peg_v1.png,data/renders/procedural/polygon_05_peg_v2.png,data/renders/aperture/polygon_05_ap+0.00_socket_v1.png,data/renders/aperture/polygon_05_ap+0.00_socket_v2.png,0.8290146119987475,yes,0.6859554052352905,0.0677,1,1,1,0,=,0,3b922f3470bc679fdbceab449814ea99142afd8b2163f97533e334b020e645f7
test,polygon,polygon_05,polygon_05_ap-0.10,-0.1,ambiguous,off_centre,-0.1084,data/renders/procedural/polygon_05_peg_v1.png,data/renders/procedural/polygon_05_peg_v2.png,data/renders/aperture/polygon_05_ap-0.10_socket_v1.png,data/renders/aperture/polygon_05_ap-0.10_socket_v2.png,0.8289739781564374,yes,0.6913251280784607,-0.1514,0,1,1,0,=,0,a0d7cca1534717e8f17caf0228e13a80804cd6fb08709eccf224ce0c825eae86
test,polygon,polygon_05,polygon_05_ap-0.30,-0.3,incompatible,,-0.3252,data/renders/procedural/polygon_05_peg_v1.png,data/renders/procedural/polygon_05_peg_v2.png,data/renders/aperture/polygon_05_ap-0.30_socket_v1.png,data/renders/aperture/polygon_05_ap-0.30_socket_v2.png,0.8236855512947431,yes,0.6721502542495728,-0.3646,0,1,1,0,=,1,7ea45f605581b532b0887c8415f2ddfbf6c75478cd436b624925da81eeb432ed
test,polygon,polygon_05,polygon_05_ap-0.60,-0.6,incompatible,,-0.6504,data/renders/procedural/polygon_05_peg_v1.png,data/renders/procedural/polygon_05_peg_v2.png,data/renders/aperture/polygon_05_ap-0.60_socket_v1.png,data/renders/aperture/polygon_05_ap-0.60_socket_v2.png,0.8241840172947701,yes,0.6667309403419495,-0.6668,0,1,1,0,=,1,25e1b07dc88a0c88a384d5f07bf0365995d947f5aeb718285b32ec3dc6d48e64
test,polygon,polygon_05,polygon_05_ap-1.20,-1.2,incompatible,,-1.2998,data/renders/procedural/polygon_05_peg_v1.png,data/renders/procedural/polygon_05_peg_v2.png,data/renders/aperture/polygon_05_ap-1.20_socket_v1.png,data/renders/aperture/polygon_05_ap-1.20_socket_v2.png,0.8343341948650569,yes,0.7011308670043945,-1.3077,0,1,1,0,=,1,941f32d797a4a74a9dd418d09c26cfdcc27d31069f9750b2d705521f2ffbf297
calib,rect,rect_01,rect_01,0.3,compatible,,0.2999,data/renders/procedural/rect_01_peg_v1.png,data/renders/procedural/rect_01_peg_v2.png,data/renders/procedural/rect_01_socket_v1.png,data/renders/procedural/rect_01_socket_v2.png,0.778214554947123,yes,0.5883927941322327,0.3385,1,0,1,0,=,1,4636d9ec4b803fd7288e9c0ce7e467d95ae0d0044491223be864e4579f703fe3
calib,rect,rect_01,rect_01_ap+0.10,0.1,compatible,,0.1,data/renders/procedural/rect_01_peg_v1.png,data/renders/procedural/rect_01_peg_v2.png,data/renders/aperture/rect_01_ap+0.10_socket_v1.png,data/renders/aperture/rect_01_ap+0.10_socket_v2.png,0.7568508570847751,yes,0.5377328395843506,0.1354,1,0,1,0,=,1,68ab8dac95c9f45b0dd70db4225e28c0d25b8c8124bd4955a7258b08a593263b
calib,rect,rect_01,rect_01_ap+0.00,0.0,ambiguous,boundary,0.0,data/renders/procedural/rect_01_peg_v1.png,data/renders/procedural/rect_01_peg_v2.png,data/renders/aperture/rect_01_ap+0.00_socket_v1.png,data/renders/aperture/rect_01_ap+0.00_socket_v2.png,0.7628799939048746,yes,0.5444714426994324,0.0677,1,0,1,0,=,0,72a9d0f3a39851c7f9bdb52799dcc98450571c1160dacef3926d10841966726d
calib,rect,rect_01,rect_01_ap-0.10,-0.1,ambiguous,off_centre,-0.1416,data/renders/procedural/rect_01_peg_v1.png,data/renders/procedural/rect_01_peg_v2.png,data/renders/aperture/rect_01_ap-0.10_socket_v1.png,data/renders/aperture/rect_01_ap-0.10_socket_v2.png,0.7565184673237354,yes,0.5350390076637268,-0.1915,0,0,1,0,=,0,09dd62ed908da1c214a47fd74fb0b15f861daa399dcb41b708aca2895767e208
calib,rect,rect_01,rect_01_ap-0.30,-0.3,incompatible,,-0.4248,data/renders/procedural/rect_01_peg_v1.png,data/renders/procedural/rect_01_peg_v2.png,data/renders/aperture/rect_01_ap-0.30_socket_v1.png,data/renders/aperture/rect_01_ap-0.30_socket_v2.png,0.7584908701170449,yes,0.5508097410202026,-0.4335,0,0,1,0,=,1,efeb7336fcf562d8b2e733eb0c63aa54f9adf84bf3af0768a0119435385ea845
calib,rect,rect_01,rect_01_ap-0.60,-0.6,incompatible,,-0.8486,data/renders/procedural/rect_01_peg_v1.png,data/renders/procedural/rect_01_peg_v2.png,data/renders/aperture/rect_01_ap-0.60_socket_v1.png,data/renders/aperture/rect_01_ap-0.60_socket_v2.png,0.7571810679027736,yes,0.5403977036476135,-0.8618,0,0,1,0,=,1,293983b48f4ba4e8de2729843bf13e56d0cc1feeaea5e5bf8f5ccdbb15769df7
calib,rect,rect_01,rect_01_ap-1.20,-1.2,incompatible,,-1.6973,data/renders/procedural/rect_01_peg_v1.png,data/renders/procedural/rect_01_peg_v2.png,data/renders/aperture/rect_01_ap-1.20_socket_v1.png,data/renders/aperture/rect_01_ap-1.20_socket_v2.png,0.7636469675988625,yes,0.5638657212257385,-1.7236,0,0,1,0,=,1,042b9e1b44a45499b29412291b1992873e2f3c75a915bab93c1346a7df38943c
calib,rect,rect_02,rect_02,0.3,compatible,,0.2999,data/renders/procedural/rect_02_peg_v1.png,data/renders/procedural/rect_02_peg_v2.png,data/renders/procedural/rect_02_socket_v1.png,data/renders/procedural/rect_02_socket_v2.png,0.7889317843218585,yes,0.6202701330184937,0.3385,1,1,1,0,=,1,036c2d4fed26a0f153c4bea77735c993d94e3bf9a6f332557764a7c857dfac7b
calib,rect,rect_02,rect_02_ap+0.10,0.1,compatible,,0.1,data/renders/procedural/rect_02_peg_v1.png,data/renders/procedural/rect_02_peg_v2.png,data/renders/aperture/rect_02_ap+0.10_socket_v1.png,data/renders/aperture/rect_02_ap+0.10_socket_v2.png,0.7702909574630377,yes,0.5423773527145386,0.1354,1,0,1,0,=,1,6dc566b6810f4790005d917b7f8eb2f6624c4dbb90a45e2a3441f89a27877c3e
calib,rect,rect_02,rect_02_ap+0.00,0.0,ambiguous,boundary,0.0,data/renders/procedural/rect_02_peg_v1.png,data/renders/procedural/rect_02_peg_v2.png,data/renders/aperture/rect_02_ap+0.00_socket_v1.png,data/renders/aperture/rect_02_ap+0.00_socket_v2.png,0.775627376459908,yes,0.5536207556724548,0.0677,1,0,1,0,=,0,b609c47584732eab97e34383d34a2885aadac2ed0ced19d45f76a3b522b6e53e
calib,rect,rect_02,rect_02_ap-0.10,-0.1,ambiguous,off_centre,-0.1416,data/renders/procedural/rect_02_peg_v1.png,data/renders/procedural/rect_02_peg_v2.png,data/renders/aperture/rect_02_ap-0.10_socket_v1.png,data/renders/aperture/rect_02_ap-0.10_socket_v2.png,0.7733627548011084,yes,0.5470497608184814,-0.1915,0,0,1,0,=,0,b893e9f2f851249d95865af89d4341a319cc35d8056b95246f578c27775834c6
calib,rect,rect_02,rect_02_ap-0.30,-0.3,incompatible,,-0.4248,data/renders/procedural/rect_02_peg_v1.png,data/renders/procedural/rect_02_peg_v2.png,data/renders/aperture/rect_02_ap-0.30_socket_v1.png,data/renders/aperture/rect_02_ap-0.30_socket_v2.png,0.7743182969300412,yes,0.5427119135856628,-0.4335,0,0,1,0,=,1,ac05ad85c9cd72e7b46d7f1ad2367730dec0dfe84ac2ca8645bec4c5f18714ac
calib,rect,rect_02,rect_02_ap-0.60,-0.6,incompatible,,-0.8486,data/renders/procedural/rect_02_peg_v1.png,data/renders/procedural/rect_02_peg_v2.png,data/renders/aperture/rect_02_ap-0.60_socket_v1.png,data/renders/aperture/rect_02_ap-0.60_socket_v2.png,0.7724772628142248,yes,0.5363604426383972,-0.8618,0,0,1,0,=,1,5c969c56bfe67d530a558c5fcaa78ab11f728dcb72bd4a46224d9fdbd6956c20
calib,rect,rect_02,rect_02_ap-1.20,-1.2,incompatible,,-1.6973,data/renders/procedural/rect_02_peg_v1.png,data/renders/procedural/rect_02_peg_v2.png,data/renders/aperture/rect_02_ap-1.20_socket_v1.png,data/renders/aperture/rect_02_ap-1.20_socket_v2.png,0.76816652476974,yes,0.5457932353019714,-1.7236,0,0,1,0,=,1,c0d3b0cbfe470a9fa63b4a376168783bab8f6f87476f5cf46a8ddcaf08031fb5
calib,rect,rect_03,rect_03,0.3,compatible,,0.2999,data/renders/procedural/rect_03_peg_v1.png,data/renders/procedural/rect_03_peg_v2.png,data/renders/procedural/rect_03_socket_v1.png,data/renders/procedural/rect_03_socket_v2.png,0.781490603409094,yes,0.6184666156768799,0.3385,1,0,1,0,=,1,6daa15e82d661d0fd8d96c17ba3f041f4c7c509e67c340787765761e5b7088ea
calib,rect,rect_03,rect_03_ap+0.10,0.1,compatible,,0.1,data/renders/procedural/rect_03_peg_v1.png,data/renders/procedural/rect_03_peg_v2.png,data/renders/aperture/rect_03_ap+0.10_socket_v1.png,data/renders/aperture/rect_03_ap+0.10_socket_v2.png,0.7691621926989659,yes,0.581535279750824,0.1915,1,0,1,0,=,1,a1e666ff678e09b8542e39a486e31b31e4693a1c9e064b3f083fe9d3e1dd2f69
calib,rect,rect_03,rect_03_ap+0.00,0.0,ambiguous,boundary,0.0,data/renders/procedural/rect_03_peg_v1.png,data/renders/procedural/rect_03_peg_v2.png,data/renders/aperture/rect_03_ap+0.00_socket_v1.png,data/renders/aperture/rect_03_ap+0.00_socket_v2.png,0.7652492771134762,yes,0.5696635246276855,0.0677,1,0,1,0,=,0,c71de1448205593900039fd24f678e5596f168b41730bea1e9b4deabb1c54771
calib,rect,rect_03,rect_03_ap-0.10,-0.1,ambiguous,off_centre,-0.1416,data/renders/procedural/rect_03_peg_v1.png,data/renders/procedural/rect_03_peg_v2.png,data/renders/aperture/rect_03_ap-0.10_socket_v1.png,data/renders/aperture/rect_03_ap-0.10_socket_v2.png,0.7608179215235811,yes,0.561794638633728,-0.1514,0,0,1,0,=,0,a8ced8aea63e3af9de0e7fe4a4abb338e1f76b6e29fa8ebbca1a28abe1b98eec
calib,rect,rect_03,rect_03_ap-0.30,-0.3,incompatible,,-0.4248,data/renders/procedural/rect_03_peg_v1.png,data/renders/procedural/rect_03_peg_v2.png,data/renders/aperture/rect_03_ap-0.30_socket_v1.png,data/renders/aperture/rect_03_ap-0.30_socket_v2.png,0.7641242532860429,yes,0.5820441246032715,-0.383,0,0,1,0,=,1,09d01a8a93f4832143773fa510ab3f1be4855a811258faf18d1e7ce14198f9d0
calib,rect,rect_03,rect_03_ap-0.60,-0.6,incompatible,,-0.8486,data/renders/procedural/rect_03_peg_v1.png,data/renders/procedural/rect_03_peg_v2.png,data/renders/aperture/rect_03_ap-0.60_socket_v1.png,data/renders/aperture/rect_03_ap-0.60_socket_v2.png,0.7696524568169943,yes,0.6010130047798157,-0.8618,0,0,1,0,=,1,b0d76c888de414e3faeb3177032790b7add8ca152cb601a1006c17ffcf1adc3a
calib,rect,rect_03,rect_03_ap-1.20,-1.2,incompatible,,-1.6973,data/renders/procedural/rect_03_peg_v1.png,data/renders/procedural/rect_03_peg_v2.png,data/renders/aperture/rect_03_ap-1.20_socket_v1.png,data/renders/aperture/rect_03_ap-1.20_socket_v2.png,0.7646742449337246,yes,0.5867147445678711,-1.6764,0,0,1,0,=,1,78a5055f0e6bb7d56cd4895e3ea523aafd4e3e8483c8a60a3003ab38b778562a
calib,rect,rect_04,rect_04,0.3,compatible,,0.2999,data/renders/procedural/rect_04_peg_v1.png,data/renders/procedural/rect_04_peg_v2.png,data/renders/procedural/rect_04_socket_v1.png,data/renders/procedural/rect_04_socket_v2.png,0.7901481154783527,yes,0.5739661455154419,0.3385,1,1,1,0,=,1,c534af64b53a4c7e0d3d9f3f9fcb1e0310ab626147efd4064ce23027348be175
calib,rect,rect_04,rect_04_ap+0.10,0.1,compatible,,0.1,data/renders/procedural/rect_04_peg_v1.png,data/renders/procedural/rect_04_peg_v2.png,data/renders/aperture/rect_04_ap+0.10_socket_v1.png,data/renders/aperture/rect_04_ap+0.10_socket_v2.png,0.7688906165849357,yes,0.49694815278053284,0.1354,1,0,1,0,=,1,ade2dc972fa7f2d45dd9605a5c26e434414d94f87c86fa93b68652c27dd189b7
calib,rect,rect_04,rect_04_ap+0.00,0.0,ambiguous,boundary,0.0,data/renders/procedural/rect_04_peg_v1.png,data/renders/procedural/rect_04_peg_v2.png,data/renders/aperture/rect_04_ap+0.00_socket_v1.png,data/renders/aperture/rect_04_ap+0.00_socket_v2.png,0.7677510479416757,yes,0.4879603981971741,0.0677,1,0,1,0,=,0,66c00baff23d7953b9bd0c206d6adf29bd5bef3086285c21468425b4796489f5
calib,rect,rect_04,rect_04_ap-0.10,-0.1,ambiguous,off_centre,-0.1416,data/renders/procedural/rect_04_peg_v1.png,data/renders/procedural/rect_04_peg_v2.png,data/renders/aperture/rect_04_ap-0.10_socket_v1.png,data/renders/aperture/rect_04_ap-0.10_socket_v2.png,0.7681339623641348,yes,0.4909408390522003,-0.1514,0,0,1,0,=,0,36761c995e91131fdebdee4139aecbbf7fb7543a8ba10a9cd8aa8a20b2c16287
calib,rect,rect_04,rect_04_ap-0.30,-0.3,incompatible,,-0.4248,data/renders/procedural/rect_04_peg_v1.png,data/renders/procedural/rect_04_peg_v2.png,data/renders/aperture/rect_04_ap-0.30_socket_v1.png,data/renders/aperture/rect_04_ap-0.30_socket_v2.png,0.7643636336821923,yes,0.47187188267707825,-0.4335,0,0,1,0,=,1,8136e01469d634275635b7c9538b1c84c9145556fb6ed6b0bde5132c60f7e81e
calib,rect,rect_04,rect_04_ap-0.60,-0.6,incompatible,,-0.8486,data/renders/procedural/rect_04_peg_v1.png,data/renders/procedural/rect_04_peg_v2.png,data/renders/aperture/rect_04_ap-0.60_socket_v1.png,data/renders/aperture/rect_04_ap-0.60_socket_v2.png,0.7688924068965443,yes,0.4969351887702942,-0.8618,0,0,1,0,=,1,5beb506a95ddf551ed8920698095fddb31cf7b502adeac8235fa9158a9ecc05f
calib,rect,rect_04,rect_04_ap-1.20,-1.2,incompatible,,-1.6973,data/renders/procedural/rect_04_peg_v1.png,data/renders/procedural/rect_04_peg_v2.png,data/renders/aperture/rect_04_ap-1.20_socket_v1.png,data/renders/aperture/rect_04_ap-1.20_socket_v2.png,0.7645713764372905,yes,0.48314693570137024,-1.7236,0,0,1,0,=,1,cccc3c76fd97d13689bea65ed7447ee71c9e7606fc1e365a224d3501e13a4efc
calib,rect,rect_05,rect_05,0.3,compatible,,0.2999,data/renders/procedural/rect_05_peg_v1.png,data/renders/procedural/rect_05_peg_v2.png,data/renders/procedural/rect_05_socket_v1.png,data/renders/procedural/rect_05_socket_v2.png,0.7581933433573929,yes,0.6237264275550842,0.3385,1,0,1,0,=,1,1868a58716963680326cb876c6e01832e0d55c5068d439fa495bc3af2957c808
calib,rect,rect_05,rect_05_ap+0.10,0.1,compatible,,0.1,data/renders/procedural/rect_05_peg_v1.png,data/renders/procedural/rect_05_peg_v2.png,data/renders/aperture/rect_05_ap+0.10_socket_v1.png,data/renders/aperture/rect_05_ap+0.10_socket_v2.png,0.7553284586462506,yes,0.5976616740226746,0.1354,1,0,1,0,=,1,3a1fa51249097cab700477bf4d53a71d95f4c0bcd5324c7b45f695dad4b6d005
calib,rect,rect_05,rect_05_ap+0.00,0.0,ambiguous,boundary,0.0,data/renders/procedural/rect_05_peg_v1.png,data/renders/procedural/rect_05_peg_v2.png,data/renders/aperture/rect_05_ap+0.00_socket_v1.png,data/renders/aperture/rect_05_ap+0.00_socket_v2.png,0.7513393672308278,yes,0.5925745368003845,0.0677,1,0,1,0,=,0,b5d32f76f0cde0f5bb0b98d94ca08162f5218ce82bf22112429aa1e054ed8f25
calib,rect,rect_05,rect_05_ap-0.10,-0.1,ambiguous,off_centre,-0.1416,data/renders/procedural/rect_05_peg_v1.png,data/renders/procedural/rect_05_peg_v2.png,data/renders/aperture/rect_05_ap-0.10_socket_v1.png,data/renders/aperture/rect_05_ap-0.10_socket_v2.png,0.7467994051914278,yes,0.5928313732147217,-0.1514,0,0,1,0,=,0,adb81bd782f18c68aae63623bae63724a8d015ad10fa2cfb75b29ee11b87a9a7
calib,rect,rect_05,rect_05_ap-0.30,-0.3,incompatible,,-0.4248,data/renders/procedural/rect_05_peg_v1.png,data/renders/procedural/rect_05_peg_v2.png,data/renders/aperture/rect_05_ap-0.30_socket_v1.png,data/renders/aperture/rect_05_ap-0.30_socket_v2.png,0.7479056602849804,yes,0.5859573483467102,-0.4335,0,0,1,0,=,1,1f552bcb84d2ecc87703396375ef5c064422549b70a35607389e7fb2f9e72ff4
calib,rect,rect_05,rect_05_ap-0.60,-0.6,incompatible,,-0.8486,data/renders/procedural/rect_05_peg_v1.png,data/renders/procedural/rect_05_peg_v2.png,data/renders/aperture/rect_05_ap-0.60_socket_v1.png,data/renders/aperture/rect_05_ap-0.60_socket_v2.png,0.7411873522783825,yes,0.5747418403625488,-0.8618,0,0,1,0,=,1,d2810441f04f08dd0a78f8e66cfb57f1784ab33a11ad09889e2c959ed008dfed
calib,rect,rect_05,rect_05_ap-1.20,-1.2,incompatible,,-1.6973,data/renders/procedural/rect_05_peg_v1.png,data/renders/procedural/rect_05_peg_v2.png,data/renders/aperture/rect_05_ap-1.20_socket_v1.png,data/renders/aperture/rect_05_ap-1.20_socket_v2.png,0.7379832052795008,yes,0.5800907015800476,-1.6764,0,0,1,0,=,1,9d071a4260b44c65b3126894f5dd95abd35f631fcc8c4eee9380b0d54e5ee15d
calib,square,square_01,square_01,0.3,compatible,,0.2999,data/renders/procedural/square_01_peg_v1.png,data/renders/procedural/square_01_peg_v2.png,data/renders/procedural/square_01_socket_v1.png,data/renders/procedural/square_01_socket_v2.png,0.7840466485029044,yes,0.6485651731491089,0.2792,1,0,1,0,=,1,d4185f0da6124bcdb58a64e1d3e8cc20afa4ef7a64a36b261b9253fe1ee421d1
calib,square,square_01,square_01_ap+0.10,0.1,compatible,,0.1,data/renders/procedural/square_01_peg_v1.png,data/renders/procedural/square_01_peg_v2.png,data/renders/aperture/square_01_ap+0.10_socket_v1.png,data/renders/aperture/square_01_ap+0.10_socket_v2.png,0.778111664253149,yes,0.6197460889816284,0.1354,1,0,1,0,=,1,cc1098fc7c9b0e2513de489b2daf720f9f9f22b25b6d9aeb46b4ec3682311407
calib,square,square_01,square_01_ap+0.00,0.0,ambiguous,boundary,0.0,data/renders/procedural/square_01_peg_v1.png,data/renders/procedural/square_01_peg_v2.png,data/renders/aperture/square_01_ap+0.00_socket_v1.png,data/renders/aperture/square_01_ap+0.00_socket_v2.png,0.7745217701236852,yes,0.6089221835136414,0.0677,1,0,1,0,=,0,e962362c26725048e8007519811a270cac6de9882d44ee7d2bad0c23cc99cbe6
calib,square,square_01,square_01_ap-0.10,-0.1,ambiguous,off_centre,-0.1416,data/renders/procedural/square_01_peg_v1.png,data/renders/procedural/square_01_peg_v2.png,data/renders/aperture/square_01_ap-0.10_socket_v1.png,data/renders/aperture/square_01_ap-0.10_socket_v2.png,0.7788677707904407,yes,0.6203093528747559,-0.1915,0,0,1,0,=,0,89ee838f1f1ced7c47e92f72b98b4d585b1dbdebf3bee94d4cc879dca4c19941
calib,square,square_01,square_01_ap-0.30,-0.3,incompatible,,-0.4248,data/renders/procedural/square_01_peg_v1.png,data/renders/procedural/square_01_peg_v2.png,data/renders/aperture/square_01_ap-0.30_socket_v1.png,data/renders/aperture/square_01_ap-0.30_socket_v2.png,0.781205616849923,yes,0.6444575190544128,-0.4335,0,0,1,0,=,1,bfc240d4c17b8c02ac157606bb5744d575fed8db3d645ff68e0bc75de155ab56
calib,square,square_01,square_01_ap-0.60,-0.6,incompatible,,-0.8486,data/renders/procedural/square_01_peg_v1.png,data/renders/procedural/square_01_peg_v2.png,data/renders/aperture/square_01_ap-0.60_socket_v1.png,data/renders/aperture/square_01_ap-0.60_socket_v2.png,0.7771785687649841,yes,0.6285226941108704,-0.8618,0,0,1,0,=,1,cfbcba216ad3bf2513e05d72d728f90ca4740e94e6b83fa2437f0ebd2f783d16
calib,square,square_01,square_01_ap-1.20,-1.2,incompatible,,-1.6973,data/renders/procedural/square_01_peg_v1.png,data/renders/procedural/square_01_peg_v2.png,data/renders/aperture/square_01_ap-1.20_socket_v1.png,data/renders/aperture/square_01_ap-1.20_socket_v2.png,0.7789912544401456,yes,0.6408876776695251,-1.7236,0,0,1,0,=,1,ea393cb69885a5e5bb2c20ca831499b8cb49d7b5fad2b9045617ca158437750e
calib,square,square_02,square_02,0.3,compatible,,0.2999,data/renders/procedural/square_02_peg_v1.png,data/renders/procedural/square_02_peg_v2.png,data/renders/procedural/square_02_socket_v1.png,data/renders/procedural/square_02_socket_v2.png,0.7990027298000534,yes,0.6761840581893921,0.3385,1,1,1,0,=,1,de3b42d2ec5c4630e618b5ab0dca952f75708ce18b3f11ba0b93da3047a86068
calib,square,square_02,square_02_ap+0.10,0.1,compatible,,0.1,data/renders/procedural/square_02_peg_v1.png,data/renders/procedural/square_02_peg_v2.png,data/renders/aperture/square_02_ap+0.10_socket_v1.png,data/renders/aperture/square_02_ap+0.10_socket_v2.png,0.7863155551479316,yes,0.6182023882865906,0.1354,1,0,1,0,=,1,3b154186ac13b1cf7b78e5bc5dbe8a39a3b6823c56e8457ad5bf88c590fd3563
calib,square,square_02,square_02_ap+0.00,0.0,ambiguous,boundary,0.0,data/renders/procedural/square_02_peg_v1.png,data/renders/procedural/square_02_peg_v2.png,data/renders/aperture/square_02_ap+0.00_socket_v1.png,data/renders/aperture/square_02_ap+0.00_socket_v2.png,0.7882988813821917,yes,0.6238492131233215,0.0677,1,1,1,0,=,0,8efa3d9883ef0900be3c941084c5dd24bce1228a5b5485fc52618761e161ab63
calib,square,square_02,square_02_ap-0.10,-0.1,ambiguous,off_centre,-0.1416,data/renders/procedural/square_02_peg_v1.png,data/renders/procedural/square_02_peg_v2.png,data/renders/aperture/square_02_ap-0.10_socket_v1.png,data/renders/aperture/square_02_ap-0.10_socket_v2.png,0.788508838460103,yes,0.6260121464729309,-0.1514,0,1,1,0,=,0,075b34740d1ebf95706fe519c280ee273366ee48c708bc216a519a0ba2b5070e
calib,square,square_02,square_02_ap-0.30,-0.3,incompatible,,-0.4248,data/renders/procedural/square_02_peg_v1.png,data/renders/procedural/square_02_peg_v2.png,data/renders/aperture/square_02_ap-0.30_socket_v1.png,data/renders/aperture/square_02_ap-0.30_socket_v2.png,0.7817388086303181,yes,0.5976793169975281,-0.4335,0,0,1,0,=,1,df598605cd3bd85540fd069b7c6311137814dc9dd353208b06a864adcf8d6174
calib,square,square_02,square_02_ap-0.60,-0.6,incompatible,,-0.8486,data/renders/procedural/square_02_peg_v1.png,data/renders/procedural/square_02_peg_v2.png,data/renders/aperture/square_02_ap-0.60_socket_v1.png,data/renders/aperture/square_02_ap-0.60_socket_v2.png,0.7866498958570695,yes,0.6143121719360352,-0.8618,0,0,1,0,=,1,5cfbea8e57bb568d4fe0d9f07c2f39f6486f3d22b4ca39a498c25a9faf3be5cf
calib,square,square_02,square_02_ap-1.20,-1.2,incompatible,,-1.6973,data/renders/procedural/square_02_peg_v1.png,data/renders/procedural/square_02_peg_v2.png,data/renders/aperture/square_02_ap-1.20_socket_v1.png,data/renders/aperture/square_02_ap-1.20_socket_v2.png,0.7831741425445609,yes,0.613644540309906,-1.7236,0,0,1,0,=,1,d77532671c308979c7b3c9f919ef05b20734a62ef32ec0119bfbbf11656bfa08
calib,square,square_03,square_03,0.3,compatible,,0.2999,data/renders/procedural/square_03_peg_v1.png,data/renders/procedural/square_03_peg_v2.png,data/renders/procedural/square_03_socket_v1.png,data/renders/procedural/square_03_socket_v2.png,0.7918472397073031,yes,0.6184253096580505,0.3646,1,1,1,0,=,1,75e17fee57b2d155bf991f7367fe9e7c4b62482bc3f7553b3bde870d78d36f6c
calib,square,square_03,square_03_ap+0.10,0.1,compatible,,0.1,data/renders/procedural/square_03_peg_v1.png,data/renders/procedural/square_03_peg_v2.png,data/renders/aperture/square_03_ap+0.10_socket_v1.png,data/renders/aperture/square_03_ap+0.10_socket_v2.png,0.7841439094036956,yes,0.5973471403121948,0.1915,1,0,1,0,=,1,2a6a2f8b4006e730f5f3349233f58bae5bb2ed6ba63b1a09fbce6aa99583e671
calib,square,square_03,square_03_ap+0.00,0.0,ambiguous,boundary,0.0,data/renders/procedural/square_03_peg_v1.png,data/renders/procedural/square_03_peg_v2.png,data/renders/aperture/square_03_ap+0.00_socket_v1.png,data/renders/aperture/square_03_ap+0.00_socket_v2.png,0.7789829915568497,yes,0.5657777190208435,0.0677,1,0,1,0,=,0,2798e261d96d8f46f535e85728fb4ea26174a2f0bbba202cd66b29b04588fed5
calib,square,square_03,square_03_ap-0.10,-0.1,ambiguous,off_centre,-0.1416,data/renders/procedural/square_03_peg_v1.png,data/renders/procedural/square_03_peg_v2.png,data/renders/aperture/square_03_ap-0.10_socket_v1.png,data/renders/aperture/square_03_ap-0.10_socket_v2.png,0.777976719170218,yes,0.5478286147117615,-0.1514,0,0,1,0,=,0,ec72c2319af08e8d29a64866a06041380725b3f09f874bde125a4cc265e09c11
calib,square,square_03,square_03_ap-0.30,-0.3,incompatible,,-0.4248,data/renders/procedural/square_03_peg_v1.png,data/renders/procedural/square_03_peg_v2.png,data/renders/aperture/square_03_ap-0.30_socket_v1.png,data/renders/aperture/square_03_ap-0.30_socket_v2.png,0.7791411044776217,yes,0.5730323195457458,-0.383,0,0,1,0,=,1,1f620fd4b8a6386df4c7929fce7e0bb9d9db227a29183b781ba9b7b2da4a898a
calib,square,square_03,square_03_ap-0.60,-0.6,incompatible,,-0.8486,data/renders/procedural/square_03_peg_v1.png,data/renders/procedural/square_03_peg_v2.png,data/renders/aperture/square_03_ap-0.60_socket_v1.png,data/renders/aperture/square_03_ap-0.60_socket_v2.png,0.7831271860791595,yes,0.5876085162162781,-0.8618,0,0,1,0,=,1,452ed716bef98edfb892888e139b2b149f6f25396cd081979abfd6f8bf83f405
calib,square,square_03,square_03_ap-1.20,-1.2,incompatible,,-1.6973,data/renders/procedural/square_03_peg_v1.png,data/renders/procedural/square_03_peg_v2.png,data/renders/aperture/square_03_ap-1.20_socket_v1.png,data/renders/aperture/square_03_ap-1.20_socket_v2.png,0.7870995638381266,yes,0.6188486814498901,-1.6764,0,0,1,0,=,1,c39efb571cf6756d87857477e6e537dea3638fdf6198e705ea1ba8fc3a917d1f
calib,square,square_04,square_04,0.3,compatible,,0.2999,data/renders/procedural/square_04_peg_v1.png,data/renders/procedural/square_04_peg_v2.png,data/renders/procedural/square_04_socket_v1.png,data/renders/procedural/square_04_socket_v2.png,0.7887614512417298,yes,0.5800955295562744,0.3385,1,1,1,0,=,1,b94f73c78deec7ba128196f4c22180fe5ffce821b80e470f4d8a6e815ca44bff
calib,square,square_04,square_04_ap+0.10,0.1,compatible,,0.1,data/renders/procedural/square_04_peg_v1.png,data/renders/procedural/square_04_peg_v2.png,data/renders/aperture/square_04_ap+0.10_socket_v1.png,data/renders/aperture/square_04_ap+0.10_socket_v2.png,0.7737366254580101,yes,0.5189611911773682,0.1354,1,0,1,0,=,1,65fd993f081da636ac86b45a5fa78506443b5dac7f847930335ec7fce912128e
calib,square,square_04,square_04_ap+0.00,0.0,ambiguous,boundary,0.0,data/renders/procedural/square_04_peg_v1.png,data/renders/procedural/square_04_peg_v2.png,data/renders/aperture/square_04_ap+0.00_socket_v1.png,data/renders/aperture/square_04_ap+0.00_socket_v2.png,0.7762316610097384,yes,0.5285659432411194,0.0677,1,0,1,0,=,0,e4c4d583e3378e3a6fdd427becf4865a439f74483365fd64c09a66819ac15771
calib,square,square_04,square_04_ap-0.10,-0.1,ambiguous,off_centre,-0.1416,data/renders/procedural/square_04_peg_v1.png,data/renders/procedural/square_04_peg_v2.png,data/renders/aperture/square_04_ap-0.10_socket_v1.png,data/renders/aperture/square_04_ap-0.10_socket_v2.png,0.780316911134499,yes,0.5206824541091919,-0.1915,0,0,1,0,=,0,e228cc501c8e3fe44024e439d0ff22d696db34f3ab6e702f2b04ea0ed05fb463
calib,square,square_04,square_04_ap-0.30,-0.3,incompatible,,-0.4248,data/renders/procedural/square_04_peg_v1.png,data/renders/procedural/square_04_peg_v2.png,data/renders/aperture/square_04_ap-0.30_socket_v1.png,data/renders/aperture/square_04_ap-0.30_socket_v2.png,0.771577035892029,yes,0.498595267534256,-0.4335,0,0,1,0,=,1,32cc2c9aa9a31e28aa4b25537e06c0fbe02f97dbeb87273f6044ffeae83e01cc
calib,square,square_04,square_04_ap-0.60,-0.6,incompatible,,-0.8486,data/renders/procedural/square_04_peg_v1.png,data/renders/procedural/square_04_peg_v2.png,data/renders/aperture/square_04_ap-0.60_socket_v1.png,data/renders/aperture/square_04_ap-0.60_socket_v2.png,0.7673740248898161,yes,0.4848783016204834,-0.8618,0,0,1,0,=,1,5a6ffe2199d52d8bad045f9d2e228293fc84de4e4f8e17efbf9e1ad6ee23b94b
calib,square,square_04,square_04_ap-1.20,-1.2,incompatible,,-1.6973,data/renders/procedural/square_04_peg_v1.png,data/renders/procedural/square_04_peg_v2.png,data/renders/aperture/square_04_ap-1.20_socket_v1.png,data/renders/aperture/square_04_ap-1.20_socket_v2.png,0.7627935083633262,yes,0.4792066216468811,-1.7236,0,0,1,0,=,1,ff4ffdf512ad82b2094561d59451cb2e973e938f17a4f5c1fec88faceeab520f
test,star,star_01,star_01,0.3,compatible,,0.2999,data/renders/procedural/star_01_peg_v1.png,data/renders/procedural/star_01_peg_v2.png,data/renders/procedural/star_01_socket_v1.png,data/renders/procedural/star_01_socket_v2.png,0.806213870902098,yes,0.5268317461013794,0.3028,1,1,1,0,=,1,2dcb872ba37508bf5e9d51d848e5f6a063394b95ba169455dad3bef046916732
test,star,star_01,star_01_ap+0.10,0.1,compatible,,0.1,data/renders/procedural/star_01_peg_v1.png,data/renders/procedural/star_01_peg_v2.png,data/renders/aperture/star_01_ap+0.10_socket_v1.png,data/renders/aperture/star_01_ap+0.10_socket_v2.png,0.805474239647024,yes,0.5206316113471985,0.1354,1,1,1,0,=,1,fe3883f17185102ace7fe7c870ab52f315f4520d3638c15b57e46457cc720026
test,star,star_01,star_01_ap+0.00,0.0,ambiguous,boundary,-0.001,data/renders/procedural/star_01_peg_v1.png,data/renders/procedural/star_01_peg_v2.png,data/renders/aperture/star_01_ap+0.00_socket_v1.png,data/renders/aperture/star_01_ap+0.00_socket_v2.png,0.7966470850197087,yes,0.5034316182136536,0.0677,1,1,1,0,=,0,1ea0fcb6d2a5ea266602ce896547bbe3f589a712ad9e1fa974f4244abedd2617
test,star,star_01,star_01_ap-0.10,-0.1,incompatible,,-0.209,data/renders/procedural/star_01_peg_v1.png,data/renders/procedural/star_01_peg_v2.png,data/renders/aperture/star_01_ap-0.10_socket_v1.png,data/renders/aperture/star_01_ap-0.10_socket_v2.png,0.8009783425599611,yes,0.5003506541252136,-0.2031,0,1,1,0,=,1,1b054a56994dc59e60cb07b18746066bd34277199509f004bdf985659ce73981
test,star,star_01,star_01_ap-0.30,-0.3,incompatible,,-0.626,data/renders/procedural/star_01_peg_v1.png,data/renders/procedural/star_01_peg_v2.png,data/renders/aperture/star_01_ap-0.30_socket_v1.png,data/renders/aperture/star_01_ap-0.30_socket_v2.png,0.8000488734895007,yes,0.5026887655258179,-0.6771,0,1,1,0,=,1,7d62e2d5427cf340d2d65b0693a04ec29e6d50f6a8c7ed4797426453d6f8d45d
test,star,star_01,star_01_ap-0.60,-0.6,incompatible,,-1.251,data/renders/procedural/star_01_peg_v1.png,data/renders/procedural/star_01_peg_v2.png,data/renders/aperture/star_01_ap-0.60_socket_v1.png,data/renders/aperture/star_01_ap-0.60_socket_v2.png,0.7998040120982589,yes,0.49084311723709106,-1.2865,0,1,1,0,=,1,66bceff64e85ebdf1183eef05f2a379e44d03d6178ac434295cb5b66f2e59087
test,star,star_01,star_01_ap-1.20,-1.2,incompatible,,-2.0,data/renders/procedural/star_01_peg_v1.png,data/renders/procedural/star_01_peg_v2.png,data/renders/aperture/star_01_ap-1.20_socket_v1.png,data/renders/aperture/star_01_ap-1.20_socket_v2.png,0.8127125766359391,yes,0.5253373980522156,-2.5052,0,1,1,1,<=,1,ad0d8d575937685d9a18630b8c6e6edd742d2515d34e9e6502b23a4087b3a04f
test,star,star_02,star_02,0.3,compatible,,0.2999,data/renders/procedural/star_02_peg_v1.png,data/renders/procedural/star_02_peg_v2.png,data/renders/procedural/star_02_socket_v1.png,data/renders/procedural/star_02_socket_v2.png,0.8222286602992182,yes,0.6146577596664429,0.3028,1,1,1,0,=,1,a3d615172966887383cf4c210f4d296f04161b584d04cac703394b392d52161a
test,star,star_02,star_02_ap+0.10,0.1,compatible,,0.1,data/renders/procedural/star_02_peg_v1.png,data/renders/procedural/star_02_peg_v2.png,data/renders/aperture/star_02_ap+0.10_socket_v1.png,data/renders/aperture/star_02_ap+0.10_socket_v2.png,0.8217066826350908,yes,0.6237629652023315,0.0677,1,1,1,0,=,1,764a110c1f0efe3e98b03abef0bd57d5c34a7f9407d87792f598bcbb4edb69a4
test,star,star_02,star_02_ap+0.00,0.0,ambiguous,boundary,-0.001,data/renders/procedural/star_02_peg_v1.png,data/renders/procedural/star_02_peg_v2.png,data/renders/aperture/star_02_ap+0.00_socket_v1.png,data/renders/aperture/star_02_ap+0.00_socket_v2.png,0.8242137411027445,yes,0.6280233263969421,0.0677,1,1,1,0,=,0,0bde8a0b85369be52bdcec20ccbb55584c55a605d7c159464b869fd2a65b116a
test,star,star_02,star_02_ap-0.10,-0.1,incompatible,,-0.2266,data/renders/procedural/star_02_peg_v1.png,data/renders/procedural/star_02_peg_v2.png,data/renders/aperture/star_02_ap-0.10_socket_v1.png,data/renders/aperture/star_02_ap-0.10_socket_v2.png,0.8216577227962825,yes,0.6166313886642456,-0.2873,0,1,1,0,=,1,54d37c178e24cf8ca2384c5340392b8a13cbb462af049a2770c06f9ea1d35b45
test,star,star_02,star_02_ap-0.30,-0.3,incompatible,,-0.6787,data/renders/procedural/star_02_peg_v1.png,data/renders/procedural/star_02_peg_v2.png,data/renders/aperture/star_02_ap-0.30_socket_v1.png,data/renders/aperture/star_02_ap-0.30_socket_v2.png,0.8231537561524723,yes,0.6318022012710571,-0.7324,0,1,1,0,=,1,682156787ea64f861a37c2625d3f0f2c8a98418c5aaae81adcfb520dc42a4ccd
test,star,star_02,star_02_ap-0.60,-0.6,incompatible,,-1.3564,data/renders/procedural/star_02_peg_v1.png,data/renders/procedural/star_02_peg_v2.png,data/renders/aperture/star_02_ap-0.60_socket_v1.png,data/renders/aperture/star_02_ap-0.60_socket_v2.png,0.8166894707102464,yes,0.5882032513618469,-1.3542,0,1,1,0,=,1,fcf3e9b15d433a94c5588663be310bf19d8b66e4ad25d101dc72b2e1cc549362
test,star,star_02,star_02_ap-1.20,-1.2,incompatible,,-2.0,data/renders/procedural/star_02_peg_v1.png,data/renders/procedural/star_02_peg_v2.png,data/renders/aperture/star_02_ap-1.20_socket_v1.png,data/renders/aperture/star_02_ap-1.20_socket_v2.png,0.8351700550392835,yes,0.6654006242752075,-2.8178,0,1,1,1,<=,1,72d5d3ad2e2adcb8413afbf5cabb165aa9e143803f41ed1dc833454dde67c888
test,star,star_03,star_03,0.3,compatible,,0.2999,data/renders/procedural/star_03_peg_v1.png,data/renders/procedural/star_03_peg_v2.png,data/renders/procedural/star_03_socket_v1.png,data/renders/procedural/star_03_socket_v2.png,0.8191945882367093,yes,0.587378740310669,0.3028,1,1,1,0,=,1,d34a72eb163b73b6e936185713f6823f70ddab17049492b99c6ec2c558a5b652
test,star,star_03,star_03_ap+0.10,0.1,compatible,,0.1,data/renders/procedural/star_03_peg_v1.png,data/renders/procedural/star_03_peg_v2.png,data/renders/aperture/star_03_ap+0.10_socket_v1.png,data/renders/aperture/star_03_ap+0.10_socket_v2.png,0.80809855420893,yes,0.5448412299156189,0.1354,1,1,1,0,=,1,76fcbf449c230d545437189c169164985235d6dd5f9386480f74987271aed16d
test,star,star_03,star_03_ap+0.00,0.0,ambiguous,boundary,-0.001,data/renders/procedural/star_03_peg_v1.png,data/renders/procedural/star_03_peg_v2.png,data/renders/aperture/star_03_ap+0.00_socket_v1.png,data/renders/aperture/star_03_ap+0.00_socket_v2.png,0.8122141431502029,yes,0.5531349778175354,-0.0677,0,1,1,0,=,0,c5ebfa93c2e95f60811e7ac943608c33327d8a596d0ff438399a6df2ed8e7499
test,star,star_03,star_03_ap-0.10,-0.1,incompatible,,-0.248,data/renders/procedural/star_03_peg_v1.png,data/renders/procedural/star_03_peg_v2.png,data/renders/aperture/star_03_ap-0.10_socket_v1.png,data/renders/aperture/star_03_ap-0.10_socket_v2.png,0.8105111906655078,yes,0.5464512705802917,-0.3028,0,1,1,0,=,1,cfe257d3404c6c4fac2e6510e657978eae6071a69818948859c52f20676e5ca0
test,star,star_03,star_03_ap-0.30,-0.3,incompatible,,-0.7441,data/renders/procedural/star_03_peg_v1.png,data/renders/procedural/star_03_peg_v2.png,data/renders/aperture/star_03_ap-0.30_socket_v1.png,data/renders/aperture/star_03_ap-0.30_socket_v2.png,0.8101892693087808,yes,0.5434859395027161,-0.6971,0,1,1,0,=,1,046e16f0a2a3b6280b053e05e7d8b99178d365d032f1e8620b3724d7c70f4e87
test,star,star_03,star_03_ap-0.60,-0.6,incompatible,,-1.4883,data/renders/procedural/star_03_peg_v1.png,data/renders/procedural/star_03_peg_v2.png,data/renders/aperture/star_03_ap-0.60_socket_v1.png,data/renders/aperture/star_03_ap-0.60_socket_v2.png,0.8148192922093007,yes,0.5549682378768921,-1.4896,0,1,1,0,=,1,50e285e687dba11aa88e70984f0f61bdb2f462f95c8ef7d8f8c65eb4d3a0ca09
test,star,star_03,star_03_ap-1.20,-1.2,incompatible,,-2.0,data/renders/procedural/star_03_peg_v1.png,data/renders/procedural/star_03_peg_v2.png,data/renders/aperture/star_03_ap-1.20_socket_v1.png,data/renders/aperture/star_03_ap-1.20_socket_v2.png,0.8273496219788136,yes,0.5933289527893066,-2.9792,0,1,1,1,<=,1,057652d2e049a376c7e8aa7e569f66b7561028b16ee4b30342016b7779eb96ab
test,star,star_04,star_04,0.3,compatible,,0.2999,data/renders/procedural/star_04_peg_v1.png,data/renders/procedural/star_04_peg_v2.png,data/renders/procedural/star_04_socket_v1.png,data/renders/procedural/star_04_socket_v2.png,0.8132368483495427,yes,0.5806044340133667,0.2441,1,1,1,0,=,1,0c52cd00c68c44f77ed62b8e9004bb959328cfe8a845533396b57a0ddba36640
test,star,star_04,star_04_ap+0.10,0.1,compatible,,0.1,data/renders/procedural/star_04_peg_v1.png,data/renders/procedural/star_04_peg_v2.png,data/renders/aperture/star_04_ap+0.10_socket_v1.png,data/renders/aperture/star_04_ap+0.10_socket_v2.png,0.8036368732860335,yes,0.56597501039505,0.0677,1,1,1,0,=,1,a65796abecef5cdc7387d5a4f012457e83688a165d953d868d0d6ff6e63726bc
test,star,star_04,star_04_ap+0.00,0.0,ambiguous,boundary,-0.001,data/renders/procedural/star_04_peg_v1.png,data/renders/procedural/star_04_peg_v2.png,data/renders/aperture/star_04_ap+0.00_socket_v1.png,data/renders/aperture/star_04_ap+0.00_socket_v2.png,0.8025134525850841,yes,0.5677523612976074,-0.0677,0,1,1,0,=,0,e3c1c9ef255ca40c3048200bffabf5881a9072790ec4ce65401d0fb5bd2d6824
test,star,star_04,star_04_ap-0.10,-0.1,incompatible,,-0.1641,data/renders/procedural/star_04_peg_v1.png,data/renders/procedural/star_04_peg_v2.png,data/renders/aperture/star_04_ap-0.10_socket_v1.png,data/renders/aperture/star_04_ap-0.10_socket_v2.png,0.80959093994398,yes,0.5675543546676636,-0.2873,0,1,1,0,=,1,f2e8d259974afc0008d1acea7f29e039e82448a9de1336a9162cf7b23e089d96
test,star,star_04,star_04_ap-0.30,-0.3,incompatible,,-0.4922,data/renders/procedural/star_04_peg_v1.png,data/renders/procedural/star_04_peg_v2.png,data/renders/aperture/star_04_ap-0.30_socket_v1.png,data/renders/aperture/star_04_ap-0.30_socket_v2.png,0.8081290619282737,yes,0.574368953704834,-0.5824,0,1,1,0,=,1,899e7ef605fa2eb086a7526af8ca86d928a854622092a91c366495b937f32d29
test,star,star_04,star_04_ap-0.60,-0.6,incompatible,,-0.9834,data/renders/procedural/star_04_peg_v1.png,data/renders/procedural/star_04_peg_v2.png,data/renders/aperture/star_04_ap-0.60_socket_v1.png,data/renders/aperture/star_04_ap-0.60_socket_v2.png,0.8167190688243522,yes,0.6176815032958984,-1.0156,0,1,1,0,=,1,34313a0ca1280d5a9aa2ccf42cf87c5e7b47a062fccefe47226ea8466b8106ee
test,star,star_04,star_04_ap-1.20,-1.2,incompatible,,-1.9668,data/renders/procedural/star_04_peg_v1.png,data/renders/procedural/star_04_peg_v2.png,data/renders/aperture/star_04_ap-1.20_socket_v1.png,data/renders/aperture/star_04_ap-1.20_socket_v2.png,0.8171105546587594,yes,0.6084662675857544,-2.0199,0,1,1,0,=,1,4af67af793e839d782407378b207b5a0daf1ce8d250bf1b12f03eeb49afbf062
calib,tee,tee_01,tee_01,0.3,compatible,,0.2551,data/renders/procedural/tee_01_peg_v1.png,data/renders/procedural/tee_01_peg_v2.png,data/renders/procedural/tee_01_socket_v1.png,data/renders/procedural/tee_01_socket_v2.png,0.7924338803771526,yes,0.5178801417350769,0.3385,1,1,1,0,=,1,9599298f2ad2c7bcd37a9f6b4b74f9a10e854b3d53d566abe6e4cced24579a2c
calib,tee,tee_01,tee_01_ap+0.10,0.1,compatible,,0.0846,data/renders/procedural/tee_01_peg_v1.png,data/renders/procedural/tee_01_peg_v2.png,data/renders/aperture/tee_01_ap+0.10_socket_v1.png,data/renders/aperture/tee_01_ap+0.10_socket_v2.png,0.7874615180888566,yes,0.48333051800727844,0.1354,1,0,1,0,=,1,9dc3f4e59afe32d5cddc44cf43fe90976d73f9240bfe6cab54ee9ed07477c077
calib,tee,tee_01,tee_01_ap+0.00,0.0,ambiguous,boundary,-0.001,data/renders/procedural/tee_01_peg_v1.png,data/renders/procedural/tee_01_peg_v2.png,data/renders/aperture/tee_01_ap+0.00_socket_v1.png,data/renders/aperture/tee_01_ap+0.00_socket_v2.png,0.7909617526294245,yes,0.4912988841533661,0.0677,1,1,1,0,=,0,ae1f773232a27857b34310e1b716fbb845a049e8512d9c1625d428a5f3399b47
calib,tee,tee_01,tee_01_ap-0.10,-0.1,ambiguous,off_centre,-0.1533,data/renders/procedural/tee_01_peg_v1.png,data/renders/procedural/tee_01_peg_v2.png,data/renders/aperture/tee_01_ap-0.10_socket_v1.png,data/renders/aperture/tee_01_ap-0.10_socket_v2.png,0.7811438821471439,yes,0.456061989068985,-0.1915,0,0,1,0,=,0,5eec55f69f2981ff451b55230d4a02c9f3db88c1de6119e9111cfba73a96c7b3
calib,tee,tee_01,tee_01_ap-0.30,-0.3,incompatible,,-0.46,data/renders/procedural/tee_01_peg_v1.png,data/renders/procedural/tee_01_peg_v2.png,data/renders/aperture/tee_01_ap-0.30_socket_v1.png,data/renders/aperture/tee_01_ap-0.30_socket_v2.png,0.7884374867627251,yes,0.46629828214645386,-0.5288,0,1,1,0,=,1,ad0f3c2e80bf410c5559be5803689010fa56d22220caaf892b91dae1f73fa924
calib,tee,tee_01,tee_01_ap-0.60,-0.6,incompatible,,-0.9209,data/renders/procedural/tee_01_peg_v1.png,data/renders/procedural/tee_01_peg_v2.png,data/renders/aperture/tee_01_ap-0.60_socket_v1.png,data/renders/aperture/tee_01_ap-0.60_socket_v2.png,0.7902816983159825,yes,0.47924911975860596,-0.9623,0,1,1,0,=,1,6292f0a14f18c7679d851ee09569d3e6fc693c1070767f51b2a66f9c8b79eba3
calib,tee,tee_01,tee_01_ap-1.20,-1.2,incompatible,,-1.8486,data/renders/procedural/tee_01_peg_v1.png,data/renders/procedural/tee_01_peg_v2.png,data/renders/aperture/tee_01_ap-1.20_socket_v1.png,data/renders/aperture/tee_01_ap-1.20_socket_v2.png,0.800167183897571,yes,0.4999878406524658,-1.8727,0,1,1,0,=,1,dae496d3b6a2a7648992cd67eb32fbf5870151688af90aa10c621e1f0bc2a570
calib,tee,tee_02,tee_02,0.3,compatible,,0.246,data/renders/procedural/tee_02_peg_v1.png,data/renders/procedural/tee_02_peg_v2.png,data/renders/procedural/tee_02_socket_v1.png,data/renders/procedural/tee_02_socket_v2.png,0.7833382816869356,yes,0.42432859539985657,0.2708,1,0,1,0,=,1,8a77f99028d94cde8a169d598f02cd4e46edfbc66ade436c8f1f8d9eba89415f
calib,tee,tee_02,tee_02_ap+0.10,0.1,compatible,,0.0815,data/renders/procedural/tee_02_peg_v1.png,data/renders/procedural/tee_02_peg_v2.png,data/renders/aperture/tee_02_ap+0.10_socket_v1.png,data/renders/aperture/tee_02_ap+0.10_socket_v2.png,0.7859479811852608,yes,0.4318239986896515,0.0958,1,0,1,0,=,1,6d790cdd943ce6becca8d0ed8d1e6dc7d2ec231273d50302dd5c0afdada7bce8
calib,tee,tee_02,tee_02_ap+0.00,0.0,ambiguous,boundary,0.0,data/renders/procedural/tee_02_peg_v1.png,data/renders/procedural/tee_02_peg_v2.png,data/renders/aperture/tee_02_ap+0.00_socket_v1.png,data/renders/aperture/tee_02_ap+0.00_socket_v2.png,0.7904665098297319,yes,0.44041571021080017,0.0677,1,1,1,0,=,0,9fbcaae96df5f504693af53807e860da74b093531c5ff0fd488b66b21cb89245
calib,tee,tee_02,tee_02_ap-0.10,-0.1,ambiguous,off_centre,-0.1562,data/renders/procedural/tee_02_peg_v1.png,data/renders/procedural/tee_02_peg_v2.png,data/renders/aperture/tee_02_ap-0.10_socket_v1.png,data/renders/aperture/tee_02_ap-0.10_socket_v2.png,0.7904028601427209,yes,0.446428507566452,-0.2441,0,1,1,0,=,0,76af21fce3b101f0521884d8946df3026bcc3567ba0513d09979de09250b5681
calib,tee,tee_02,tee_02_ap-0.30,-0.3,incompatible,,-0.4678,data/renders/procedural/tee_02_peg_v1.png,data/renders/procedural/tee_02_peg_v2.png,data/renders/aperture/tee_02_ap-0.30_socket_v1.png,data/renders/aperture/tee_02_ap-0.30_socket_v2.png,0.7939689130421836,yes,0.4484560787677765,-0.5288,0,1,1,0,=,1,127e2b117ee02879b659d6c4ef22c7d0ceab04dc8c8aac0ecf51c90e134371e0
calib,tee,tee_02,tee_02_ap-0.60,-0.6,incompatible,,-0.9375,data/renders/procedural/tee_02_peg_v1.png,data/renders/procedural/tee_02_peg_v2.png,data/renders/aperture/tee_02_ap-0.60_socket_v1.png,data/renders/aperture/tee_02_ap-0.60_socket_v2.png,0.7944744446842819,yes,0.44570857286453247,-0.9623,0,1,1,0,=,1,6104d1373c7cbd2be23e269658ebb75b0d47df64775883e870884aef3224399e
calib,tee,tee_02,tee_02_ap-1.20,-1.2,incompatible,,-1.8945,data/renders/procedural/tee_02_peg_v1.png,data/renders/procedural/tee_02_peg_v2.png,data/renders/aperture/tee_02_ap-1.20_socket_v1.png,data/renders/aperture/tee_02_ap-1.20_socket_v2.png,0.7850004488361293,yes,0.4130638837814331,-1.9246,0,0,1,0,=,1,ac4da5ba43c6b99ba36628312c0bb57c540d01ae6e81c41b93df5400f189e5ca
calib,tee,tee_03,tee_03,0.3,compatible,,0.2548,data/renders/procedural/tee_03_peg_v1.png,data/renders/procedural/tee_03_peg_v2.png,data/renders/procedural/tee_03_socket_v1.png,data/renders/procedural/tee_03_socket_v2.png,0.7899252550857594,yes,0.48189276456832886,0.3028,1,1,1,0,=,1,2af6dab5ab4525a5b9aaa3521e9012ba7f559ba343497ea2804f57bfc157a8de
calib,tee,tee_03,tee_03_ap+0.10,0.1,compatible,,0.0846,data/renders/procedural/tee_03_peg_v1.png,data/renders/procedural/tee_03_peg_v2.png,data/renders/aperture/tee_03_ap+0.10_socket_v1.png,data/renders/aperture/tee_03_ap+0.10_socket_v2.png,0.7847030879370401,yes,0.4431847333908081,0.1354,1,0,1,0,=,1,2490640a17c9715d8d48ba9f61a61826c50a9731a8584b4a35072e50c5c26599
calib,tee,tee_03,tee_03_ap+0.00,0.0,ambiguous,boundary,-0.001,data/renders/procedural/tee_03_peg_v1.png,data/renders/procedural/tee_03_peg_v2.png,data/renders/aperture/tee_03_ap+0.00_socket_v1.png,data/renders/aperture/tee_03_ap+0.00_socket_v2.png,0.7813041857791617,yes,0.42923080921173096,0.0677,1,0,1,0,=,0,d9c4795af7e614827c29d9096a0ff96acf05991b3b541414d9599eaf84a40cbd
calib,tee,tee_03,tee_03_ap-0.10,-0.1,ambiguous,off_centre,-0.1533,data/renders/procedural/tee_03_peg_v1.png,data/renders/procedural/tee_03_peg_v2.png,data/renders/aperture/tee_03_ap-0.10_socket_v1.png,data/renders/aperture/tee_03_ap-0.10_socket_v2.png,0.7835625177580021,yes,0.4455212950706482,-0.1915,0,0,1,0,=,0,48aacafc50e428f2b6d650282893acdb5da2953fb1070515745ecddce20574d1
calib,tee,tee_03,tee_03_ap-0.30,-0.3,incompatible,,-0.46,data/renders/procedural/tee_03_peg_v1.png,data/renders/procedural/tee_03_peg_v2.png,data/renders/aperture/tee_03_ap-0.30_socket_v1.png,data/renders/aperture/tee_03_ap-0.30_socket_v2.png,0.7855807749078768,yes,0.4496752917766571,-0.4883,0,0,1,0,=,1,007adedb151221fcba705031171fbd03c3b2335fe870f00310a342bfecb3610c
calib,tee,tee_03,tee_03_ap-0.60,-0.6,incompatible,,-0.9219,data/renders/procedural/tee_03_peg_v1.png,data/renders/procedural/tee_03_peg_v2.png,data/renders/aperture/tee_03_ap-0.60_socket_v1.png,data/renders/aperture/tee_03_ap-0.60_socket_v2.png,0.7805690839929379,yes,0.43485555052757263,-0.9109,0,0,1,0,=,1,f21ded7fd9dee84fa1649a0dd0a78c96be2ef5471875384d21d87905292b9c2b
calib,tee,tee_03,tee_03_ap-1.20,-1.2,incompatible,,-1.8584,data/renders/procedural/tee_03_peg_v1.png,data/renders/procedural/tee_03_peg_v2.png,data/renders/aperture/tee_03_ap-1.20_socket_v1.png,data/renders/aperture/tee_03_ap-1.20_socket_v2.png,0.7864415215283,yes,0.4591550827026367,-1.8294,0,0,1,0,=,1,e63fa247bb616048a9ece8447a1d4bdfa8b78a636df1346c463c49545882249f
calib,trapezoid,trapezoid_01,trapezoid_01,0.3,compatible,,0.2749,data/renders/procedural/trapezoid_01_peg_v1.png,data/renders/procedural/trapezoid_01_peg_v2.png,data/renders/procedural/trapezoid_01_socket_v1.png,data/renders/procedural/trapezoid_01_socket_v2.png,0.8170459578959104,yes,0.6760749220848083,0.3028,1,1,1,0,=,1,93712c09afc53c60372366358d8674b477e96bea8a2a96bf6b2c5398aee605bf
calib,trapezoid,trapezoid_01,trapezoid_01_ap+0.10,0.1,compatible,,0.0913,data/renders/procedural/trapezoid_01_peg_v1.png,data/renders/procedural/trapezoid_01_peg_v2.png,data/renders/aperture/trapezoid_01_ap+0.10_socket_v1.png,data/renders/aperture/trapezoid_01_ap+0.10_socket_v2.png,0.8132344631524949,yes,0.6519637703895569,0.1354,1,1,1,0,=,1,5f9e6aa50324b9cb509cb900c67d3ec001f153a6d5b5c0dccf3f49e52b8a9b52
calib,trapezoid,trapezoid_01,trapezoid_01_ap+0.00,0.0,ambiguous,boundary,0.0,data/renders/procedural/trapezoid_01_peg_v1.png,data/renders/procedural/trapezoid_01_peg_v2.png,data/renders/aperture/trapezoid_01_ap+0.00_socket_v1.png,data/renders/aperture/trapezoid_01_ap+0.00_socket_v2.png,0.8105898212194206,yes,0.6416486501693726,0.0677,1,1,1,0,=,0,0537e309c5519e2054d0b00bccc925bd155f4d0c14ecb90b9925a49c69b0c495
calib,trapezoid,trapezoid_01,trapezoid_01_ap-0.10,-0.1,ambiguous,off_centre,-0.1709,data/renders/procedural/trapezoid_01_peg_v1.png,data/renders/procedural/trapezoid_01_peg_v2.png,data/renders/aperture/trapezoid_01_ap-0.10_socket_v1.png,data/renders/aperture/trapezoid_01_ap-0.10_socket_v2.png,0.8087935337243393,yes,0.625267505645752,-0.2141,0,1,1,0,=,0,d5dedd63ab7fbabf44b5eca2b4cb805c5025f6d3310ad5da23fdf81041dd00e8
calib,trapezoid,trapezoid_01,trapezoid_01_ap-0.30,-0.3,incompatible,,-0.5127,data/renders/procedural/trapezoid_01_peg_v1.png,data/renders/procedural/trapezoid_01_peg_v2.png,data/renders/aperture/trapezoid_01_ap-0.30_socket_v1.png,data/renders/aperture/trapezoid_01_ap-0.30_socket_v2.png,0.8064996228346717,yes,0.6384016871452332,-0.5459,0,1,1,0,=,1,f46eb208041fa1cbe053ce5341be7402ba59999a0cc06dd22be6f766e4d8d70e
calib,trapezoid,trapezoid_01,trapezoid_01_ap-0.60,-0.6,incompatible,,-1.0254,data/renders/procedural/trapezoid_01_peg_v1.png,data/renders/procedural/trapezoid_01_peg_v2.png,data/renders/aperture/trapezoid_01_ap-0.60_socket_v1.png,data/renders/aperture/trapezoid_01_ap-0.60_socket_v2.png,0.8057551204342857,yes,0.631542444229126,-1.0335,0,1,1,0,=,1,0ae5ad82a747d52a5650227fd95227cc24913dda7675015fee56c36c76b7b1f6
calib,trapezoid,trapezoid_01,trapezoid_01_ap-1.20,-1.2,incompatible,,-2.0,data/renders/procedural/trapezoid_01_peg_v1.png,data/renders/procedural/trapezoid_01_peg_v2.png,data/renders/aperture/trapezoid_01_ap-1.20_socket_v1.png,data/renders/aperture/trapezoid_01_ap-1.20_socket_v2.png,0.8052735630858463,yes,0.64152991771698,-2.067,0,1,1,1,<=,1,6df27cdf6de22e4b84ee28a0e2f26e7f1d1cd7d87a9cd0b98732027ce0c848e3
calib,trapezoid,trapezoid_02,trapezoid_02,0.3,compatible,,0.2837,data/renders/procedural/trapezoid_02_peg_v1.png,data/renders/procedural/trapezoid_02_peg_v2.png,data/renders/procedural/trapezoid_02_socket_v1.png,data/renders/procedural/trapezoid_02_socket_v2.png,0.813936405567562,yes,0.6771013736724854,0.3028,1,1,1,0,=,1,37bd44147941a168033c88a4b6ab1c067a05de15aa5d3b7f3a596cb1bd31eb53
calib,trapezoid,trapezoid_02,trapezoid_02_ap+0.10,0.1,compatible,,0.0944,data/renders/procedural/trapezoid_02_peg_v1.png,data/renders/procedural/trapezoid_02_peg_v2.png,data/renders/aperture/trapezoid_02_ap+0.10_socket_v1.png,data/renders/aperture/trapezoid_02_ap+0.10_socket_v2.png,0.8118993954150951,yes,0.6625997424125671,0.0958,1,1,1,0,=,1,e018b00f3e260f71915da0ae66522ae5c03fcf1d0832e4f9b4d3159f462c5801
calib,trapezoid,trapezoid_02,trapezoid_02_ap+0.00,0.0,ambiguous,boundary,-0.001,data/renders/procedural/trapezoid_02_peg_v1.png,data/renders/procedural/trapezoid_02_peg_v2.png,data/renders/aperture/trapezoid_02_ap+0.00_socket_v1.png,data/renders/aperture/trapezoid_02_ap+0.00_socket_v2.png,0.8091660399432269,yes,0.6426300406455994,-0.0677,0,1,1,0,=,0,8293a6623724750658410dbda762903c5ae08ad3be4da37729b2d9717f2eb24e
calib,trapezoid,trapezoid_02,trapezoid_02_ap-0.10,-0.1,ambiguous,off_centre,-0.1592,data/renders/procedural/trapezoid_02_peg_v1.png,data/renders/procedural/trapezoid_02_peg_v2.png,data/renders/aperture/trapezoid_02_ap-0.10_socket_v1.png,data/renders/aperture/trapezoid_02_ap-0.10_socket_v2.png,0.8061925955109072,yes,0.6502516865730286,-0.1915,0,1,1,0,=,0,4a64cb3ec171213b160e119aed5c1565e6f0c7c79cb790f8c6070b859d748c66
calib,trapezoid,trapezoid_02,trapezoid_02_ap-0.30,-0.3,incompatible,,-0.4775,data/renders/procedural/trapezoid_02_peg_v1.png,data/renders/procedural/trapezoid_02_peg_v2.png,data/renders/aperture/trapezoid_02_ap-0.30_socket_v1.png,data/renders/aperture/trapezoid_02_ap-0.30_socket_v2.png,0.8055050595283479,yes,0.6437739729881287,-0.4542,0,1,1,0,=,1,66a62370dacbbabf030e369f1cf72c0700c7e9032e6344eab4973ebf3f4b3301
calib,trapezoid,trapezoid_02,trapezoid_02_ap-0.60,-0.6,incompatible,,-0.9551,data/renders/procedural/trapezoid_02_peg_v1.png,data/renders/procedural/trapezoid_02_peg_v2.png,data/renders/aperture/trapezoid_02_ap-0.60_socket_v1.png,data/renders/aperture/trapezoid_02_ap-0.60_socket_v2.png,0.8039924774739018,yes,0.6445494890213013,-0.9765,0,1,1,0,=,1,806eadc4cc219bf564a76b1453d4634bfa8adddaff80f04829c82d8a00d9c678
calib,trapezoid,trapezoid_02,trapezoid_02_ap-1.20,-1.2,incompatible,,-1.9121,data/renders/procedural/trapezoid_02_peg_v1.png,data/renders/procedural/trapezoid_02_peg_v2.png,data/renders/aperture/trapezoid_02_ap-1.20_socket_v1.png,data/renders/aperture/trapezoid_02_ap-1.20_socket_v2.png,0.8059656698692117,yes,0.6481088995933533,-1.897,0,1,1,0,=,1,4099b968a9c16d370ba19646be8871f14d86d902d0a9878add5733d823d64506
calib,trapezoid,trapezoid_03,trapezoid_03,0.3,compatible,,0.281,data/renders/procedural/trapezoid_03_peg_v1.png,data/renders/procedural/trapezoid_03_peg_v2.png,data/renders/procedural/trapezoid_03_socket_v1.png,data/renders/procedural/trapezoid_03_socket_v2.png,0.8001351868252828,yes,0.6672431826591492,0.3028,1,1,1,0,=,1,d170c5046440d743ce1d93d309cabede52bac2b27f973f554a8f6d50a9927a19
calib,trapezoid,trapezoid_03,trapezoid_03_ap+0.10,0.1,compatible,,0.0934,data/renders/procedural/trapezoid_03_peg_v1.png,data/renders/procedural/trapezoid_03_peg_v2.png,data/renders/aperture/trapezoid_03_ap+0.10_socket_v1.png,data/renders/aperture/trapezoid_03_ap+0.10_socket_v2.png,0.7913026604425311,yes,0.6493173241615295,0.1354,1,1,1,0,=,1,cfa8366b5d69e47bc395691f42a791696dc69d72899b4dad4074fcecadf5d0ee
calib,trapezoid,trapezoid_03,trapezoid_03_ap+0.00,0.0,ambiguous,boundary,0.0,data/renders/procedural/trapezoid_03_peg_v1.png,data/renders/procedural/trapezoid_03_peg_v2.png,data/renders/aperture/trapezoid_03_ap+0.00_socket_v1.png,data/renders/aperture/trapezoid_03_ap+0.00_socket_v2.png,0.7934473128757091,yes,0.6474350094795227,0.0677,1,1,1,0,=,0,96c4262541263b1624e43ebb4c200c24d6a506c78282c72098e8fa7179b75976
calib,trapezoid,trapezoid_03,trapezoid_03_ap-0.10,-0.1,ambiguous,off_centre,-0.1592,data/renders/procedural/trapezoid_03_peg_v1.png,data/renders/procedural/trapezoid_03_peg_v2.png,data/renders/aperture/trapezoid_03_ap-0.10_socket_v1.png,data/renders/aperture/trapezoid_03_ap-0.10_socket_v2.png,0.7861866524575359,yes,0.6301591396331787,-0.1915,0,0,1,0,=,0,86bfe590e3120d0fea022cfe297513a6c624b969c48bdd1427d57f6e7eae0037
calib,trapezoid,trapezoid_03,trapezoid_03_ap-0.30,-0.3,incompatible,,-0.4756,data/renders/procedural/trapezoid_03_peg_v1.png,data/renders/procedural/trapezoid_03_peg_v2.png,data/renders/aperture/trapezoid_03_ap-0.30_socket_v1.png,data/renders/aperture/trapezoid_03_ap-0.30_socket_v2.png,0.7920858984653886,yes,0.640699565410614,-0.5288,0,1,1,0,=,1,f1c57c942726406d4870f228ad1fc6e00ad2c0e8bc37558993fe36a20ec12c7a
calib,trapezoid,trapezoid_03,trapezoid_03_ap-0.60,-0.6,incompatible,,-0.9521,data/renders/procedural/trapezoid_03_peg_v1.png,data/renders/procedural/trapezoid_03_peg_v2.png,data/renders/aperture/trapezoid_03_ap-0.60_socket_v1.png,data/renders/aperture/trapezoid_03_ap-0.60_socket_v2.png,0.7923700486246764,yes,0.6537860035896301,-0.9209,0,1,1,0,=,1,cabe932eaa540ec45836a255bce2e3a6dc951cf2e06bf8c49b515af700048650
calib,trapezoid,trapezoid_03,trapezoid_03_ap-1.20,-1.2,incompatible,,-1.9043,data/renders/procedural/trapezoid_03_peg_v1.png,data/renders/procedural/trapezoid_03_peg_v2.png,data/renders/aperture/trapezoid_03_ap-1.20_socket_v1.png,data/renders/aperture/trapezoid_03_ap-1.20_socket_v2.png,0.7947302020875278,yes,0.6539632081985474,-1.9365,0,1,1,0,=,1,f26d18d7da75a01250980c71056a4a1e73f8bb4d47a062c97fda60f93183c77f
