split,family,peg_id,cand_id,offset_mm,label,reason,margin_mm,peg_v1,peg_v2,socket_v1,socket_v2,p_yes,answer,top_prob,image_margin_mm,image_fits,accept_tau,accept_yes
test,chamfered,chamfered_01,chamfered_01,0.3,compatible,,0.2874,data/renders/procedural/chamfered_01_peg_v1.png,data/renders/procedural/chamfered_01_peg_v2.png,data/renders/procedural/chamfered_01_socket_v1.png,data/renders/procedural/chamfered_01_socket_v2.png,0.7739285891141234,yes,0.5939040184020996,0.2708,1,0,1
test,chamfered,chamfered_01,chamfered_01_ap+0.10,0.1,compatible,,0.0956,data/renders/procedural/chamfered_01_peg_v1.png,data/renders/procedural/chamfered_01_peg_v2.png,data/renders/aperture/chamfered_01_ap+0.10_socket_v1.png,data/renders/aperture/chamfered_01_ap+0.10_socket_v2.png,0.767543093343989,yes,0.5824970602989197,0.1354,1,0,1
test,chamfered,chamfered_01,chamfered_01_ap+0.00,0.0,ambiguous,boundary,0.0,data/renders/procedural/chamfered_01_peg_v1.png,data/renders/procedural/chamfered_01_peg_v2.png,data/renders/aperture/chamfered_01_ap+0.00_socket_v1.png,data/renders/aperture/chamfered_01_ap+0.00_socket_v2.png,0.7656451199872427,yes,0.5744608640670776,-0.0677,0,0,1
test,chamfered,chamfered_01,chamfered_01_ap-0.10,-0.1,ambiguous,off_centre,-0.1426,data/renders/procedural/chamfered_01_peg_v1.png,data/renders/procedural/chamfered_01_peg_v2.png,data/renders/aperture/chamfered_01_ap-0.10_socket_v1.png,data/renders/aperture/chamfered_01_ap-0.10_socket_v2.png,0.7697272114815125,yes,0.5797616839408875,-0.1915,0,0,1
test,chamfered,chamfered_01,chamfered_01_ap-0.30,-0.3,incompatible,,-0.4258,data/renders/procedural/chamfered_01_peg_v1.png,data/renders/procedural/chamfered_01_peg_v2.png,data/renders/aperture/chamfered_01_ap-0.30_socket_v1.png,data/renders/aperture/chamfered_01_ap-0.30_socket_v2.png,0.7711849881540885,yes,0.5917750000953674,-0.4788,0,0,1
test,chamfered,chamfered_01,chamfered_01_ap-0.60,-0.6,incompatible,,-0.8516,data/renders/procedural/chamfered_01_peg_v1.png,data/renders/procedural/chamfered_01_peg_v2.png,data/renders/aperture/chamfered_01_ap-0.60_socket_v1.png,data/renders/aperture/chamfered_01_ap-0.60_socket_v2.png,0.7739489039920946,yes,0.580732524394989,-0.8671,0,0,1
test,chamfered,chamfered_01,chamfered_01_ap-1.20,-1.2,incompatible,,-1.7031,data/renders/procedural/chamfered_01_peg_v1.png,data/renders/procedural/chamfered_01_peg_v2.png,data/renders/aperture/chamfered_01_ap-1.20_socket_v1.png,data/renders/aperture/chamfered_01_ap-1.20_socket_v2.png,0.7758566769463229,yes,0.609999418258667,-1.7721,0,0,1
test,chamfered,chamfered_02,chamfered_02,0.3,compatible,,0.2874,data/renders/procedural/chamfered_02_peg_v1.png,data/renders/procedural/chamfered_02_peg_v2.png,data/renders/procedural/chamfered_02_socket_v1.png,data/renders/procedural/chamfered_02_socket_v2.png,0.7743043304520366,yes,0.6046878099441528,0.2708,1,0,1
test,chamfered,chamfered_02,chamfered_02_ap+0.10,0.1,compatible,,0.0956,data/renders/procedural/chamfered_02_peg_v1.png,data/renders/procedural/chamfered_02_peg_v2.png,data/renders/aperture/chamfered_02_ap+0.10_socket_v1.png,data/renders/aperture/chamfered_02_ap+0.10_socket_v2.png,0.7659900054993664,yes,0.583501935005188,0.1354,1,0,1
test,chamfered,chamfered_02,chamfered_02_ap+0.00,0.0,ambiguous,boundary,0.0,data/renders/procedural/chamfered_02_peg_v1.png,data/renders/procedural/chamfered_02_peg_v2.png,data/renders/aperture/chamfered_02_ap+0.00_socket_v1.png,data/renders/aperture/chamfered_02_ap+0.00_socket_v2.png,0.7648003897898615,yes,0.5601645708084106,-0.0677,0,0,1
test,chamfered,chamfered_02,chamfered_02_ap-0.10,-0.1,ambiguous,off_centre,-0.1426,data/renders/procedural/chamfered_02_peg_v1.png,data/renders/procedural/chamfered_02_peg_v2.png,data/renders/aperture/chamfered_02_ap-0.10_socket_v1.png,data/renders/aperture/chamfered_02_ap-0.10_socket_v2.png,0.7678121896128027,yes,0.5715886950492859,-0.1915,0,0,1
test,chamfered,chamfered_02,chamfered_02_ap-0.30,-0.3,incompatible,,-0.4258,data/renders/procedural/chamfered_02_peg_v1.png,data/renders/procedural/chamfered_02_peg_v2.png,data/renders/aperture/chamfered_02_ap-0.30_socket_v1.png,data/renders/aperture/chamfered_02_ap-0.30_socket_v2.png,0.7684148642644016,yes,0.5896347761154175,-0.4788,0,0,1
test,chamfered,chamfered_02,chamfered_02_ap-0.60,-0.6,incompatible,,-0.8516,data/renders/procedural/chamfered_02_peg_v1.png,data/renders/procedural/chamfered_02_peg_v2.png,data/renders/aperture/chamfered_02_ap-0.60_socket_v1.png,data/renders/aperture/chamfered_02_ap-0.60_socket_v2.png,0.7706953476574108,yes,0.5804933905601501,-0.8671,0,0,1
test,chamfered,chamfered_02,chamfered_02_ap-1.20,-1.2,incompatible,,-1.7031,data/renders/procedural/chamfered_02_peg_v1.png,data/renders/procedural/chamfered_02_peg_v2.png,data/renders/aperture/chamfered_02_ap-1.20_socket_v1.png,data/renders/aperture/chamfered_02_ap-1.20_socket_v2.png,0.7669293080470577,yes,0.5842294096946716,-1.7721,0,0,1
test,chamfered,chamfered_03,chamfered_03,0.3,compatible,,0.2857,data/renders/procedural/chamfered_03_peg_v1.png,data/renders/procedural/chamfered_03_peg_v2.png,data/renders/procedural/chamfered_03_socket_v1.png,data/renders/procedural/chamfered_03_socket_v2.png,0.7751417605860385,yes,0.5700880289077759,0.2441,1,0,1
test,chamfered,chamfered_03,chamfered_03_ap+0.10,0.1,compatible,,0.0951,data/renders/procedural/chamfered_03_peg_v1.png,data/renders/procedural/chamfered_03_peg_v2.png,data/renders/aperture/chamfered_03_ap+0.10_socket_v1.png,data/renders/aperture/chamfered_03_ap+0.10_socket_v2.png,0.7672931189636738,yes,0.559603214263916,0.0677,1,0,1
test,chamfered,chamfered_03,chamfered_03_ap+0.00,0.0,ambiguous,boundary,0.0,data/renders/procedural/chamfered_03_peg_v1.png,data/renders/procedural/chamfered_03_peg_v2.png,data/renders/aperture/chamfered_03_ap+0.00_socket_v1.png,data/renders/aperture/chamfered_03_ap+0.00_socket_v2.png,0.7690084033613446,yes,0.5608713626861572,0.0677,1,0,1
test,chamfered,chamfered_03,chamfered_03_ap-0.10,-0.1,ambiguous,off_centre,-0.1465,data/renders/procedural/chamfered_03_peg_v1.png,data/renders/procedural/chamfered_03_peg_v2.png,data/renders/aperture/chamfered_03_ap-0.10_socket_v1.png,data/renders/aperture/chamfered_03_ap-0.10_socket_v2.png,0.773434072637786,yes,0.5688418745994568,-0.2141,0,0,1
test,chamfered,chamfered_03,chamfered_03_ap-0.30,-0.3,incompatible,,-0.4404,data/renders/procedural/chamfered_03_peg_v1.png,data/renders/procedural/chamfered_03_peg_v2.png,data/renders/aperture/chamfered_03_ap-0.30_socket_v1.png,data/renders/aperture/chamfered_03_ap-0.30_socket_v2.png,0.7746324623086599,yes,0.5789790749549866,-0.4542,0,0,1
test,chamfered,chamfered_03,chamfered_03_ap-0.60,-0.6,incompatible,,-0.8828,data/renders/procedural/chamfered_03_peg_v1.png,data/renders/procedural/chamfered_03_peg_v2.png,data/renders/aperture/chamfered_03_ap-0.60_socket_v1.png,data/renders/aperture/chamfered_03_ap-0.60_socket_v2.png,0.7832130498984095,yes,0.5966804027557373,-0.9109,0,0,1
test,chamfered,chamfered_03,chamfered_03_ap-1.20,-1.2,incompatible,,-1.7793,data/renders/procedural/chamfered_03_peg_v1.png,data/renders/procedural/chamfered_03_peg_v2.png,data/renders/aperture/chamfered_03_ap-1.20_socket_v1.png,data/renders/aperture/chamfered_03_ap-1.20_socket_v2.png,0.784720564809088,yes,0.617007315158844,-1.8193,0,0,1
test,chamfered,chamfered_04,chamfered_04,0.3,compatible,,0.2867,data/renders/procedural/chamfered_04_peg_v1.png,data/renders/procedural/chamfered_04_peg_v2.png,data/renders/procedural/chamfered_04_socket_v1.png,data/renders/procedural/chamfered_04_socket_v2.png,0.7762782902615771,yes,0.6221397519111633,0.2792,1,0,1
test,chamfered,chamfered_04,chamfered_04_ap+0.10,0.1,compatible,,0.0954,data/renders/procedural/chamfered_04_peg_v1.png,data/renders/procedural/chamfered_04_peg_v2.png,data/renders/aperture/chamfered_04_ap+0.10_socket_v1.png,data/renders/aperture/chamfered_04_ap+0.10_socket_v2.png,0.7769833261366504,yes,0.6283560991287231,0.0958,1,0,1
test,chamfered,chamfered_04,chamfered_04_ap+0.00,0.0,ambiguous,boundary,-0.001,data/renders/procedural/chamfered_04_peg_v1.png,data/renders/procedural/chamfered_04_peg_v2.png,data/renders/aperture/chamfered_04_ap+0.00_socket_v1.png,data/renders/aperture/chamfered_04_ap+0.00_socket_v2.png,0.7785968910448224,yes,0.6369988322257996,0.0677,1,0,1
test,chamfered,chamfered_04,chamfered_04_ap-0.10,-0.1,ambiguous,off_centre,-0.1416,data/renders/procedural/chamfered_04_peg_v1.png,data/renders/procedural/chamfered_04_peg_v2.png,data/renders/aperture/chamfered_04_ap-0.10_socket_v1.png,data/renders/aperture/chamfered_04_ap-0.10_socket_v2.png,0.7737935497886681,yes,0.6220067143440247,-0.1915,0,0,1
test,chamfered,chamfered_04,chamfered_04_ap-0.30,-0.3,incompatible,,-0.4248,data/renders/procedural/chamfered_04_peg_v1.png,data/renders/procedural/chamfered_04_peg_v2.png,data/renders/aperture/chamfered_04_ap-0.30_socket_v1.png,data/renders/aperture/chamfered_04_ap-0.30_socket_v2.png,0.7801321711448223,yes,0.6346225738525391,-0.4335,0,0,1
test,chamfered,chamfered_04,chamfered_04_ap-0.60,-0.6,incompatible,,-0.8496,data/renders/procedural/chamfered_04_peg_v1.png,data/renders/procedural/chamfered_04_peg_v2.png,data/renders/aperture/chamfered_04_ap-0.60_socket_v1.png,data/renders/aperture/chamfered_04_ap-0.60_socket_v2.png,0.7783808600919273,yes,0.6350204944610596,-0.9575,0,0,1
test,chamfered,chamfered_04,chamfered_04_ap-1.20,-1.2,incompatible,,-1.7002,data/renders/procedural/chamfered_04_peg_v1.png,data/renders/procedural/chamfered_04_peg_v2.png,data/renders/aperture/chamfered_04_ap-1.20_socket_v1.png,data/renders/aperture/chamfered_04_ap-1.20_socket_v2.png,0.7718156279472047,yes,0.6204378604888916,-1.7236,0,0,1
test,circle,circle_01,circle_01,0.3,compatible,,0.2999,data/renders/procedural/circle_01_peg_v1.png,data/renders/procedural/circle_01_peg_v2.png,data/renders/procedural/circle_01_socket_v1.png,data/renders/procedural/circle_01_socket_v2.png,0.8265172059594086,yes,0.7580444812774658,0.3385,1,1,1
test,circle,circle_01,circle_01_ap+0.10,0.1,compatible,,0.1,data/renders/procedural/circle_01_peg_v1.png,data/renders/procedural/circle_01_peg_v2.png,data/renders/aperture/circle_01_ap+0.10_socket_v1.png,data/renders/aperture/circle_01_ap+0.10_socket_v2.png,0.8290641105740133,yes,0.7650909423828125,0.1354,1,1,1
test,circle,circle_01,circle_01_ap+0.00,0.0,ambiguous,boundary,-0.001,data/renders/procedural/circle_01_peg_v1.png,data/renders/procedural/circle_01_peg_v2.png,data/renders/aperture/circle_01_ap+0.00_socket_v1.png,data/renders/aperture/circle_01_ap+0.00_socket_v2.png,0.8297882578384002,yes,0.7734938859939575,0.0677,1,1,1
test,circle,circle_01,circle_01_ap-0.10,-0.1,ambiguous,off_centre,-0.1006,data/renders/procedural/circle_01_peg_v1.png,data/renders/procedural/circle_01_peg_v2.png,data/renders/aperture/circle_01_ap-0.10_socket_v1.png,data/renders/aperture/circle_01_ap-0.10_socket_v2.png,0.8277200772038655,yes,0.7707517147064209,-0.1354,0,1,1
test,circle,circle_01,circle_01_ap-0.30,-0.3,incompatible,,-0.3008,data/renders/procedural/circle_01_peg_v1.png,data/renders/procedural/circle_01_peg_v2.png,data/renders/aperture/circle_01_ap-0.30_socket_v1.png,data/renders/aperture/circle_01_ap-0.30_socket_v2.png,0.8297886043704935,yes,0.773504912853241,-0.3385,0,1,1
test,circle,circle_01,circle_01_ap-0.60,-0.6,incompatible,,-0.6006,data/renders/procedural/circle_01_peg_v1.png,data/renders/procedural/circle_01_peg_v2.png,data/renders/aperture/circle_01_ap-0.60_socket_v1.png,data/renders/aperture/circle_01_ap-0.60_socket_v2.png,0.829185460597086,yes,0.7670226693153381,-0.6242,0,1,1
test,circle,circle_01,circle_01_ap-1.20,-1.2,incompatible,,-1.2012,data/renders/procedural/circle_01_peg_v1.png,data/renders/procedural/circle_01_peg_v2.png,data/renders/aperture/circle_01_ap-1.20_socket_v1.png,data/renders/aperture/circle_01_ap-1.20_socket_v2.png,0.8226141441384772,yes,0.7600206732749939,-1.2206,0,1,1
test,circle,circle_02,circle_02,0.3,compatible,,0.2999,data/renders/procedural/circle_02_peg_v1.png,data/renders/procedural/circle_02_peg_v2.png,data/renders/procedural/circle_02_socket_v1.png,data/renders/procedural/circle_02_socket_v2.png,0.8230087282476413,yes,0.7630136013031006,0.3028,1,1,1
test,circle,circle_02,circle_02_ap+0.10,0.1,compatible,,0.1,data/renders/procedural/circle_02_peg_v1.png,data/renders/procedural/circle_02_peg_v2.png,data/renders/aperture/circle_02_ap+0.10_socket_v1.png,data/renders/aperture/circle_02_ap+0.10_socket_v2.png,0.8235516704795633,yes,0.7449846863746643,0.1354,1,1,1
test,circle,circle_02,circle_02_ap+0.00,0.0,ambiguous,boundary,-0.001,data/renders/procedural/circle_02_peg_v1.png,data/renders/procedural/circle_02_peg_v2.png,data/renders/aperture/circle_02_ap+0.00_socket_v1.png,data/renders/aperture/circle_02_ap+0.00_socket_v2.png,0.8264525060901791,yes,0.7569962739944458,0.0677,1,1,1
test,circle,circle_02,circle_02_ap-0.10,-0.1,ambiguous,off_centre,-0.1006,data/renders/procedural/circle_02_peg_v1.png,data/renders/procedural/circle_02_peg_v2.png,data/renders/aperture/circle_02_ap-0.10_socket_v1.png,data/renders/aperture/circle_02_ap-0.10_socket_v2.png,0.8212697779092604,yes,0.7429028749465942,-0.1354,0,1,1
test,circle,circle_02,circle_02_ap-0.30,-0.3,incompatible,,-0.3008,data/renders/procedural/circle_02_peg_v1.png,data/renders/procedural/circle_02_peg_v2.png,data/renders/aperture/circle_02_ap-0.30_socket_v1.png,data/renders/aperture/circle_02_ap-0.30_socket_v2.png,0.8248837483079041,yes,0.7584205269813538,-0.3385,0,1,1
test,circle,circle_02,circle_02_ap-0.60,-0.6,incompatible,,-0.6006,data/renders/procedural/circle_02_peg_v1.png,data/renders/procedural/circle_02_peg_v2.png,data/renders/aperture/circle_02_ap-0.60_socket_v1.png,data/renders/aperture/circle_02_ap-0.60_socket_v2.png,0.8266400888506156,yes,0.7561727166175842,-0.6242,0,1,1
test,circle,circle_02,circle_02_ap-1.20,-1.2,incompatible,,-1.2012,data/renders/procedural/circle_02_peg_v1.png,data/renders/procedural/circle_02_peg_v2.png,data/renders/aperture/circle_02_ap-1.20_socket_v1.png,data/renders/aperture/circle_02_ap-1.20_socket_v2.png,0.8279710363779562,yes,0.7478878498077393,-1.2206,0,1,1
test,circle,circle_03,circle_03,0.3,compatible,,0.2999,data/renders/procedural/circle_03_peg_v1.png,data/renders/procedural/circle_03_peg_v2.png,data/renders/procedural/circle_03_socket_v1.png,data/renders/procedural/circle_03_socket_v2.png,0.8176975100392931,yes,0.7508804202079773,0.3028,1,1,1
test,circle,circle_03,circle_03_ap+0.10,0.1,compatible,,0.1,data/renders/procedural/circle_03_peg_v1.png,data/renders/procedural/circle_03_peg_v2.png,data/renders/aperture/circle_03_ap+0.10_socket_v1.png,data/renders/aperture/circle_03_ap+0.10_socket_v2.png,0.8184117742153886,yes,0.7587498426437378,0.0958,1,1,1
test,circle,circle_03,circle_03_ap+0.00,0.0,ambiguous,boundary,-0.001,data/renders/procedural/circle_03_peg_v1.png,data/renders/procedural/circle_03_peg_v2.png,data/renders/aperture/circle_03_ap+0.00_socket_v1.png,data/renders/aperture/circle_03_ap+0.00_socket_v2.png,0.8153568397172413,yes,0.7487276196479797,0.0677,1,1,1
test,circle,circle_03,circle_03_ap-0.10,-0.1,ambiguous,off_centre,-0.1006,data/renders/procedural/circle_03_peg_v1.png,data/renders/procedural/circle_03_peg_v2.png,data/renders/aperture/circle_03_ap-0.10_socket_v1.png,data/renders/aperture/circle_03_ap-0.10_socket_v2.png,0.8177599085453512,yes,0.7519003748893738,-0.1514,0,1,1
test,circle,circle_03,circle_03_ap-0.30,-0.3,incompatible,,-0.3008,data/renders/procedural/circle_03_peg_v1.png,data/renders/procedural/circle_03_peg_v2.png,data/renders/aperture/circle_03_ap-0.30_socket_v1.png,data/renders/aperture/circle_03_ap-0.30_socket_v2.png,0.8199601330152467,yes,0.7557868957519531,-0.3385,0,1,1
test,circle,circle_03,circle_03_ap-0.60,-0.6,incompatible,,-0.6006,data/renders/procedural/circle_03_peg_v1.png,data/renders/procedural/circle_03_peg_v2.png,data/renders/aperture/circle_03_ap-0.60_socket_v1.png,data/renders/aperture/circle_03_ap-0.60_socket_v2.png,0.8175653245142026,yes,0.7488631010055542,-0.6242,0,1,1
test,circle,circle_03,circle_03_ap-1.20,-1.2,incompatible,,-1.2012,data/renders/procedural/circle_03_peg_v1.png,data/renders/procedural/circle_03_peg_v2.png,data/renders/aperture/circle_03_ap-1.20_socket_v1.png,data/renders/aperture/circle_03_ap-1.20_socket_v2.png,0.8237971003757032,yes,0.7525913119316101,-1.2206,0,1,1
test,circle,circle_04,circle_04,0.3,compatible,,0.2999,data/renders/procedural/circle_04_peg_v1.png,data/renders/procedural/circle_04_peg_v2.png,data/renders/procedural/circle_04_socket_v1.png,data/renders/procedural/circle_04_socket_v2.png,0.8196198082137205,yes,0.7322059273719788,0.3028,1,1,1
test,circle,circle_04,circle_04_ap+0.10,0.1,compatible,,0.1,data/renders/procedural/circle_04_peg_v1.png,data/renders/procedural/circle_04_peg_v2.png,data/renders/aperture/circle_04_ap+0.10_socket_v1.png,data/renders/aperture/circle_04_ap+0.10_socket_v2.png,0.8169465714246201,yes,0.7210260033607483,0.1354,1,1,1
test,circle,circle_04,circle_04_ap+0.00,0.0,ambiguous,boundary,-0.001,data/renders/procedural/circle_04_peg_v1.png,data/renders/procedural/circle_04_peg_v2.png,data/renders/aperture/circle_04_ap+0.00_socket_v1.png,data/renders/aperture/circle_04_ap+0.00_socket_v2.png,0.8163492052196168,yes,0.717830240726471,0.0677,1,1,1
test,circle,circle_04,circle_04_ap-0.10,-0.1,ambiguous,off_centre,-0.1006,data/renders/procedural/circle_04_peg_v1.png,data/renders/procedural/circle_04_peg_v2.png,data/renders/aperture/circle_04_ap-0.10_socket_v1.png,data/renders/aperture/circle_04_ap-0.10_socket_v2.png,0.8168882281287111,yes,0.7248402237892151,-0.1354,0,1,1
test,circle,circle_04,circle_04_ap-0.30,-0.3,incompatible,,-0.3008,data/renders/procedural/circle_04_peg_v1.png,data/renders/procedural/circle_04_peg_v2.png,data/renders/aperture/circle_04_ap-0.30_socket_v1.png,data/renders/aperture/circle_04_ap-0.30_socket_v2.png,0.8165679445840712,yes,0.7206962704658508,-0.3385,0,1,1
test,circle,circle_04,circle_04_ap-0.60,-0.6,incompatible,,-0.6006,data/renders/procedural/circle_04_peg_v1.png,data/renders/procedural/circle_04_peg_v2.png,data/renders/aperture/circle_04_ap-0.60_socket_v1.png,data/renders/aperture/circle_04_ap-0.60_socket_v2.png,0.8167826951468548,yes,0.723458468914032,-0.6388,0,1,1
test,circle,circle_04,circle_04_ap-1.20,-1.2,incompatible,,-1.2012,data/renders/procedural/circle_04_peg_v1.png,data/renders/procedural/circle_04_peg_v2.png,data/renders/aperture/circle_04_ap-1.20_socket_v1.png,data/renders/aperture/circle_04_ap-1.20_socket_v2.png,0.8137068322216734,yes,0.7281100749969482,-1.2206,0,1,1
test,circle,circle_05,circle_05,0.3,compatible,,0.2999,data/renders/procedural/circle_05_peg_v1.png,data/renders/procedural/circle_05_peg_v2.png,data/renders/procedural/circle_05_socket_v1.png,data/renders/procedural/circle_05_socket_v2.png,0.8201351470625885,yes,0.7156367897987366,0.3028,1,1,1
test,circle,circle_05,circle_05_ap+0.10,0.1,compatible,,0.1,data/renders/procedural/circle_05_peg_v1.png,data/renders/procedural/circle_05_peg_v2.png,data/renders/aperture/circle_05_ap+0.10_socket_v1.png,data/renders/aperture/circle_05_ap+0.10_socket_v2.png,0.8161261324447184,yes,0.7148977518081665,0.0958,1,1,1
test,circle,circle_05,circle_05_ap+0.00,0.0,ambiguous,boundary,-0.001,data/renders/procedural/circle_05_peg_v1.png,data/renders/procedural/circle_05_peg_v2.png,data/renders/aperture/circle_05_ap+0.00_socket_v1.png,data/renders/aperture/circle_05_ap+0.00_socket_v2.png,0.8111564167249391,yes,0.7077621817588806,0.0677,1,1,1
test,circle,circle_05,circle_05_ap-0.10,-0.1,ambiguous,off_centre,-0.1006,data/renders/procedural/circle_05_peg_v1.png,data/renders/procedural/circle_05_peg_v2.png,data/renders/aperture/circle_05_ap-0.10_socket_v1.png,data/renders/aperture/circle_05_ap-0.10_socket_v2.png,0.8132982026956946,yes,0.706821620464325,-0.1514,0,1,1
test,circle,circle_05,circle_05_ap-0.30,-0.3,incompatible,,-0.3008,data/renders/procedural/circle_05_peg_v1.png,data/renders/procedural/circle_05_peg_v2.png,data/renders/aperture/circle_05_ap-0.30_socket_v1.png,data/renders/aperture/circle_05_ap-0.30_socket_v2.png,0.8167373220990621,yes,0.7181586027145386,-0.3385,0,1,1
test,circle,circle_05,circle_05_ap-0.60,-0.6,incompatible,,-0.6006,data/renders/procedural/circle_05_peg_v1.png,data/renders/procedural/circle_05_peg_v2.png,data/renders/aperture/circle_05_ap-0.60_socket_v1.png,data/renders/aperture/circle_05_ap-0.60_socket_v2.png,0.8181744129361277,yes,0.7180925607681274,-0.6242,0,1,1
test,circle,circle_05,circle_05_ap-1.20,-1.2,incompatible,,-1.2012,data/renders/procedural/circle_05_peg_v1.png,data/renders/procedural/circle_05_peg_v2.png,data/renders/aperture/circle_05_ap-1.20_socket_v1.png,data/renders/aperture/circle_05_ap-1.20_socket_v2.png,0.8164603097134898,yes,0.719253659248352,-1.243,0,1,1
test,double_d,double_d_01,double_d_01,0.3,compatible,,0.2999,data/renders/procedural/double_d_01_peg_v1.png,data/renders/procedural/double_d_01_peg_v2.png,data/renders/procedural/double_d_01_socket_v1.png,data/renders/procedural/double_d_01_socket_v2.png,0.7980983998370019,yes,0.6474739909172058,0.3028,1,1,1
test,double_d,double_d_01,double_d_01_ap+0.10,0.1,compatible,,0.1,data/renders/procedural/double_d_01_peg_v1.png,data/renders/procedural/double_d_01_peg_v2.png,data/renders/aperture/double_d_01_ap+0.10_socket_v1.png,data/renders/aperture/double_d_01_ap+0.10_socket_v2.png,0.8010238118107735,yes,0.6536232233047485,0.0958,1,1,1
test,double_d,double_d_01,double_d_01_ap+0.00,0.0,ambiguous,boundary,-0.001,data/renders/procedural/double_d_01_peg_v1.png,data/renders/procedural/double_d_01_peg_v2.png,data/renders/aperture/double_d_01_ap+0.00_socket_v1.png,data/renders/aperture/double_d_01_ap+0.00_socket_v2.png,0.8039094729479426,yes,0.6597122550010681,0.0677,1,1,1
test,double_d,double_d_01,double_d_01_ap-0.10,-0.1,ambiguous,off_centre,-0.1074,data/renders/procedural/double_d_01_peg_v1.png,data/renders/procedural/double_d_01_peg_v2.png,data/renders/aperture/double_d_01_ap-0.10_socket_v1.png,data/renders/aperture/double_d_01_ap-0.10_socket_v2.png,0.8081547893035191,yes,0.663219153881073,-0.1514,0,1,1
test,double_d,double_d_01,double_d_01_ap-0.30,-0.3,incompatible,,-0.3203,data/renders/procedural/double_d_01_peg_v1.png,data/renders/procedural/double_d_01_peg_v2.png,data/renders/aperture/double_d_01_ap-0.30_socket_v1.png,data/renders/aperture/double_d_01_ap-0.30_socket_v2.png,0.8032637785539627,yes,0.6591830849647522,-0.3452,0,1,1
test,double_d,double_d_01,double_d_01_ap-0.60,-0.6,incompatible,,-0.6436,data/renders/procedural/double_d_01_peg_v1.png,data/renders/procedural/double_d_01_peg_v2.png,data/renders/aperture/double_d_01_ap-0.60_socket_v1.png,data/renders/aperture/double_d_01_ap-0.60_socket_v2.png,0.8030517142868953,yes,0.6571707725524902,-0.6423,0,1,1
test,double_d,double_d_01,double_d_01_ap-1.20,-1.2,incompatible,,-1.291,data/renders/procedural/double_d_01_peg_v1.png,data/renders/procedural/double_d_01_peg_v2.png,data/renders/aperture/double_d_01_ap-1.20_socket_v1.png,data/renders/aperture/double_d_01_ap-1.20_socket_v2.png,0.7996976936321514,yes,0.6468873023986816,-1.2847,0,1,1
test,double_d,double_d_02,double_d_02,0.3,compatible,,0.2999,data/renders/procedural/double_d_02_peg_v1.png,data/renders/procedural/double_d_02_peg_v2.png,data/renders/procedural/double_d_02_socket_v1.png,data/renders/procedural/double_d_02_socket_v2.png,0.8061341640616881,yes,0.6652032732963562,0.3028,1,1,1
test,double_d,double_d_02,double_d_02_ap+0.10,0.1,compatible,,0.1,data/renders/procedural/double_d_02_peg_v1.png,data/renders/procedural/double_d_02_peg_v2.png,data/renders/aperture/double_d_02_ap+0.10_socket_v1.png,data/renders/aperture/double_d_02_ap+0.10_socket_v2.png,0.7932338314456225,yes,0.6453985571861267,0.1354,1,1,1
test,double_d,double_d_02,double_d_02_ap+0.00,0.0,ambiguous,boundary,-0.001,data/renders/procedural/double_d_02_peg_v1.png,data/renders/procedural/double_d_02_peg_v2.png,data/renders/aperture/double_d_02_ap+0.00_socket_v1.png,data/renders/aperture/double_d_02_ap+0.00_socket_v2.png,0.7991409576549511,yes,0.6576185822486877,0.0677,1,1,1
test,double_d,double_d_02,double_d_02_ap-0.10,-0.1,ambiguous,off_centre,-0.1162,data/renders/procedural/double_d_02_peg_v1.png,data/renders/procedural/double_d_02_peg_v2.png,data/renders/aperture/double_d_02_ap-0.10_socket_v1.png,data/renders/aperture/double_d_02_ap-0.10_socket_v2.png,0.7978463453697626,yes,0.6510568857192993,-0.1514,0,1,1
test,double_d,double_d_02,double_d_02_ap-0.30,-0.3,incompatible,,-0.3477,data/renders/procedural/double_d_02_peg_v1.png,data/renders/procedural/double_d_02_peg_v2.png,data/renders/aperture/double_d_02_ap-0.30_socket_v1.png,data/renders/aperture/double_d_02_ap-0.30_socket_v2.png,0.7938706610423432,yes,0.6514472365379333,-0.3385,0,1,1
test,double_d,double_d_02,double_d_02_ap-0.60,-0.6,incompatible,,-0.6982,data/renders/procedural/double_d_02_peg_v1.png,data/renders/procedural/double_d_02_peg_v2.png,data/renders/aperture/double_d_02_ap-0.60_socket_v1.png,data/renders/aperture/double_d_02_ap-0.60_socket_v2.png,0.794532743686884,yes,0.6519825458526611,-0.6971,0,1,1
test,double_d,double_d_02,double_d_02_ap-1.20,-1.2,incompatible,,-1.4062,data/renders/procedural/double_d_02_peg_v1.png,data/renders/procedural/double_d_02_peg_v2.png,data/renders/aperture/double_d_02_ap-1.20_socket_v1.png,data/renders/aperture/double_d_02_ap-1.20_socket_v2.png,0.7967122840629922,yes,0.6821507215499878,-1.4283,0,1,1
test,double_d,double_d_03,double_d_03,0.3,compatible,,0.2999,data/renders/procedural/double_d_03_peg_v1.png,data/renders/procedural/double_d_03_peg_v2.png,data/renders/procedural/double_d_03_socket_v1.png,data/renders/procedural/double_d_03_socket_v2.png,0.7967313688338417,yes,0.6114541292190552,0.3028,1,1,1
test,double_d,double_d_03,double_d_03_ap+0.10,0.1,compatible,,0.1,data/renders/procedural/double_d_03_peg_v1.png,data/renders/procedural/double_d_03_peg_v2.png,data/renders/aperture/double_d_03_ap+0.10_socket_v1.png,data/renders/aperture/double_d_03_ap+0.10_socket_v2.png,0.8014135961358729,yes,0.5990884304046631,0.1354,1,1,1
test,double_d,double_d_03,double_d_03_ap+0.00,0.0,ambiguous,boundary,-0.001,data/renders/procedural/double_d_03_peg_v1.png,data/renders/procedural/double_d_03_peg_v2.png,data/renders/aperture/double_d_03_ap+0.00_socket_v1.png,data/renders/aperture/double_d_03_ap+0.00_socket_v2.png,0.7966856414867515,yes,0.5978708863258362,0.0677,1,1,1
test,double_d,double_d_03,double_d_03_ap-0.10,-0.1,ambiguous,off_centre,-0.1094,data/renders/procedural/double_d_03_peg_v1.png,data/renders/procedural/double_d_03_peg_v2.png,data/renders/aperture/double_d_03_ap-0.10_socket_v1.png,data/renders/aperture/double_d_03_ap-0.10_socket_v2.png,0.8000587845927302,yes,0.6073235869407654,-0.1354,0,1,1
test,double_d,double_d_03,double_d_03_ap-0.30,-0.3,incompatible,,-0.3271,data/renders/procedural/double_d_03_peg_v1.png,data/renders/procedural/double_d_03_peg_v2.png,data/renders/aperture/double_d_03_ap-0.30_socket_v1.png,data/renders/aperture/double_d_03_ap-0.30_socket_v2.png,0.7912680365549762,yes,0.5673900842666626,-0.3452,0,1,1
test,double_d,double_d_03,double_d_03_ap-0.60,-0.6,incompatible,,-0.6533,data/renders/procedural/double_d_03_peg_v1.png,data/renders/procedural/double_d_03_peg_v2.png,data/renders/aperture/double_d_03_ap-0.60_socket_v1.png,data/renders/aperture/double_d_03_ap-0.60_socket_v2.png,0.7998692600965825,yes,0.5810851454734802,-0.6423,0,1,1
test,double_d,double_d_03,double_d_03_ap-1.20,-1.2,incompatible,,-1.3105,data/renders/procedural/double_d_03_peg_v1.png,data/renders/procedural/double_d_03_peg_v2.png,data/renders/aperture/double_d_03_ap-1.20_socket_v1.png,data/renders/aperture/double_d_03_ap-1.20_socket_v2.png,0.7981555879855707,yes,0.6035988330841064,-1.3077,0,1,1
calib,ell,ell_01,ell_01,0.3,compatible,,0.2346,data/renders/procedural/ell_01_peg_v1.png,data/renders/procedural/ell_01_peg_v2.png,data/renders/procedural/ell_01_socket_v1.png,data/renders/procedural/ell_01_socket_v2.png,0.7811665399069078,yes,0.4823830723762512,0.2708,1,0,1
calib,ell,ell_01,ell_01_ap+0.10,0.1,compatible,,0.0776,data/renders/procedural/ell_01_peg_v1.png,data/renders/procedural/ell_01_peg_v2.png,data/renders/aperture/ell_01_ap+0.10_socket_v1.png,data/renders/aperture/ell_01_ap+0.10_socket_v2.png,0.7849113708919369,yes,0.5074292421340942,0.0677,1,0,1
calib,ell,ell_01,ell_01_ap+0.00,0.0,ambiguous,boundary,-0.001,data/renders/procedural/ell_01_peg_v1.png,data/renders/procedural/ell_01_peg_v2.png,data/renders/aperture/ell_01_ap+0.00_socket_v1.png,data/renders/aperture/ell_01_ap+0.00_socket_v2.png,0.7828202336876472,yes,0.4862931966781616,0.0677,1,0,1
calib,ell,ell_01,ell_01_ap-0.10,-0.1,ambiguous,off_centre,-0.165,data/renders/procedural/ell_01_peg_v1.png,data/renders/procedural/ell_01_peg_v2.png,data/renders/aperture/ell_01_ap-0.10_socket_v1.png,data/renders/aperture/ell_01_ap-0.10_socket_v2.png,0.7845104987590317,yes,0.4815748333930969,-0.1915,0,0,1
calib,ell,ell_01,ell_01_ap-0.30,-0.3,incompatible,,-0.4941,data/renders/procedural/ell_01_peg_v1.png,data/renders/procedural/ell_01_peg_v2.png,data/renders/aperture/ell_01_ap-0.30_socket_v1.png,data/renders/aperture/ell_01_ap-0.30_socket_v2.png,0.7811692157073439,yes,0.4823819696903229,-0.4788,0,0,1
calib,ell,ell_01,ell_01_ap-0.60,-0.6,incompatible,,-0.9912,data/renders/procedural/ell_01_peg_v1.png,data/renders/procedural/ell_01_peg_v2.png,data/renders/aperture/ell_01_ap-0.60_socket_v1.png,data/renders/aperture/ell_01_ap-0.60_socket_v2.png,0.7788494122228292,yes,0.46940866112709045,-0.9109,0,0,1
calib,ell,ell_01,ell_01_ap-1.20,-1.2,incompatible,,-1.998,data/renders/procedural/ell_01_peg_v1.png,data/renders/procedural/ell_01_peg_v2.png,data/renders/aperture/ell_01_ap-1.20_socket_v1.png,data/renders/aperture/ell_01_ap-1.20_socket_v2.png,0.7893545855594294,yes,0.5214367508888245,-1.9635,0,1,1
calib,ell,ell_02,ell_02,0.3,compatible,,0.2346,data/renders/procedural/ell_02_peg_v1.png,data/renders/procedural/ell_02_peg_v2.png,data/renders/procedural/ell_02_socket_v1.png,data/renders/procedural/ell_02_socket_v2.png,0.766450453501677,yes,0.4816615581512451,0.2708,1,0,1
calib,ell,ell_02,ell_02_ap+0.10,0.1,compatible,,0.0776,data/renders/procedural/ell_02_peg_v1.png,data/renders/procedural/ell_02_peg_v2.png,data/renders/aperture/ell_02_ap+0.10_socket_v1.png,data/renders/aperture/ell_02_ap+0.10_socket_v2.png,0.7692361676484797,yes,0.4834073781967163,0.0677,1,0,1
calib,ell,ell_02,ell_02_ap+0.00,0.0,ambiguous,boundary,-0.001,data/renders/procedural/ell_02_peg_v1.png,data/renders/procedural/ell_02_peg_v2.png,data/renders/aperture/ell_02_ap+0.00_socket_v1.png,data/renders/aperture/ell_02_ap+0.00_socket_v2.png,0.7685867330378893,yes,0.471757709980011,0.0677,1,0,1
calib,ell,ell_02,ell_02_ap-0.10,-0.1,ambiguous,off_centre,-0.165,data/renders/procedural/ell_02_peg_v1.png,data/renders/procedural/ell_02_peg_v2.png,data/renders/aperture/ell_02_ap-0.10_socket_v1.png,data/renders/aperture/ell_02_ap-0.10_socket_v2.png,0.7693147497165974,yes,0.4693695902824402,-0.1915,0,0,1
calib,ell,ell_02,ell_02_ap-0.30,-0.3,incompatible,,-0.4941,data/renders/procedural/ell_02_peg_v1.png,data/renders/procedural/ell_02_peg_v2.png,data/renders/aperture/ell_02_ap-0.30_socket_v1.png,data/renders/aperture/ell_02_ap-0.30_socket_v2.png,0.7615079646950756,yes,0.4589086174964905,-0.4788,0,0,1
calib,ell,ell_02,ell_02_ap-0.60,-0.6,incompatible,,-0.9912,data/renders/procedural/ell_02_peg_v1.png,data/renders/procedural/ell_02_peg_v2.png,data/renders/aperture/ell_02_ap-0.60_socket_v1.png,data/renders/aperture/ell_02_ap-0.60_socket_v2.png,0.7682974499284615,yes,0.4772133529186249,-0.9109,0,0,1
calib,ell,ell_02,ell_02_ap-1.20,-1.2,incompatible,,-1.998,data/renders/procedural/ell_02_peg_v1.png,data/renders/procedural/ell_02_peg_v2.png,data/renders/aperture/ell_02_ap-1.20_socket_v1.png,data/renders/aperture/ell_02_ap-1.20_socket_v2.png,0.7557147902712789,yes,0.4354887008666992,-1.9635,0,0,1
calib,ell,ell_03,ell_03,0.3,compatible,,0.2417,data/renders/procedural/ell_03_peg_v1.png,data/renders/procedural/ell_03_peg_v2.png,data/renders/procedural/ell_03_socket_v1.png,data/renders/procedural/ell_03_socket_v2.png,0.7910442139527182,yes,0.5843847990036011,0.2708,1,1,1
calib,ell,ell_03,ell_03_ap+0.10,0.1,compatible,,0.08,data/renders/procedural/ell_03_peg_v1.png,data/renders/procedural/ell_03_peg_v2.png,data/renders/aperture/ell_03_ap+0.10_socket_v1.png,data/renders/aperture/ell_03_ap+0.10_socket_v2.png,0.7870039873201902,yes,0.5790425539016724,0.0677,1,0,1
calib,ell,ell_03,ell_03_ap+0.00,0.0,ambiguous,boundary,0.0,data/renders/procedural/ell_03_peg_v1.png,data/renders/procedural/ell_03_peg_v2.png,data/renders/aperture/ell_03_ap+0.00_socket_v1.png,data/renders/aperture/ell_03_ap+0.00_socket_v2.png,0.7874983407798958,yes,0.5572812557220459,0.0677,1,0,1
calib,ell,ell_03,ell_03_ap-0.10,-0.1,ambiguous,off_centre,-0.1621,data/renders/procedural/ell_03_peg_v1.png,data/renders/procedural/ell_03_peg_v2.png,data/renders/aperture/ell_03_ap-0.10_socket_v1.png,data/renders/aperture/ell_03_ap-0.10_socket_v2.png,0.7892759032090305,yes,0.5534334182739258,-0.2441,0,1,1
calib,ell,ell_03,ell_03_ap-0.30,-0.3,incompatible,,-0.4873,data/renders/procedural/ell_03_peg_v1.png,data/renders/procedural/ell_03_peg_v2.png,data/renders/aperture/ell_03_ap-0.30_socket_v1.png,data/renders/aperture/ell_03_ap-0.30_socket_v2.png,0.787274734909959,yes,0.5390002727508545,-0.5288,0,0,1
calib,ell,ell_03,ell_03_ap-0.60,-0.6,incompatible,,-0.9766,data/renders/procedural/ell_03_peg_v1.png,data/renders/procedural/ell_03_peg_v2.png,data/renders/aperture/ell_03_ap-0.60_socket_v1.png,data/renders/aperture/ell_03_ap-0.60_socket_v2.png,0.7928975630196236,yes,0.5455203056335449,-1.0066,0,1,1
calib,ell,ell_03,ell_03_ap-1.20,-1.2,incompatible,,-1.9688,data/renders/procedural/ell_03_peg_v1.png,data/renders/procedural/ell_03_peg_v2.png,data/renders/aperture/ell_03_ap-1.20_socket_v1.png,data/renders/aperture/ell_03_ap-1.20_socket_v2.png,0.7979171154897927,yes,0.556892991065979,-1.9635,0,1,1
calib,ell,ell_04,ell_04,0.3,compatible,,0.2417,data/renders/procedural/ell_04_peg_v1.png,data/renders/procedural/ell_04_peg_v2.png,data/renders/procedural/ell_04_socket_v1.png,data/renders/procedural/ell_04_socket_v2.png,0.7753299941360045,yes,0.5333912372589111,0.2708,1,0,1
calib,ell,ell_04,ell_04_ap+0.10,0.1,compatible,,0.08,data/renders/procedural/ell_04_peg_v1.png,data/renders/procedural/ell_04_peg_v2.png,data/renders/aperture/ell_04_ap+0.10_socket_v1.png,data/renders/aperture/ell_04_ap+0.10_socket_v2.png,0.7719366561294129,yes,0.5179494023323059,0.0677,1,0,1
calib,ell,ell_04,ell_04_ap+0.00,0.0,ambiguous,boundary,0.0,data/renders/procedural/ell_04_peg_v1.png,data/renders/procedural/ell_04_peg_v2.png,data/renders/aperture/ell_04_ap+0.00_socket_v1.png,data/renders/aperture/ell_04_ap+0.00_socket_v2.png,0.7728426698587504,yes,0.5158894658088684,0.0677,1,0,1
calib,ell,ell_04,ell_04_ap-0.10,-0.1,ambiguous,off_centre,-0.1621,data/renders/procedural/ell_04_peg_v1.png,data/renders/procedural/ell_04_peg_v2.png,data/renders/aperture/ell_04_ap-0.10_socket_v1.png,data/renders/aperture/ell_04_ap-0.10_socket_v2.png,0.7713534200917471,yes,0.5228087306022644,-0.2441,0,0,1
calib,ell,ell_04,ell_04_ap-0.30,-0.3,incompatible,,-0.4873,data/renders/procedural/ell_04_peg_v1.png,data/renders/procedural/ell_04_peg_v2.png,data/renders/aperture/ell_04_ap-0.30_socket_v1.png,data/renders/aperture/ell_04_ap-0.30_socket_v2.png,0.7720014523462903,yes,0.5099374651908875,-0.5288,0,0,1
calib,ell,ell_04,ell_04_ap-0.60,-0.6,incompatible,,-0.9766,data/renders/procedural/ell_04_peg_v1.png,data/renders/procedural/ell_04_peg_v2.png,data/renders/aperture/ell_04_ap-0.60_socket_v1.png,data/renders/aperture/ell_04_ap-0.60_socket_v2.png,0.7770344317330745,yes,0.5105785727500916,-1.0066,0,0,1
calib,ell,ell_04,ell_04_ap-1.20,-1.2,incompatible,,-1.9688,data/renders/procedural/ell_04_peg_v1.png,data/renders/procedural/ell_04_peg_v2.png,data/renders/aperture/ell_04_ap-1.20_socket_v1.png,data/renders/aperture/ell_04_ap-1.20_socket_v2.png,0.7819369625030473,yes,0.5192803740501404,-1.9635,0,0,1
calib,ell,ell_05,ell_05,0.3,compatible,,0.2221,data/renders/procedural/ell_05_peg_v1.png,data/renders/procedural/ell_05_peg_v2.png,data/renders/procedural/ell_05_socket_v1.png,data/renders/procedural/ell_05_socket_v2.png,0.7728156210906908,yes,0.43060192465782166,0.2708,1,0,1
calib,ell,ell_05,ell_05_ap+0.10,0.1,compatible,,0.0733,data/renders/procedural/ell_05_peg_v1.png,data/renders/procedural/ell_05_peg_v2.png,data/renders/aperture/ell_05_ap+0.10_socket_v1.png,data/renders/aperture/ell_05_ap+0.10_socket_v2.png,0.7604792293212,yes,0.3794536292552948,0.0677,1,0,1
calib,ell,ell_05,ell_05_ap+0.00,0.0,ambiguous,boundary,0.0,data/renders/procedural/ell_05_peg_v1.png,data/renders/procedural/ell_05_peg_v2.png,data/renders/aperture/ell_05_ap+0.00_socket_v1.png,data/renders/aperture/ell_05_ap+0.00_socket_v2.png,0.7601267143312977,yes,0.3881654143333435,0.0677,1,0,1
calib,ell,ell_05,ell_05_ap-0.10,-0.1,ambiguous,off_centre,-0.1689,data/renders/procedural/ell_05_peg_v1.png,data/renders/procedural/ell_05_peg_v2.png,data/renders/aperture/ell_05_ap-0.10_socket_v1.png,data/renders/aperture/ell_05_ap-0.10_socket_v2.png,0.7585259049522015,yes,0.37848198413848877,-0.2873,0,0,1
calib,ell,ell_05,ell_05_ap-0.30,-0.3,incompatible,,-0.5078,data/renders/procedural/ell_05_peg_v1.png,data/renders/procedural/ell_05_peg_v2.png,data/renders/aperture/ell_05_ap-0.30_socket_v1.png,data/renders/aperture/ell_05_ap-0.30_socket_v2.png,0.7552678685268535,yes,0.37980082631111145,-0.6242,0,0,1
calib,ell,ell_05,ell_05_ap-0.60,-0.6,incompatible,,-1.0205,data/renders/procedural/ell_05_peg_v1.png,data/renders/procedural/ell_05_peg_v2.png,data/renders/aperture/ell_05_ap-0.60_socket_v1.png,data/renders/aperture/ell_05_ap-0.60_socket_v2.png,0.7505970450929951,yes,0.3862327039241791,-1.149,0,0,1
calib,ell,ell_05,ell_05_ap-1.20,-1.2,incompatible,,-2.0,data/renders/procedural/ell_05_peg_v1.png,data/renders/procedural/ell_05_peg_v2.png,data/renders/aperture/ell_05_ap-1.20_socket_v1.png,data/renders/aperture/ell_05_ap-1.20_socket_v2.png,0.7712566612035435,yes,0.41484853625297546,-2.1066,0,0,1
calib,ell,ell_06,ell_06,0.3,compatible,,0.2221,data/renders/procedural/ell_06_peg_v1.png,data/renders/procedural/ell_06_peg_v2.png,data/renders/procedural/ell_06_socket_v1.png,data/renders/procedural/ell_06_socket_v2.png,0.7637448532080334,yes,0.4372149407863617,0.2708,1,0,1
calib,ell,ell_06,ell_06_ap+0.10,0.1,compatible,,0.0733,data/renders/procedural/ell_06_peg_v1.png,data/renders/procedural/ell_06_peg_v2.png,data/renders/aperture/ell_06_ap+0.10_socket_v1.png,data/renders/aperture/ell_06_ap+0.10_socket_v2.png,0.7665513607423917,yes,0.4388311803340912,0.0677,1,0,1
calib,ell,ell_06,ell_06_ap+0.00,0.0,ambiguous,boundary,0.0,data/renders/procedural/ell_06_peg_v1.png,data/renders/procedural/ell_06_peg_v2.png,data/renders/aperture/ell_06_ap+0.00_socket_v1.png,data/renders/aperture/ell_06_ap+0.00_socket_v2.png,0.7633516663777852,yes,0.43114957213401794,0.0677,1,0,1
calib,ell,ell_06,ell_06_ap-0.10,-0.1,ambiguous,off_centre,-0.1689,data/renders/procedural/ell_06_peg_v1.png,data/renders/procedural/ell_06_peg_v2.png,data/renders/aperture/ell_06_ap-0.10_socket_v1.png,data/renders/aperture/ell_06_ap-0.10_socket_v2.png,0.7611307573967102,yes,0.4211314618587494,-0.2873,0,0,1
calib,ell,ell_06,ell_06_ap-0.30,-0.3,incompatible,,-0.5078,data/renders/procedural/ell_06_peg_v1.png,data/renders/procedural/ell_06_peg_v2.png,data/renders/aperture/ell_06_ap-0.30_socket_v1.png,data/renders/aperture/ell_06_ap-0.30_socket_v2.png,0.7574997540631154,yes,0.40446943044662476,-0.6242,0,0,1
calib,ell,ell_06,ell_06_ap-0.60,-0.6,incompatible,,-1.0205,data/renders/procedural/ell_06_peg_v1.png,data/renders/procedural/ell_06_peg_v2.png,data/renders/aperture/ell_06_ap-0.60_socket_v1.png,data/renders/aperture/ell_06_ap-0.60_socket_v2.png,0.7550388659714464,yes,0.39437586069107056,-1.149,0,0,1
calib,ell,ell_06,ell_06_ap-1.20,-1.2,incompatible,,-2.0,data/renders/procedural/ell_06_peg_v1.png,data/renders/procedural/ell_06_peg_v2.png,data/renders/aperture/ell_06_ap-1.20_socket_v1.png,data/renders/aperture/ell_06_ap-1.20_socket_v2.png,0.7718920352335037,yes,0.4594368636608124,-2.1066,0,0,1
calib,gear,gear_01,gear_01,0.3,compatible,,0.2999,data/renders/procedural/gear_01_peg_v1.png,data/renders/procedural/gear_01_peg_v2.png,data/renders/procedural/gear_01_socket_v1.png,data/renders/procedural/gear_01_socket_v2.png,0.8091336998059213,yes,0.5230876207351685,0.3028,1,1,1
calib,gear,gear_01,gear_01_ap+0.10,0.1,compatible,,0.1,data/renders/procedural/gear_01_peg_v1.png,data/renders/procedural/gear_01_peg_v2.png,data/renders/aperture/gear_01_ap+0.10_socket_v1.png,data/renders/aperture/gear_01_ap+0.10_socket_v2.png,0.8065312246296894,yes,0.5098329782485962,0.0958,1,1,1
calib,gear,gear_01,gear_01_ap+0.00,0.0,ambiguous,boundary,-0.001,data/renders/procedural/gear_01_peg_v1.png,data/renders/procedural/gear_01_peg_v2.png,data/renders/aperture/gear_01_ap+0.00_socket_v1.png,data/renders/aperture/gear_01_ap+0.00_socket_v2.png,0.7986906424044284,yes,0.48135659098625183,-0.0677,0,1,1
calib,gear,gear_01,gear_01_ap-0.10,-0.1,ambiguous,off_centre,-0.124,data/renders/procedural/gear_01_peg_v1.png,data/renders/procedural/gear_01_peg_v2.png,data/renders/aperture/gear_01_ap-0.10_socket_v1.png,data/renders/aperture/gear_01_ap-0.10_socket_v2.png,0.7975367924619958,yes,0.48064854741096497,-0.1514,0,1,1
calib,gear,gear_01,gear_01_ap-0.30,-0.3,incompatible,,-0.3711,data/renders/procedural/gear_01_peg_v1.png,data/renders/procedural/gear_01_peg_v2.png,data/renders/aperture/gear_01_ap-0.30_socket_v1.png,data/renders/aperture/gear_01_ap-0.30_socket_v2.png,0.8033647384061215,yes,0.5019811391830444,-0.4062,0,1,1
calib,gear,gear_01,gear_01_ap-0.60,-0.6,incompatible,,-0.7422,data/renders/procedural/gear_01_peg_v1.png,data/renders/procedural/gear_01_peg_v2.png,data/renders/aperture/gear_01_ap-0.60_socket_v1.png,data/renders/aperture/gear_01_ap-0.60_socket_v2.png,0.8033650874106308,yes,0.5019774436950684,-0.772,0,1,1
calib,gear,gear_01,gear_01_ap-1.20,-1.2,incompatible,,-1.4834,data/renders/procedural/gear_01_peg_v1.png,data/renders/procedural/gear_01_peg_v2.png,data/renders/aperture/gear_01_ap-1.20_socket_v1.png,data/renders/aperture/gear_01_ap-1.20_socket_v2.png,0.810682011186036,yes,0.5467677116394043,-1.4957,0,1,1
calib,gear,gear_02,gear_02,0.3,compatible,,0.2999,data/renders/procedural/gear_02_peg_v1.png,data/renders/procedural/gear_02_peg_v2.png,data/renders/procedural/gear_02_socket_v1.png,data/renders/procedural/gear_02_socket_v2.png,0.7806662825674662,yes,0.3955913782119751,0.3028,1,0,1
calib,gear,gear_02,gear_02_ap+0.10,0.1,compatible,,0.1,data/renders/procedural/gear_02_peg_v1.png,data/renders/procedural/gear_02_peg_v2.png,data/renders/aperture/gear_02_ap+0.10_socket_v1.png,data/renders/aperture/gear_02_ap+0.10_socket_v2.png,0.7792115475708157,yes,0.4039549231529236,0.1354,1,0,1
calib,gear,gear_02,gear_02_ap+0.00,0.0,ambiguous,boundary,-0.001,data/renders/procedural/gear_02_peg_v1.png,data/renders/procedural/gear_02_peg_v2.png,data/renders/aperture/gear_02_ap+0.00_socket_v1.png,data/renders/aperture/gear_02_ap+0.00_socket_v2.png,0.7825029607047383,yes,0.4178265333175659,0.0677,1,0,1
calib,gear,gear_02,gear_02_ap-0.10,-0.1,ambiguous,off_centre,-0.127,data/renders/procedural/gear_02_peg_v1.png,data/renders/procedural/gear_02_peg_v2.png,data/renders/aperture/gear_02_ap-0.10_socket_v1.png,data/renders/aperture/gear_02_ap-0.10_socket_v2.png,0.7794296737229066,yes,0.41314950585365295,-0.1354,0,0,1
calib,gear,gear_02,gear_02_ap-0.30,-0.3,incompatible,,-0.3799,data/renders/procedural/gear_02_peg_v1.png,data/renders/procedural/gear_02_peg_v2.png,data/renders/aperture/gear_02_ap-0.30_socket_v1.png,data/renders/aperture/gear_02_ap-0.30_socket_v2.png,0.7802994684490997,yes,0.407550185918808,-0.4062,0,0,1
calib,gear,gear_02,gear_02_ap-0.60,-0.6,incompatible,,-0.7588,data/renders/procedural/gear_02_peg_v1.png,data/renders/procedural/gear_02_peg_v2.png,data/renders/aperture/gear_02_ap-0.60_socket_v1.png,data/renders/aperture/gear_02_ap-0.60_socket_v2.png,0.7935428440940784,yes,0.45731446146965027,-0.8153,0,1,1
calib,gear,gear_02,gear_02_ap-1.20,-1.2,incompatible,,-1.5176,data/renders/procedural/gear_02_peg_v1.png,data/renders/procedural/gear_02_peg_v2.png,data/renders/aperture/gear_02_ap-1.20_socket_v1.png,data/renders/aperture/gear_02_ap-1.20_socket_v2.png,0.8083967731000705,yes,0.5368608832359314,-1.5632,0,1,1
calib,gear,gear_03,gear_03,0.3,compatible,,0.2999,data/renders/procedural/gear_03_peg_v1.png,data/renders/procedural/gear_03_peg_v2.png,data/renders/procedural/gear_03_socket_v1.png,data/renders/procedural/gear_03_socket_v2.png,0.7707205977970187,yes,0.42046812176704407,0.2441,1,0,1
calib,gear,gear_03,gear_03_ap+0.10,0.1,compatible,,0.1,data/renders/procedural/gear_03_peg_v1.png,data/renders/procedural/gear_03_peg_v2.png,data/renders/aperture/gear_03_ap+0.10_socket_v1.png,data/renders/aperture/gear_03_ap+0.10_socket_v2.png,0.7729645582983293,yes,0.4571079909801483,0.1354,1,0,1
calib,gear,gear_03,gear_03_ap+0.00,0.0,ambiguous,boundary,-0.001,data/renders/procedural/gear_03_peg_v1.png,data/renders/procedural/gear_03_peg_v2.png,data/renders/aperture/gear_03_ap+0.00_socket_v1.png,data/renders/aperture/gear_03_ap+0.00_socket_v2.png,0.76205166994909,yes,0.40092602372169495,-0.0677,0,0,1
calib,gear,gear_03,gear_03_ap-0.10,-0.1,ambiguous,off_centre,-0.127,data/renders/procedural/gear_03_peg_v1.png,data/renders/procedural/gear_03_peg_v2.png,data/renders/aperture/gear_03_ap-0.10_socket_v1.png,data/renders/aperture/gear_03_ap-0.10_socket_v2.png,0.7699319114705234,yes,0.4140593111515045,-0.1514,0,0,1
calib,gear,gear_03,gear_03_ap-0.30,-0.3,incompatible,,-0.3799,data/renders/procedural/gear_03_peg_v1.png,data/renders/procedural/gear_03_peg_v2.png,data/renders/aperture/gear_03_ap-0.30_socket_v1.png,data/renders/aperture/gear_03_ap-0.30_socket_v2.png,0.7819583452294585,yes,0.4799470603466034,-0.383,0,0,1
calib,gear,gear_03,gear_03_ap-0.60,-0.6,incompatible,,-0.7588,data/renders/procedural/gear_03_peg_v1.png,data/renders/procedural/gear_03_peg_v2.png,data/renders/aperture/gear_03_ap-0.60_socket_v1.png,data/renders/aperture/gear_03_ap-0.60_socket_v2.png,0.7799983114154391,yes,0.46421435475349426,-0.772,0,0,1
calib,gear,gear_03,gear_03_ap-1.20,-1.2,incompatible,,-1.6787,data/renders/procedural/gear_03_peg_v1.png,data/renders/procedural/gear_03_peg_v2.png,data/renders/aperture/gear_03_ap-1.20_socket_v1.png,data/renders/aperture/gear_03_ap-1.20_socket_v2.png,0.773637133912405,yes,0.559608519077301,-1.7565,0,0,1
test,keyed,keyed_01,keyed_01,0.3,compatible,,0.2599,data/renders/procedural/keyed_01_peg_v1.png,data/renders/procedural/keyed_01_peg_v2.png,data/renders/procedural/keyed_01_socket_v1.png,data/renders/procedural/keyed_01_socket_v2.png,0.8122242150405836,yes,0.716863214969635,0.2708,1,1,1
test,keyed,keyed_01,keyed_01_ap+0.10,0.1,compatible,,0.086,data/renders/procedural/keyed_01_peg_v1.png,data/renders/procedural/keyed_01_peg_v2.png,data/renders/aperture/keyed_01_ap+0.10_socket_v1.png,data/renders/aperture/keyed_01_ap+0.10_socket_v2.png,0.813704435197648,yes,0.7281144261360168,0.0958,1,1,1
test,keyed,keyed_01,keyed_01_ap+0.00,0.0,ambiguous,boundary,-0.001,data/renders/procedural/keyed_01_peg_v1.png,data/renders/procedural/keyed_01_peg_v2.png,data/renders/aperture/keyed_01_ap+0.00_socket_v1.png,data/renders/aperture/keyed_01_ap+0.00_socket_v2.png,0.8157297851383831,yes,0.7299368977546692,-0.0677,0,1,1
test,keyed,keyed_01,keyed_01_ap-0.10,-0.1,ambiguous,off_centre,-0.1318,data/renders/procedural/keyed_01_peg_v1.png,data/renders/procedural/keyed_01_peg_v2.png,data/renders/aperture/keyed_01_ap-0.10_socket_v1.png,data/renders/aperture/keyed_01_ap-0.10_socket_v2.png,0.8134399073485986,yes,0.7242718935012817,-0.1915,0,1,1
test,keyed,keyed_01,keyed_01_ap-0.30,-0.3,incompatible,,-0.3955,data/renders/procedural/keyed_01_peg_v1.png,data/renders/procedural/keyed_01_peg_v2.png,data/renders/aperture/keyed_01_ap-0.30_socket_v1.png,data/renders/aperture/keyed_01_ap-0.30_socket_v2.png,0.8223425809928586,yes,0.7358958721160889,-0.4335,0,1,1
test,keyed,keyed_01,keyed_01_ap-0.60,-0.6,incompatible,,-0.7891,data/renders/procedural/keyed_01_peg_v1.png,data/renders/procedural/keyed_01_peg_v2.png,data/renders/aperture/keyed_01_ap-0.60_socket_v1.png,data/renders/aperture/keyed_01_ap-0.60_socket_v2.png,0.8160809833073563,yes,0.7349050045013428,-0.8153,0,1,1
test,keyed,keyed_01,keyed_01_ap-1.20,-1.2,incompatible,,-1.5752,data/renders/procedural/keyed_01_peg_v1.png,data/renders/procedural/keyed_01_peg_v2.png,data/renders/aperture/keyed_01_ap-1.20_socket_v1.png,data/renders/aperture/keyed_01_ap-1.20_socket_v2.png,0.8231093819887969,yes,0.7265332937240601,-1.5865,0,1,1
test,keyed,keyed_02,keyed_02,0.3,compatible,,0.2634,data/renders/procedural/keyed_02_peg_v1.png,data/renders/procedural/keyed_02_peg_v2.png,data/renders/procedural/keyed_02_socket_v1.png,data/renders/procedural/keyed_02_socket_v2.png,0.8130907465182527,yes,0.7239606976509094,0.2792,1,1,1
test,keyed,keyed_02,keyed_02_ap+0.10,0.1,compatible,,0.0873,data/renders/procedural/keyed_02_peg_v1.png,data/renders/procedural/keyed_02_peg_v2.png,data/renders/aperture/keyed_02_ap+0.10_socket_v1.png,data/renders/aperture/keyed_02_ap+0.10_socket_v2.png,0.811838205545656,yes,0.7165379524230957,0.0677,1,1,1
test,keyed,keyed_02,keyed_02_ap+0.00,0.0,ambiguous,boundary,-0.001,data/renders/procedural/keyed_02_peg_v1.png,data/renders/procedural/keyed_02_peg_v2.png,data/renders/aperture/keyed_02_ap+0.00_socket_v1.png,data/renders/aperture/keyed_02_ap+0.00_socket_v2.png,0.8058441689612301,yes,0.7124997973442078,-0.0677,0,1,1
test,keyed,keyed_02,keyed_02_ap-0.10,-0.1,ambiguous,off_centre,-0.1328,data/renders/procedural/keyed_02_peg_v1.png,data/renders/procedural/keyed_02_peg_v2.png,data/renders/aperture/keyed_02_ap-0.10_socket_v1.png,data/renders/aperture/keyed_02_ap-0.10_socket_v2.png,0.8131857344703357,yes,0.7252565622329712,-0.1915,0,1,1
test,keyed,keyed_02,keyed_02_ap-0.30,-0.3,incompatible,,-0.3984,data/renders/procedural/keyed_02_peg_v1.png,data/renders/procedural/keyed_02_peg_v2.png,data/renders/aperture/keyed_02_ap-0.30_socket_v1.png,data/renders/aperture/keyed_02_ap-0.30_socket_v2.png,0.8045269900217895,yes,0.7047383785247803,-0.4335,0,1,1
test,keyed,keyed_02,keyed_02_ap-0.60,-0.6,incompatible,,-0.7949,data/renders/procedural/keyed_02_peg_v1.png,data/renders/procedural/keyed_02_peg_v2.png,data/renders/aperture/keyed_02_ap-0.60_socket_v1.png,data/renders/aperture/keyed_02_ap-0.60_socket_v2.png,0.8059402980353869,yes,0.7138305306434631,-0.8153,0,1,1
test,keyed,keyed_02,keyed_02_ap-1.20,-1.2,incompatible,,-1.5879,data/renders/procedural/keyed_02_peg_v1.png,data/renders/procedural/keyed_02_peg_v2.png,data/renders/aperture/keyed_02_ap-1.20_socket_v1.png,data/renders/aperture/keyed_02_ap-1.20_socket_v2.png,0.8130902950477363,yes,0.7239478230476379,-1.6306,0,1,1
test,keyed,keyed_03,keyed_03,0.3,compatible,,0.2999,data/renders/procedural/keyed_03_peg_v1.png,data/renders/procedural/keyed_03_peg_v2.png,data/renders/procedural/keyed_03_socket_v1.png,data/renders/procedural/keyed_03_socket_v2.png,0.8214370395595013,yes,0.6953638195991516,0.3028,1,1,1
test,keyed,keyed_03,keyed_03_ap+0.10,0.1,compatible,,0.1,data/renders/procedural/keyed_03_peg_v1.png,data/renders/procedural/keyed_03_peg_v2.png,data/renders/aperture/keyed_03_ap+0.10_socket_v1.png,data/renders/aperture/keyed_03_ap+0.10_socket_v2.png,0.8219374305850224,yes,0.6957902312278748,0.0958,1,1,1
test,keyed,keyed_03,keyed_03_ap+0.00,0.0,ambiguous,boundary,-0.001,data/renders/procedural/keyed_03_peg_v1.png,data/renders/procedural/keyed_03_peg_v2.png,data/renders/aperture/keyed_03_ap+0.00_socket_v1.png,data/renders/aperture/keyed_03_ap+0.00_socket_v2.png,0.8243600819993108,yes,0.6994800567626953,0.0677,1,1,1
test,keyed,keyed_03,keyed_03_ap-0.10,-0.1,ambiguous,off_centre,-0.1416,data/renders/procedural/keyed_03_peg_v1.png,data/renders/procedural/keyed_03_peg_v2.png,data/renders/aperture/keyed_03_ap-0.10_socket_v1.png,data/renders/aperture/keyed_03_ap-0.10_socket_v2.png,0.8281812153419462,yes,0.7059977054595947,-0.1514,0,1,1
test,keyed,keyed_03,keyed_03_ap-0.30,-0.3,incompatible,,-0.4248,data/renders/procedural/keyed_03_peg_v1.png,data/renders/procedural/keyed_03_peg_v2.png,data/renders/aperture/keyed_03_ap-0.30_socket_v1.png,data/renders/aperture/keyed_03_ap-0.30_socket_v2.png,0.8217002503939089,yes,0.6799349784851074,-0.4335,0,1,1
test,keyed,keyed_03,keyed_03_ap-0.60,-0.6,incompatible,,-0.8486,data/renders/procedural/keyed_03_peg_v1.png,data/renders/procedural/keyed_03_peg_v2.png,data/renders/aperture/keyed_03_ap-0.60_socket_v1.png,data/renders/aperture/keyed_03_ap-0.60_socket_v2.png,0.8272735183049523,yes,0.6899896860122681,-0.8618,0,1,1
test,keyed,keyed_03,keyed_03_ap-1.20,-1.2,incompatible,,-1.6973,data/renders/procedural/keyed_03_peg_v1.png,data/renders/procedural/keyed_03_peg_v2.png,data/renders/aperture/keyed_03_ap-1.20_socket_v1.png,data/renders/aperture/keyed_03_ap-1.20_socket_v2.png,0.8259743994732469,yes,0.6992141008377075,-1.7236,0,1,1
test,keyed,keyed_04,keyed_04,0.3,compatible,,0.2463,data/renders/procedural/keyed_04_peg_v1.png,data/renders/procedural/keyed_04_peg_v2.png,data/renders/procedural/keyed_04_socket_v1.png,data/renders/procedural/keyed_04_socket_v2.png,0.8201902704015704,yes,0.6693825721740723,0.1915,1,1,1
test,keyed,keyed_04,keyed_04_ap+0.10,0.1,compatible,,0.0812,data/renders/procedural/keyed_04_peg_v1.png,data/renders/procedural/keyed_04_peg_v2.png,data/renders/aperture/keyed_04_ap+0.10_socket_v1.png,data/renders/aperture/keyed_04_ap+0.10_socket_v2.png,0.8218718149106796,yes,0.6707592606544495,0.0958,1,1,1
test,keyed,keyed_04,keyed_04_ap+0.00,0.0,ambiguous,boundary,-0.001,data/renders/procedural/keyed_04_peg_v1.png,data/renders/procedural/keyed_04_peg_v2.png,data/renders/aperture/keyed_04_ap+0.00_socket_v1.png,data/renders/aperture/keyed_04_ap+0.00_socket_v2.png,0.819532433837044,yes,0.6590619683265686,-0.0677,0,1,1
test,keyed,keyed_04,keyed_04_ap-0.10,-0.1,ambiguous,off_centre,-0.1436,data/renders/procedural/keyed_04_peg_v1.png,data/renders/procedural/keyed_04_peg_v2.png,data/renders/aperture/keyed_04_ap-0.10_socket_v1.png,data/renders/aperture/keyed_04_ap-0.10_socket_v2.png,0.819975076349029,yes,0.6633943915367126,-0.1915,0,1,1
test,keyed,keyed_04,keyed_04_ap-0.30,-0.3,incompatible,,-0.4287,data/renders/procedural/keyed_04_peg_v1.png,data/renders/procedural/keyed_04_peg_v2.png,data/renders/aperture/keyed_04_ap-0.30_socket_v1.png,data/renders/aperture/keyed_04_ap-0.30_socket_v2.png,0.8224557875896332,yes,0.6769192814826965,-0.4335,0,1,1
test,keyed,keyed_04,keyed_04_ap-0.60,-0.6,incompatible,,-0.8574,data/renders/procedural/keyed_04_peg_v1.png,data/renders/procedural/keyed_04_peg_v2.png,data/renders/aperture/keyed_04_ap-0.60_socket_v1.png,data/renders/aperture/keyed_04_ap-0.60_socket_v2.png,0.8214563720117464,yes,0.6723361611366272,-0.8671,0,1,1
test,keyed,keyed_04,keyed_04_ap-1.20,-1.2,incompatible,,-1.7158,data/renders/procedural/keyed_04_peg_v1.png,data/renders/procedural/keyed_04_peg_v2.png,data/renders/aperture/keyed_04_ap-1.20_socket_v1.png,data/renders/aperture/keyed_04_ap-1.20_socket_v2.png,0.818755312064213,yes,0.6604688167572021,-1.7262,0,1,1
test,keyed,keyed_05,keyed_05,0.3,compatible,,0.2674,data/renders/procedural/keyed_05_peg_v1.png,data/renders/procedural/keyed_05_peg_v2.png,data/renders/procedural/keyed_05_socket_v1.png,data/renders/procedural/keyed_05_socket_v2.png,0.8145976081771125,yes,0.7189531326293945,0.2708,1,1,1
test,keyed,keyed_05,keyed_05_ap+0.10,0.1,compatible,,0.0887,data/renders/procedural/keyed_05_peg_v1.png,data/renders/procedural/keyed_05_peg_v2.png,data/renders/aperture/keyed_05_ap+0.10_socket_v1.png,data/renders/aperture/keyed_05_ap+0.10_socket_v2.png,0.814323441540636,yes,0.7200154662132263,0.0677,1,1,1
test,keyed,keyed_05,keyed_05_ap+0.00,0.0,ambiguous,boundary,-0.001,data/renders/procedural/keyed_05_peg_v1.png,data/renders/procedural/keyed_05_peg_v2.png,data/renders/aperture/keyed_05_ap+0.00_socket_v1.png,data/renders/aperture/keyed_05_ap+0.00_socket_v2.png,0.8176833990807264,yes,0.735210120677948,0.0677,1,1,1
test,keyed,keyed_05,keyed_05_ap-0.10,-0.1,ambiguous,off_centre,-0.1338,data/renders/procedural/keyed_05_peg_v1.png,data/renders/procedural/keyed_05_peg_v2.png,data/renders/aperture/keyed_05_ap-0.10_socket_v1.png,data/renders/aperture/keyed_05_ap-0.10_socket_v2.png,0.8126363845113502,yes,0.7223208546638489,-0.2031,0,1,1
test,keyed,keyed_05,keyed_05_ap-0.30,-0.3,incompatible,,-0.4014,data/renders/procedural/keyed_05_peg_v1.png,data/renders/procedural/keyed_05_peg_v2.png,data/renders/aperture/keyed_05_ap-0.30_socket_v1.png,data/renders/aperture/keyed_05_ap-0.30_socket_v2.png,0.8123287579064606,yes,0.7182574272155762,-0.4119,0,1,1
test,keyed,keyed_05,keyed_05_ap-0.60,-0.6,incompatible,,-0.8018,data/renders/procedural/keyed_05_peg_v1.png,data/renders/procedural/keyed_05_peg_v2.png,data/renders/aperture/keyed_05_ap-0.60_socket_v1.png,data/renders/aperture/keyed_05_ap-0.60_socket_v2.png,0.8144289904571601,yes,0.7214121222496033,-0.772,0,1,1
test,keyed,keyed_05,keyed_05_ap-1.20,-1.2,incompatible,,-1.6025,data/renders/procedural/keyed_05_peg_v1.png,data/renders/procedural/keyed_05_peg_v2.png,data/renders/aperture/keyed_05_ap-1.20_socket_v1.png,data/renders/aperture/keyed_05_ap-1.20_socket_v2.png,0.8122240115377634,yes,0.7168697714805603,-1.5865,0,1,1
calib,notched,notched_01,notched_01,0.3,compatible,,0.2389,data/renders/procedural/notched_01_peg_v1.png,data/renders/procedural/notched_01_peg_v2.png,data/renders/procedural/notched_01_socket_v1.png,data/renders/procedural/notched_01_socket_v2.png,0.8037593732201478,yes,0.6753788590431213,0.2031,1,1,1
calib,notched,notched_01,notched_01_ap+0.10,0.1,compatible,,0.0787,data/renders/procedural/notched_01_peg_v1.png,data/renders/procedural/notched_01_peg_v2.png,data/renders/aperture/notched_01_ap+0.10_socket_v1.png,data/renders/aperture/notched_01_ap+0.10_socket_v2.png,0.8001167481347008,yes,0.6566091179847717,0.0677,1,1,1
calib,notched,notched_01,notched_01_ap+0.00,0.0,ambiguous,boundary,0.0,data/renders/procedural/notched_01_peg_v1.png,data/renders/procedural/notched_01_peg_v2.png,data/renders/aperture/notched_01_ap+0.00_socket_v1.png,data/renders/aperture/notched_01_ap+0.00_socket_v2.png,0.8032469609354955,yes,0.6646145582199097,0.0677,1,1,1
calib,notched,notched_01,notched_01_ap-0.10,-0.1,ambiguous,off_centre,-0.1582,data/renders/procedural/notched_01_peg_v1.png,data/renders/procedural/notched_01_peg_v2.png,data/renders/aperture/notched_01_ap-0.10_socket_v1.png,data/renders/aperture/notched_01_ap-0.10_socket_v2.png,0.805504065098395,yes,0.6700041890144348,-0.1915,0,1,1
calib,notched,notched_01,notched_01_ap-0.30,-0.3,incompatible,,-0.4746,data/renders/procedural/notched_01_peg_v1.png,data/renders/procedural/notched_01_peg_v2.png,data/renders/aperture/notched_01_ap-0.30_socket_v1.png,data/renders/aperture/notched_01_ap-0.30_socket_v2.png,0.8019407120380849,yes,0.6525413393974304,-0.4335,0,1,1
calib,notched,notched_01,notched_01_ap-0.60,-0.6,incompatible,,-0.9531,data/renders/procedural/notched_01_peg_v1.png,data/renders/procedural/notched_01_peg_v2.png,data/renders/aperture/notched_01_ap-0.60_socket_v1.png,data/renders/aperture/notched_01_ap-0.60_socket_v2.png,0.8012531454540314,yes,0.6519690155982971,-0.9109,0,1,1
calib,notched,notched_01,notched_01_ap-1.20,-1.2,incompatible,,-1.9277,data/renders/procedural/notched_01_peg_v1.png,data/renders/procedural/notched_01_peg_v2.png,data/renders/aperture/notched_01_ap-1.20_socket_v1.png,data/renders/aperture/notched_01_ap-1.20_socket_v2.png,0.8026095344711116,yes,0.6640807390213013,-1.8825,0,1,1
calib,notched,notched_02,notched_02,0.3,compatible,,0.2017,data/renders/procedural/notched_02_peg_v1.png,data/renders/procedural/notched_02_peg_v2.png,data/renders/procedural/notched_02_socket_v1.png,data/renders/procedural/notched_02_socket_v2.png,0.7717456483363611,yes,0.6108119487762451,0.2031,1,0,1
calib,notched,notched_02,notched_02_ap+0.10,0.1,compatible,,0.0652,data/renders/procedural/notched_02_peg_v1.png,data/renders/procedural/notched_02_peg_v2.png,data/renders/aperture/notched_02_ap+0.10_socket_v1.png,data/renders/aperture/notched_02_ap+0.10_socket_v2.png,0.7616557693107266,yes,0.6047419905662537,0.0677,1,0,1
calib,notched,notched_02,notched_02_ap+0.00,0.0,ambiguous,boundary,-0.001,data/renders/procedural/notched_02_peg_v1.png,data/renders/procedural/notched_02_peg_v2.png,data/renders/aperture/notched_02_ap+0.00_socket_v1.png,data/renders/aperture/notched_02_ap+0.00_socket_v2.png,0.7620310340109512,yes,0.5931169986724854,0.0677,1,0,1
calib,notched,notched_02,notched_02_ap-0.10,-0.1,ambiguous,off_centre,-0.1787,data/renders/procedural/notched_02_peg_v1.png,data/renders/procedural/notched_02_peg_v2.png,data/renders/aperture/notched_02_ap-0.10_socket_v1.png,data/renders/aperture/notched_02_ap-0.10_socket_v2.png,0.7617553485338924,yes,0.5908401012420654,-0.2441,0,0,1
calib,notched,notched_02,notched_02_ap-0.30,-0.3,incompatible,,-0.5391,data/renders/procedural/notched_02_peg_v1.png,data/renders/procedural/notched_02_peg_v2.png,data/renders/aperture/notched_02_ap-0.30_socket_v1.png,data/renders/aperture/notched_02_ap-0.30_socket_v2.png,0.7600731519665587,yes,0.5636466145515442,-0.5288,0,0,1
calib,notched,notched_02,notched_02_ap-0.60,-0.6,incompatible,,-2.0,data/renders/procedural/notched_02_peg_v1.png,data/renders/procedural/notched_02_peg_v2.png,data/renders/aperture/notched_02_ap-0.60_socket_v1.png,data/renders/aperture/notched_02_ap-0.60_socket_v2.png,0.757760240374238,yes,0.6091675162315369,-2.5729,0,0,1
calib,notched,notched_02,notched_02_ap-1.20,-1.2,incompatible,,-2.0,data/renders/procedural/notched_02_peg_v1.png,data/renders/procedural/notched_02_peg_v2.png,data/renders/aperture/notched_02_ap-1.20_socket_v1.png,data/renders/aperture/notched_02_ap-1.20_socket_v2.png,0.7563178119959605,yes,0.5886649489402771,-3.2556,0,0,1
calib,notched,notched_03,notched_03,0.3,compatible,,0.2017,data/renders/procedural/notched_03_peg_v1.png,data/renders/procedural/notched_03_peg_v2.png,data/renders/procedural/notched_03_socket_v1.png,data/renders/procedural/notched_03_socket_v2.png,0.7875760699193136,yes,0.6426962614059448,0.2031,1,0,1
calib,notched,notched_03,notched_03_ap+0.10,0.1,compatible,,0.0652,data/renders/procedural/notched_03_peg_v1.png,data/renders/procedural/notched_03_peg_v2.png,data/renders/aperture/notched_03_ap+0.10_socket_v1.png,data/renders/aperture/notched_03_ap+0.10_socket_v2.png,0.7733886137950078,yes,0.6101493239402771,0.0677,1,0,1
calib,notched,notched_03,notched_03_ap+0.00,0.0,ambiguous,boundary,-0.001,data/renders/procedural/notched_03_peg_v1.png,data/renders/procedural/notched_03_peg_v2.png,data/renders/aperture/notched_03_ap+0.00_socket_v1.png,data/renders/aperture/notched_03_ap+0.00_socket_v2.png,0.7781982659122393,yes,0.6237804889678955,0.0677,1,0,1
calib,notched,notched_03,notched_03_ap-0.10,-0.1,ambiguous,off_centre,-0.1787,data/renders/procedural/notched_03_peg_v1.png,data/renders/procedural/notched_03_peg_v2.png,data/renders/aperture/notched_03_ap-0.10_socket_v1.png,data/renders/aperture/notched_03_ap-0.10_socket_v2.png,0.7803915638724713,yes,0.6216559410095215,-0.2441,0,0,1
calib,notched,notched_03,notched_03_ap-0.30,-0.3,incompatible,,-0.5391,data/renders/procedural/notched_03_peg_v1.png,data/renders/procedural/notched_03_peg_v2.png,data/renders/aperture/notched_03_ap-0.30_socket_v1.png,data/renders/aperture/notched_03_ap-0.30_socket_v2.png,0.7700960192456355,yes,0.6035035252571106,-0.5288,0,0,1
calib,notched,notched_03,notched_03_ap-0.60,-0.6,incompatible,,-2.0,data/renders/procedural/notched_03_peg_v1.png,data/renders/procedural/notched_03_peg_v2.png,data/renders/aperture/notched_03_ap-0.60_socket_v1.png,data/renders/aperture/notched_03_ap-0.60_socket_v2.png,0.7617542478047905,yes,0.5908563733100891,-2.5729,0,0,1
calib,notched,notched_03,notched_03_ap-1.20,-1.2,incompatible,,-2.0,data/renders/procedural/notched_03_peg_v1.png,data/renders/procedural/notched_03_peg_v2.png,data/renders/aperture/notched_03_ap-1.20_socket_v1.png,data/renders/aperture/notched_03_ap-1.20_socket_v2.png,0.7656140782239858,yes,0.6079277396202087,-3.2556,0,0,1
calib,notched,notched_04,notched_04,0.3,compatible,,0.2106,data/renders/procedural/notched_04_peg_v1.png,data/renders/procedural/notched_04_peg_v2.png,data/renders/procedural/notched_04_socket_v1.png,data/renders/procedural/notched_04_socket_v2.png,0.8145039596762432,yes,0.6775586605072021,0.3028,1,1,1
calib,notched,notched_04,notched_04_ap+0.10,0.1,compatible,,0.0688,data/renders/procedural/notched_04_peg_v1.png,data/renders/procedural/notched_04_peg_v2.png,data/renders/aperture/notched_04_ap+0.10_socket_v1.png,data/renders/aperture/notched_04_ap+0.10_socket_v2.png,0.8115685224667671,yes,0.6853401064872742,0.1354,1,1,1
calib,notched,notched_04,notched_04_ap+0.00,0.0,ambiguous,boundary,0.0,data/renders/procedural/notched_04_peg_v1.png,data/renders/procedural/notched_04_peg_v2.png,data/renders/aperture/notched_04_ap+0.00_socket_v1.png,data/renders/aperture/notched_04_ap+0.00_socket_v2.png,0.8085475696219507,yes,0.6725859642028809,0.0677,1,1,1
calib,notched,notched_04,notched_04_ap-0.10,-0.1,ambiguous,off_centre,-0.167,data/renders/procedural/notched_04_peg_v1.png,data/renders/procedural/notched_04_peg_v2.png,data/renders/aperture/notched_04_ap-0.10_socket_v1.png,data/renders/aperture/notched_04_ap-0.10_socket_v2.png,0.8101641866770068,yes,0.6774210333824158,-0.1514,0,1,1
calib,notched,notched_04,notched_04_ap-0.30,-0.3,incompatible,,-0.501,data/renders/procedural/notched_04_peg_v1.png,data/renders/procedural/notched_04_peg_v2.png,data/renders/aperture/notched_04_ap-0.30_socket_v1.png,data/renders/aperture/notched_04_ap-0.30_socket_v2.png,0.8127388030582965,yes,0.6760838627815247,-0.4883,0,1,1
calib,notched,notched_04,notched_04_ap-0.60,-0.6,incompatible,,-1.0117,data/renders/procedural/notched_04_peg_v1.png,data/renders/procedural/notched_04_peg_v2.png,data/renders/aperture/notched_04_ap-0.60_socket_v1.png,data/renders/aperture/notched_04_ap-0.60_socket_v2.png,0.8090558678339319,yes,0.6621493697166443,-1.0156,0,1,1
calib,notched,notched_04,notched_04_ap-1.20,-1.2,incompatible,,-2.0,data/renders/procedural/notched_04_peg_v1.png,data/renders/procedural/notched_04_peg_v2.png,data/renders/aperture/notched_04_ap-1.20_socket_v1.png,data/renders/aperture/notched_04_ap-1.20_socket_v2.png,0.8108017188692559,yes,0.663599967956543,-2.0312,0,1,1
test,obround,obround_01,obround_01,0.3,compatible,,0.2999,data/renders/procedural/obround_01_peg_v1.png,data/renders/procedural/obround_01_peg_v2.png,data/renders/procedural/obround_01_socket_v1.png,data/renders/procedural/obround_01_socket_v2.png,0.8189001582353193,yes,0.7227200269699097,0.3028,1,1,1
test,obround,obround_01,obround_01_ap+0.10,0.1,compatible,,0.1,data/renders/procedural/obround_01_peg_v1.png,data/renders/procedural/obround_01_peg_v2.png,data/renders/aperture/obround_01_ap+0.10_socket_v1.png,data/renders/aperture/obround_01_ap+0.10_socket_v2.png,0.8152050850228454,yes,0.7270124554634094,0.0958,1,1,1
test,obround,obround_01,obround_01_ap+0.00,0.0,ambiguous,boundary,-0.001,data/renders/procedural/obround_01_peg_v1.png,data/renders/procedural/obround_01_peg_v2.png,data/renders/aperture/obround_01_ap+0.00_socket_v1.png,data/renders/aperture/obround_01_ap+0.00_socket_v2.png,0.8181608280856975,yes,0.7332462072372437,-0.0677,0,1,1
test,obround,obround_01,obround_01_ap-0.10,-0.1,ambiguous,off_centre,-0.1006,data/renders/procedural/obround_01_peg_v1.png,data/renders/procedural/obround_01_peg_v2.png,data/renders/aperture/obround_01_ap-0.10_socket_v1.png,data/renders/aperture/obround_01_ap-0.10_socket_v2.png,0.8215200927022572,yes,0.7289039492607117,-0.1514,0,1,1
test,obround,obround_01,obround_01_ap-0.30,-0.3,incompatible,,-0.3008,data/renders/procedural/obround_01_peg_v1.png,data/renders/procedural/obround_01_peg_v2.png,data/renders/aperture/obround_01_ap-0.30_socket_v1.png,data/renders/aperture/obround_01_ap-0.30_socket_v2.png,0.8079077076239191,yes,0.7142447829246521,-0.3385,0,1,1
test,obround,obround_01,obround_01_ap-0.60,-0.6,incompatible,,-0.6006,data/renders/procedural/obround_01_peg_v1.png,data/renders/procedural/obround_01_peg_v2.png,data/renders/aperture/obround_01_ap-0.60_socket_v1.png,data/renders/aperture/obround_01_ap-0.60_socket_v2.png,0.812333981779756,yes,0.7182003259658813,-0.6242,0,1,1
test,obround,obround_01,obround_01_ap-1.20,-1.2,incompatible,,-1.2012,data/renders/procedural/obround_01_peg_v1.png,data/renders/procedural/obround_01_peg_v2.png,data/renders/aperture/obround_01_ap-1.20_socket_v1.png,data/renders/aperture/obround_01_ap-1.20_socket_v2.png,0.8083012871008245,yes,0.7196133732795715,-1.2206,0,1,1
test,obround,obround_02,obround_02,0.3,compatible,,0.2999,data/renders/procedural/obround_02_peg_v1.png,data/renders/procedural/obround_02_peg_v2.png,data/renders/procedural/obround_02_socket_v1.png,data/renders/procedural/obround_02_socket_v2.png,0.8184194375248204,yes,0.7369434833526611,0.3028,1,1,1
test,obround,obround_02,obround_02_ap+0.10,0.1,compatible,,0.1,data/renders/procedural/obround_02_peg_v1.png,data/renders/procedural/obround_02_peg_v2.png,data/renders/aperture/obround_02_ap+0.10_socket_v1.png,data/renders/aperture/obround_02_ap+0.10_socket_v2.png,0.8160855295045993,yes,0.734840989112854,0.1354,1,1,1
test,obround,obround_02,obround_02_ap+0.00,0.0,ambiguous,boundary,-0.001,data/renders/procedural/obround_02_peg_v1.png,data/renders/procedural/obround_02_peg_v2.png,data/renders/aperture/obround_02_ap+0.00_socket_v1.png,data/renders/aperture/obround_02_ap+0.00_socket_v2.png,0.8163166285829966,yes,0.733928918838501,-0.0677,0,1,1
test,obround,obround_02,obround_02_ap-0.10,-0.1,ambiguous,off_centre,-0.1006,data/renders/procedural/obround_02_peg_v1.png,data/renders/procedural/obround_02_peg_v2.png,data/renders/aperture/obround_02_ap-0.10_socket_v1.png,data/renders/aperture/obround_02_ap-0.10_socket_v2.png,0.8181039354977256,yes,0.7366642951965332,-0.2031,0,1,1
test,obround,obround_02,obround_02_ap-0.30,-0.3,incompatible,,-0.3008,data/renders/procedural/obround_02_peg_v1.png,data/renders/procedural/obround_02_peg_v2.png,data/renders/aperture/obround_02_ap-0.30_socket_v1.png,data/renders/aperture/obround_02_ap-0.30_socket_v2.png,0.820644346203399,yes,0.737821102142334,-0.3385,0,1,1
test,obround,obround_02,obround_02_ap-0.60,-0.6,incompatible,,-0.6006,data/renders/procedural/obround_02_peg_v1.png,data/renders/procedural/obround_02_peg_v2.png,data/renders/aperture/obround_02_ap-0.60_socket_v1.png,data/renders/aperture/obround_02_ap-0.60_socket_v2.png,0.8180708305667408,yes,0.7319796085357666,-0.6242,0,1,1
test,obround,obround_02,obround_02_ap-1.20,-1.2,incompatible,,-1.2012,data/renders/procedural/obround_02_peg_v1.png,data/renders/procedural/obround_02_peg_v2.png,data/renders/aperture/obround_02_ap-1.20_socket_v1.png,data/renders/aperture/obround_02_ap-1.20_socket_v2.png,0.8204175011628234,yes,0.7387579083442688,-1.2206,0,1,1
test,obround,obround_03,obround_03,0.3,compatible,,0.2999,data/renders/procedural/obround_03_peg_v1.png,data/renders/procedural/obround_03_peg_v2.png,data/renders/procedural/obround_03_socket_v1.png,data/renders/procedural/obround_03_socket_v2.png,0.8298093518435306,yes,0.7152599096298218,0.3028,1,1,1
test,obround,obround_03,obround_03_ap+0.10,0.1,compatible,,0.1,data/renders/procedural/obround_03_peg_v1.png,data/renders/procedural/obround_03_peg_v2.png,data/renders/aperture/obround_03_ap+0.10_socket_v1.png,data/renders/aperture/obround_03_ap+0.10_socket_v2.png,0.82285982187766,yes,0.7014325857162476,0.1354,1,1,1
test,obround,obround_03,obround_03_ap+0.00,0.0,ambiguous,boundary,-0.001,data/renders/procedural/obround_03_peg_v1.png,data/renders/procedural/obround_03_peg_v2.png,data/renders/aperture/obround_03_ap+0.00_socket_v1.png,data/renders/aperture/obround_03_ap+0.00_socket_v2.png,0.8259213142644177,yes,0.7134007811546326,-0.0677,0,1,1
test,obround,obround_03,obround_03_ap-0.10,-0.1,ambiguous,off_centre,-0.1006,data/renders/procedural/obround_03_peg_v1.png,data/renders/procedural/obround_03_peg_v2.png,data/renders/aperture/obround_03_ap-0.10_socket_v1.png,data/renders/aperture/obround_03_ap-0.10_socket_v2.png,0.8278587528793029,yes,0.7165724039077759,-0.1354,0,1,1
test,obround,obround_03,obround_03_ap-0.30,-0.3,incompatible,,-0.3008,data/renders/procedural/obround_03_peg_v1.png,data/renders/procedural/obround_03_peg_v2.png,data/renders/aperture/obround_03_ap-0.30_socket_v1.png,data/renders/aperture/obround_03_ap-0.30_socket_v2.png,0.8220208534914578,yes,0.7172835469245911,-0.3385,0,1,1
test,obround,obround_03,obround_03_ap-0.60,-0.6,incompatible,,-0.6006,data/renders/procedural/obround_03_peg_v1.png,data/renders/procedural/obround_03_peg_v2.png,data/renders/aperture/obround_03_ap-0.60_socket_v1.png,data/renders/aperture/obround_03_ap-0.60_socket_v2.png,0.8257512814384693,yes,0.7162413597106934,-0.6242,0,1,1
test,obround,obround_03,obround_03_ap-1.20,-1.2,incompatible,,-1.2012,data/renders/procedural/obround_03_peg_v1.png,data/renders/procedural/obround_03_peg_v2.png,data/renders/aperture/obround_03_ap-1.20_socket_v1.png,data/renders/aperture/obround_03_ap-1.20_socket_v2.png,0.8198953249987024,yes,0.7125582695007324,-1.2206,0,1,1
test,polygon,polygon_01,polygon_01,0.3,compatible,,0.2999,data/renders/procedural/polygon_01_peg_v1.png,data/renders/procedural/polygon_01_peg_v2.png,data/renders/procedural/polygon_01_socket_v1.png,data/renders/procedural/polygon_01_socket_v2.png,0.7999988181842762,yes,0.6671099662780762,0.3385,1,1,1
test,polygon,polygon_01,polygon_01_ap+0.10,0.1,compatible,,0.1,data/renders/procedural/polygon_01_peg_v1.png,data/renders/procedural/polygon_01_peg_v2.png,data/renders/aperture/polygon_01_ap+0.10_socket_v1.png,data/renders/aperture/polygon_01_ap+0.10_socket_v2.png,0.7898363900480881,yes,0.6330617666244507,0.1354,1,1,1
test,polygon,polygon_01,polygon_01_ap+0.00,0.0,ambiguous,boundary,-0.001,data/renders/procedural/polygon_01_peg_v1.png,data/renders/procedural/polygon_01_peg_v2.png,data/renders/aperture/polygon_01_ap+0.00_socket_v1.png,data/renders/aperture/polygon_01_ap+0.00_socket_v2.png,0.7920656749889625,yes,0.6207417249679565,-0.0677,0,1,1
test,polygon,polygon_01,polygon_01_ap-0.10,-0.1,incompatible,,-0.2002,data/renders/procedural/polygon_01_peg_v1.png,data/renders/procedural/polygon_01_peg_v2.png,data/renders/aperture/polygon_01_ap-0.10_socket_v1.png,data/renders/aperture/polygon_01_ap-0.10_socket_v2.png,0.7929360453273111,yes,0.6296347975730896,-0.1915,0,1,1
test,polygon,polygon_01,polygon_01_ap-0.30,-0.3,incompatible,,-0.6006,data/renders/procedural/polygon_01_peg_v1.png,data/renders/procedural/polygon_01_peg_v2.png,data/renders/aperture/polygon_01_ap-0.30_socket_v1.png,data/renders/aperture/polygon_01_ap-0.30_socket_v2.png,0.7928341283485633,yes,0.621345579624176,-0.5824,0,1,1
test,polygon,polygon_01,polygon_01_ap-0.60,-0.6,incompatible,,-1.2012,data/renders/procedural/polygon_01_peg_v1.png,data/renders/procedural/polygon_01_peg_v2.png,data/renders/aperture/polygon_01_ap-0.60_socket_v1.png,data/renders/aperture/polygon_01_ap-0.60_socket_v2.png,0.7922845476790663,yes,0.6230158805847168,-1.2188,0,1,1
test,polygon,polygon_01,polygon_01_ap-1.20,-1.2,incompatible,,-2.0,data/renders/procedural/polygon_01_peg_v1.png,data/renders/procedural/polygon_01_peg_v2.png,data/renders/aperture/polygon_01_ap-1.20_socket_v1.png,data/renders/aperture/polygon_01_ap-1.20_socket_v2.png,0.8006567612069163,yes,0.6275100111961365,-2.4375,0,1,1
test,polygon,polygon_02,polygon_02,0.3,compatible,,0.2999,data/renders/procedural/polygon_02_peg_v1.png,data/renders/procedural/polygon_02_peg_v2.png,data/renders/procedural/polygon_02_socket_v1.png,data/renders/procedural/polygon_02_socket_v2.png,0.8226054238525924,yes,0.6842922568321228,0.3028,1,1,1
test,polygon,polygon_02,polygon_02_ap+0.10,0.1,compatible,,0.1,data/renders/procedural/polygon_02_peg_v1.png,data/renders/procedural/polygon_02_peg_v2.png,data/renders/aperture/polygon_02_ap+0.10_socket_v1.png,data/renders/aperture/polygon_02_ap+0.10_socket_v2.png,0.8183466300741267,yes,0.6560754179954529,0.0677,1,1,1
test,polygon,polygon_02,polygon_02_ap+0.00,0.0,ambiguous,boundary,-0.001,data/renders/procedural/polygon_02_peg_v1.png,data/renders/procedural/polygon_02_peg_v2.png,data/renders/aperture/polygon_02_ap+0.00_socket_v1.png,data/renders/aperture/polygon_02_ap+0.00_socket_v2.png,0.8129999766785168,yes,0.6456732153892517,0.0677,1,1,1
test,polygon,polygon_02,polygon_02_ap-0.10,-0.1,ambiguous,off_centre,-0.124,data/renders/procedural/polygon_02_peg_v1.png,data/renders/procedural/polygon_02_peg_v2.png,data/renders/aperture/polygon_02_ap-0.10_socket_v1.png,data/renders/aperture/polygon_02_ap-0.10_socket_v2.png,0.8138693104408918,yes,0.6544758677482605,-0.1915,0,1,1
test,polygon,polygon_02,polygon_02_ap-0.30,-0.3,incompatible,,-0.3711,data/renders/procedural/polygon_02_peg_v1.png,data/renders/procedural/polygon_02_peg_v2.png,data/renders/aperture/polygon_02_ap-0.30_socket_v1.png,data/renders/aperture/polygon_02_ap-0.30_socket_v2.png,0.8136542178272601,yes,0.6523059010505676,-0.4119,0,1,1
test,polygon,polygon_02,polygon_02_ap-0.60,-0.6,incompatible,,-0.7422,data/renders/procedural/polygon_02_peg_v1.png,data/renders/procedural/polygon_02_peg_v2.png,data/renders/aperture/polygon_02_ap-0.60_socket_v1.png,data/renders/aperture/polygon_02_ap-0.60_socket_v2.png,0.82062059457606,yes,0.6677727699279785,-0.772,0,1,1
test,polygon,polygon_02,polygon_02_ap-1.20,-1.2,incompatible,,-1.4834,data/renders/procedural/polygon_02_peg_v1.png,data/renders/procedural/polygon_02_peg_v2.png,data/renders/aperture/polygon_02_ap-1.20_socket_v1.png,data/renders/aperture/polygon_02_ap-1.20_socket_v2.png,0.8224998009697398,yes,0.6769235730171204,-1.5034,0,1,1
test,polygon,polygon_03,polygon_03,0.3,compatible,,0.2999,data/renders/procedural/polygon_03_peg_v1.png,data/renders/procedural/polygon_03_peg_v2.png,data/renders/procedural/polygon_03_socket_v1.png,data/renders/procedural/polygon_03_socket_v2.png,0.8270116276903073,yes,0.7113054394721985,0.2708,1,1,1
test,polygon,polygon_03,polygon_03_ap+0.10,0.1,compatible,,0.1,data/renders/procedural/polygon_03_peg_v1.png,data/renders/procedural/polygon_03_peg_v2.png,data/renders/aperture/polygon_03_ap+0.10_socket_v1.png,data/renders/aperture/polygon_03_ap+0.10_socket_v2.png,0.828367701211671,yes,0.7028984427452087,0.1354,1,1,1
test,polygon,polygon_03,polygon_03_ap+0.00,0.0,ambiguous,boundary,-0.001,data/renders/procedural/polygon_03_peg_v1.png,data/renders/procedural/polygon_03_peg_v2.png,data/renders/aperture/polygon_03_ap+0.00_socket_v1.png,data/renders/aperture/polygon_03_ap+0.00_socket_v2.png,0.8258848043492323,yes,0.7178203463554382,-0.0677,0,1,1
test,polygon,polygon_03,polygon_03_ap-0.10,-0.1,ambiguous,off_centre,-0.1162,data/renders/procedural/polygon_03_peg_v1.png,data/renders/procedural/polygon_03_peg_v2.png,data/renders/aperture/polygon_03_ap-0.10_socket_v1.png,data/renders/aperture/polygon_03_ap-0.10_socket_v2.png,0.8295127806400326,yes,0.7165212631225586,-0.2031,0,1,1
test,polygon,polygon_03,polygon_03_ap-0.30,-0.3,incompatible,,-0.3467,data/renders/procedural/polygon_03_peg_v1.png,data/renders/procedural/polygon_03_peg_v2.png,data/renders/aperture/polygon_03_ap-0.30_socket_v1.png,data/renders/aperture/polygon_03_ap-0.30_socket_v2.png,0.8253243906631396,yes,0.6969680786132812,-0.4062,0,1,1
test,polygon,polygon_03,polygon_03_ap-0.60,-0.6,incompatible,,-0.6934,data/renders/procedural/polygon_03_peg_v1.png,data/renders/procedural/polygon_03_peg_v2.png,data/renders/aperture/polygon_03_ap-0.60_socket_v1.png,data/renders/aperture/polygon_03_ap-0.60_socket_v2.png,0.8289518755964165,yes,0.7098678350448608,-0.757,0,1,1
test,polygon,polygon_03,polygon_03_ap-1.20,-1.2,incompatible,,-1.3867,data/renders/procedural/polygon_03_peg_v1.png,data/renders/procedural/polygon_03_peg_v2.png,data/renders/aperture/polygon_03_ap-1.20_socket_v1.png,data/renders/aperture/polygon_03_ap-1.20_socket_v2.png,0.841031336142013,yes,0.7354339957237244,-1.4538,0,1,1
test,polygon,polygon_04,polygon_04,0.3,compatible,,0.2999,data/renders/procedural/polygon_04_peg_v1.png,data/renders/procedural/polygon_04_peg_v2.png,data/renders/procedural/polygon_04_socket_v1.png,data/renders/procedural/polygon_04_socket_v2.png,0.8459848411932148,yes,0.7676233649253845,0.2792,1,1,1
test,polygon,polygon_04,polygon_04_ap+0.10,0.1,compatible,,0.1,data/renders/procedural/polygon_04_peg_v1.png,data/renders/procedural/polygon_04_peg_v2.png,data/renders/aperture/polygon_04_ap+0.10_socket_v1.png,data/renders/aperture/polygon_04_ap+0.10_socket_v2.png,0.8365036235261912,yes,0.7486074566841125,0.1354,1,1,1
test,polygon,polygon_04,polygon_04_ap+0.00,0.0,ambiguous,boundary,-0.001,data/renders/procedural/polygon_04_peg_v1.png,data/renders/procedural/polygon_04_peg_v2.png,data/renders/aperture/polygon_04_ap+0.00_socket_v1.png,data/renders/aperture/polygon_04_ap+0.00_socket_v2.png,0.836293631201909,yes,0.7459602952003479,0.0677,1,1,1
test,polygon,polygon_04,polygon_04_ap-0.10,-0.1,ambiguous,off_centre,-0.1162,data/renders/procedural/polygon_04_peg_v1.png,data/renders/procedural/polygon_04_peg_v2.png,data/renders/aperture/polygon_04_ap-0.10_socket_v1.png,data/renders/aperture/polygon_04_ap-0.10_socket_v2.png,0.8406515779872504,yes,0.747314989566803,-0.1354,0,1,1
test,polygon,polygon_04,polygon_04_ap-0.30,-0.3,incompatible,,-0.3467,data/renders/procedural/polygon_04_peg_v1.png,data/renders/procedural/polygon_04_peg_v2.png,data/renders/aperture/polygon_04_ap-0.30_socket_v1.png,data/renders/aperture/polygon_04_ap-0.30_socket_v2.png,0.8424024874971502,yes,0.7488903999328613,-0.3948,0,1,1
test,polygon,polygon_04,polygon_04_ap-0.60,-0.6,incompatible,,-0.6934,data/renders/procedural/polygon_04_peg_v1.png,data/renders/procedural/polygon_04_peg_v2.png,data/renders/aperture/polygon_04_ap-0.60_socket_v1.png,data/renders/aperture/polygon_04_ap-0.60_socket_v2.png,0.847877909102724,yes,0.7498301267623901,-0.6971,0,1,1
test,polygon,polygon_04,polygon_04_ap-1.20,-1.2,incompatible,,-1.3867,data/renders/procedural/polygon_04_peg_v1.png,data/renders/procedural/polygon_04_peg_v2.png,data/renders/aperture/polygon_04_ap-1.20_socket_v1.png,data/renders/aperture/polygon_04_ap-1.20_socket_v2.png,0.8468251654054106,yes,0.7405386567115784,-1.4219,0,1,1
test,polygon,polygon_05,polygon_05,0.3,compatible,,0.2999,data/renders/procedural/polygon_05_peg_v1.png,data/renders/procedural/polygon_05_peg_v2.png,data/renders/procedural/polygon_05_socket_v1.png,data/renders/procedural/polygon_05_socket_v2.png,0.8257129331875092,yes,0.6776339411735535,0.3385,1,1,1
test,polygon,polygon_05,polygon_05_ap+0.10,0.1,compatible,,0.1,data/renders/procedural/polygon_05_peg_v1.png,data/renders/procedural/polygon_05_peg_v2.png,data/renders/aperture/polygon_05_ap+0.10_socket_v1.png,data/renders/aperture/polygon_05_ap+0.10_socket_v2.png,0.8290151222472205,yes,0.6859642267227173,0.1354,1,1,1
test,polygon,polygon_05,polygon_05_ap+0.00,0.0,ambiguous,boundary,-0.001,data/renders/procedural/polygon_05_peg_v1.png,data/renders/procedural/polygon_05_peg_v2.png,data/renders/aperture/polygon_05_ap+0.00_socket_v1.png,data/renders/aperture/polygon_05_ap+0.00_socket_v2.png,0.8290146119987475,yes,0.6859554052352905,0.0677,1,1,1
test,polygon,polygon_05,polygon_05_ap-0.10,-0.1,ambiguous,off_centre,-0.1084,data/renders/procedural/polygon_05_peg_v1.png,data/renders/procedural/polygon_05_peg_v2.png,data/renders/aperture/polygon_05_ap-0.10_socket_v1.png,data/renders/aperture/polygon_05_ap-0.10_socket_v2.png,0.8289739781564374,yes,0.6913251280784607,-0.1514,0,1,1
test,polygon,polygon_05,polygon_05_ap-0.30,-0.3,incompatible,,-0.3252,data/renders/procedural/polygon_05_peg_v1.png,data/renders/procedural/polygon_05_peg_v2.png,data/renders/aperture/polygon_05_ap-0.30_socket_v1.png,data/renders/aperture/polygon_05_ap-0.30_socket_v2.png,0.8236855512947431,yes,0.6721502542495728,-0.3646,0,1,1
test,polygon,polygon_05,polygon_05_ap-0.60,-0.6,incompatible,,-0.6504,data/renders/procedural/polygon_05_peg_v1.png,data/renders/procedural/polygon_05_peg_v2.png,data/renders/aperture/polygon_05_ap-0.60_socket_v1.png,data/renders/aperture/polygon_05_ap-0.60_socket_v2.png,0.8241840172947701,yes,0.6667309403419495,-0.6668,0,1,1
test,polygon,polygon_05,polygon_05_ap-1.20,-1.2,incompatible,,-1.2998,data/renders/procedural/polygon_05_peg_v1.png,data/renders/procedural/polygon_05_peg_v2.png,data/renders/aperture/polygon_05_ap-1.20_socket_v1.png,data/renders/aperture/polygon_05_ap-1.20_socket_v2.png,0.8343341948650569,yes,0.7011308670043945,-1.3077,0,1,1
calib,rect,rect_01,rect_01,0.3,compatible,,0.2999,data/renders/procedural/rect_01_peg_v1.png,data/renders/procedural/rect_01_peg_v2.png,data/renders/procedural/rect_01_socket_v1.png,data/renders/procedural/rect_01_socket_v2.png,0.778214554947123,yes,0.5883927941322327,0.3385,1,0,1
calib,rect,rect_01,rect_01_ap+0.10,0.1,compatible,,0.1,data/renders/procedural/rect_01_peg_v1.png,data/renders/procedural/rect_01_peg_v2.png,data/renders/aperture/rect_01_ap+0.10_socket_v1.png,data/renders/aperture/rect_01_ap+0.10_socket_v2.png,0.7568508570847751,yes,0.5377328395843506,0.1354,1,0,1
calib,rect,rect_01,rect_01_ap+0.00,0.0,ambiguous,boundary,0.0,data/renders/procedural/rect_01_peg_v1.png,data/renders/procedural/rect_01_peg_v2.png,data/renders/aperture/rect_01_ap+0.00_socket_v1.png,data/renders/aperture/rect_01_ap+0.00_socket_v2.png,0.7628799939048746,yes,0.5444714426994324,0.0677,1,0,1
calib,rect,rect_01,rect_01_ap-0.10,-0.1,ambiguous,off_centre,-0.1416,data/renders/procedural/rect_01_peg_v1.png,data/renders/procedural/rect_01_peg_v2.png,data/renders/aperture/rect_01_ap-0.10_socket_v1.png,data/renders/aperture/rect_01_ap-0.10_socket_v2.png,0.7565184673237354,yes,0.5350390076637268,-0.1915,0,0,1
calib,rect,rect_01,rect_01_ap-0.30,-0.3,incompatible,,-0.4248,data/renders/procedural/rect_01_peg_v1.png,data/renders/procedural/rect_01_peg_v2.png,data/renders/aperture/rect_01_ap-0.30_socket_v1.png,data/renders/aperture/rect_01_ap-0.30_socket_v2.png,0.7584908701170449,yes,0.5508097410202026,-0.4335,0,0,1
calib,rect,rect_01,rect_01_ap-0.60,-0.6,incompatible,,-0.8486,data/renders/procedural/rect_01_peg_v1.png,data/renders/procedural/rect_01_peg_v2.png,data/renders/aperture/rect_01_ap-0.60_socket_v1.png,data/renders/aperture/rect_01_ap-0.60_socket_v2.png,0.7571810679027736,yes,0.5403977036476135,-0.8618,0,0,1
calib,rect,rect_01,rect_01_ap-1.20,-1.2,incompatible,,-1.6973,data/renders/procedural/rect_01_peg_v1.png,data/renders/procedural/rect_01_peg_v2.png,data/renders/aperture/rect_01_ap-1.20_socket_v1.png,data/renders/aperture/rect_01_ap-1.20_socket_v2.png,0.7636469675988625,yes,0.5638657212257385,-1.7236,0,0,1
calib,rect,rect_02,rect_02,0.3,compatible,,0.2999,data/renders/procedural/rect_02_peg_v1.png,data/renders/procedural/rect_02_peg_v2.png,data/renders/procedural/rect_02_socket_v1.png,data/renders/procedural/rect_02_socket_v2.png,0.7889317843218585,yes,0.6202701330184937,0.3385,1,1,1
calib,rect,rect_02,rect_02_ap+0.10,0.1,compatible,,0.1,data/renders/procedural/rect_02_peg_v1.png,data/renders/procedural/rect_02_peg_v2.png,data/renders/aperture/rect_02_ap+0.10_socket_v1.png,data/renders/aperture/rect_02_ap+0.10_socket_v2.png,0.7702909574630377,yes,0.5423773527145386,0.1354,1,0,1
calib,rect,rect_02,rect_02_ap+0.00,0.0,ambiguous,boundary,0.0,data/renders/procedural/rect_02_peg_v1.png,data/renders/procedural/rect_02_peg_v2.png,data/renders/aperture/rect_02_ap+0.00_socket_v1.png,data/renders/aperture/rect_02_ap+0.00_socket_v2.png,0.775627376459908,yes,0.5536207556724548,0.0677,1,0,1
calib,rect,rect_02,rect_02_ap-0.10,-0.1,ambiguous,off_centre,-0.1416,data/renders/procedural/rect_02_peg_v1.png,data/renders/procedural/rect_02_peg_v2.png,data/renders/aperture/rect_02_ap-0.10_socket_v1.png,data/renders/aperture/rect_02_ap-0.10_socket_v2.png,0.7733627548011084,yes,0.5470497608184814,-0.1915,0,0,1
calib,rect,rect_02,rect_02_ap-0.30,-0.3,incompatible,,-0.4248,data/renders/procedural/rect_02_peg_v1.png,data/renders/procedural/rect_02_peg_v2.png,data/renders/aperture/rect_02_ap-0.30_socket_v1.png,data/renders/aperture/rect_02_ap-0.30_socket_v2.png,0.7743182969300412,yes,0.5427119135856628,-0.4335,0,0,1
calib,rect,rect_02,rect_02_ap-0.60,-0.6,incompatible,,-0.8486,data/renders/procedural/rect_02_peg_v1.png,data/renders/procedural/rect_02_peg_v2.png,data/renders/aperture/rect_02_ap-0.60_socket_v1.png,data/renders/aperture/rect_02_ap-0.60_socket_v2.png,0.7724772628142248,yes,0.5363604426383972,-0.8618,0,0,1
calib,rect,rect_02,rect_02_ap-1.20,-1.2,incompatible,,-1.6973,data/renders/procedural/rect_02_peg_v1.png,data/renders/procedural/rect_02_peg_v2.png,data/renders/aperture/rect_02_ap-1.20_socket_v1.png,data/renders/aperture/rect_02_ap-1.20_socket_v2.png,0.76816652476974,yes,0.5457932353019714,-1.7236,0,0,1
calib,rect,rect_03,rect_03,0.3,compatible,,0.2999,data/renders/procedural/rect_03_peg_v1.png,data/renders/procedural/rect_03_peg_v2.png,data/renders/procedural/rect_03_socket_v1.png,data/renders/procedural/rect_03_socket_v2.png,0.781490603409094,yes,0.6184666156768799,0.3385,1,0,1
calib,rect,rect_03,rect_03_ap+0.10,0.1,compatible,,0.1,data/renders/procedural/rect_03_peg_v1.png,data/renders/procedural/rect_03_peg_v2.png,data/renders/aperture/rect_03_ap+0.10_socket_v1.png,data/renders/aperture/rect_03_ap+0.10_socket_v2.png,0.7691621926989659,yes,0.581535279750824,0.1915,1,0,1
calib,rect,rect_03,rect_03_ap+0.00,0.0,ambiguous,boundary,0.0,data/renders/procedural/rect_03_peg_v1.png,data/renders/procedural/rect_03_peg_v2.png,data/renders/aperture/rect_03_ap+0.00_socket_v1.png,data/renders/aperture/rect_03_ap+0.00_socket_v2.png,0.7652492771134762,yes,0.5696635246276855,0.0677,1,0,1
calib,rect,rect_03,rect_03_ap-0.10,-0.1,ambiguous,off_centre,-0.1416,data/renders/procedural/rect_03_peg_v1.png,data/renders/procedural/rect_03_peg_v2.png,data/renders/aperture/rect_03_ap-0.10_socket_v1.png,data/renders/aperture/rect_03_ap-0.10_socket_v2.png,0.7608179215235811,yes,0.561794638633728,-0.1514,0,0,1
calib,rect,rect_03,rect_03_ap-0.30,-0.3,incompatible,,-0.4248,data/renders/procedural/rect_03_peg_v1.png,data/renders/procedural/rect_03_peg_v2.png,data/renders/aperture/rect_03_ap-0.30_socket_v1.png,data/renders/aperture/rect_03_ap-0.30_socket_v2.png,0.7641242532860429,yes,0.5820441246032715,-0.383,0,0,1
calib,rect,rect_03,rect_03_ap-0.60,-0.6,incompatible,,-0.8486,data/renders/procedural/rect_03_peg_v1.png,data/renders/procedural/rect_03_peg_v2.png,data/renders/aperture/rect_03_ap-0.60_socket_v1.png,data/renders/aperture/rect_03_ap-0.60_socket_v2.png,0.7696524568169943,yes,0.6010130047798157,-0.8618,0,0,1
calib,rect,rect_03,rect_03_ap-1.20,-1.2,incompatible,,-1.6973,data/renders/procedural/rect_03_peg_v1.png,data/renders/procedural/rect_03_peg_v2.png,data/renders/aperture/rect_03_ap-1.20_socket_v1.png,data/renders/aperture/rect_03_ap-1.20_socket_v2.png,0.7646742449337246,yes,0.5867147445678711,-1.6764,0,0,1
calib,rect,rect_04,rect_04,0.3,compatible,,0.2999,data/renders/procedural/rect_04_peg_v1.png,data/renders/procedural/rect_04_peg_v2.png,data/renders/procedural/rect_04_socket_v1.png,data/renders/procedural/rect_04_socket_v2.png,0.7901481154783527,yes,0.5739661455154419,0.3385,1,1,1
calib,rect,rect_04,rect_04_ap+0.10,0.1,compatible,,0.1,data/renders/procedural/rect_04_peg_v1.png,data/renders/procedural/rect_04_peg_v2.png,data/renders/aperture/rect_04_ap+0.10_socket_v1.png,data/renders/aperture/rect_04_ap+0.10_socket_v2.png,0.7688906165849357,yes,0.49694815278053284,0.1354,1,0,1
calib,rect,rect_04,rect_04_ap+0.00,0.0,ambiguous,boundary,0.0,data/renders/procedural/rect_04_peg_v1.png,data/renders/procedural/rect_04_peg_v2.png,data/renders/aperture/rect_04_ap+0.00_socket_v1.png,data/renders/aperture/rect_04_ap+0.00_socket_v2.png,0.7677510479416757,yes,0.4879603981971741,0.0677,1,0,1
calib,rect,rect_04,rect_04_ap-0.10,-0.1,ambiguous,off_centre,-0.1416,data/renders/procedural/rect_04_peg_v1.png,data/renders/procedural/rect_04_peg_v2.png,data/renders/aperture/rect_04_ap-0.10_socket_v1.png,data/renders/aperture/rect_04_ap-0.10_socket_v2.png,0.7681339623641348,yes,0.4909408390522003,-0.1514,0,0,1
calib,rect,rect_04,rect_04_ap-0.30,-0.3,incompatible,,-0.4248,data/renders/procedural/rect_04_peg_v1.png,data/renders/procedural/rect_04_peg_v2.png,data/renders/aperture/rect_04_ap-0.30_socket_v1.png,data/renders/aperture/rect_04_ap-0.30_socket_v2.png,0.7643636336821923,yes,0.47187188267707825,-0.4335,0,0,1
calib,rect,rect_04,rect_04_ap-0.60,-0.6,incompatible,,-0.8486,data/renders/procedural/rect_04_peg_v1.png,data/renders/procedural/rect_04_peg_v2.png,data/renders/aperture/rect_04_ap-0.60_socket_v1.png,data/renders/aperture/rect_04_ap-0.60_socket_v2.png,0.7688924068965443,yes,0.4969351887702942,-0.8618,0,0,1
calib,rect,rect_04,rect_04_ap-1.20,-1.2,incompatible,,-1.6973,data/renders/procedural/rect_04_peg_v1.png,data/renders/procedural/rect_04_peg_v2.png,data/renders/aperture/rect_04_ap-1.20_socket_v1.png,data/renders/aperture/rect_04_ap-1.20_socket_v2.png,0.7645713764372905,yes,0.48314693570137024,-1.7236,0,0,1
calib,rect,rect_05,rect_05,0.3,compatible,,0.2999,data/renders/procedural/rect_05_peg_v1.png,data/renders/procedural/rect_05_peg_v2.png,data/renders/procedural/rect_05_socket_v1.png,data/renders/procedural/rect_05_socket_v2.png,0.7581933433573929,yes,0.6237264275550842,0.3385,1,0,1
calib,rect,rect_05,rect_05_ap+0.10,0.1,compatible,,0.1,data/renders/procedural/rect_05_peg_v1.png,data/renders/procedural/rect_05_peg_v2.png,data/renders/aperture/rect_05_ap+0.10_socket_v1.png,data/renders/aperture/rect_05_ap+0.10_socket_v2.png,0.7553284586462506,yes,0.5976616740226746,0.1354,1,0,1
calib,rect,rect_05,rect_05_ap+0.00,0.0,ambiguous,boundary,0.0,data/renders/procedural/rect_05_peg_v1.png,data/renders/procedural/rect_05_peg_v2.png,data/renders/aperture/rect_05_ap+0.00_socket_v1.png,data/renders/aperture/rect_05_ap+0.00_socket_v2.png,0.7513393672308278,yes,0.5925745368003845,0.0677,1,0,1
calib,rect,rect_05,rect_05_ap-0.10,-0.1,ambiguous,off_centre,-0.1416,data/renders/procedural/rect_05_peg_v1.png,data/renders/procedural/rect_05_peg_v2.png,data/renders/aperture/rect_05_ap-0.10_socket_v1.png,data/renders/aperture/rect_05_ap-0.10_socket_v2.png,0.7467994051914278,yes,0.5928313732147217,-0.1514,0,0,1
calib,rect,rect_05,rect_05_ap-0.30,-0.3,incompatible,,-0.4248,data/renders/procedural/rect_05_peg_v1.png,data/renders/procedural/rect_05_peg_v2.png,data/renders/aperture/rect_05_ap-0.30_socket_v1.png,data/renders/aperture/rect_05_ap-0.30_socket_v2.png,0.7479056602849804,yes,0.5859573483467102,-0.4335,0,0,1
calib,rect,rect_05,rect_05_ap-0.60,-0.6,incompatible,,-0.8486,data/renders/procedural/rect_05_peg_v1.png,data/renders/procedural/rect_05_peg_v2.png,data/renders/aperture/rect_05_ap-0.60_socket_v1.png,data/renders/aperture/rect_05_ap-0.60_socket_v2.png,0.7411873522783825,yes,0.5747418403625488,-0.8618,0,0,1
calib,rect,rect_05,rect_05_ap-1.20,-1.2,incompatible,,-1.6973,data/renders/procedural/rect_05_peg_v1.png,data/renders/procedural/rect_05_peg_v2.png,data/renders/aperture/rect_05_ap-1.20_socket_v1.png,data/renders/aperture/rect_05_ap-1.20_socket_v2.png,0.7379832052795008,yes,0.5800907015800476,-1.6764,0,0,1
calib,square,square_01,square_01,0.3,compatible,,0.2999,data/renders/procedural/square_01_peg_v1.png,data/renders/procedural/square_01_peg_v2.png,data/renders/procedural/square_01_socket_v1.png,data/renders/procedural/square_01_socket_v2.png,0.7840466485029044,yes,0.6485651731491089,0.2792,1,0,1
calib,square,square_01,square_01_ap+0.10,0.1,compatible,,0.1,data/renders/procedural/square_01_peg_v1.png,data/renders/procedural/square_01_peg_v2.png,data/renders/aperture/square_01_ap+0.10_socket_v1.png,data/renders/aperture/square_01_ap+0.10_socket_v2.png,0.778111664253149,yes,0.6197460889816284,0.1354,1,0,1
calib,square,square_01,square_01_ap+0.00,0.0,ambiguous,boundary,0.0,data/renders/procedural/square_01_peg_v1.png,data/renders/procedural/square_01_peg_v2.png,data/renders/aperture/square_01_ap+0.00_socket_v1.png,data/renders/aperture/square_01_ap+0.00_socket_v2.png,0.7745217701236852,yes,0.6089221835136414,0.0677,1,0,1
calib,square,square_01,square_01_ap-0.10,-0.1,ambiguous,off_centre,-0.1416,data/renders/procedural/square_01_peg_v1.png,data/renders/procedural/square_01_peg_v2.png,data/renders/aperture/square_01_ap-0.10_socket_v1.png,data/renders/aperture/square_01_ap-0.10_socket_v2.png,0.7788677707904407,yes,0.6203093528747559,-0.1915,0,0,1
calib,square,square_01,square_01_ap-0.30,-0.3,incompatible,,-0.4248,data/renders/procedural/square_01_peg_v1.png,data/renders/procedural/square_01_peg_v2.png,data/renders/aperture/square_01_ap-0.30_socket_v1.png,data/renders/aperture/square_01_ap-0.30_socket_v2.png,0.781205616849923,yes,0.6444575190544128,-0.4335,0,0,1
calib,square,square_01,square_01_ap-0.60,-0.6,incompatible,,-0.8486,data/renders/procedural/square_01_peg_v1.png,data/renders/procedural/square_01_peg_v2.png,data/renders/aperture/square_01_ap-0.60_socket_v1.png,data/renders/aperture/square_01_ap-0.60_socket_v2.png,0.7771785687649841,yes,0.6285226941108704,-0.8618,0,0,1
calib,square,square_01,square_01_ap-1.20,-1.2,incompatible,,-1.6973,data/renders/procedural/square_01_peg_v1.png,data/renders/procedural/square_01_peg_v2.png,data/renders/aperture/square_01_ap-1.20_socket_v1.png,data/renders/aperture/square_01_ap-1.20_socket_v2.png,0.7789912544401456,yes,0.6408876776695251,-1.7236,0,0,1
calib,square,square_02,square_02,0.3,compatible,,0.2999,data/renders/procedural/square_02_peg_v1.png,data/renders/procedural/square_02_peg_v2.png,data/renders/procedural/square_02_socket_v1.png,data/renders/procedural/square_02_socket_v2.png,0.7990027298000534,yes,0.6761840581893921,0.3385,1,1,1
calib,square,square_02,square_02_ap+0.10,0.1,compatible,,0.1,data/renders/procedural/square_02_peg_v1.png,data/renders/procedural/square_02_peg_v2.png,data/renders/aperture/square_02_ap+0.10_socket_v1.png,data/renders/aperture/square_02_ap+0.10_socket_v2.png,0.7863155551479316,yes,0.6182023882865906,0.1354,1,0,1
calib,square,square_02,square_02_ap+0.00,0.0,ambiguous,boundary,0.0,data/renders/procedural/square_02_peg_v1.png,data/renders/procedural/square_02_peg_v2.png,data/renders/aperture/square_02_ap+0.00_socket_v1.png,data/renders/aperture/square_02_ap+0.00_socket_v2.png,0.7882988813821917,yes,0.6238492131233215,0.0677,1,1,1
calib,square,square_02,square_02_ap-0.10,-0.1,ambiguous,off_centre,-0.1416,data/renders/procedural/square_02_peg_v1.png,data/renders/procedural/square_02_peg_v2.png,data/renders/aperture/square_02_ap-0.10_socket_v1.png,data/renders/aperture/square_02_ap-0.10_socket_v2.png,0.788508838460103,yes,0.6260121464729309,-0.1514,0,1,1
calib,square,square_02,square_02_ap-0.30,-0.3,incompatible,,-0.4248,data/renders/procedural/square_02_peg_v1.png,data/renders/procedural/square_02_peg_v2.png,data/renders/aperture/square_02_ap-0.30_socket_v1.png,data/renders/aperture/square_02_ap-0.30_socket_v2.png,0.7817388086303181,yes,0.5976793169975281,-0.4335,0,0,1
calib,square,square_02,square_02_ap-0.60,-0.6,incompatible,,-0.8486,data/renders/procedural/square_02_peg_v1.png,data/renders/procedural/square_02_peg_v2.png,data/renders/aperture/square_02_ap-0.60_socket_v1.png,data/renders/aperture/square_02_ap-0.60_socket_v2.png,0.7866498958570695,yes,0.6143121719360352,-0.8618,0,0,1
calib,square,square_02,square_02_ap-1.20,-1.2,incompatible,,-1.6973,data/renders/procedural/square_02_peg_v1.png,data/renders/procedural/square_02_peg_v2.png,data/renders/aperture/square_02_ap-1.20_socket_v1.png,data/renders/aperture/square_02_ap-1.20_socket_v2.png,0.7831741425445609,yes,0.613644540309906,-1.7236,0,0,1
calib,square,square_03,square_03,0.3,compatible,,0.2999,data/renders/procedural/square_03_peg_v1.png,data/renders/procedural/square_03_peg_v2.png,data/renders/procedural/square_03_socket_v1.png,data/renders/procedural/square_03_socket_v2.png,0.7918472397073031,yes,0.6184253096580505,0.3646,1,1,1
calib,square,square_03,square_03_ap+0.10,0.1,compatible,,0.1,data/renders/procedural/square_03_peg_v1.png,data/renders/procedural/square_03_peg_v2.png,data/renders/aperture/square_03_ap+0.10_socket_v1.png,data/renders/aperture/square_03_ap+0.10_socket_v2.png,0.7841439094036956,yes,0.5973471403121948,0.1915,1,0,1
calib,square,square_03,square_03_ap+0.00,0.0,ambiguous,boundary,0.0,data/renders/procedural/square_03_peg_v1.png,data/renders/procedural/square_03_peg_v2.png,data/renders/aperture/square_03_ap+0.00_socket_v1.png,data/renders/aperture/square_03_ap+0.00_socket_v2.png,0.7789829915568497,yes,0.5657777190208435,0.0677,1,0,1
calib,square,square_03,square_03_ap-0.10,-0.1,ambiguous,off_centre,-0.1416,data/renders/procedural/square_03_peg_v1.png,data/renders/procedural/square_03_peg_v2.png,data/renders/aperture/square_03_ap-0.10_socket_v1.png,data/renders/aperture/square_03_ap-0.10_socket_v2.png,0.777976719170218,yes,0.5478286147117615,-0.1514,0,0,1
calib,square,square_03,square_03_ap-0.30,-0.3,incompatible,,-0.4248,data/renders/procedural/square_03_peg_v1.png,data/renders/procedural/square_03_peg_v2.png,data/renders/aperture/square_03_ap-0.30_socket_v1.png,data/renders/aperture/square_03_ap-0.30_socket_v2.png,0.7791411044776217,yes,0.5730323195457458,-0.383,0,0,1
calib,square,square_03,square_03_ap-0.60,-0.6,incompatible,,-0.8486,data/renders/procedural/square_03_peg_v1.png,data/renders/procedural/square_03_peg_v2.png,data/renders/aperture/square_03_ap-0.60_socket_v1.png,data/renders/aperture/square_03_ap-0.60_socket_v2.png,0.7831271860791595,yes,0.5876085162162781,-0.8618,0,0,1
calib,square,square_03,square_03_ap-1.20,-1.2,incompatible,,-1.6973,data/renders/procedural/square_03_peg_v1.png,data/renders/procedural/square_03_peg_v2.png,data/renders/aperture/square_03_ap-1.20_socket_v1.png,data/renders/aperture/square_03_ap-1.20_socket_v2.png,0.7870995638381266,yes,0.6188486814498901,-1.6764,0,0,1
calib,square,square_04,square_04,0.3,compatible,,0.2999,data/renders/procedural/square_04_peg_v1.png,data/renders/procedural/square_04_peg_v2.png,data/renders/procedural/square_04_socket_v1.png,data/renders/procedural/square_04_socket_v2.png,0.7887614512417298,yes,0.5800955295562744,0.3385,1,1,1
calib,square,square_04,square_04_ap+0.10,0.1,compatible,,0.1,data/renders/procedural/square_04_peg_v1.png,data/renders/procedural/square_04_peg_v2.png,data/renders/aperture/square_04_ap+0.10_socket_v1.png,data/renders/aperture/square_04_ap+0.10_socket_v2.png,0.7737366254580101,yes,0.5189611911773682,0.1354,1,0,1
calib,square,square_04,square_04_ap+0.00,0.0,ambiguous,boundary,0.0,data/renders/procedural/square_04_peg_v1.png,data/renders/procedural/square_04_peg_v2.png,data/renders/aperture/square_04_ap+0.00_socket_v1.png,data/renders/aperture/square_04_ap+0.00_socket_v2.png,0.7762316610097384,yes,0.5285659432411194,0.0677,1,0,1
calib,square,square_04,square_04_ap-0.10,-0.1,ambiguous,off_centre,-0.1416,data/renders/procedural/square_04_peg_v1.png,data/renders/procedural/square_04_peg_v2.png,data/renders/aperture/square_04_ap-0.10_socket_v1.png,data/renders/aperture/square_04_ap-0.10_socket_v2.png,0.780316911134499,yes,0.5206824541091919,-0.1915,0,0,1
calib,square,square_04,square_04_ap-0.30,-0.3,incompatible,,-0.4248,data/renders/procedural/square_04_peg_v1.png,data/renders/procedural/square_04_peg_v2.png,data/renders/aperture/square_04_ap-0.30_socket_v1.png,data/renders/aperture/square_04_ap-0.30_socket_v2.png,0.771577035892029,yes,0.498595267534256,-0.4335,0,0,1
calib,square,square_04,square_04_ap-0.60,-0.6,incompatible,,-0.8486,data/renders/procedural/square_04_peg_v1.png,data/renders/procedural/square_04_peg_v2.png,data/renders/aperture/square_04_ap-0.60_socket_v1.png,data/renders/aperture/square_04_ap-0.60_socket_v2.png,0.7673740248898161,yes,0.4848783016204834,-0.8618,0,0,1
calib,square,square_04,square_04_ap-1.20,-1.2,incompatible,,-1.6973,data/renders/procedural/square_04_peg_v1.png,data/renders/procedural/square_04_peg_v2.png,data/renders/aperture/square_04_ap-1.20_socket_v1.png,data/renders/aperture/square_04_ap-1.20_socket_v2.png,0.7627935083633262,yes,0.4792066216468811,-1.7236,0,0,1
test,star,star_01,star_01,0.3,compatible,,0.2999,data/renders/procedural/star_01_peg_v1.png,data/renders/procedural/star_01_peg_v2.png,data/renders/procedural/star_01_socket_v1.png,data/renders/procedural/star_01_socket_v2.png,0.806213870902098,yes,0.5268317461013794,0.3028,1,1,1
test,star,star_01,star_01_ap+0.10,0.1,compatible,,0.1,data/renders/procedural/star_01_peg_v1.png,data/renders/procedural/star_01_peg_v2.png,data/renders/aperture/star_01_ap+0.10_socket_v1.png,data/renders/aperture/star_01_ap+0.10_socket_v2.png,0.805474239647024,yes,0.5206316113471985,0.1354,1,1,1
test,star,star_01,star_01_ap+0.00,0.0,ambiguous,boundary,-0.001,data/renders/procedural/star_01_peg_v1.png,data/renders/procedural/star_01_peg_v2.png,data/renders/aperture/star_01_ap+0.00_socket_v1.png,data/renders/aperture/star_01_ap+0.00_socket_v2.png,0.7966470850197087,yes,0.5034316182136536,0.0677,1,1,1
test,star,star_01,star_01_ap-0.10,-0.1,incompatible,,-0.209,data/renders/procedural/star_01_peg_v1.png,data/renders/procedural/star_01_peg_v2.png,data/renders/aperture/star_01_ap-0.10_socket_v1.png,data/renders/aperture/star_01_ap-0.10_socket_v2.png,0.8009783425599611,yes,0.5003506541252136,-0.2031,0,1,1
test,star,star_01,star_01_ap-0.30,-0.3,incompatible,,-0.626,data/renders/procedural/star_01_peg_v1.png,data/renders/procedural/star_01_peg_v2.png,data/renders/aperture/star_01_ap-0.30_socket_v1.png,data/renders/aperture/star_01_ap-0.30_socket_v2.png,0.8000488734895007,yes,0.5026887655258179,-0.6771,0,1,1
test,star,star_01,star_01_ap-0.60,-0.6,incompatible,,-1.251,data/renders/procedural/star_01_peg_v1.png,data/renders/procedural/star_01_peg_v2.png,data/renders/aperture/star_01_ap-0.60_socket_v1.png,data/renders/aperture/star_01_ap-0.60_socket_v2.png,0.7998040120982589,yes,0.49084311723709106,-1.2865,0,1,1
test,star,star_01,star_01_ap-1.20,-1.2,incompatible,,-2.0,data/renders/procedural/star_01_peg_v1.png,data/renders/procedural/star_01_peg_v2.png,data/renders/aperture/star_01_ap-1.20_socket_v1.png,data/renders/aperture/star_01_ap-1.20_socket_v2.png,0.8127125766359391,yes,0.5253373980522156,-2.5052,0,1,1
test,star,star_02,star_02,0.3,compatible,,0.2999,data/renders/procedural/star_02_peg_v1.png,data/renders/procedural/star_02_peg_v2.png,data/renders/procedural/star_02_socket_v1.png,data/renders/procedural/star_02_socket_v2.png,0.8222286602992182,yes,0.6146577596664429,0.3028,1,1,1
test,star,star_02,star_02_ap+0.10,0.1,compatible,,0.1,data/renders/procedural/star_02_peg_v1.png,data/renders/procedural/star_02_peg_v2.png,data/renders/aperture/star_02_ap+0.10_socket_v1.png,data/renders/aperture/star_02_ap+0.10_socket_v2.png,0.8217066826350908,yes,0.6237629652023315,0.0677,1,1,1
test,star,star_02,star_02_ap+0.00,0.0,ambiguous,boundary,-0.001,data/renders/procedural/star_02_peg_v1.png,data/renders/procedural/star_02_peg_v2.png,data/renders/aperture/star_02_ap+0.00_socket_v1.png,data/renders/aperture/star_02_ap+0.00_socket_v2.png,0.8242137411027445,yes,0.6280233263969421,0.0677,1,1,1
test,star,star_02,star_02_ap-0.10,-0.1,incompatible,,-0.2266,data/renders/procedural/star_02_peg_v1.png,data/renders/procedural/star_02_peg_v2.png,data/renders/aperture/star_02_ap-0.10_socket_v1.png,data/renders/aperture/star_02_ap-0.10_socket_v2.png,0.8216577227962825,yes,0.6166313886642456,-0.2873,0,1,1
test,star,star_02,star_02_ap-0.30,-0.3,incompatible,,-0.6787,data/renders/procedural/star_02_peg_v1.png,data/renders/procedural/star_02_peg_v2.png,data/renders/aperture/star_02_ap-0.30_socket_v1.png,data/renders/aperture/star_02_ap-0.30_socket_v2.png,0.8231537561524723,yes,0.6318022012710571,-0.7324,0,1,1
test,star,star_02,star_02_ap-0.60,-0.6,incompatible,,-1.3564,data/renders/procedural/star_02_peg_v1.png,data/renders/procedural/star_02_peg_v2.png,data/renders/aperture/star_02_ap-0.60_socket_v1.png,data/renders/aperture/star_02_ap-0.60_socket_v2.png,0.8166894707102464,yes,0.5882032513618469,-1.3542,0,1,1
test,star,star_02,star_02_ap-1.20,-1.2,incompatible,,-2.0,data/renders/procedural/star_02_peg_v1.png,data/renders/procedural/star_02_peg_v2.png,data/renders/aperture/star_02_ap-1.20_socket_v1.png,data/renders/aperture/star_02_ap-1.20_socket_v2.png,0.8351700550392835,yes,0.6654006242752075,-2.8178,0,1,1
test,star,star_03,star_03,0.3,compatible,,0.2999,data/renders/procedural/star_03_peg_v1.png,data/renders/procedural/star_03_peg_v2.png,data/renders/procedural/star_03_socket_v1.png,data/renders/procedural/star_03_socket_v2.png,0.8191945882367093,yes,0.587378740310669,0.3028,1,1,1
test,star,star_03,star_03_ap+0.10,0.1,compatible,,0.1,data/renders/procedural/star_03_peg_v1.png,data/renders/procedural/star_03_peg_v2.png,data/renders/aperture/star_03_ap+0.10_socket_v1.png,data/renders/aperture/star_03_ap+0.10_socket_v2.png,0.80809855420893,yes,0.5448412299156189,0.1354,1,1,1
test,star,star_03,star_03_ap+0.00,0.0,ambiguous,boundary,-0.001,data/renders/procedural/star_03_peg_v1.png,data/renders/procedural/star_03_peg_v2.png,data/renders/aperture/star_03_ap+0.00_socket_v1.png,data/renders/aperture/star_03_ap+0.00_socket_v2.png,0.8122141431502029,yes,0.5531349778175354,-0.0677,0,1,1
test,star,star_03,star_03_ap-0.10,-0.1,incompatible,,-0.248,data/renders/procedural/star_03_peg_v1.png,data/renders/procedural/star_03_peg_v2.png,data/renders/aperture/star_03_ap-0.10_socket_v1.png,data/renders/aperture/star_03_ap-0.10_socket_v2.png,0.8105111906655078,yes,0.5464512705802917,-0.3028,0,1,1
test,star,star_03,star_03_ap-0.30,-0.3,incompatible,,-0.7441,data/renders/procedural/star_03_peg_v1.png,data/renders/procedural/star_03_peg_v2.png,data/renders/aperture/star_03_ap-0.30_socket_v1.png,data/renders/aperture/star_03_ap-0.30_socket_v2.png,0.8101892693087808,yes,0.5434859395027161,-0.6971,0,1,1
test,star,star_03,star_03_ap-0.60,-0.6,incompatible,,-1.4883,data/renders/procedural/star_03_peg_v1.png,data/renders/procedural/star_03_peg_v2.png,data/renders/aperture/star_03_ap-0.60_socket_v1.png,data/renders/aperture/star_03_ap-0.60_socket_v2.png,0.8148192922093007,yes,0.5549682378768921,-1.4896,0,1,1
test,star,star_03,star_03_ap-1.20,-1.2,incompatible,,-2.0,data/renders/procedural/star_03_peg_v1.png,data/renders/procedural/star_03_peg_v2.png,data/renders/aperture/star_03_ap-1.20_socket_v1.png,data/renders/aperture/star_03_ap-1.20_socket_v2.png,0.8273496219788136,yes,0.5933289527893066,-2.9792,0,1,1
test,star,star_04,star_04,0.3,compatible,,0.2999,data/renders/procedural/star_04_peg_v1.png,data/renders/procedural/star_04_peg_v2.png,data/renders/procedural/star_04_socket_v1.png,data/renders/procedural/star_04_socket_v2.png,0.8132368483495427,yes,0.5806044340133667,0.2441,1,1,1
test,star,star_04,star_04_ap+0.10,0.1,compatible,,0.1,data/renders/procedural/star_04_peg_v1.png,data/renders/procedural/star_04_peg_v2.png,data/renders/aperture/star_04_ap+0.10_socket_v1.png,data/renders/aperture/star_04_ap+0.10_socket_v2.png,0.8036368732860335,yes,0.56597501039505,0.0677,1,1,1
test,star,star_04,star_04_ap+0.00,0.0,ambiguous,boundary,-0.001,data/renders/procedural/star_04_peg_v1.png,data/renders/procedural/star_04_peg_v2.png,data/renders/aperture/star_04_ap+0.00_socket_v1.png,data/renders/aperture/star_04_ap+0.00_socket_v2.png,0.8025134525850841,yes,0.5677523612976074,-0.0677,0,1,1
test,star,star_04,star_04_ap-0.10,-0.1,incompatible,,-0.1641,data/renders/procedural/star_04_peg_v1.png,data/renders/procedural/star_04_peg_v2.png,data/renders/aperture/star_04_ap-0.10_socket_v1.png,data/renders/aperture/star_04_ap-0.10_socket_v2.png,0.80959093994398,yes,0.5675543546676636,-0.2873,0,1,1
test,star,star_04,star_04_ap-0.30,-0.3,incompatible,,-0.4922,data/renders/procedural/star_04_peg_v1.png,data/renders/procedural/star_04_peg_v2.png,data/renders/aperture/star_04_ap-0.30_socket_v1.png,data/renders/aperture/star_04_ap-0.30_socket_v2.png,0.8081290619282737,yes,0.574368953704834,-0.5824,0,1,1
test,star,star_04,star_04_ap-0.60,-0.6,incompatible,,-0.9834,data/renders/procedural/star_04_peg_v1.png,data/renders/procedural/star_04_peg_v2.png,data/renders/aperture/star_04_ap-0.60_socket_v1.png,data/renders/aperture/star_04_ap-0.60_socket_v2.png,0.8167190688243522,yes,0.6176815032958984,-1.0156,0,1,1
test,star,star_04,star_04_ap-1.20,-1.2,incompatible,,-1.9668,data/renders/procedural/star_04_peg_v1.png,data/renders/procedural/star_04_peg_v2.png,data/renders/aperture/star_04_ap-1.20_socket_v1.png,data/renders/aperture/star_04_ap-1.20_socket_v2.png,0.8171105546587594,yes,0.6084662675857544,-2.0199,0,1,1
calib,tee,tee_01,tee_01,0.3,compatible,,0.2551,data/renders/procedural/tee_01_peg_v1.png,data/renders/procedural/tee_01_peg_v2.png,data/renders/procedural/tee_01_socket_v1.png,data/renders/procedural/tee_01_socket_v2.png,0.7924338803771526,yes,0.5178801417350769,0.3385,1,1,1
calib,tee,tee_01,tee_01_ap+0.10,0.1,compatible,,0.0846,data/renders/procedural/tee_01_peg_v1.png,data/renders/procedural/tee_01_peg_v2.png,data/renders/aperture/tee_01_ap+0.10_socket_v1.png,data/renders/aperture/tee_01_ap+0.10_socket_v2.png,0.7874615180888566,yes,0.48333051800727844,0.1354,1,0,1
calib,tee,tee_01,tee_01_ap+0.00,0.0,ambiguous,boundary,-0.001,data/renders/procedural/tee_01_peg_v1.png,data/renders/procedural/tee_01_peg_v2.png,data/renders/aperture/tee_01_ap+0.00_socket_v1.png,data/renders/aperture/tee_01_ap+0.00_socket_v2.png,0.7909617526294245,yes,0.4912988841533661,0.0677,1,1,1
calib,tee,tee_01,tee_01_ap-0.10,-0.1,ambiguous,off_centre,-0.1533,data/renders/procedural/tee_01_peg_v1.png,data/renders/procedural/tee_01_peg_v2.png,data/renders/aperture/tee_01_ap-0.10_socket_v1.png,data/renders/aperture/tee_01_ap-0.10_socket_v2.png,0.7811438821471439,yes,0.456061989068985,-0.1915,0,0,1
calib,tee,tee_01,tee_01_ap-0.30,-0.3,incompatible,,-0.46,data/renders/procedural/tee_01_peg_v1.png,data/renders/procedural/tee_01_peg_v2.png,data/renders/aperture/tee_01_ap-0.30_socket_v1.png,data/renders/aperture/tee_01_ap-0.30_socket_v2.png,0.7884374867627251,yes,0.46629828214645386,-0.5288,0,1,1
calib,tee,tee_01,tee_01_ap-0.60,-0.6,incompatible,,-0.9209,data/renders/procedural/tee_01_peg_v1.png,data/renders/procedural/tee_01_peg_v2.png,data/renders/aperture/tee_01_ap-0.60_socket_v1.png,data/renders/aperture/tee_01_ap-0.60_socket_v2.png,0.7902816983159825,yes,0.47924911975860596,-0.9623,0,1,1
calib,tee,tee_01,tee_01_ap-1.20,-1.2,incompatible,,-1.8486,data/renders/procedural/tee_01_peg_v1.png,data/renders/procedural/tee_01_peg_v2.png,data/renders/aperture/tee_01_ap-1.20_socket_v1.png,data/renders/aperture/tee_01_ap-1.20_socket_v2.png,0.800167183897571,yes,0.4999878406524658,-1.8727,0,1,1
calib,tee,tee_02,tee_02,0.3,compatible,,0.246,data/renders/procedural/tee_02_peg_v1.png,data/renders/procedural/tee_02_peg_v2.png,data/renders/procedural/tee_02_socket_v1.png,data/renders/procedural/tee_02_socket_v2.png,0.7833382816869356,yes,0.42432859539985657,0.2708,1,0,1
calib,tee,tee_02,tee_02_ap+0.10,0.1,compatible,,0.0815,data/renders/procedural/tee_02_peg_v1.png,data/renders/procedural/tee_02_peg_v2.png,data/renders/aperture/tee_02_ap+0.10_socket_v1.png,data/renders/aperture/tee_02_ap+0.10_socket_v2.png,0.7859479811852608,yes,0.4318239986896515,0.0958,1,0,1
calib,tee,tee_02,tee_02_ap+0.00,0.0,ambiguous,boundary,0.0,data/renders/procedural/tee_02_peg_v1.png,data/renders/procedural/tee_02_peg_v2.png,data/renders/aperture/tee_02_ap+0.00_socket_v1.png,data/renders/aperture/tee_02_ap+0.00_socket_v2.png,0.7904665098297319,yes,0.44041571021080017,0.0677,1,1,1
calib,tee,tee_02,tee_02_ap-0.10,-0.1,ambiguous,off_centre,-0.1562,data/renders/procedural/tee_02_peg_v1.png,data/renders/procedural/tee_02_peg_v2.png,data/renders/aperture/tee_02_ap-0.10_socket_v1.png,data/renders/aperture/tee_02_ap-0.10_socket_v2.png,0.7904028601427209,yes,0.446428507566452,-0.2441,0,1,1
calib,tee,tee_02,tee_02_ap-0.30,-0.3,incompatible,,-0.4678,data/renders/procedural/tee_02_peg_v1.png,data/renders/procedural/tee_02_peg_v2.png,data/renders/aperture/tee_02_ap-0.30_socket_v1.png,data/renders/aperture/tee_02_ap-0.30_socket_v2.png,0.7939689130421836,yes,0.4484560787677765,-0.5288,0,1,1
calib,tee,tee_02,tee_02_ap-0.60,-0.6,incompatible,,-0.9375,data/renders/procedural/tee_02_peg_v1.png,data/renders/procedural/tee_02_peg_v2.png,data/renders/aperture/tee_02_ap-0.60_socket_v1.png,data/renders/aperture/tee_02_ap-0.60_socket_v2.png,0.7944744446842819,yes,0.44570857286453247,-0.9623,0,1,1
calib,tee,tee_02,tee_02_ap-1.20,-1.2,incompatible,,-1.8945,data/renders/procedural/tee_02_peg_v1.png,data/renders/procedural/tee_02_peg_v2.png,data/renders/aperture/tee_02_ap-1.20_socket_v1.png,data/renders/aperture/tee_02_ap-1.20_socket_v2.png,0.7850004488361293,yes,0.4130638837814331,-1.9246,0,0,1
calib,tee,tee_03,tee_03,0.3,compatible,,0.2548,data/renders/procedural/tee_03_peg_v1.png,data/renders/procedural/tee_03_peg_v2.png,data/renders/procedural/tee_03_socket_v1.png,data/renders/procedural/tee_03_socket_v2.png,0.7899252550857594,yes,0.48189276456832886,0.3028,1,1,1
calib,tee,tee_03,tee_03_ap+0.10,0.1,compatible,,0.0846,data/renders/procedural/tee_03_peg_v1.png,data/renders/procedural/tee_03_peg_v2.png,data/renders/aperture/tee_03_ap+0.10_socket_v1.png,data/renders/aperture/tee_03_ap+0.10_socket_v2.png,0.7847030879370401,yes,0.4431847333908081,0.1354,1,0,1
calib,tee,tee_03,tee_03_ap+0.00,0.0,ambiguous,boundary,-0.001,data/renders/procedural/tee_03_peg_v1.png,data/renders/procedural/tee_03_peg_v2.png,data/renders/aperture/tee_03_ap+0.00_socket_v1.png,data/renders/aperture/tee_03_ap+0.00_socket_v2.png,0.7813041857791617,yes,0.42923080921173096,0.0677,1,0,1
calib,tee,tee_03,tee_03_ap-0.10,-0.1,ambiguous,off_centre,-0.1533,data/renders/procedural/tee_03_peg_v1.png,data/renders/procedural/tee_03_peg_v2.png,data/renders/aperture/tee_03_ap-0.10_socket_v1.png,data/renders/aperture/tee_03_ap-0.10_socket_v2.png,0.7835625177580021,yes,0.4455212950706482,-0.1915,0,0,1
calib,tee,tee_03,tee_03_ap-0.30,-0.3,incompatible,,-0.46,data/renders/procedural/tee_03_peg_v1.png,data/renders/procedural/tee_03_peg_v2.png,data/renders/aperture/tee_03_ap-0.30_socket_v1.png,data/renders/aperture/tee_03_ap-0.30_socket_v2.png,0.7855807749078768,yes,0.4496752917766571,-0.4883,0,0,1
calib,tee,tee_03,tee_03_ap-0.60,-0.6,incompatible,,-0.9219,data/renders/procedural/tee_03_peg_v1.png,data/renders/procedural/tee_03_peg_v2.png,data/renders/aperture/tee_03_ap-0.60_socket_v1.png,data/renders/aperture/tee_03_ap-0.60_socket_v2.png,0.7805690839929379,yes,0.43485555052757263,-0.9109,0,0,1
calib,tee,tee_03,tee_03_ap-1.20,-1.2,incompatible,,-1.8584,data/renders/procedural/tee_03_peg_v1.png,data/renders/procedural/tee_03_peg_v2.png,data/renders/aperture/tee_03_ap-1.20_socket_v1.png,data/renders/aperture/tee_03_ap-1.20_socket_v2.png,0.7864415215283,yes,0.4591550827026367,-1.8294,0,0,1
calib,trapezoid,trapezoid_01,trapezoid_01,0.3,compatible,,0.2749,data/renders/procedural/trapezoid_01_peg_v1.png,data/renders/procedural/trapezoid_01_peg_v2.png,data/renders/procedural/trapezoid_01_socket_v1.png,data/renders/procedural/trapezoid_01_socket_v2.png,0.8170459578959104,yes,0.6760749220848083,0.3028,1,1,1
calib,trapezoid,trapezoid_01,trapezoid_01_ap+0.10,0.1,compatible,,0.0913,data/renders/procedural/trapezoid_01_peg_v1.png,data/renders/procedural/trapezoid_01_peg_v2.png,data/renders/aperture/trapezoid_01_ap+0.10_socket_v1.png,data/renders/aperture/trapezoid_01_ap+0.10_socket_v2.png,0.8132344631524949,yes,0.6519637703895569,0.1354,1,1,1
calib,trapezoid,trapezoid_01,trapezoid_01_ap+0.00,0.0,ambiguous,boundary,0.0,data/renders/procedural/trapezoid_01_peg_v1.png,data/renders/procedural/trapezoid_01_peg_v2.png,data/renders/aperture/trapezoid_01_ap+0.00_socket_v1.png,data/renders/aperture/trapezoid_01_ap+0.00_socket_v2.png,0.8105898212194206,yes,0.6416486501693726,0.0677,1,1,1
calib,trapezoid,trapezoid_01,trapezoid_01_ap-0.10,-0.1,ambiguous,off_centre,-0.1709,data/renders/procedural/trapezoid_01_peg_v1.png,data/renders/procedural/trapezoid_01_peg_v2.png,data/renders/aperture/trapezoid_01_ap-0.10_socket_v1.png,data/renders/aperture/trapezoid_01_ap-0.10_socket_v2.png,0.8087935337243393,yes,0.625267505645752,-0.2141,0,1,1
calib,trapezoid,trapezoid_01,trapezoid_01_ap-0.30,-0.3,incompatible,,-0.5127,data/renders/procedural/trapezoid_01_peg_v1.png,data/renders/procedural/trapezoid_01_peg_v2.png,data/renders/aperture/trapezoid_01_ap-0.30_socket_v1.png,data/renders/aperture/trapezoid_01_ap-0.30_socket_v2.png,0.8064996228346717,yes,0.6384016871452332,-0.5459,0,1,1
calib,trapezoid,trapezoid_01,trapezoid_01_ap-0.60,-0.6,incompatible,,-1.0254,data/renders/procedural/trapezoid_01_peg_v1.png,data/renders/procedural/trapezoid_01_peg_v2.png,data/renders/aperture/trapezoid_01_ap-0.60_socket_v1.png,data/renders/aperture/trapezoid_01_ap-0.60_socket_v2.png,0.8057551204342857,yes,0.631542444229126,-1.0335,0,1,1
calib,trapezoid,trapezoid_01,trapezoid_01_ap-1.20,-1.2,incompatible,,-2.0,data/renders/procedural/trapezoid_01_peg_v1.png,data/renders/procedural/trapezoid_01_peg_v2.png,data/renders/aperture/trapezoid_01_ap-1.20_socket_v1.png,data/renders/aperture/trapezoid_01_ap-1.20_socket_v2.png,0.8052735630858463,yes,0.64152991771698,-2.067,0,1,1
calib,trapezoid,trapezoid_02,trapezoid_02,0.3,compatible,,0.2837,data/renders/procedural/trapezoid_02_peg_v1.png,data/renders/procedural/trapezoid_02_peg_v2.png,data/renders/procedural/trapezoid_02_socket_v1.png,data/renders/procedural/trapezoid_02_socket_v2.png,0.813936405567562,yes,0.6771013736724854,0.3028,1,1,1
calib,trapezoid,trapezoid_02,trapezoid_02_ap+0.10,0.1,compatible,,0.0944,data/renders/procedural/trapezoid_02_peg_v1.png,data/renders/procedural/trapezoid_02_peg_v2.png,data/renders/aperture/trapezoid_02_ap+0.10_socket_v1.png,data/renders/aperture/trapezoid_02_ap+0.10_socket_v2.png,0.8118993954150951,yes,0.6625997424125671,0.0958,1,1,1
calib,trapezoid,trapezoid_02,trapezoid_02_ap+0.00,0.0,ambiguous,boundary,-0.001,data/renders/procedural/trapezoid_02_peg_v1.png,data/renders/procedural/trapezoid_02_peg_v2.png,data/renders/aperture/trapezoid_02_ap+0.00_socket_v1.png,data/renders/aperture/trapezoid_02_ap+0.00_socket_v2.png,0.8091660399432269,yes,0.6426300406455994,-0.0677,0,1,1
calib,trapezoid,trapezoid_02,trapezoid_02_ap-0.10,-0.1,ambiguous,off_centre,-0.1592,data/renders/procedural/trapezoid_02_peg_v1.png,data/renders/procedural/trapezoid_02_peg_v2.png,data/renders/aperture/trapezoid_02_ap-0.10_socket_v1.png,data/renders/aperture/trapezoid_02_ap-0.10_socket_v2.png,0.8061925955109072,yes,0.6502516865730286,-0.1915,0,1,1
calib,trapezoid,trapezoid_02,trapezoid_02_ap-0.30,-0.3,incompatible,,-0.4775,data/renders/procedural/trapezoid_02_peg_v1.png,data/renders/procedural/trapezoid_02_peg_v2.png,data/renders/aperture/trapezoid_02_ap-0.30_socket_v1.png,data/renders/aperture/trapezoid_02_ap-0.30_socket_v2.png,0.8055050595283479,yes,0.6437739729881287,-0.4542,0,1,1
calib,trapezoid,trapezoid_02,trapezoid_02_ap-0.60,-0.6,incompatible,,-0.9551,data/renders/procedural/trapezoid_02_peg_v1.png,data/renders/procedural/trapezoid_02_peg_v2.png,data/renders/aperture/trapezoid_02_ap-0.60_socket_v1.png,data/renders/aperture/trapezoid_02_ap-0.60_socket_v2.png,0.8039924774739018,yes,0.6445494890213013,-0.9765,0,1,1
calib,trapezoid,trapezoid_02,trapezoid_02_ap-1.20,-1.2,incompatible,,-1.9121,data/renders/procedural/trapezoid_02_peg_v1.png,data/renders/procedural/trapezoid_02_peg_v2.png,data/renders/aperture/trapezoid_02_ap-1.20_socket_v1.png,data/renders/aperture/trapezoid_02_ap-1.20_socket_v2.png,0.8059656698692117,yes,0.6481088995933533,-1.897,0,1,1
calib,trapezoid,trapezoid_03,trapezoid_03,0.3,compatible,,0.281,data/renders/procedural/trapezoid_03_peg_v1.png,data/renders/procedural/trapezoid_03_peg_v2.png,data/renders/procedural/trapezoid_03_socket_v1.png,data/renders/procedural/trapezoid_03_socket_v2.png,0.8001351868252828,yes,0.6672431826591492,0.3028,1,1,1
calib,trapezoid,trapezoid_03,trapezoid_03_ap+0.10,0.1,compatible,,0.0934,data/renders/procedural/trapezoid_03_peg_v1.png,data/renders/procedural/trapezoid_03_peg_v2.png,data/renders/aperture/trapezoid_03_ap+0.10_socket_v1.png,data/renders/aperture/trapezoid_03_ap+0.10_socket_v2.png,0.7913026604425311,yes,0.6493173241615295,0.1354,1,1,1
calib,trapezoid,trapezoid_03,trapezoid_03_ap+0.00,0.0,ambiguous,boundary,0.0,data/renders/procedural/trapezoid_03_peg_v1.png,data/renders/procedural/trapezoid_03_peg_v2.png,data/renders/aperture/trapezoid_03_ap+0.00_socket_v1.png,data/renders/aperture/trapezoid_03_ap+0.00_socket_v2.png,0.7934473128757091,yes,0.6474350094795227,0.0677,1,1,1
calib,trapezoid,trapezoid_03,trapezoid_03_ap-0.10,-0.1,ambiguous,off_centre,-0.1592,data/renders/procedural/trapezoid_03_peg_v1.png,data/renders/procedural/trapezoid_03_peg_v2.png,data/renders/aperture/trapezoid_03_ap-0.10_socket_v1.png,data/renders/aperture/trapezoid_03_ap-0.10_socket_v2.png,0.7861866524575359,yes,0.6301591396331787,-0.1915,0,0,1
calib,trapezoid,trapezoid_03,trapezoid_03_ap-0.30,-0.3,incompatible,,-0.4756,data/renders/procedural/trapezoid_03_peg_v1.png,data/renders/procedural/trapezoid_03_peg_v2.png,data/renders/aperture/trapezoid_03_ap-0.30_socket_v1.png,data/renders/aperture/trapezoid_03_ap-0.30_socket_v2.png,0.7920858984653886,yes,0.640699565410614,-0.5288,0,1,1
calib,trapezoid,trapezoid_03,trapezoid_03_ap-0.60,-0.6,incompatible,,-0.9521,data/renders/procedural/trapezoid_03_peg_v1.png,data/renders/procedural/trapezoid_03_peg_v2.png,data/renders/aperture/trapezoid_03_ap-0.60_socket_v1.png,data/renders/aperture/trapezoid_03_ap-0.60_socket_v2.png,0.7923700486246764,yes,0.6537860035896301,-0.9209,0,1,1
calib,trapezoid,trapezoid_03,trapezoid_03_ap-1.20,-1.2,incompatible,,-1.9043,data/renders/procedural/trapezoid_03_peg_v1.png,data/renders/procedural/trapezoid_03_peg_v2.png,data/renders/aperture/trapezoid_03_ap-1.20_socket_v1.png,data/renders/aperture/trapezoid_03_ap-1.20_socket_v2.png,0.7947302020875278,yes,0.6539632081985474,-1.9365,0,1,1
