peg_id,socket_id,label,reason,margin_mm,max_gap_mm,best_rot,fit_rots,loose,nominal,same_family
circle_01,circle_01,compatible,,0.2999,0.3008,0,0 90 180 270,0,1,1
circle_02,circle_01,incompatible,,-1.2002,nan,0,,0,0,1
circle_03,circle_01,incompatible,,-2.0,nan,0,,0,0,1
circle_04,circle_01,incompatible,,-2.0,nan,0,,0,0,1
circle_05,circle_01,incompatible,,-2.0,nan,0,,0,0,1
square_01,circle_01,incompatible,,-1.7715,nan,0,,0,0,0
square_02,circle_01,incompatible,,-2.0,nan,0,,0,0,0
square_03,circle_01,incompatible,,-2.0,nan,0,,0,0,0
square_04,circle_01,incompatible,,-2.0,nan,0,,0,0,0
rect_01,circle_01,incompatible,,-2.0,nan,0,,0,0,0
rect_02,circle_01,incompatible,,-2.0,nan,0,,0,0,0
rect_03,circle_01,incompatible,,-2.0,nan,0,,0,0,0
rect_04,circle_01,incompatible,,-2.0,nan,0,,0,0,0
rect_05,circle_01,incompatible,,-1.4102,nan,0,,0,0,0
obround_01,circle_01,incompatible,,-2.0,nan,0,,0,0,0
obround_02,circle_01,incompatible,,-2.0,nan,0,,0,0,0
obround_03,circle_01,incompatible,,-2.0,nan,0,,0,0,0
obround_04,circle_01,incompatible,,-1.7002,nan,0,,0,0,0
ellipse_01,circle_01,incompatible,,-2.0,nan,0,,0,0,0
ellipse_02,circle_01,incompatible,,-2.0,nan,0,,0,0,0
ellipse_03,circle_01,incompatible,,-2.0,nan,0,,0,0,0
polygon_01,circle_01,incompatible,,-2.0,nan,0,,0,0,0
polygon_02,circle_01,incompatible,,-2.0,nan,0,,0,0,0
polygon_03,circle_01,incompatible,,-2.0,nan,0,,0,0,0
polygon_04,circle_01,incompatible,,-2.0,nan,0,,0,0,0
polygon_05,circle_01,incompatible,,-2.0,nan,0,,0,0,0
dshape_01,circle_01,incompatible,,-2.0,nan,0,,0,0,0
dshape_02,circle_01,incompatible,,-2.0,nan,0,,0,0,0
dshape_03,circle_01,incompatible,,-2.0,nan,0,,0,0,0
dshape_04,circle_01,incompatible,,-2.0,nan,0,,0,0,0
double_d_01,circle_01,incompatible,,-2.0,nan,0,,0,0,0
double_d_02,circle_01,incompatible,,-2.0,nan,0,,0,0,0
double_d_03,circle_01,incompatible,,-2.0,nan,0,,0,0,0
cross_01,circle_01,incompatible,,-2.0,nan,0,,0,0,0
cross_02,circle_01,incompatible,,-2.0,nan,0,,0,0,0
cross_03,circle_01,incompatible,,-2.0,nan,0,,0,0,0
cross_04,circle_01,incompatible,,-2.0,nan,0,,0,0,0
tee_01,circle_01,incompatible,,-2.0,nan,0,,0,0,0
tee_02,circle_01,incompatible,,-2.0,nan,0,,0,0,0
tee_03,circle_01,incompatible,,-2.0,nan,0,,0,0,0
ell_01,circle_01,incompatible,,-2.0,nan,0,,0,0,0
ell_02,circle_01,incompatible,,-2.0,nan,0,,0,0,0
ell_03,circle_01,incompatible,,-2.0,nan,0,,0,0,0
ell_04,circle_01,incompatible,,-2.0,nan,0,,0,0,0
ell_05,circle_01,incompatible,,-2.0,nan,0,,0,0,0
ell_06,circle_01,incompatible,,-2.0,nan,0,,0,0,0
star_01,circle_01,incompatible,,-2.0,nan,0,,0,0,0
star_02,circle_01,incompatible,,-2.0,nan,0,,0,0,0
star_03,circle_01,incompatible,,-2.0,nan,0,,0,0,0
star_04,circle_01,incompatible,,-2.0,nan,0,,0,0,0
keyed_01,circle_01,incompatible,,-2.0,nan,0,,0,0,0
keyed_02,circle_01,incompatible,,-2.0,nan,0,,0,0,0
keyed_03,circle_01,incompatible,,-2.0,nan,0,,0,0,0
keyed_04,circle_01,incompatible,,-2.0,nan,0,,0,0,0
keyed_05,circle_01,incompatible,,-2.0,nan,0,,0,0,0
notched_01,circle_01,incompatible,,-2.0,nan,0,,0,0,0
notched_02,circle_01,incompatible,,-2.0,nan,0,,0,0,0
notched_03,circle_01,incompatible,,-2.0,nan,0,,0,0,0
notched_04,circle_01,incompatible,,-2.0,nan,0,,0,0,0
trapezoid_01,circle_01,incompatible,,-2.0,nan,0,,0,0,0
trapezoid_02,circle_01,incompatible,,-2.0,nan,0,,0,0,0
trapezoid_03,circle_01,incompatible,,-2.0,nan,0,,0,0,0
chamfered_01,circle_01,incompatible,,-2.0,nan,0,,0,0,0
chamfered_02,circle_01,incompatible,,-2.0,nan,0,,0,0,0
chamfered_03,circle_01,incompatible,,-2.0,nan,0,,0,0,0
chamfered_04,circle_01,incompatible,,-2.0,nan,0,,0,0,0
gear_01,circle_01,incompatible,,-2.0,nan,0,,0,0,0
gear_02,circle_01,incompatible,,-2.0,nan,0,,0,0,0
gear_03,circle_01,incompatible,,-2.0,nan,0,,0,0,0
tube_01,circle_01,incompatible,,-1.7002,nan,0,,0,0,0
tube_02,circle_01,incompatible,,-1.7002,nan,0,,0,0,0
tube_03,circle_01,incompatible,,-2.0,nan,0,,0,0,0
circle_01,circle_02,compatible,,1.7995,1.8008,0,0 90 180 270,1,0,1
circle_02,circle_02,compatible,,0.2999,0.3008,0,0 90 180 270,0,1,1
circle_03,circle_02,incompatible,,-1.2002,nan,0,,0,0,1
circle_04,circle_02,incompatible,,-2.0,nan,0,,0,0,1
circle_05,circle_02,incompatible,,-2.0,nan,0,,0,0,1
square_01,circle_02,ambiguous,off_centre,-0.2715,nan,0,,0,0,0
square_02,circle_02,incompatible,,-2.0,nan,0,,0,0,0
square_03,circle_02,incompatible,,-2.0,nan,0,,0,0,0
square_04,circle_02,incompatible,,-2.0,nan,0,,0,0,0
rect_01,circle_02,incompatible,,-2.0,nan,0,,0,0,0
rect_02,circle_02,incompatible,,-2.0,nan,0,,0,0,0
rect_03,circle_02,incompatible,,-2.0,nan,0,,0,0,0
rect_04,circle_02,incompatible,,-2.0,nan,0,,0,0,0
rect_05,circle_02,compatible,,0.0899,3.8008,90,0 90 180 270,1,0,0
obround_01,circle_02,incompatible,,-2.0,nan,0,,0,0,0
obround_02,circle_02,incompatible,,-1.2002,nan,0,,0,0,0
obround_03,circle_02,incompatible,,-2.0,nan,0,,0,0,0
obround_04,circle_02,incompatible,,-0.2002,nan,0,,0,0,0
ellipse_01,circle_02,incompatible,,-2.0,nan,0,,0,0,0
ellipse_02,circle_02,incompatible,,-2.0,nan,0,,0,0,0
ellipse_03,circle_02,incompatible,,-2.0,nan,0,,0,0,0
polygon_01,circle_02,incompatible,,-2.0,nan,0,,0,0,0
polygon_02,circle_02,incompatible,,-2.0,nan,0,,0,0,0
polygon_03,circle_02,incompatible,,-2.0,nan,0,,0,0,0
polygon_04,circle_02,incompatible,,-1.2021,nan,0,,0,0,0
polygon_05,circle_02,incompatible,,-2.0,nan,0,,0,0,0
dshape_01,circle_02,incompatible,,-1.6035,nan,0,,0,0,0
dshape_02,circle_02,incompatible,,-1.9658,nan,0,,0,0,0
dshape_03,circle_02,incompatible,,-2.0,nan,0,,0,0,0
dshape_04,circle_02,incompatible,,-2.0,nan,0,,0,0,0
double_d_01,circle_02,incompatible,,-1.2002,nan,0,,0,0,0
double_d_02,circle_02,incompatible,,-1.2002,nan,0,,0,0,0
double_d_03,circle_02,incompatible,,-2.0,nan,0,,0,0,0
cross_01,circle_02,incompatible,,-2.0,nan,0,,0,0,0
cross_02,circle_02,incompatible,,-2.0,nan,0,,0,0,0
cross_03,circle_02,incompatible,,-1.7461,nan,0,,0,0,0
cross_04,circle_02,incompatible,,-2.0,nan,0,,0,0,0
tee_01,circle_02,incompatible,,-2.0,nan,0,,0,0,0
tee_02,circle_02,incompatible,,-2.0,nan,0,,0,0,0
tee_03,circle_02,incompatible,,-2.0,nan,0,,0,0,0
ell_01,circle_02,incompatible,,-2.0,nan,0,,0,0,0
ell_02,circle_02,incompatible,,-2.0,nan,0,,0,0,0
ell_03,circle_02,incompatible,,-2.0,nan,0,,0,0,0
ell_04,circle_02,incompatible,,-2.0,nan,0,,0,0,0
ell_05,circle_02,incompatible,,-2.0,nan,0,,0,0,0
ell_06,circle_02,incompatible,,-2.0,nan,0,,0,0,0
star_01,circle_02,incompatible,,-2.0,nan,0,,0,0,0
star_02,circle_02,incompatible,,-2.0,nan,0,,0,0,0
star_03,circle_02,incompatible,,-2.0,nan,0,,0,0,0
star_04,circle_02,incompatible,,-2.0,nan,0,,0,0,0
keyed_01,circle_02,incompatible,,-2.0,nan,0,,0,0,0
keyed_02,circle_02,incompatible,,-2.0,nan,0,,0,0,0
keyed_03,circle_02,incompatible,,-2.0,nan,0,,0,0,0
keyed_04,circle_02,incompatible,,-2.0,nan,0,,0,0,0
keyed_05,circle_02,incompatible,,-2.0,nan,0,,0,0,0
notched_01,circle_02,incompatible,,-2.0,nan,0,,0,0,0
notched_02,circle_02,incompatible,,-2.0,nan,0,,0,0,0
notched_03,circle_02,incompatible,,-2.0,nan,0,,0,0,0
notched_04,circle_02,incompatible,,-2.0,nan,0,,0,0,0
trapezoid_01,circle_02,incompatible,,-2.0,nan,0,,0,0,0
trapezoid_02,circle_02,incompatible,,-2.0,nan,0,,0,0,0
trapezoid_03,circle_02,incompatible,,-2.0,nan,0,,0,0,0
chamfered_01,circle_02,incompatible,,-2.0,nan,0,,0,0,0
chamfered_02,circle_02,incompatible,,-2.0,nan,0,,0,0,0
chamfered_03,circle_02,incompatible,,-2.0,nan,0,,0,0,0
chamfered_04,circle_02,incompatible,,-1.4219,nan,0,,0,0,0
gear_01,circle_02,incompatible,,-2.0,nan,0,,0,0,0
gear_02,circle_02,incompatible,,-2.0,nan,0,,0,0,0
gear_03,circle_02,incompatible,,-2.0,nan,0,,0,0,0
tube_01,circle_02,incompatible,,-0.2002,nan,0,,0,0,0
tube_02,circle_02,incompatible,,-0.2002,nan,0,,0,0,0
tube_03,circle_02,incompatible,,-2.0,nan,0,,0,0,0
circle_01,circle_03,compatible,,3.2991,3.3018,0,0 90 180 270,1,0,1
circle_02,circle_03,compatible,,1.7995,1.8008,0,0 90 180 270,1,0,1
circle_03,circle_03,compatible,,0.2999,0.3008,0,0 90 180 270,0,1,1
circle_04,circle_03,incompatible,,-1.7002,nan,0,,0,0,1
circle_05,circle_03,incompatible,,-2.0,nan,0,,0,0,1
square_01,circle_03,compatible,,1.2287,3.3008,0,0 90 180 270,1,0,0
square_02,circle_03,incompatible,,-0.8926,nan,0,,0,0,0
square_03,circle_03,incompatible,,-2.0,nan,0,,0,0,0
square_04,circle_03,incompatible,,-2.0,nan,0,,0,0,0
rect_01,circle_03,incompatible,,-2.0,nan,0,,0,0,0
rect_02,circle_03,incompatible,,-2.0,nan,0,,0,0,0
rect_03,circle_03,incompatible,,-0.6475,nan,0,,0,0,0
rect_04,circle_03,incompatible,,-2.0,nan,0,,0,0,0
rect_05,circle_03,compatible,,1.5894,5.3008,90,0 90 180 270,1,0,0
obround_01,circle_03,incompatible,,-1.7002,nan,0,,0,0,0
obround_02,circle_03,compatible,,0.2999,4.3008,0,0 90 180 270,1,0,0
obround_03,circle_03,incompatible,,-2.0,nan,0,,0,0,0
obround_04,circle_03,compatible,,1.2997,5.3008,0,0 90 180 270,1,0,0
ellipse_01,circle_03,incompatible,,-1.7002,nan,0,,0,0,0
ellipse_02,circle_03,incompatible,,-0.7002,nan,0,,0,0,0
ellipse_03,circle_03,incompatible,,-2.0,nan,0,,0,0,0
polygon_01,circle_03,incompatible,,-2.0,nan,0,,0,0,0
polygon_02,circle_03,incompatible,,-1.7031,nan,0,,0,0,0
polygon_03,circle_03,incompatible,,-1.7021,nan,0,,0,0,0
polygon_04,circle_03,compatible,,0.2979,1.3721,180,0 90 180 270,1,0,0
polygon_05,circle_03,incompatible,,-1.7002,nan,0,,0,0,0
dshape_01,circle_03,ambiguous,off_centre,-0.1035,nan,0,,0,0,0
dshape_02,circle_03,ambiguous,off_centre,-0.4668,nan,0,,0,0,0
dshape_03,circle_03,ambiguous,off_centre,-0.582,nan,0,,0,0,0
dshape_04,circle_03,incompatible,,-2.0,nan,0,,0,0,0
double_d_01,circle_03,compatible,,0.2999,2.3008,0,0 90 180 270,1,0,0
double_d_02,circle_03,compatible,,0.2999,4.3008,0,0 90 180 270,1,0,0
double_d_03,circle_03,incompatible,,-1.7002,nan,0,,0,0,0
cross_01,circle_03,incompatible,,-2.0,nan,0,,0,0,0
cross_02,circle_03,incompatible,,-2.0,nan,0,,0,0,0
cross_03,circle_03,ambiguous,off_centre,-0.2461,nan,0,,0,0,0
cross_04,circle_03,incompatible,,-2.0,nan,0,,0,0,0
tee_01,circle_03,incompatible,,-2.0,nan,0,,0,0,0
tee_02,circle_03,incompatible,,-2.0,nan,0,,0,0,0
tee_03,circle_03,incompatible,,-2.0,nan,0,,0,0,0
ell_01,circle_03,incompatible,,-2.0,nan,0,,0,0,0
ell_02,circle_03,incompatible,,-2.0,nan,0,,0,0,0
ell_03,circle_03,incompatible,,-2.0,nan,0,,0,0,0
ell_04,circle_03,incompatible,,-2.0,nan,0,,0,0,0
ell_05,circle_03,incompatible,,-2.0,nan,0,,0,0,0
ell_06,circle_03,incompatible,,-2.0,nan,0,,0,0,0
star_01,circle_03,incompatible,,-2.0,nan,0,,0,0,0
star_02,circle_03,incompatible,,-2.0,nan,0,,0,0,0
star_03,circle_03,incompatible,,-2.0,nan,0,,0,0,0
star_04,circle_03,incompatible,,-2.0,nan,0,,0,0,0
keyed_01,circle_03,incompatible,,-1.5498,nan,0,,0,0,0
keyed_02,circle_03,incompatible,,-1.5732,nan,0,,0,0,0
keyed_03,circle_03,incompatible,,-1.8125,nan,0,,0,0,0
keyed_04,circle_03,incompatible,,-1.6016,nan,0,,0,0,0
keyed_05,circle_03,incompatible,,-2.0,nan,0,,0,0,0
notched_01,circle_03,incompatible,,-1.9873,nan,0,,0,0,0
notched_02,circle_03,incompatible,,-2.0,nan,0,,0,0,0
notched_03,circle_03,incompatible,,-2.0,nan,0,,0,0,0
notched_04,circle_03,incompatible,,-2.0,nan,0,,0,0,0
trapezoid_01,circle_03,incompatible,,-2.0,nan,0,,0,0,0
trapezoid_02,circle_03,incompatible,,-2.0,nan,0,,0,0,0
trapezoid_03,circle_03,ambiguous,off_centre,-0.5615,nan,0,,0,0,0
chamfered_01,circle_03,incompatible,,-1.748,nan,0,,0,0,0
chamfered_02,circle_03,incompatible,,-1.748,nan,0,,0,0,0
chamfered_03,circle_03,incompatible,,-2.0,nan,0,,0,0,0
chamfered_04,circle_03,compatible,,0.0786,4.4258,180,0 90 180 270,1,0,0
gear_01,circle_03,incompatible,,-2.0,nan,0,,0,0,0
gear_02,circle_03,incompatible,,-2.0,nan,0,,0,0,0
gear_03,circle_03,incompatible,,-2.0,nan,0,,0,0,0
tube_01,circle_03,compatible,,1.2997,3.001,0,0 90 180 270,1,0,0
tube_02,circle_03,compatible,,1.2997,4.501,0,0 90 180 270,1,0,0
tube_03,circle_03,incompatible,,-0.7002,nan,0,,0,0,0
circle_01,circle_04,compatible,,5.2985,5.3018,0,0 90 180 270,1,0,1
circle_02,circle_04,compatible,,3.7989,3.8018,0,0 90 180 270,1,0,1
circle_03,circle_04,compatible,,2.2994,2.3008,0,0 90 180 270,1,0,1
circle_04,circle_04,compatible,,0.2999,0.3008,0,0 90 180 270,0,1,1
circle_05,circle_04,incompatible,,-1.7002,nan,0,,0,0,1
square_01,circle_04,compatible,,3.2281,5.3008,0,0 90 180 270,1,0,0
square_02,circle_04,compatible,,1.1074,3.8008,0,0 90 180 270,1,0,0
square_03,circle_04,incompatible,,-1.0146,nan,0,,0,0,0
square_04,circle_04,incompatible,,-2.0,nan,0,,0,0,0
rect_01,circle_04,incompatible,,-0.4727,nan,0,,0,0,0
rect_02,circle_04,incompatible,,-0.8838,nan,0,,0,0,0
rect_03,circle_04,compatible,,1.3527,6.3008,0,0 90 180 270,1,0,0
rect_04,circle_04,incompatible,,-2.0,nan,0,,0,0,0
rect_05,circle_04,compatible,,3.5888,7.3008,0,0 90 180 270,1,0,0
obround_01,circle_04,compatible,,0.2999,6.3008,0,0 90 180 270,1,0,0
obround_02,circle_04,compatible,,2.2994,6.3008,0,0 90 180 270,1,0,0
obround_03,circle_04,incompatible,,-1.7002,nan,0,,0,0,0
obround_04,circle_04,compatible,,3.2991,7.3008,0,0 90 180 270,1,0,0
ellipse_01,circle_04,compatible,,0.2999,4.3008,0,0 90 180 270,1,0,0
ellipse_02,circle_04,compatible,,1.2997,5.3008,0,0 90 180 270,1,0,0
ellipse_03,circle_04,incompatible,,-1.7002,nan,0,,0,0,0
polygon_01,circle_04,incompatible,,-0.7031,nan,0,,0,0,0
polygon_02,circle_04,compatible,,0.2971,2.21,180,0 90 180 270,1,0,0
polygon_03,circle_04,compatible,,0.2973,1.6406,270,0 90 180 270,1,0,0
polygon_04,circle_04,compatible,,2.2973,3.3721,90,0 90 180 270,1,0,0
polygon_05,circle_04,compatible,,0.2999,1.0615,270,0 90 180 270,1,0,0
dshape_01,circle_04,compatible,,1.8963,3.7715,180,0 90 180 270,1,0,0
dshape_02,circle_04,compatible,,1.5333,4.9307,180,0 90 180 270,1,0,0
dshape_03,circle_04,compatible,,1.4177,5.957,180,0 90 180 270,1,0,0
dshape_04,circle_04,ambiguous,off_centre,-0.5068,nan,0,,0,0,0
double_d_01,circle_04,compatible,,2.2994,4.3008,0,0 90 180 270,1,0,0
double_d_02,circle_04,compatible,,2.2994,6.3008,0,0 90 180 270,1,0,0
double_d_03,circle_04,compatible,,0.2999,3.3008,0,0 90 180 270,1,0,0
cross_01,circle_04,ambiguous,boundary,-0.0088,nan,0,,0,0,0
cross_02,circle_04,incompatible,,-0.4727,nan,0,,0,0,0
cross_03,circle_04,compatible,,1.7534,4.2832,0,0 90 180 270,1,0,0
cross_04,circle_04,ambiguous,off_centre,-0.1416,nan,0,,0,0,0
tee_01,circle_04,incompatible,,-1.1973,nan,0,,0,0,0
tee_02,circle_04,incompatible,,-0.8838,nan,0,,0,0,0
tee_03,circle_04,incompatible,,-2.0,nan,0,,0,0,0
ell_01,circle_04,incompatible,,-2.0,nan,0,,0,0,0
ell_02,circle_04,incompatible,,-2.0,nan,0,,0,0,0
ell_03,circle_04,incompatible,,-2.0,nan,0,,0,0,0
ell_04,circle_04,incompatible,,-2.0,nan,0,,0,0,0
ell_05,circle_04,incompatible,,-2.0,nan,0,,0,0,0
ell_06,circle_04,incompatible,,-2.0,nan,0,,0,0,0
star_01,circle_04,incompatible,,-0.7002,nan,0,,0,0,0
star_02,circle_04,incompatible,,-0.7031,nan,0,,0,0,0
star_03,circle_04,incompatible,,-0.7031,nan,0,,0,0,0
star_04,circle_04,incompatible,,-0.7031,nan,0,,0,0,0
keyed_01,circle_04,compatible,,0.4502,2.5449,180,0 90 180 270,1,0,0
keyed_02,circle_04,compatible,,0.4263,2.6914,180,0 90 180 270,1,0,0
keyed_03,circle_04,compatible,,0.1878,2.3008,90,0 90 180 270,1,0,0
keyed_04,circle_04,compatible,,0.3984,2.667,270,0 90 180 270,1,0,0
keyed_05,circle_04,incompatible,,-1.5918,nan,0,,0,0,0
notched_01,circle_04,ambiguous,boundary,0.0124,nan,180,,0,0,0
notched_02,circle_04,ambiguous,off_centre,-0.3145,nan,0,,0,0,0
notched_03,circle_04,ambiguous,off_centre,-0.3145,nan,0,,0,0,0
notched_04,circle_04,ambiguous,off_centre,-0.2031,nan,0,,0,0,0
trapezoid_01,circle_04,ambiguous,off_centre,-0.3887,nan,0,,0,0,0
trapezoid_02,circle_04,ambiguous,off_centre,-0.4199,nan,0,,0,0,0
trapezoid_03,circle_04,compatible,,1.4384,6.4912,180,0 90 180 270,1,0,0
chamfered_01,circle_04,compatible,,0.2514,6.3975,270,0 90 180 270,1,0,0
chamfered_02,circle_04,compatible,,0.2514,6.3975,90,0 90 180 270,1,0,0
chamfered_03,circle_04,ambiguous,off_centre,-0.1104,nan,0,,0,0,0
chamfered_04,circle_04,compatible,,2.0781,6.4258,270,0 90 180 270,1,0,0
gear_01,circle_04,incompatible,,-0.7031,nan,0,,0,0,0
gear_02,circle_04,incompatible,,-0.7031,nan,0,,0,0,0
gear_03,circle_04,incompatible,,-0.7031,nan,0,,0,0,0
tube_01,circle_04,compatible,,3.2991,3.3018,0,0 90 180 270,1,0,0
tube_02,circle_04,compatible,,3.2991,4.501,180,0 90 180 270,1,0,0
tube_03,circle_04,compatible,,1.2997,5.001,0,0 90 180 270,1,0,0
circle_01,circle_05,compatible,,7.2979,7.3027,0,0 90 180 270,1,0,1
circle_02,circle_05,compatible,,5.7983,5.8018,270,0 90 180 270,1,0,1
circle_03,circle_05,compatible,,4.2988,4.3018,0,0 90 180 270,1,0,1
circle_04,circle_05,compatible,,2.2994,2.3008,0,0 90 180 270,1,0,1
circle_05,circle_05,compatible,,0.2999,0.3008,0,0 90 180 270,0,1,1
square_01,circle_05,compatible,,5.2274,7.3008,0,0 90 180 270,1,0,0
square_02,circle_05,compatible,,3.1068,5.8008,0,0 90 180 270,1,0,0
square_03,circle_05,compatible,,0.9861,4.3008,0,0 90 180 270,1,0,0
square_04,circle_05,incompatible,,-1.8428,nan,0,,0,0,0
rect_01,circle_05,compatible,,1.5269,8.3008,0,0 90 180 270,1,0,0
rect_02,circle_05,compatible,,1.1161,7.3008,90,0 90 180 270,1,0,0
rect_03,circle_05,compatible,,3.3521,8.3008,90,0 90 180 270,1,0,0
rect_04,circle_05,incompatible,,-1.1201,nan,0,,0,0,0
rect_05,circle_05,compatible,,5.5882,9.3008,0,0 90 180 270,1,0,0
obround_01,circle_05,compatible,,2.2994,8.3008,0,0 90 180 270,1,0,0
obround_02,circle_05,compatible,,4.2988,8.3008,0,0 90 180 270,1,0,0
obround_03,circle_05,compatible,,0.2999,7.3008,0,0 90 180 270,1,0,0
obround_04,circle_05,compatible,,5.2985,9.3008,90,0 90 180 270,1,0,0
ellipse_01,circle_05,compatible,,2.2994,6.3008,0,0 90 180 270,1,0,0
ellipse_02,circle_05,compatible,,3.2991,7.3008,0,0 90 180 270,1,0,0
ellipse_03,circle_05,compatible,,0.2999,4.3008,0,0 90 180 270,1,0,0
polygon_01,circle_05,compatible,,1.2968,6.8008,0,0 90 180 270,1,0,0
polygon_02,circle_05,compatible,,2.2965,4.21,180,0 90 180 270,1,0,0
polygon_03,circle_05,compatible,,2.2967,3.6406,0,0 90 180 270,1,0,0
polygon_04,circle_05,compatible,,4.2967,5.3721,0,0 90 180 270,1,0,0
polygon_05,circle_05,compatible,,2.2994,3.0615,0,0 90 180 270,1,0,0
dshape_01,circle_05,compatible,,3.8957,5.7715,0,0 90 180 270,1,0,0
dshape_02,circle_05,compatible,,3.5327,6.9307,180,0 90 180 270,1,0,0
dshape_03,circle_05,compatible,,3.4171,7.957,180,0 90 180 270,1,0,0
dshape_04,circle_05,compatible,,1.4932,5.0342,180,0 90 180 270,1,0,0
double_d_01,circle_05,compatible,,4.2988,6.3008,0,0 90 180 270,1,0,0
double_d_02,circle_05,compatible,,4.2988,8.3008,0,0 90 180 270,1,0,0
double_d_03,circle_05,compatible,,2.2994,5.3008,0,0 90 180 270,1,0,0
cross_01,circle_05,compatible,,1.9916,6.1982,0,0 90 180 270,1,0,0
cross_02,circle_05,compatible,,1.5269,4.6982,0,0 90 180 270,1,0,0
cross_03,circle_05,compatible,,3.7528,5.7422,0,0 90 180 270,1,0,0
cross_04,circle_05,compatible,,1.8585,5.8447,0,0 90 180 270,1,0,0
tee_01,circle_05,compatible,,0.8024,6.9268,270,0 90 180 270,1,0,0
tee_02,circle_05,compatible,,1.1161,8.0654,90,0 90 180 270,1,0,0
tee_03,circle_05,ambiguous,off_centre,-0.3955,nan,0,,0,0,0
ell_01,circle_05,incompatible,,-0.876,nan,0,,0,0,0
ell_02,circle_05,incompatible,,-0.876,nan,0,,0,0,0
ell_03,circle_05,ambiguous,off_centre,-0.7012,nan,0,,0,0,0
ell_04,circle_05,ambiguous,off_centre,-0.7012,nan,0,,0,0,0
ell_05,circle_05,incompatible,,-1.1484,nan,0,,0,0,0
ell_06,circle_05,incompatible,,-1.1484,nan,0,,0,0,0
star_01,circle_05,compatible,,1.2997,6.5264,0,0 90 180 270,1,0,0
star_02,circle_05,compatible,,1.2965,6.0195,180,0 90 180 270,1,0,0
star_03,circle_05,compatible,,1.2968,5.4873,90,0 90 180 270,1,0,0
star_04,circle_05,compatible,,1.2965,5.0859,180,0 90 180 270,1,0,0
keyed_01,circle_05,compatible,,2.4496,4.5342,90,0 90 180 270,1,0,0
keyed_02,circle_05,compatible,,2.4257,4.667,180,0 90 180 270,1,0,0
keyed_03,circle_05,compatible,,2.1872,4.3018,90,0 90 180 270,1,0,0
keyed_04,circle_05,compatible,,2.3978,4.668,180,0 90 180 270,1,0,0
keyed_05,circle_05,compatible,,0.4085,2.5625,90,0 90 180 270,1,0,0
notched_01,circle_05,compatible,,2.0118,6.7656,180,0 90 180 270,1,0,0
notched_02,circle_05,compatible,,1.6856,6.7656,180,0 90 180 270,1,0,0
notched_03,circle_05,compatible,,1.6856,6.7656,180,0 90 180 270,1,0,0
notched_04,circle_05,compatible,,1.7971,7.1006,180,0 90 180 270,1,0,0
trapezoid_01,circle_05,compatible,,1.6116,8.5361,180,0 90 180 270,1,0,0
trapezoid_02,circle_05,compatible,,1.5802,8.4482,180,0 90 180 270,1,0,0
trapezoid_03,circle_05,compatible,,3.4378,8.4912,90,0 90 180 270,1,0,0
chamfered_01,circle_05,compatible,,2.2508,8.3975,0,0 90 180 270,1,0,0
chamfered_02,circle_05,compatible,,2.2508,8.3975,90,0 90 180 270,1,0,0
chamfered_03,circle_05,compatible,,1.8893,8.5225,0,0 90 180 270,1,0,0
chamfered_04,circle_05,compatible,,4.0775,8.4258,0,0 90 180 270,1,0,0
gear_01,circle_05,compatible,,1.2964,3.9863,180,0 90 180 270,1,0,0
gear_02,circle_05,compatible,,1.2965,3.415,270,0 90 180 270,1,0,0
gear_03,circle_05,compatible,,1.2965,2.4951,270,0 90 180 270,1,0,0
tube_01,circle_05,compatible,,5.2985,5.3018,0,0 90 180 270,1,0,0
tube_02,circle_05,compatible,,5.2985,5.3018,0,0 90 180 270,1,0,0
tube_03,circle_05,compatible,,3.2991,5.001,0,0 90 180 270,1,0,0
circle_01,square_01,compatible,,0.3,2.3721,0,0 90 180 270,1,0,0
circle_02,square_01,incompatible,,-1.2002,nan,0,,0,0,0
circle_03,square_01,incompatible,,-2.0,nan,0,,0,0,0
circle_04,square_01,incompatible,,-2.0,nan,0,,0,0,0
circle_05,square_01,incompatible,,-2.0,nan,0,,0,0,0
square_01,square_01,compatible,,0.2999,0.3008,0,0 90 180 270,0,1,1
square_02,square_01,incompatible,,-1.8223,nan,0,,0,0,1
square_03,square_01,incompatible,,-2.0,nan,0,,0,0,1
square_04,square_01,incompatible,,-2.0,nan,0,,0,0,1
rect_01,square_01,incompatible,,-2.0,nan,0,,0,0,0
rect_02,square_01,incompatible,,-2.0,nan,0,,0,0,0
rect_03,square_01,incompatible,,-2.0,nan,0,,0,0,0
rect_04,square_01,incompatible,,-2.0,nan,0,,0,0,0
rect_05,square_01,incompatible,,-0.7002,nan,0,,0,0,0
obround_01,square_01,incompatible,,-2.0,nan,0,,0,0,0
obround_02,square_01,incompatible,,-2.0,nan,0,,0,0,0
obround_03,square_01,incompatible,,-2.0,nan,0,,0,0,0
obround_04,square_01,incompatible,,-1.7002,nan,0,,0,0,0
ellipse_01,square_01,incompatible,,-2.0,nan,0,,0,0,0
ellipse_02,square_01,incompatible,,-2.0,nan,0,,0,0,0
ellipse_03,square_01,incompatible,,-2.0,nan,0,,0,0,0
polygon_01,square_01,incompatible,,-2.0,nan,0,,0,0,0
polygon_02,square_01,incompatible,,-2.0,nan,0,,0,0,0
polygon_03,square_01,incompatible,,-2.0,nan,0,,0,0,0
polygon_04,square_01,incompatible,,-2.0,nan,0,,0,0,0
polygon_05,square_01,incompatible,,-2.0,nan,0,,0,0,0
dshape_01,square_01,incompatible,,-2.0,nan,0,,0,0,0
dshape_02,square_01,incompatible,,-2.0,nan,0,,0,0,0
dshape_03,square_01,incompatible,,-2.0,nan,0,,0,0,0
dshape_04,square_01,incompatible,,-2.0,nan,0,,0,0,0
double_d_01,square_01,incompatible,,-2.0,nan,0,,0,0,0
double_d_02,square_01,incompatible,,-2.0,nan,0,,0,0,0
double_d_03,square_01,incompatible,,-2.0,nan,0,,0,0,0
cross_01,square_01,incompatible,,-2.0,nan,0,,0,0,0
cross_02,square_01,incompatible,,-2.0,nan,0,,0,0,0
cross_03,square_01,incompatible,,-2.0,nan,0,,0,0,0
cross_04,square_01,incompatible,,-2.0,nan,0,,0,0,0
tee_01,square_01,incompatible,,-2.0,nan,0,,0,0,0
tee_02,square_01,incompatible,,-2.0,nan,0,,0,0,0
tee_03,square_01,incompatible,,-2.0,nan,0,,0,0,0
ell_01,square_01,incompatible,,-2.0,nan,0,,0,0,0
ell_02,square_01,incompatible,,-2.0,nan,0,,0,0,0
ell_03,square_01,incompatible,,-2.0,nan,0,,0,0,0
ell_04,square_01,incompatible,,-2.0,nan,0,,0,0,0
ell_05,square_01,incompatible,,-2.0,nan,0,,0,0,0
ell_06,square_01,incompatible,,-2.0,nan,0,,0,0,0
star_01,square_01,incompatible,,-2.0,nan,0,,0,0,0
star_02,square_01,incompatible,,-2.0,nan,0,,0,0,0
star_03,square_01,incompatible,,-2.0,nan,0,,0,0,0
star_04,square_01,incompatible,,-2.0,nan,0,,0,0,0
keyed_01,square_01,incompatible,,-2.0,nan,0,,0,0,0
keyed_02,square_01,incompatible,,-2.0,nan,0,,0,0,0
keyed_03,square_01,incompatible,,-2.0,nan,0,,0,0,0
keyed_04,square_01,incompatible,,-2.0,nan,0,,0,0,0
keyed_05,square_01,incompatible,,-2.0,nan,0,,0,0,0
notched_01,square_01,incompatible,,-2.0,nan,0,,0,0,0
notched_02,square_01,incompatible,,-2.0,nan,0,,0,0,0
notched_03,square_01,incompatible,,-2.0,nan,0,,0,0,0
notched_04,square_01,incompatible,,-2.0,nan,0,,0,0,0
trapezoid_01,square_01,incompatible,,-2.0,nan,0,,0,0,0
trapezoid_02,square_01,incompatible,,-2.0,nan,0,,0,0,0
trapezoid_03,square_01,incompatible,,-2.0,nan,0,,0,0,0
chamfered_01,square_01,incompatible,,-2.0,nan,0,,0,0,0
chamfered_02,square_01,incompatible,,-2.0,nan,0,,0,0,0
chamfered_03,square_01,incompatible,,-2.0,nan,0,,0,0,0
chamfered_04,square_01,incompatible,,-1.9512,nan,0,,0,0,0
gear_01,square_01,incompatible,,-2.0,nan,0,,0,0,0
gear_02,square_01,incompatible,,-2.0,nan,0,,0,0,0
gear_03,square_01,incompatible,,-2.0,nan,0,,0,0,0
tube_01,square_01,incompatible,,-1.7002,nan,0,,0,0,0
tube_02,square_01,incompatible,,-1.7002,nan,0,,0,0,0
tube_03,square_01,incompatible,,-2.0,nan,0,,0,0,0
circle_01,square_02,compatible,,1.8,4.4941,0,0 90 180 270,1,0,0
circle_02,square_02,compatible,,0.3,2.9941,180,0 90 180 270,1,0,0
circle_03,square_02,incompatible,,-1.2002,nan,0,,0,0,0
circle_04,square_02,incompatible,,-2.0,nan,0,,0,0,0
circle_05,square_02,incompatible,,-2.0,nan,0,,0,0,0
square_01,square_02,compatible,,1.8,2.4219,0,0 90 180 270,1,0,1
square_02,square_02,compatible,,0.2999,0.3008,0,0 90 180 270,0,1,1
square_03,square_02,incompatible,,-1.8223,nan,0,,0,0,1
square_04,square_02,incompatible,,-2.0,nan,0,,0,0,1
rect_01,square_02,incompatible,,-2.0,nan,0,,0,0,0
rect_02,square_02,incompatible,,-2.0,nan,0,,0,0,0
rect_03,square_02,incompatible,,-1.2002,nan,0,,0,0,0
rect_04,square_02,incompatible,,-2.0,nan,0,,0,0,0
rect_05,square_02,compatible,,0.8,3.8369,0,0 90 180 270,1,0,0
obround_01,square_02,incompatible,,-2.0,nan,0,,0,0,0
obround_02,square_02,incompatible,,-1.2002,nan,0,,0,0,0
obround_03,square_02,incompatible,,-2.0,nan,0,,0,0,0
obround_04,square_02,incompatible,,-0.2002,nan,0,,0,0,0
ellipse_01,square_02,incompatible,,-2.0,nan,0,,0,0,0
ellipse_02,square_02,incompatible,,-2.0,nan,0,,0,0,0
ellipse_03,square_02,incompatible,,-2.0,nan,0,,0,0,0
polygon_01,square_02,incompatible,,-2.0,nan,0,,0,0,0
polygon_02,square_02,incompatible,,-2.0,nan,0,,0,0,0
polygon_03,square_02,incompatible,,-2.0,nan,0,,0,0,0
polygon_04,square_02,incompatible,,-1.2002,nan,0,,0,0,0
polygon_05,square_02,incompatible,,-2.0,nan,0,,0,0,0
dshape_01,square_02,incompatible,,-1.2002,nan,0,,0,0,0
dshape_02,square_02,incompatible,,-1.2002,nan,0,,0,0,0
dshape_03,square_02,incompatible,,-1.2002,nan,0,,0,0,0
dshape_04,square_02,incompatible,,-2.0,nan,0,,0,0,0
double_d_01,square_02,incompatible,,-1.2002,nan,0,,0,0,0
double_d_02,square_02,incompatible,,-1.2002,nan,0,,0,0,0
double_d_03,square_02,incompatible,,-2.0,nan,0,,0,0,0
cross_01,square_02,incompatible,,-2.0,nan,0,,0,0,0
cross_02,square_02,incompatible,,-2.0,nan,0,,0,0,0
cross_03,square_02,incompatible,,-1.2002,nan,0,,0,0,0
cross_04,square_02,incompatible,,-2.0,nan,0,,0,0,0
tee_01,square_02,incompatible,,-2.0,nan,0,,0,0,0
tee_02,square_02,incompatible,,-2.0,nan,0,,0,0,0
tee_03,square_02,incompatible,,-2.0,nan,0,,0,0,0
ell_01,square_02,incompatible,,-2.0,nan,0,,0,0,0
ell_02,square_02,incompatible,,-2.0,nan,0,,0,0,0
ell_03,square_02,incompatible,,-2.0,nan,0,,0,0,0
ell_04,square_02,incompatible,,-2.0,nan,0,,0,0,0
ell_05,square_02,incompatible,,-2.0,nan,0,,0,0,0
ell_06,square_02,incompatible,,-2.0,nan,0,,0,0,0
star_01,square_02,incompatible,,-2.0,nan,0,,0,0,0
star_02,square_02,incompatible,,-2.0,nan,0,,0,0,0
star_03,square_02,incompatible,,-2.0,nan,0,,0,0,0
star_04,square_02,incompatible,,-2.0,nan,0,,0,0,0
keyed_01,square_02,incompatible,,-2.0,nan,0,,0,0,0
keyed_02,square_02,incompatible,,-2.0,nan,0,,0,0,0
keyed_03,square_02,incompatible,,-2.0,nan,0,,0,0,0
keyed_04,square_02,incompatible,,-2.0,nan,0,,0,0,0
keyed_05,square_02,incompatible,,-2.0,nan,0,,0,0,0
notched_01,square_02,incompatible,,-1.2002,nan,0,,0,0,0
notched_02,square_02,incompatible,,-1.6143,nan,0,,0,0,0
notched_03,square_02,incompatible,,-1.6143,nan,0,,0,0,0
notched_04,square_02,incompatible,,-1.2305,nan,0,,0,0,0
trapezoid_01,square_02,incompatible,,-2.0,nan,0,,0,0,0
trapezoid_02,square_02,incompatible,,-2.0,nan,0,,0,0,0
trapezoid_03,square_02,incompatible,,-1.2002,nan,0,,0,0,0
chamfered_01,square_02,incompatible,,-2.0,nan,0,,0,0,0
chamfered_02,square_02,incompatible,,-2.0,nan,0,,0,0,0
chamfered_03,square_02,incompatible,,-2.0,nan,0,,0,0,0
chamfered_04,square_02,incompatible,,-0.4512,nan,0,,0,0,0
gear_01,square_02,incompatible,,-2.0,nan,0,,0,0,0
gear_02,square_02,incompatible,,-2.0,nan,0,,0,0,0
gear_03,square_02,incompatible,,-2.0,nan,0,,0,0,0
tube_01,square_02,incompatible,,-0.2002,nan,0,,0,0,0
tube_02,square_02,incompatible,,-0.2002,nan,0,,0,0,0
tube_03,square_02,incompatible,,-2.0,nan,0,,0,0,0
circle_01,square_03,compatible,,3.3,6.6162,0,0 90 180 270,1,0,0
circle_02,square_03,compatible,,1.8,5.1162,90,0 90 180 270,1,0,0
circle_03,square_03,compatible,,0.3,3.6152,0,0 90 180 270,1,0,0
circle_04,square_03,incompatible,,-1.7002,nan,0,,0,0,0
circle_05,square_03,incompatible,,-2.0,nan,0,,0,0,0
square_01,square_03,compatible,,3.3,4.543,0,0 90 180 270,1,0,1
square_02,square_03,compatible,,1.8,2.4219,0,0 90 180 270,1,0,1
square_03,square_03,compatible,,0.2999,0.3008,0,0 90 180 270,0,1,1
square_04,square_03,incompatible,,-2.0,nan,0,,0,0,1
rect_01,square_03,incompatible,,-1.7002,nan,0,,0,0,0
rect_02,square_03,incompatible,,-1.7002,nan,0,,0,0,0
rect_03,square_03,compatible,,0.3,4.3008,90,0 90 180 270,1,0,0
rect_04,square_03,incompatible,,-2.0,nan,0,,0,0,0
rect_05,square_03,compatible,,2.3,5.6865,90,0 90 180 270,1,0,0
obround_01,square_03,incompatible,,-1.7002,nan,0,,0,0,0
obround_02,square_03,compatible,,0.3,5.2461,90,0 90 180 270,1,0,0
obround_03,square_03,incompatible,,-2.0,nan,0,,0,0,0
obround_04,square_03,compatible,,1.3,6.2451,90,0 90 180 270,1,0,0
ellipse_01,square_03,incompatible,,-1.7002,nan,0,,0,0,0
ellipse_02,square_03,incompatible,,-0.7002,nan,0,,0,0,0
ellipse_03,square_03,incompatible,,-2.0,nan,0,,0,0,0
polygon_01,square_03,incompatible,,-2.0,nan,0,,0,0,0
polygon_02,square_03,incompatible,,-1.7002,nan,0,,0,0,0
polygon_03,square_03,incompatible,,-1.7002,nan,0,,0,0,0
polygon_04,square_03,compatible,,0.3,4.3008,90,0 90 180 270,1,0,0
polygon_05,square_03,incompatible,,-0.9395,nan,0,,0,0,0
dshape_01,square_03,compatible,,0.3,3.9961,90,0 90 180 270,1,0,0
dshape_02,square_03,compatible,,0.3,4.623,90,0 90 180 270,1,0,0
dshape_03,square_03,compatible,,0.3,5.3789,90,0 90 180 270,1,0,0
dshape_04,square_03,incompatible,,-1.7002,nan,0,,0,0,0
double_d_01,square_03,compatible,,0.3,3.6152,90,0 90 180 270,1,0,0
double_d_02,square_03,compatible,,0.3,4.4434,90,0 90 180 270,1,0,0
double_d_03,square_03,incompatible,,-1.7002,nan,0,,0,0,0
cross_01,square_03,incompatible,,-1.7002,nan,0,,0,0,0
cross_02,square_03,incompatible,,-1.7002,nan,0,,0,0,0
cross_03,square_03,compatible,,0.3,5.2178,0,0 90 180 270,1,0,0
cross_04,square_03,incompatible,,-1.7002,nan,0,,0,0,0
tee_01,square_03,incompatible,,-2.0,nan,0,,0,0,0
tee_02,square_03,incompatible,,-2.0,nan,0,,0,0,0
tee_03,square_03,incompatible,,-2.0,nan,0,,0,0,0
ell_01,square_03,incompatible,,-2.0,nan,0,,0,0,0
ell_02,square_03,incompatible,,-2.0,nan,0,,0,0,0
ell_03,square_03,incompatible,,-2.0,nan,0,,0,0,0
ell_04,square_03,incompatible,,-2.0,nan,0,,0,0,0
ell_05,square_03,incompatible,,-2.0,nan,0,,0,0,0
ell_06,square_03,incompatible,,-2.0,nan,0,,0,0,0
star_01,square_03,incompatible,,-2.0,nan,0,,0,0,0
star_02,square_03,incompatible,,-2.0,nan,0,,0,0,0
star_03,square_03,incompatible,,-2.0,nan,0,,0,0,0
star_04,square_03,incompatible,,-2.0,nan,0,,0,0,0
keyed_01,square_03,incompatible,,-1.4346,nan,0,,0,0,0
keyed_02,square_03,incompatible,,-1.25,nan,0,,0,0,0
keyed_03,square_03,incompatible,,-1.7002,nan,0,,0,0,0
keyed_04,square_03,incompatible,,-1.4414,nan,0,,0,0,0
keyed_05,square_03,incompatible,,-2.0,nan,0,,0,0,0
notched_01,square_03,compatible,,0.3,3.5176,90,0 90 180 270,1,0,0
notched_02,square_03,ambiguous,off_centre,-0.1143,nan,0,,0,0,0
notched_03,square_03,ambiguous,off_centre,-0.1143,nan,0,,0,0,0
notched_04,square_03,compatible,,0.3,4.2734,90,0 90 180 270,1,0,0
trapezoid_01,square_03,incompatible,,-1.7002,nan,0,,0,0,0
trapezoid_02,square_03,incompatible,,-1.7002,nan,0,,0,0,0
trapezoid_03,square_03,compatible,,0.3,4.6035,90,0 90 180 270,1,0,0
chamfered_01,square_03,incompatible,,-0.959,nan,0,,0,0,0
chamfered_02,square_03,incompatible,,-0.959,nan,0,,0,0,0
chamfered_03,square_03,incompatible,,-1.3975,nan,0,,0,0,0
chamfered_04,square_03,compatible,,1.0488,5.6934,0,0 90 180 270,1,0,0
gear_01,square_03,incompatible,,-2.0,nan,0,,0,0,0
gear_02,square_03,incompatible,,-2.0,nan,0,,0,0,0
gear_03,square_03,incompatible,,-2.0,nan,0,,0,0,0
tube_01,square_03,compatible,,1.3,4.6152,0,0 90 180 270,1,0,0
tube_02,square_03,compatible,,1.3,4.6152,270,0 90 180 270,1,0,0
tube_03,square_03,incompatible,,-0.7002,nan,0,,0,0,0
circle_01,square_04,compatible,,5.3,9.4453,0,0 90 180 270,1,0,0
circle_02,square_04,compatible,,3.8,7.9453,0,0 90 180 270,1,0,0
circle_03,square_04,compatible,,2.3,6.4443,0,0 90 180 270,1,0,0
circle_04,square_04,compatible,,0.3,4.4443,0,0 90 180 270,1,0,0
circle_05,square_04,incompatible,,-1.7002,nan,0,,0,0,0
square_01,square_04,compatible,,5.3,7.3711,0,0 90 180 270,1,0,1
square_02,square_04,compatible,,3.8,5.25,0,0 90 180 270,1,0,1
square_03,square_04,compatible,,2.3,3.1289,0,0 90 180 270,1,0,1
square_04,square_04,compatible,,0.2999,0.3008,0,0 90 180 270,0,1,1
rect_01,square_04,compatible,,0.3,6.3008,0,0 90 180 270,1,0,0
rect_02,square_04,compatible,,0.3,5.3008,0,0 90 180 270,1,0,0
rect_03,square_04,compatible,,2.3,6.627,0,0 90 180 270,1,0,0
rect_04,square_04,incompatible,,-1.7002,nan,0,,0,0,0
rect_05,square_04,compatible,,4.3,8.3652,0,0 90 180 270,1,0,0
obround_01,square_04,compatible,,0.3,7.0723,0,0 90 180 270,1,0,0
obround_02,square_04,compatible,,2.3,7.9648,0,0 90 180 270,1,0,0
obround_03,square_04,incompatible,,-1.7002,nan,0,,0,0,0
obround_04,square_04,compatible,,3.3,8.9648,0,0 90 180 270,1,0,0
ellipse_01,square_04,compatible,,0.3,6.752,0,0 90 180 270,1,0,0
ellipse_02,square_04,compatible,,1.3,7.7188,0,0 90 180 270,1,0,0
ellipse_03,square_04,incompatible,,-1.7002,nan,0,,0,0,0
polygon_01,square_04,ambiguous,off_centre,-0.7002,nan,0,,0,0,0
polygon_02,square_04,compatible,,0.3,6.1787,0,0 90 180 270,1,0,0
polygon_03,square_04,compatible,,0.3,5.3008,0,0 90 180 270,1,0,0
polygon_04,square_04,compatible,,2.3,7.0322,0,0 90 180 270,1,0,0
polygon_05,square_04,compatible,,1.0612,5.2041,0,0 90 180 270,1,0,0
dshape_01,square_04,compatible,,2.3,6.8242,0,0 90 180 270,1,0,0
dshape_02,square_04,compatible,,2.3,7.4443,0,0 90 180 270,1,0,0
dshape_03,square_04,compatible,,2.3,8.1885,0,0 90 180 270,1,0,0
dshape_04,square_04,compatible,,0.3,5.3662,0,0 90 180 270,1,0,0
double_d_01,square_04,compatible,,2.3,6.4443,0,0 90 180 270,1,0,0
double_d_02,square_04,compatible,,2.3,7.0439,0,0 90 180 270,1,0,0
double_d_03,square_04,compatible,,0.3,4.4463,0,0 90 180 270,1,0,0
cross_01,square_04,compatible,,0.3,7.7178,0,0 90 180 270,1,0,0
cross_02,square_04,compatible,,0.3,6.2178,0,0 90 180 270,1,0,0
cross_03,square_04,compatible,,2.3,7.5449,0,0 90 180 270,1,0,0
cross_04,square_04,compatible,,0.3,7.3008,0,0 90 180 270,1,0,0
tee_01,square_04,ambiguous,boundary,-0.0342,nan,0,,0,0,0
tee_02,square_04,ambiguous,off_centre,-0.7002,nan,0,,0,0,0
tee_03,square_04,ambiguous,off_centre,-2.0,nan,0,,0,0,0
ell_01,square_04,ambiguous,off_centre,-1.1006,nan,0,,0,0,0
ell_02,square_04,ambiguous,off_centre,-1.1006,nan,0,,0,0,0
ell_03,square_04,ambiguous,off_centre,-1.7002,nan,0,,0,0,0
ell_04,square_04,ambiguous,off_centre,-1.7002,nan,0,,0,0,0
ell_05,square_04,ambiguous,off_centre,-1.7627,nan,0,,0,0,0
ell_06,square_04,ambiguous,off_centre,-1.7627,nan,0,,0,0,0
star_01,square_04,incompatible,,-0.7002,nan,0,,0,0,0
star_02,square_04,incompatible,,-0.7002,nan,0,,0,0,0
star_03,square_04,incompatible,,-0.7002,nan,0,,0,0,0
star_04,square_04,incompatible,,-0.7002,nan,0,,0,0,0
keyed_01,square_04,compatible,,0.5663,6.6338,0,0 90 180 270,1,0,0
keyed_02,square_04,compatible,,0.7501,6.7666,0,0 90 180 270,1,0,0
keyed_03,square_04,compatible,,0.3,6.4443,0,0 90 180 270,1,0,0
keyed_04,square_04,compatible,,0.5587,6.8105,0,0 90 180 270,1,0,0
keyed_05,square_04,incompatible,,-1.4189,nan,0,,0,0,0
notched_01,square_04,compatible,,2.3,5.1953,0,0 90 180 270,1,0,0
notched_02,square_04,compatible,,1.8862,5.377,0,0 90 180 270,1,0,0
notched_03,square_04,compatible,,1.8862,5.377,0,0 90 180 270,1,0,0
notched_04,square_04,compatible,,2.3,5.501,0,0 90 180 270,1,0,0
trapezoid_01,square_04,compatible,,0.3,6.7998,0,0 90 180 270,1,0,0
trapezoid_02,square_04,compatible,,0.3,6.4863,0,0 90 180 270,1,0,0
trapezoid_03,square_04,compatible,,2.3,7.3555,0,0 90 180 270,1,0,0
chamfered_01,square_04,compatible,,1.0419,7.292,0,0 90 180 270,1,0,0
chamfered_02,square_04,compatible,,1.0419,7.292,0,0 90 180 270,1,0,0
chamfered_03,square_04,compatible,,0.6029,8.1445,0,0 90 180 270,1,0,0
chamfered_04,square_04,compatible,,3.0488,8.5215,0,0 90 180 270,1,0,0
gear_01,square_04,incompatible,,-0.5654,nan,0,,0,0,0
gear_02,square_04,incompatible,,-0.624,nan,0,,0,0,0
gear_03,square_04,incompatible,,-0.667,nan,0,,0,0,0
tube_01,square_04,compatible,,3.3,7.4453,0,0 90 180 270,1,0,0
tube_02,square_04,compatible,,3.3,7.4453,0,0 90 180 270,1,0,0
tube_03,square_04,compatible,,1.3,5.4443,0,0 90 180 270,1,0,0
circle_01,rect_01,incompatible,,-0.7002,nan,0,,0,0,0
circle_02,rect_01,incompatible,,-2.0,nan,0,,0,0,0
circle_03,rect_01,incompatible,,-2.0,nan,0,,0,0,0
circle_04,rect_01,incompatible,,-2.0,nan,0,,0,0,0
circle_05,rect_01,incompatible,,-2.0,nan,0,,0,0,0
square_01,rect_01,incompatible,,-0.7002,nan,0,,0,0,0
square_02,rect_01,incompatible,,-2.0,nan,0,,0,0,0
square_03,rect_01,incompatible,,-2.0,nan,0,,0,0,0
square_04,rect_01,incompatible,,-2.0,nan,0,,0,0,0
rect_01,rect_01,compatible,,0.2999,0.3008,0,0 180,0,1,1
rect_02,rect_01,incompatible,,-0.7002,nan,0,,0,0,1
rect_03,rect_01,compatible,,0.3,2.3008,0,0 180,1,0,1
rect_04,rect_01,incompatible,,-2.0,nan,0,,0,0,1
rect_05,rect_01,compatible,,1.3,4.4238,0,0 180,1,0,1
obround_01,rect_01,compatible,,0.3,1.958,0,0 180,1,0,0
obround_02,rect_01,compatible,,0.3,3.5127,0,0 180,1,0,0
obround_03,rect_01,incompatible,,-1.7002,nan,0,,0,0,0
obround_04,rect_01,compatible,,1.3,4.5127,0,0 180,1,0,0
ellipse_01,rect_01,incompatible,,-1.7002,nan,0,,0,0,0
ellipse_02,rect_01,incompatible,,-0.7002,nan,0,,0,0,0
ellipse_03,rect_01,incompatible,,-2.0,nan,0,,0,0,0
polygon_01,rect_01,incompatible,,-2.0,nan,0,,0,0,0
polygon_02,rect_01,incompatible,,-2.0,nan,0,,0,0,0
polygon_03,rect_01,incompatible,,-2.0,nan,0,,0,0,0
polygon_04,rect_01,incompatible,,-2.0,nan,0,,0,0,0
polygon_05,rect_01,incompatible,,-2.0,nan,0,,0,0,0
dshape_01,rect_01,incompatible,,-2.0,nan,0,,0,0,0
dshape_02,rect_01,incompatible,,-2.0,nan,0,,0,0,0
dshape_03,rect_01,incompatible,,-1.3574,nan,0,,0,0,0
dshape_04,rect_01,incompatible,,-2.0,nan,0,,0,0,0
double_d_01,rect_01,incompatible,,-1.7002,nan,0,,0,0,0
double_d_02,rect_01,compatible,,0.3,3.0723,0,0 180,1,0,0
double_d_03,rect_01,incompatible,,-2.0,nan,0,,0,0,0
cross_01,rect_01,incompatible,,-2.0,nan,0,,0,0,0
cross_02,rect_01,incompatible,,-2.0,nan,0,,0,0,0
cross_03,rect_01,incompatible,,-2.0,nan,0,,0,0,0
cross_04,rect_01,incompatible,,-2.0,nan,0,,0,0,0
tee_01,rect_01,incompatible,,-2.0,nan,0,,0,0,0
tee_02,rect_01,incompatible,,-2.0,nan,0,,0,0,0
tee_03,rect_01,incompatible,,-2.0,nan,0,,0,0,0
ell_01,rect_01,incompatible,,-2.0,nan,0,,0,0,0
ell_02,rect_01,incompatible,,-2.0,nan,0,,0,0,0
ell_03,rect_01,incompatible,,-2.0,nan,0,,0,0,0
ell_04,rect_01,incompatible,,-2.0,nan,0,,0,0,0
ell_05,rect_01,incompatible,,-2.0,nan,0,,0,0,0
ell_06,rect_01,incompatible,,-2.0,nan,0,,0,0,0
star_01,rect_01,incompatible,,-2.0,nan,0,,0,0,0
star_02,rect_01,incompatible,,-2.0,nan,0,,0,0,0
star_03,rect_01,incompatible,,-2.0,nan,0,,0,0,0
star_04,rect_01,incompatible,,-2.0,nan,0,,0,0,0
keyed_01,rect_01,incompatible,,-2.0,nan,0,,0,0,0
keyed_02,rect_01,incompatible,,-2.0,nan,0,,0,0,0
keyed_03,rect_01,incompatible,,-2.0,nan,0,,0,0,0
keyed_04,rect_01,incompatible,,-2.0,nan,0,,0,0,0
keyed_05,rect_01,incompatible,,-2.0,nan,0,,0,0,0
notched_01,rect_01,incompatible,,-2.0,nan,0,,0,0,0
notched_02,rect_01,incompatible,,-2.0,nan,0,,0,0,0
notched_03,rect_01,incompatible,,-2.0,nan,0,,0,0,0
notched_04,rect_01,incompatible,,-2.0,nan,0,,0,0,0
trapezoid_01,rect_01,compatible,,0.0647,3.0264,0,0 180,1,0,0
trapezoid_02,rect_01,compatible,,0.1519,2.2051,0,0 180,1,0,0
trapezoid_03,rect_01,compatible,,0.1095,4.1348,0,0 180,1,0,0
chamfered_01,rect_01,compatible,,0.2032,2.8779,0,0 180,1,0,0
chamfered_02,rect_01,compatible,,0.2032,2.8779,0,0 180,1,0,0
chamfered_03,rect_01,compatible,,0.0782,3.8936,0,0 180,1,0,0
chamfered_04,rect_01,compatible,,0.1744,4.2764,0,0 180,1,0,0
gear_01,rect_01,incompatible,,-2.0,nan,0,,0,0,0
gear_02,rect_01,incompatible,,-2.0,nan,0,,0,0,0
gear_03,rect_01,incompatible,,-2.0,nan,0,,0,0,0
tube_01,rect_01,incompatible,,-2.0,nan,0,,0,0,0
tube_02,rect_01,incompatible,,-2.0,nan,0,,0,0,0
tube_03,rect_01,incompatible,,-2.0,nan,0,,0,0,0
circle_01,rect_02,compatible,,0.3,6.4824,0,0 90 180 270,1,0,0
circle_02,rect_02,incompatible,,-1.2002,nan,0,,0,0,0
circle_03,rect_02,incompatible,,-2.0,nan,0,,0,0,0
circle_04,rect_02,incompatible,,-2.0,nan,0,,0,0,0
circle_05,rect_02,incompatible,,-2.0,nan,0,,0,0,0
square_01,rect_02,compatible,,0.3,5.3008,0,0 90 180 270,1,0,0
square_02,rect_02,incompatible,,-1.2002,nan,0,,0,0,0
square_03,rect_02,incompatible,,-2.0,nan,0,,0,0,0
square_04,rect_02,incompatible,,-2.0,nan,0,,0,0,0
rect_01,rect_02,compatible,,0.3,1.3008,0,0 180,1,0,1
rect_02,rect_02,compatible,,0.2999,0.3008,0,0 180,0,1,1
rect_03,rect_02,compatible,,1.3,2.5371,0,0 180,1,0,1
rect_04,rect_02,incompatible,,-1.9365,nan,0,,0,0,1
rect_05,rect_02,compatible,,2.3,4.7744,0,0 180,1,0,1
obround_01,rect_02,compatible,,0.3,2.7041,0,0 180,1,0,0
obround_02,rect_02,compatible,,1.3,4.1113,0,0 180,1,0,0
obround_03,rect_02,incompatible,,-1.7002,nan,0,,0,0,0
obround_04,rect_02,compatible,,2.3,5.1123,0,0 180,1,0,0
ellipse_01,rect_02,incompatible,,-0.7002,nan,0,,0,0,0
ellipse_02,rect_02,compatible,,0.3,3.6338,0,0 180,1,0,0
ellipse_03,rect_02,incompatible,,-2.0,nan,0,,0,0,0
polygon_01,rect_02,incompatible,,-2.0,nan,0,,0,0,0
polygon_02,rect_02,incompatible,,-2.0,nan,0,,0,0,0
polygon_03,rect_02,incompatible,,-2.0,nan,0,,0,0,0
polygon_04,rect_02,incompatible,,-1.6289,nan,0,,0,0,0
polygon_05,rect_02,incompatible,,-2.0,nan,0,,0,0,0
dshape_01,rect_02,incompatible,,-2.0,nan,0,,0,0,0
dshape_02,rect_02,incompatible,,-1.3301,nan,0,,0,0,0
dshape_03,rect_02,ambiguous,off_centre,-0.3574,nan,0,,0,0,0
dshape_04,rect_02,incompatible,,-2.0,nan,0,,0,0,0
double_d_01,rect_02,incompatible,,-0.7002,nan,0,,0,0,0
double_d_02,rect_02,compatible,,1.3,3.4834,0,0 180,1,0,0
double_d_03,rect_02,incompatible,,-1.7002,nan,0,,0,0,0
cross_01,rect_02,incompatible,,-2.0,nan,0,,0,0,0
cross_02,rect_02,incompatible,,-2.0,nan,0,,0,0,0
cross_03,rect_02,incompatible,,-2.0,nan,0,,0,0,0
cross_04,rect_02,incompatible,,-1.7002,nan,0,,0,0,0
tee_01,rect_02,incompatible,,-2.0,nan,0,,0,0,0
tee_02,rect_02,incompatible,,-2.0,nan,0,,0,0,0
tee_03,rect_02,incompatible,,-2.0,nan,0,,0,0,0
ell_01,rect_02,incompatible,,-2.0,nan,0,,0,0,0
ell_02,rect_02,incompatible,,-2.0,nan,0,,0,0,0
ell_03,rect_02,incompatible,,-2.0,nan,0,,0,0,0
ell_04,rect_02,incompatible,,-2.0,nan,0,,0,0,0
ell_05,rect_02,incompatible,,-2.0,nan,0,,0,0,0
ell_06,rect_02,incompatible,,-2.0,nan,0,,0,0,0
star_01,rect_02,incompatible,,-2.0,nan,0,,0,0,0
star_02,rect_02,incompatible,,-2.0,nan,0,,0,0,0
star_03,rect_02,incompatible,,-2.0,nan,0,,0,0,0
star_04,rect_02,incompatible,,-2.0,nan,0,,0,0,0
keyed_01,rect_02,incompatible,,-2.0,nan,0,,0,0,0
keyed_02,rect_02,incompatible,,-2.0,nan,0,,0,0,0
keyed_03,rect_02,incompatible,,-2.0,nan,0,,0,0,0
keyed_04,rect_02,incompatible,,-2.0,nan,0,,0,0,0
keyed_05,rect_02,incompatible,,-2.0,nan,0,,0,0,0
notched_01,rect_02,incompatible,,-1.166,nan,0,,0,0,0
notched_02,rect_02,incompatible,,-1.166,nan,0,,0,0,0
notched_03,rect_02,incompatible,,-1.166,nan,0,,0,0,0
notched_04,rect_02,incompatible,,-1.5,nan,0,,0,0,0
trapezoid_01,rect_02,compatible,,0.3,3.3779,0,0 180,1,0,0
trapezoid_02,rect_02,compatible,,0.3,2.4746,0,0 180,1,0,0
trapezoid_03,rect_02,compatible,,1.1095,4.377,0,0 180,1,0,0
chamfered_01,rect_02,compatible,,1.0419,3.585,0,0 180,1,0,0
chamfered_02,rect_02,compatible,,1.0419,3.585,0,0 180,1,0,0
chamfered_03,rect_02,compatible,,0.6029,4.6006,0,0 180,1,0,0
chamfered_04,rect_02,compatible,,1.1744,4.9834,0,0 180,1,0,0
gear_01,rect_02,incompatible,,-2.0,nan,0,,0,0,0
gear_02,rect_02,incompatible,,-2.0,nan,0,,0,0,0
gear_03,rect_02,incompatible,,-2.0,nan,0,,0,0,0
tube_01,rect_02,incompatible,,-1.7002,nan,0,,0,0,0
tube_02,rect_02,incompatible,,-1.7002,nan,0,,0,0,0
tube_03,rect_02,incompatible,,-2.0,nan,0,,0,0,0
circle_01,rect_03,incompatible,,-0.7002,nan,0,,0,0,0
circle_02,rect_03,incompatible,,-2.0,nan,0,,0,0,0
circle_03,rect_03,incompatible,,-2.0,nan,0,,0,0,0
circle_04,rect_03,incompatible,,-2.0,nan,0,,0,0,0
circle_05,rect_03,incompatible,,-2.0,nan,0,,0,0,0
square_01,rect_03,incompatible,,-0.7002,nan,0,,0,0,0
square_02,rect_03,incompatible,,-2.0,nan,0,,0,0,0
square_03,rect_03,incompatible,,-2.0,nan,0,,0,0,0
square_04,rect_03,incompatible,,-2.0,nan,0,,0,0,0
rect_01,rect_03,incompatible,,-1.7002,nan,0,,0,0,1
rect_02,rect_03,incompatible,,-1.9365,nan,0,,0,0,1
rect_03,rect_03,compatible,,0.2999,0.3008,0,0 180,0,1,1
rect_04,rect_03,incompatible,,-2.0,nan,0,,0,0,1
rect_05,rect_03,compatible,,1.3,2.5371,0,0 180,1,0,1
obround_01,rect_03,incompatible,,-1.7002,nan,0,,0,0,0
obround_02,rect_03,compatible,,0.3,1.958,0,0 180,1,0,0
obround_03,rect_03,incompatible,,-2.0,nan,0,,0,0,0
obround_04,rect_03,compatible,,1.3,2.958,0,0 180,1,0,0
ellipse_01,rect_03,incompatible,,-1.7002,nan,0,,0,0,0
ellipse_02,rect_03,incompatible,,-0.7002,nan,0,,0,0,0
ellipse_03,rect_03,incompatible,,-2.0,nan,0,,0,0,0
polygon_01,rect_03,incompatible,,-2.0,nan,0,,0,0,0
polygon_02,rect_03,incompatible,,-2.0,nan,0,,0,0,0
polygon_03,rect_03,incompatible,,-2.0,nan,0,,0,0,0
polygon_04,rect_03,incompatible,,-2.0,nan,0,,0,0,0
polygon_05,rect_03,incompatible,,-2.0,nan,0,,0,0,0
dshape_01,rect_03,incompatible,,-2.0,nan,0,,0,0,0
dshape_02,rect_03,incompatible,,-2.0,nan,0,,0,0,0
dshape_03,rect_03,incompatible,,-1.3574,nan,0,,0,0,0
dshape_04,rect_03,incompatible,,-2.0,nan,0,,0,0,0
double_d_01,rect_03,incompatible,,-1.7002,nan,0,,0,0,0
double_d_02,rect_03,compatible,,0.3,1.2471,0,0 180,1,0,0
double_d_03,rect_03,incompatible,,-2.0,nan,0,,0,0,0
cross_01,rect_03,incompatible,,-2.0,nan,0,,0,0,0
cross_02,rect_03,incompatible,,-2.0,nan,0,,0,0,0
cross_03,rect_03,incompatible,,-2.0,nan,0,,0,0,0
cross_04,rect_03,incompatible,,-2.0,nan,0,,0,0,0
tee_01,rect_03,incompatible,,-2.0,nan,0,,0,0,0
tee_02,rect_03,incompatible,,-2.0,nan,0,,0,0,0
tee_03,rect_03,incompatible,,-2.0,nan,0,,0,0,0
ell_01,rect_03,incompatible,,-2.0,nan,0,,0,0,0
ell_02,rect_03,incompatible,,-2.0,nan,0,,0,0,0
ell_03,rect_03,incompatible,,-2.0,nan,0,,0,0,0
ell_04,rect_03,incompatible,,-2.0,nan,0,,0,0,0
ell_05,rect_03,incompatible,,-2.0,nan,0,,0,0,0
ell_06,rect_03,incompatible,,-2.0,nan,0,,0,0,0
star_01,rect_03,incompatible,,-2.0,nan,0,,0,0,0
star_02,rect_03,incompatible,,-2.0,nan,0,,0,0,0
star_03,rect_03,incompatible,,-2.0,nan,0,,0,0,0
star_04,rect_03,incompatible,,-2.0,nan,0,,0,0,0
keyed_01,rect_03,incompatible,,-2.0,nan,0,,0,0,0
keyed_02,rect_03,incompatible,,-2.0,nan,0,,0,0,0
keyed_03,rect_03,incompatible,,-2.0,nan,0,,0,0,0
keyed_04,rect_03,incompatible,,-2.0,nan,0,,0,0,0
keyed_05,rect_03,incompatible,,-2.0,nan,0,,0,0,0
notched_01,rect_03,incompatible,,-2.0,nan,0,,0,0,0
notched_02,rect_03,incompatible,,-2.0,nan,0,,0,0,0
notched_03,rect_03,incompatible,,-2.0,nan,0,,0,0,0
notched_04,rect_03,incompatible,,-2.0,nan,0,,0,0,0
trapezoid_01,rect_03,incompatible,,-1.7002,nan,0,,0,0,0
trapezoid_02,rect_03,incompatible,,-1.7002,nan,0,,0,0,0
trapezoid_03,rect_03,compatible,,0.1095,2.1943,0,0 180,1,0,0
chamfered_01,rect_03,incompatible,,-0.959,nan,0,,0,0,0
chamfered_02,rect_03,incompatible,,-0.959,nan,0,,0,0,0
chamfered_03,rect_03,incompatible,,-1.3975,nan,0,,0,0,0
chamfered_04,rect_03,compatible,,0.1744,2.8623,0,0 180,1,0,0
gear_01,rect_03,incompatible,,-2.0,nan,0,,0,0,0
gear_02,rect_03,incompatible,,-2.0,nan,0,,0,0,0
gear_03,rect_03,incompatible,,-2.0,nan,0,,0,0,0
tube_01,rect_03,incompatible,,-2.0,nan,0,,0,0,0
tube_02,rect_03,incompatible,,-2.0,nan,0,,0,0,0
tube_03,rect_03,incompatible,,-2.0,nan,0,,0,0,0
circle_01,rect_04,compatible,,1.3,8.7188,0,0 90 180 270,1,0,0
circle_02,rect_04,incompatible,,-0.2002,nan,0,,0,0,0
circle_03,rect_04,incompatible,,-1.7002,nan,0,,0,0,0
circle_04,rect_04,incompatible,,-2.0,nan,0,,0,0,0
circle_05,rect_04,incompatible,,-2.0,nan,0,,0,0,0
square_01,rect_04,compatible,,1.3,7.3721,0,0 90 180 270,1,0,0
square_02,rect_04,incompatible,,-0.2002,nan,0,,0,0,0
square_03,rect_04,incompatible,,-1.7002,nan,0,,0,0,0
square_04,rect_04,incompatible,,-2.0,nan,0,,0,0,0
rect_01,rect_04,compatible,,2.3,3.1289,0,0 180,1,0,1
rect_02,rect_04,compatible,,1.3,2.5371,0,0 180,1,0,1
rect_03,rect_04,compatible,,2.3,4.7744,0,0 180,1,0,1
rect_04,rect_04,compatible,,0.2999,0.3008,0,0 180,0,1,1
rect_05,rect_04,compatible,,3.3,7.0107,0,0 90 180 270,1,0,1
obround_01,rect_04,compatible,,2.3,4.7871,0,0 180,1,0,0
obround_02,rect_04,compatible,,2.3,6.3018,0,0 180,1,0,0
obround_03,rect_04,compatible,,0.3,3.1113,0,0 180,1,0,0
obround_04,rect_04,compatible,,3.3,7.3027,0,0 180,1,0,0
ellipse_01,rect_04,compatible,,0.3,4.791,0,0 180,1,0,0
ellipse_02,rect_04,compatible,,1.3,5.7568,0,0 180,1,0,0
ellipse_03,rect_04,incompatible,,-1.7002,nan,0,,0,0,0
polygon_01,rect_04,incompatible,,-2.0,nan,0,,0,0,0
polygon_02,rect_04,incompatible,,-2.0,nan,0,,0,0,0
polygon_03,rect_04,incompatible,,-2.0,nan,0,,0,0,0
polygon_04,rect_04,incompatible,,-0.6289,nan,0,,0,0,0
polygon_05,rect_04,incompatible,,-2.0,nan,0,,0,0,0
dshape_01,rect_04,incompatible,,-1.1719,nan,0,,0,0,0
dshape_02,rect_04,ambiguous,off_centre,-0.3301,nan,0,,0,0,0
dshape_03,rect_04,compatible,,0.6431,6.918,0,0 180,1,0,0
dshape_04,rect_04,incompatible,,-2.0,nan,0,,0,0,0
double_d_01,rect_04,compatible,,0.3,5.7188,0,0 180,1,0,0
double_d_02,rect_04,compatible,,2.3,5.7188,0,0 180,1,0,0
double_d_03,rect_04,incompatible,,-0.7002,nan,0,,0,0,0
cross_01,rect_04,incompatible,,-2.0,nan,0,,0,0,0
cross_02,rect_04,incompatible,,-2.0,nan,0,,0,0,0
cross_03,rect_04,incompatible,,-1.7002,nan,0,,0,0,0
cross_04,rect_04,incompatible,,-0.7002,nan,0,,0,0,0
tee_01,rect_04,incompatible,,-2.0,nan,0,,0,0,0
tee_02,rect_04,incompatible,,-2.0,nan,0,,0,0,0
tee_03,rect_04,incompatible,,-1.7002,nan,90,,0,0,0
ell_01,rect_04,incompatible,,-2.0,nan,0,,0,0,0
ell_02,rect_04,incompatible,,-2.0,nan,0,,0,0,0
ell_03,rect_04,incompatible,,-2.0,nan,0,,0,0,0
ell_04,rect_04,incompatible,,-2.0,nan,0,,0,0,0
ell_05,rect_04,incompatible,,-2.0,nan,0,,0,0,0
ell_06,rect_04,incompatible,,-2.0,nan,0,,0,0,0
star_01,rect_04,incompatible,,-2.0,nan,0,,0,0,0
star_02,rect_04,incompatible,,-2.0,nan,0,,0,0,0
star_03,rect_04,incompatible,,-2.0,nan,0,,0,0,0
star_04,rect_04,incompatible,,-2.0,nan,0,,0,0,0
keyed_01,rect_04,incompatible,,-1.7002,nan,90,,0,0,0
keyed_02,rect_04,incompatible,,-1.7002,nan,90,,0,0,0
keyed_03,rect_04,incompatible,,-1.7002,nan,90,,0,0,0
keyed_04,rect_04,incompatible,,-2.0,nan,0,,0,0,0
keyed_05,rect_04,incompatible,,-2.0,nan,0,,0,0,0
notched_01,rect_04,ambiguous,off_centre,-0.166,nan,0,,0,0,0
notched_02,rect_04,ambiguous,off_centre,-0.166,nan,0,,0,0,0
notched_03,rect_04,ambiguous,off_centre,-0.166,nan,0,,0,0,0
notched_04,rect_04,ambiguous,off_centre,-0.5,nan,0,,0,0,0
trapezoid_01,rect_04,compatible,,2.0647,5.6016,0,0 180,1,0,0
trapezoid_02,rect_04,compatible,,2.1519,4.709,0,0 180,1,0,0
trapezoid_03,rect_04,compatible,,2.1095,6.5674,0,0 180,1,0,0
chamfered_01,rect_04,compatible,,2.2032,5.7061,0,0 180,1,0,0
chamfered_02,rect_04,compatible,,2.2032,5.7061,0,0 180,1,0,0
chamfered_03,rect_04,compatible,,2.0782,6.7217,0,0 180,1,0,0
chamfered_04,rect_04,compatible,,2.1744,7.1055,0,0 180,1,0,0
gear_01,rect_04,incompatible,,-2.0,nan,0,,0,0,0
gear_02,rect_04,incompatible,,-2.0,nan,0,,0,0,0
gear_03,rect_04,incompatible,,-2.0,nan,0,,0,0,0
tube_01,rect_04,incompatible,,-0.7002,nan,0,,0,0,0
tube_02,rect_04,incompatible,,-0.7002,nan,0,,0,0,0
tube_03,rect_04,incompatible,,-2.0,nan,0,,0,0,0
circle_01,rect_05,incompatible,,-1.7002,nan,0,,0,0,0
circle_02,rect_05,incompatible,,-2.0,nan,0,,0,0,0
circle_03,rect_05,incompatible,,-2.0,nan,0,,0,0,0
circle_04,rect_05,incompatible,,-2.0,nan,0,,0,0,0
circle_05,rect_05,incompatible,,-2.0,nan,0,,0,0,0
square_01,rect_05,incompatible,,-1.7002,nan,0,,0,0,0
square_02,rect_05,incompatible,,-2.0,nan,0,,0,0,0
square_03,rect_05,incompatible,,-2.0,nan,0,,0,0,0
square_04,rect_05,incompatible,,-2.0,nan,0,,0,0,0
rect_01,rect_05,incompatible,,-2.0,nan,0,,0,0,1
rect_02,rect_05,incompatible,,-2.0,nan,0,,0,0,1
rect_03,rect_05,incompatible,,-1.9365,nan,0,,0,0,1
rect_04,rect_05,incompatible,,-2.0,nan,0,,0,0,1
rect_05,rect_05,compatible,,0.2999,0.3008,0,0 180,0,1,1
obround_01,rect_05,incompatible,,-2.0,nan,0,,0,0,0
obround_02,rect_05,incompatible,,-1.7002,nan,0,,0,0,0
obround_03,rect_05,incompatible,,-2.0,nan,0,,0,0,0
obround_04,rect_05,incompatible,,-0.7002,nan,0,,0,0,0
ellipse_01,rect_05,incompatible,,-2.0,nan,0,,0,0,0
ellipse_02,rect_05,incompatible,,-2.0,nan,0,,0,0,0
ellipse_03,rect_05,incompatible,,-2.0,nan,0,,0,0,0
polygon_01,rect_05,incompatible,,-2.0,nan,0,,0,0,0
polygon_02,rect_05,incompatible,,-2.0,nan,0,,0,0,0
polygon_03,rect_05,incompatible,,-2.0,nan,0,,0,0,0
polygon_04,rect_05,incompatible,,-2.0,nan,0,,0,0,0
polygon_05,rect_05,incompatible,,-2.0,nan,0,,0,0,0
dshape_01,rect_05,incompatible,,-2.0,nan,0,,0,0,0
dshape_02,rect_05,incompatible,,-2.0,nan,0,,0,0,0
dshape_03,rect_05,incompatible,,-2.0,nan,0,,0,0,0
dshape_04,rect_05,incompatible,,-2.0,nan,0,,0,0,0
double_d_01,rect_05,incompatible,,-2.0,nan,0,,0,0,0
double_d_02,rect_05,incompatible,,-1.7002,nan,0,,0,0,0
double_d_03,rect_05,incompatible,,-2.0,nan,0,,0,0,0
cross_01,rect_05,incompatible,,-2.0,nan,0,,0,0,0
cross_02,rect_05,incompatible,,-2.0,nan,0,,0,0,0
cross_03,rect_05,incompatible,,-2.0,nan,0,,0,0,0
cross_04,rect_05,incompatible,,-2.0,nan,0,,0,0,0
tee_01,rect_05,incompatible,,-2.0,nan,0,,0,0,0
tee_02,rect_05,incompatible,,-2.0,nan,0,,0,0,0
tee_03,rect_05,incompatible,,-2.0,nan,0,,0,0,0
ell_01,rect_05,incompatible,,-2.0,nan,0,,0,0,0
ell_02,rect_05,incompatible,,-2.0,nan,0,,0,0,0
ell_03,rect_05,incompatible,,-2.0,nan,0,,0,0,0
ell_04,rect_05,incompatible,,-2.0,nan,0,,0,0,0
ell_05,rect_05,incompatible,,-2.0,nan,0,,0,0,0
ell_06,rect_05,incompatible,,-2.0,nan,0,,0,0,0
star_01,rect_05,incompatible,,-2.0,nan,0,,0,0,0
star_02,rect_05,incompatible,,-2.0,nan,0,,0,0,0
star_03,rect_05,incompatible,,-2.0,nan,0,,0,0,0
star_04,rect_05,incompatible,,-2.0,nan,0,,0,0,0
keyed_01,rect_05,incompatible,,-2.0,nan,0,,0,0,0
keyed_02,rect_05,incompatible,,-2.0,nan,0,,0,0,0
keyed_03,rect_05,incompatible,,-2.0,nan,0,,0,0,0
keyed_04,rect_05,incompatible,,-2.0,nan,0,,0,0,0
keyed_05,rect_05,incompatible,,-2.0,nan,0,,0,0,0
notched_01,rect_05,incompatible,,-2.0,nan,0,,0,0,0
notched_02,rect_05,incompatible,,-2.0,nan,0,,0,0,0
notched_03,rect_05,incompatible,,-2.0,nan,0,,0,0,0
notched_04,rect_05,incompatible,,-2.0,nan,0,,0,0,0
trapezoid_01,rect_05,incompatible,,-2.0,nan,0,,0,0,0
trapezoid_02,rect_05,incompatible,,-2.0,nan,0,,0,0,0
trapezoid_03,rect_05,incompatible,,-1.8584,nan,0,,0,0,0
chamfered_01,rect_05,incompatible,,-2.0,nan,0,,0,0,0
chamfered_02,rect_05,incompatible,,-2.0,nan,0,,0,0,0
chamfered_03,rect_05,incompatible,,-2.0,nan,0,,0,0,0
chamfered_04,rect_05,incompatible,,-1.2266,nan,0,,0,0,0
gear_01,rect_05,incompatible,,-2.0,nan,0,,0,0,0
gear_02,rect_05,incompatible,,-2.0,nan,0,,0,0,0
gear_03,rect_05,incompatible,,-2.0,nan,0,,0,0,0
tube_01,rect_05,incompatible,,-2.0,nan,0,,0,0,0
tube_02,rect_05,incompatible,,-2.0,nan,0,,0,0,0
tube_03,rect_05,incompatible,,-2.0,nan,0,,0,0,0
circle_01,obround_01,incompatible,,-0.7002,nan,0,,0,0,0
circle_02,obround_01,incompatible,,-2.0,nan,0,,0,0,0
circle_03,obround_01,incompatible,,-2.0,nan,0,,0,0,0
circle_04,obround_01,incompatible,,-2.0,nan,0,,0,0,0
circle_05,obround_01,incompatible,,-2.0,nan,0,,0,0,0
square_01,obround_01,incompatible,,-0.7002,nan,0,,0,0,0
square_02,obround_01,incompatible,,-2.0,nan,0,,0,0,0
square_03,obround_01,incompatible,,-2.0,nan,0,,0,0,0
square_04,obround_01,incompatible,,-2.0,nan,0,,0,0,0
rect_01,obround_01,incompatible,,-1.3574,nan,0,,0,0,0
rect_02,obround_01,incompatible,,-2.0,nan,0,,0,0,0
rect_03,obround_01,ambiguous,off_centre,-0.1738,nan,0,,0,0,0
rect_04,obround_01,incompatible,,-2.0,nan,0,,0,0,0
rect_05,obround_01,compatible,,1.2997,4.3008,0,0 180,1,0,0
obround_01,obround_01,compatible,,0.2999,0.3008,0,0 180,0,1,1
obround_02,obround_01,compatible,,0.3,2.3008,0,0 180,1,0,1
obround_03,obround_01,incompatible,,-1.7002,nan,0,,0,0,1
obround_04,obround_01,compatible,,1.3,3.3018,0,0 180,1,0,1
ellipse_01,obround_01,incompatible,,-1.7002,nan,0,,0,0,0
ellipse_02,obround_01,incompatible,,-0.7002,nan,0,,0,0,0
ellipse_03,obround_01,incompatible,,-2.0,nan,0,,0,0,0
polygon_01,obround_01,incompatible,,-2.0,nan,0,,0,0,0
polygon_02,obround_01,incompatible,,-2.0,nan,0,,0,0,0
polygon_03,obround_01,incompatible,,-2.0,nan,0,,0,0,0
polygon_04,obround_01,incompatible,,-2.0,nan,0,,0,0,0
polygon_05,obround_01,incompatible,,-2.0,nan,0,,0,0,0
dshape_01,obround_01,incompatible,,-2.0,nan,0,,0,0,0
dshape_02,obround_01,incompatible,,-2.0,nan,0,,0,0,0
dshape_03,obround_01,incompatible,,-1.3574,nan,0,,0,0,0
dshape_04,obround_01,incompatible,,-2.0,nan,0,,0,0,0
double_d_01,obround_01,incompatible,,-1.7002,nan,0,,0,0,0
double_d_02,obround_01,compatible,,0.1932,2.3008,180,0 180,1,0,0
double_d_03,obround_01,incompatible,,-2.0,nan,0,,0,0,0
cross_01,obround_01,incompatible,,-2.0,nan,0,,0,0,0
cross_02,obround_01,incompatible,,-2.0,nan,0,,0,0,0
cross_03,obround_01,incompatible,,-2.0,nan,0,,0,0,0
cross_04,obround_01,incompatible,,-2.0,nan,0,,0,0,0
tee_01,obround_01,incompatible,,-2.0,nan,0,,0,0,0
tee_02,obround_01,incompatible,,-2.0,nan,0,,0,0,0
tee_03,obround_01,incompatible,,-2.0,nan,0,,0,0,0
ell_01,obround_01,incompatible,,-2.0,nan,0,,0,0,0
ell_02,obround_01,incompatible,,-2.0,nan,0,,0,0,0
ell_03,obround_01,incompatible,,-2.0,nan,0,,0,0,0
ell_04,obround_01,incompatible,,-2.0,nan,0,,0,0,0
ell_05,obround_01,incompatible,,-2.0,nan,0,,0,0,0
ell_06,obround_01,incompatible,,-2.0,nan,0,,0,0,0
star_01,obround_01,incompatible,,-2.0,nan,0,,0,0,0
star_02,obround_01,incompatible,,-2.0,nan,0,,0,0,0
star_03,obround_01,incompatible,,-2.0,nan,0,,0,0,0
star_04,obround_01,incompatible,,-2.0,nan,0,,0,0,0
keyed_01,obround_01,incompatible,,-2.0,nan,0,,0,0,0
keyed_02,obround_01,incompatible,,-2.0,nan,0,,0,0,0
keyed_03,obround_01,incompatible,,-2.0,nan,0,,0,0,0
keyed_04,obround_01,incompatible,,-2.0,nan,0,,0,0,0
keyed_05,obround_01,incompatible,,-2.0,nan,0,,0,0,0
notched_01,obround_01,incompatible,,-2.0,nan,0,,0,0,0
notched_02,obround_01,incompatible,,-2.0,nan,0,,0,0,0
notched_03,obround_01,incompatible,,-2.0,nan,0,,0,0,0
notched_04,obround_01,incompatible,,-2.0,nan,0,,0,0,0
trapezoid_01,obround_01,incompatible,,-1.1943,nan,0,,0,0,0
trapezoid_02,obround_01,incompatible,,-1.2549,nan,0,,0,0,0
trapezoid_03,obround_01,ambiguous,boundary,-0.0039,nan,0,,0,0,0
chamfered_01,obround_01,incompatible,,-0.7852,nan,0,,0,0,0
chamfered_02,obround_01,incompatible,,-0.7852,nan,0,,0,0,0
chamfered_03,obround_01,incompatible,,-0.9873,nan,0,,0,0,0
chamfered_04,obround_01,compatible,,0.1059,3.5518,0,0 180,1,0,0
gear_01,obround_01,incompatible,,-2.0,nan,0,,0,0,0
gear_02,obround_01,incompatible,,-2.0,nan,0,,0,0,0
gear_03,obround_01,incompatible,,-2.0,nan,0,,0,0,0
tube_01,obround_01,incompatible,,-2.0,nan,0,,0,0,0
tube_02,obround_01,incompatible,,-2.0,nan,0,,0,0,0
tube_03,obround_01,incompatible,,-2.0,nan,0,,0,0,0
circle_01,obround_02,incompatible,,-0.7002,nan,0,,0,0,0
circle_02,obround_02,incompatible,,-2.0,nan,0,,0,0,0
circle_03,obround_02,incompatible,,-2.0,nan,0,,0,0,0
circle_04,obround_02,incompatible,,-2.0,nan,0,,0,0,0
circle_05,obround_02,incompatible,,-2.0,nan,0,,0,0,0
square_01,obround_02,incompatible,,-0.7998,nan,0,,0,0,0
square_02,obround_02,incompatible,,-2.0,nan,0,,0,0,0
square_03,obround_02,incompatible,,-2.0,nan,0,,0,0,0
square_04,obround_02,incompatible,,-2.0,nan,0,,0,0,0
rect_01,obround_02,incompatible,,-2.0,nan,0,,0,0,0
rect_02,obround_02,incompatible,,-2.0,nan,0,,0,0,0
rect_03,obround_02,incompatible,,-1.3574,nan,0,,0,0,0
rect_04,obround_02,incompatible,,-2.0,nan,0,,0,0,0
rect_05,obround_02,compatible,,0.6942,2.3008,0,0 180,1,0,0
obround_01,obround_02,incompatible,,-1.7002,nan,0,,0,0,1
obround_02,obround_02,compatible,,0.2999,0.3008,0,0 180,0,1,1
obround_03,obround_02,incompatible,,-2.0,nan,0,,0,0,1
obround_04,obround_02,compatible,,1.2997,1.3008,0,0 180,1,0,1
ellipse_01,obround_02,incompatible,,-1.7002,nan,0,,0,0,0
ellipse_02,obround_02,incompatible,,-0.7002,nan,0,,0,0,0
ellipse_03,obround_02,incompatible,,-2.0,nan,0,,0,0,0
polygon_01,obround_02,incompatible,,-2.0,nan,0,,0,0,0
polygon_02,obround_02,incompatible,,-2.0,nan,0,,0,0,0
polygon_03,obround_02,incompatible,,-2.0,nan,0,,0,0,0
polygon_04,obround_02,incompatible,,-2.0,nan,0,,0,0,0
polygon_05,obround_02,incompatible,,-2.0,nan,0,,0,0,0
dshape_01,obround_02,incompatible,,-2.0,nan,0,,0,0,0
dshape_02,obround_02,incompatible,,-2.0,nan,0,,0,0,0
dshape_03,obround_02,incompatible,,-1.4365,nan,0,,0,0,0
dshape_04,obround_02,incompatible,,-2.0,nan,0,,0,0,0
double_d_01,obround_02,incompatible,,-1.8379,nan,0,,0,0,0
double_d_02,obround_02,incompatible,,-0.6562,nan,0,,0,0,0
double_d_03,obround_02,incompatible,,-2.0,nan,0,,0,0,0
cross_01,obround_02,incompatible,,-2.0,nan,0,,0,0,0
cross_02,obround_02,incompatible,,-2.0,nan,0,,0,0,0
cross_03,obround_02,incompatible,,-2.0,nan,0,,0,0,0
cross_04,obround_02,incompatible,,-2.0,nan,0,,0,0,0
tee_01,obround_02,incompatible,,-2.0,nan,0,,0,0,0
tee_02,obround_02,incompatible,,-2.0,nan,0,,0,0,0
tee_03,obround_02,incompatible,,-2.0,nan,0,,0,0,0
ell_01,obround_02,incompatible,,-2.0,nan,0,,0,0,0
ell_02,obround_02,incompatible,,-2.0,nan,0,,0,0,0
ell_03,obround_02,incompatible,,-2.0,nan,0,,0,0,0
ell_04,obround_02,incompatible,,-2.0,nan,0,,0,0,0
ell_05,obround_02,incompatible,,-2.0,nan,0,,0,0,0
ell_06,obround_02,incompatible,,-2.0,nan,0,,0,0,0
star_01,obround_02,incompatible,,-2.0,nan,0,,0,0,0
star_02,obround_02,incompatible,,-2.0,nan,0,,0,0,0
star_03,obround_02,incompatible,,-2.0,nan,0,,0,0,0
star_04,obround_02,incompatible,,-2.0,nan,0,,0,0,0
keyed_01,obround_02,incompatible,,-2.0,nan,0,,0,0,0
keyed_02,obround_02,incompatible,,-2.0,nan,0,,0,0,0
keyed_03,obround_02,incompatible,,-2.0,nan,0,,0,0,0
keyed_04,obround_02,incompatible,,-2.0,nan,0,,0,0,0
keyed_05,obround_02,incompatible,,-2.0,nan,0,,0,0,0
notched_01,obround_02,incompatible,,-2.0,nan,0,,0,0,0
notched_02,obround_02,incompatible,,-2.0,nan,0,,0,0,0
notched_03,obround_02,incompatible,,-2.0,nan,0,,0,0,0
notched_04,obround_02,incompatible,,-2.0,nan,0,,0,0,0
trapezoid_01,obround_02,incompatible,,-2.0,nan,0,,0,0,0
trapezoid_02,obround_02,incompatible,,-2.0,nan,0,,0,0,0
trapezoid_03,obround_02,incompatible,,-1.2256,nan,0,,0,0,0
chamfered_01,obround_02,incompatible,,-2.0,nan,0,,0,0,0
chamfered_02,obround_02,incompatible,,-2.0,nan,0,,0,0,0
chamfered_03,obround_02,incompatible,,-2.0,nan,0,,0,0,0
chamfered_04,obround_02,incompatible,,-0.7588,nan,0,,0,0,0
gear_01,obround_02,incompatible,,-2.0,nan,0,,0,0,0
gear_02,obround_02,incompatible,,-2.0,nan,0,,0,0,0
gear_03,obround_02,incompatible,,-2.0,nan,0,,0,0,0
tube_01,obround_02,incompatible,,-2.0,nan,0,,0,0,0
tube_02,obround_02,incompatible,,-2.0,nan,0,,0,0,0
tube_03,obround_02,incompatible,,-2.0,nan,0,,0,0,0
circle_01,obround_03,compatible,,0.3,7.3027,0,0 90 180 270,1,0,0
circle_02,obround_03,incompatible,,-1.2002,nan,0,,0,0,0
circle_03,obround_03,incompatible,,-2.0,nan,0,,0,0,0
circle_04,obround_03,incompatible,,-2.0,nan,0,,0,0,0
circle_05,obround_03,incompatible,,-2.0,nan,0,,0,0,0
square_01,obround_03,compatible,,0.3,7.3008,0,0 90 180 270,1,0,0
square_02,obround_03,incompatible,,-1.2002,nan,0,,0,0,0
square_03,obround_03,incompatible,,-2.0,nan,0,,0,0,0
square_04,obround_03,incompatible,,-2.0,nan,0,,0,0,0
rect_01,obround_03,compatible,,0.2994,2.3008,0,0 180,1,0,0
rect_02,obround_03,incompatible,,-0.5312,nan,0,,0,0,0
rect_03,obround_03,compatible,,1.1766,4.3008,0,0 180,1,0,0
rect_04,obround_03,incompatible,,-2.0,nan,0,,0,0,0
rect_05,obround_03,compatible,,2.3,6.3008,0,0 180,1,0,0
obround_01,obround_03,compatible,,1.3,2.3008,0,0 180,1,0,1
obround_02,obround_03,compatible,,1.3,4.3018,0,0 180,1,0,1
obround_03,obround_03,compatible,,0.2999,0.3008,0,0 180,0,1,1
obround_04,obround_03,compatible,,2.3,5.3018,0,0 180,1,0,1
ellipse_01,obround_03,incompatible,,-0.7002,nan,0,,0,0,0
ellipse_02,obround_03,compatible,,0.3,3.3027,0,0 180,1,0,0
ellipse_03,obround_03,incompatible,,-2.0,nan,0,,0,0,0
polygon_01,obround_03,incompatible,,-2.0,nan,0,,0,0,0
polygon_02,obround_03,incompatible,,-2.0,nan,0,,0,0,0
polygon_03,obround_03,incompatible,,-2.0,nan,0,,0,0,0
polygon_04,obround_03,incompatible,,-1.6289,nan,0,,0,0,0
polygon_05,obround_03,incompatible,,-2.0,nan,0,,0,0,0
dshape_01,obround_03,incompatible,,-2.0,nan,0,,0,0,0
dshape_02,obround_03,incompatible,,-1.3301,nan,0,,0,0,0
dshape_03,obround_03,ambiguous,off_centre,-0.3574,nan,0,,0,0,0
dshape_04,obround_03,incompatible,,-2.0,nan,0,,0,0,0
double_d_01,obround_03,incompatible,,-0.7002,nan,0,,0,0,0
double_d_02,obround_03,compatible,,1.3,4.3018,0,0 180,1,0,0
double_d_03,obround_03,incompatible,,-1.7031,nan,0,,0,0,0
cross_01,obround_03,incompatible,,-2.0,nan,0,,0,0,0
cross_02,obround_03,incompatible,,-2.0,nan,0,,0,0,0
cross_03,obround_03,incompatible,,-2.0,nan,0,,0,0,0
cross_04,obround_03,incompatible,,-1.7002,nan,0,,0,0,0
tee_01,obround_03,incompatible,,-2.0,nan,0,,0,0,0
tee_02,obround_03,incompatible,,-2.0,nan,0,,0,0,0
tee_03,obround_03,incompatible,,-2.0,nan,0,,0,0,0
ell_01,obround_03,incompatible,,-2.0,nan,0,,0,0,0
ell_02,obround_03,incompatible,,-2.0,nan,0,,0,0,0
ell_03,obround_03,incompatible,,-2.0,nan,0,,0,0,0
ell_04,obround_03,incompatible,,-2.0,nan,0,,0,0,0
ell_05,obround_03,incompatible,,-2.0,nan,0,,0,0,0
ell_06,obround_03,incompatible,,-2.0,nan,0,,0,0,0
star_01,obround_03,incompatible,,-2.0,nan,0,,0,0,0
star_02,obround_03,incompatible,,-2.0,nan,0,,0,0,0
star_03,obround_03,incompatible,,-2.0,nan,0,,0,0,0
star_04,obround_03,incompatible,,-2.0,nan,0,,0,0,0
keyed_01,obround_03,incompatible,,-2.0,nan,0,,0,0,0
keyed_02,obround_03,incompatible,,-2.0,nan,0,,0,0,0
keyed_03,obround_03,incompatible,,-2.0,nan,0,,0,0,0
keyed_04,obround_03,incompatible,,-2.0,nan,0,,0,0,0
keyed_05,obround_03,incompatible,,-2.0,nan,0,,0,0,0
notched_01,obround_03,incompatible,,-1.2432,nan,0,,0,0,0
notched_02,obround_03,incompatible,,-1.3203,nan,0,,0,0,0
notched_03,obround_03,incompatible,,-1.3203,nan,0,,0,0,0
notched_04,obround_03,incompatible,,-1.5732,nan,0,,0,0,0
trapezoid_01,obround_03,compatible,,0.4849,3.8125,180,0 180,1,0,0
trapezoid_02,obround_03,compatible,,0.4162,3.3242,180,0 180,1,0,0
trapezoid_03,obround_03,compatible,,1.1095,5.2539,0,0 180,1,0,0
chamfered_01,obround_03,compatible,,0.7894,3.5586,180,0 180,1,0,0
chamfered_02,obround_03,compatible,,0.7894,3.5586,0,0 180,1,0,0
chamfered_03,obround_03,compatible,,0.6565,3.9971,180,0 180,1,0,0
chamfered_04,obround_03,compatible,,1.1744,5.5518,0,0 180,1,0,0
gear_01,obround_03,incompatible,,-2.0,nan,0,,0,0,0
gear_02,obround_03,incompatible,,-2.0,nan,0,,0,0,0
gear_03,obround_03,incompatible,,-2.0,nan,0,,0,0,0
tube_01,obround_03,incompatible,,-1.7002,nan,0,,0,0,0
tube_02,obround_03,incompatible,,-1.7002,nan,0,,0,0,0
tube_03,obround_03,incompatible,,-2.0,nan,0,,0,0,0
circle_01,obround_04,incompatible,,-1.7002,nan,0,,0,0,0
circle_02,obround_04,incompatible,,-2.0,nan,0,,0,0,0
circle_03,obround_04,incompatible,,-2.0,nan,0,,0,0,0
circle_04,obround_04,incompatible,,-2.0,nan,0,,0,0,0
circle_05,obround_04,incompatible,,-2.0,nan,0,,0,0,0
square_01,obround_04,incompatible,,-1.7998,nan,0,,0,0,0
square_02,obround_04,incompatible,,-2.0,nan,0,,0,0,0
square_03,obround_04,incompatible,,-2.0,nan,0,,0,0,0
square_04,obround_04,incompatible,,-2.0,nan,0,,0,0,0
rect_01,obround_04,incompatible,,-2.0,nan,0,,0,0,0
rect_02,obround_04,incompatible,,-2.0,nan,0,,0,0,0
rect_03,obround_04,incompatible,,-2.0,nan,0,,0,0,0
rect_04,obround_04,incompatible,,-2.0,nan,0,,0,0,0
rect_05,obround_04,incompatible,,-0.3057,nan,0,,0,0,0
obround_01,obround_04,incompatible,,-2.0,nan,0,,0,0,1
obround_02,obround_04,incompatible,,-0.7002,nan,0,,0,0,1
obround_03,obround_04,incompatible,,-2.0,nan,0,,0,0,1
obround_04,obround_04,compatible,,0.2999,0.3008,0,0 180,0,1,1
ellipse_01,obround_04,incompatible,,-2.0,nan,0,,0,0,0
ellipse_02,obround_04,incompatible,,-1.7002,nan,0,,0,0,0
ellipse_03,obround_04,incompatible,,-2.0,nan,0,,0,0,0
polygon_01,obround_04,incompatible,,-2.0,nan,0,,0,0,0
polygon_02,obround_04,incompatible,,-2.0,nan,0,,0,0,0
polygon_03,obround_04,incompatible,,-2.0,nan,0,,0,0,0
polygon_04,obround_04,incompatible,,-2.0,nan,0,,0,0,0
polygon_05,obround_04,incompatible,,-2.0,nan,0,,0,0,0
dshape_01,obround_04,incompatible,,-2.0,nan,0,,0,0,0
dshape_02,obround_04,incompatible,,-2.0,nan,0,,0,0,0
dshape_03,obround_04,incompatible,,-2.0,nan,0,,0,0,0
dshape_04,obround_04,incompatible,,-2.0,nan,0,,0,0,0
double_d_01,obround_04,incompatible,,-2.0,nan,0,,0,0,0
double_d_02,obround_04,incompatible,,-1.6562,nan,0,,0,0,0
double_d_03,obround_04,incompatible,,-2.0,nan,0,,0,0,0
cross_01,obround_04,incompatible,,-2.0,nan,0,,0,0,0
cross_02,obround_04,incompatible,,-2.0,nan,0,,0,0,0
cross_03,obround_04,incompatible,,-2.0,nan,0,,0,0,0
cross_04,obround_04,incompatible,,-2.0,nan,0,,0,0,0
tee_01,obround_04,incompatible,,-2.0,nan,0,,0,0,0
tee_02,obround_04,incompatible,,-2.0,nan,0,,0,0,0
tee_03,obround_04,incompatible,,-2.0,nan,0,,0,0,0
ell_01,obround_04,incompatible,,-2.0,nan,0,,0,0,0
ell_02,obround_04,incompatible,,-2.0,nan,0,,0,0,0
ell_03,obround_04,incompatible,,-2.0,nan,0,,0,0,0
ell_04,obround_04,incompatible,,-2.0,nan,0,,0,0,0
ell_05,obround_04,incompatible,,-2.0,nan,0,,0,0,0
ell_06,obround_04,incompatible,,-2.0,nan,0,,0,0,0
star_01,obround_04,incompatible,,-2.0,nan,0,,0,0,0
star_02,obround_04,incompatible,,-2.0,nan,0,,0,0,0
star_03,obround_04,incompatible,,-2.0,nan,0,,0,0,0
star_04,obround_04,incompatible,,-2.0,nan,0,,0,0,0
keyed_01,obround_04,incompatible,,-2.0,nan,0,,0,0,0
keyed_02,obround_04,incompatible,,-2.0,nan,0,,0,0,0
keyed_03,obround_04,incompatible,,-2.0,nan,0,,0,0,0
keyed_04,obround_04,incompatible,,-2.0,nan,0,,0,0,0
keyed_05,obround_04,incompatible,,-2.0,nan,0,,0,0,0
notched_01,obround_04,incompatible,,-2.0,nan,0,,0,0,0
notched_02,obround_04,incompatible,,-2.0,nan,0,,0,0,0
notched_03,obround_04,incompatible,,-2.0,nan,0,,0,0,0
notched_04,obround_04,incompatible,,-2.0,nan,0,,0,0,0
trapezoid_01,obround_04,incompatible,,-2.0,nan,0,,0,0,0
trapezoid_02,obround_04,incompatible,,-2.0,nan,0,,0,0,0
trapezoid_03,obround_04,incompatible,,-2.0,nan,0,,0,0,0
chamfered_01,obround_04,incompatible,,-2.0,nan,0,,0,0,0
chamfered_02,obround_04,incompatible,,-2.0,nan,0,,0,0,0
chamfered_03,obround_04,incompatible,,-2.0,nan,0,,0,0,0
chamfered_04,obround_04,incompatible,,-1.7588,nan,0,,0,0,0
gear_01,obround_04,incompatible,,-2.0,nan,0,,0,0,0
gear_02,obround_04,incompatible,,-2.0,nan,0,,0,0,0
gear_03,obround_04,incompatible,,-2.0,nan,0,,0,0,0
tube_01,obround_04,incompatible,,-2.0,nan,0,,0,0,0
tube_02,obround_04,incompatible,,-2.0,nan,0,,0,0,0
tube_03,obround_04,incompatible,,-2.0,nan,0,,0,0,0
circle_01,ellipse_01,compatible,,1.2999,5.3018,0,0 90 180 270,1,0,0
circle_02,ellipse_01,incompatible,,-0.2002,nan,0,,0,0,0
circle_03,ellipse_01,incompatible,,-1.7002,nan,0,,0,0,0
circle_04,ellipse_01,incompatible,,-2.0,nan,0,,0,0,0
circle_05,ellipse_01,incompatible,,-2.0,nan,0,,0,0,0
square_01,ellipse_01,compatible,,0.484,5.3008,0,0 90 180 270,1,0,0
square_02,ellipse_01,incompatible,,-1.46,nan,0,,0,0,0
square_03,ellipse_01,incompatible,,-2.0,nan,0,,0,0,0
square_04,ellipse_01,incompatible,,-2.0,nan,0,,0,0,0
rect_01,ellipse_01,incompatible,,-1.3633,nan,0,,0,0,0
rect_02,ellipse_01,incompatible,,-2.0,nan,0,,0,0,0
rect_03,ellipse_01,ambiguous,boundary,-0.0186,nan,0,,0,0,0
rect_04,ellipse_01,incompatible,,-2.0,nan,0,,0,0,0
rect_05,ellipse_01,compatible,,1.9103,4.3008,0,0 180,1,0,0
obround_01,ellipse_01,compatible,,0.2667,2.3008,0,0 180,1,0,0
obround_02,ellipse_01,compatible,,1.4944,2.3008,0,0 180,1,0,0
obround_03,ellipse_01,incompatible,,-1.7031,nan,0,,0,0,0
obround_04,ellipse_01,compatible,,2.4944,3.3018,0,0 180,1,0,0
ellipse_01,ellipse_01,compatible,,0.2998,0.3008,0,0 180,0,1,1
ellipse_02,ellipse_01,compatible,,1.2618,1.3008,0,0 180,1,0,1
ellipse_03,ellipse_01,incompatible,,-1.7012,nan,0,,0,0,1
polygon_01,ellipse_01,incompatible,,-2.0,nan,0,,0,0,0
polygon_02,ellipse_01,incompatible,,-2.0,nan,0,,0,0,0
polygon_03,ellipse_01,incompatible,,-2.0,nan,0,,0,0,0
polygon_04,ellipse_01,incompatible,,-1.0889,nan,0,,0,0,0
polygon_05,ellipse_01,incompatible,,-2.0,nan,0,,0,0,0
dshape_01,ellipse_01,incompatible,,-1.1719,nan,0,,0,0,0
dshape_02,ellipse_01,incompatible,,-0.6182,nan,0,,0,0,0
dshape_03,ellipse_01,ambiguous,off_centre,-0.1494,nan,0,,0,0,0
dshape_04,ellipse_01,incompatible,,-2.0,nan,0,,0,0,0
double_d_01,ellipse_01,incompatible,,-0.5566,nan,0,,0,0,0
double_d_02,ellipse_01,compatible,,0.5828,2.3008,180,0 180,1,0,0
double_d_03,ellipse_01,incompatible,,-2.0,nan,0,,0,0,0
cross_01,ellipse_01,incompatible,,-2.0,nan,0,,0,0,0
cross_02,ellipse_01,incompatible,,-2.0,nan,0,,0,0,0
cross_03,ellipse_01,incompatible,,-1.9443,nan,0,,0,0,0
cross_04,ellipse_01,incompatible,,-0.958,nan,0,,0,0,0
tee_01,ellipse_01,incompatible,,-2.0,nan,0,,0,0,0
tee_02,ellipse_01,incompatible,,-2.0,nan,0,,0,0,0
tee_03,ellipse_01,incompatible,,-2.0,nan,0,,0,0,0
ell_01,ellipse_01,incompatible,,-2.0,nan,0,,0,0,0
ell_02,ellipse_01,incompatible,,-2.0,nan,0,,0,0,0
ell_03,ellipse_01,incompatible,,-2.0,nan,0,,0,0,0
ell_04,ellipse_01,incompatible,,-2.0,nan,0,,0,0,0
ell_05,ellipse_01,incompatible,,-2.0,nan,0,,0,0,0
ell_06,ellipse_01,incompatible,,-2.0,nan,0,,0,0,0
star_01,ellipse_01,incompatible,,-2.0,nan,0,,0,0,0
star_02,ellipse_01,incompatible,,-2.0,nan,0,,0,0,0
star_03,ellipse_01,incompatible,,-2.0,nan,0,,0,0,0
star_04,ellipse_01,incompatible,,-2.0,nan,0,,0,0,0
keyed_01,ellipse_01,incompatible,,-1.7041,nan,90,,0,0,0
keyed_02,ellipse_01,incompatible,,-1.7119,nan,90,,0,0,0
keyed_03,ellipse_01,incompatible,,-1.7002,nan,90,,0,0,0
keyed_04,ellipse_01,incompatible,,-2.0,nan,0,,0,0,0
keyed_05,ellipse_01,incompatible,,-2.0,nan,0,,0,0,0
notched_01,ellipse_01,incompatible,,-2.0,nan,0,,0,0,0
notched_02,ellipse_01,incompatible,,-2.0,nan,0,,0,0,0
notched_03,ellipse_01,incompatible,,-2.0,nan,0,,0,0,0
notched_04,ellipse_01,incompatible,,-2.0,nan,0,,0,0,0
trapezoid_01,ellipse_01,incompatible,,-1.207,nan,0,,0,0,0
trapezoid_02,ellipse_01,incompatible,,-1.2637,nan,0,,0,0,0
trapezoid_03,ellipse_01,compatible,,0.133,3.2734,0,0 180,1,0,0
chamfered_01,ellipse_01,incompatible,,-0.7627,nan,0,,0,0,0
chamfered_02,ellipse_01,incompatible,,-0.7627,nan,0,,0,0,0
chamfered_03,ellipse_01,incompatible,,-0.9912,nan,0,,0,0,0
chamfered_04,ellipse_01,compatible,,0.5155,3.5518,0,0 180,1,0,0
gear_01,ellipse_01,incompatible,,-2.0,nan,0,,0,0,0
gear_02,ellipse_01,incompatible,,-2.0,nan,0,,0,0,0
gear_03,ellipse_01,incompatible,,-2.0,nan,0,,0,0,0
tube_01,ellipse_01,incompatible,,-0.7002,nan,0,,0,0,0
tube_02,ellipse_01,incompatible,,-0.7002,nan,0,,0,0,0
tube_03,ellipse_01,incompatible,,-2.0,nan,0,,0,0,0
circle_01,ellipse_02,compatible,,0.3,4.3018,0,0 90 180 270,1,0,0
circle_02,ellipse_02,incompatible,,-1.2002,nan,0,,0,0,0
circle_03,ellipse_02,incompatible,,-2.0,nan,0,,0,0,0
circle_04,ellipse_02,incompatible,,-2.0,nan,0,,0,0,0
circle_05,ellipse_02,incompatible,,-2.0,nan,0,,0,0,0
square_01,ellipse_02,incompatible,,-0.4951,nan,0,,0,0,0
square_02,ellipse_02,incompatible,,-2.0,nan,0,,0,0,0
square_03,ellipse_02,incompatible,,-2.0,nan,0,,0,0,0
square_04,ellipse_02,incompatible,,-2.0,nan,0,,0,0,0
rect_01,ellipse_02,incompatible,,-2.0,nan,0,,0,0,0
rect_02,ellipse_02,incompatible,,-2.0,nan,0,,0,0,0
rect_03,ellipse_02,incompatible,,-0.9805,nan,0,,0,0,0
rect_04,ellipse_02,incompatible,,-2.0,nan,0,,0,0,0
rect_05,ellipse_02,compatible,,0.9436,3.3008,0,0 180,1,0,0
obround_01,ellipse_02,incompatible,,-0.7139,nan,0,,0,0,0
obround_02,ellipse_02,compatible,,0.5243,1.3008,0,0 180,1,0,0
obround_03,ellipse_02,incompatible,,-2.0,nan,0,,0,0,0
obround_04,ellipse_02,compatible,,1.5243,2.3008,0,0 180,1,0,0
ellipse_01,ellipse_02,incompatible,,-0.7002,nan,0,,0,0,1
ellipse_02,ellipse_02,compatible,,0.2998,0.3008,0,0 180,0,1,1
ellipse_03,ellipse_02,incompatible,,-2.0,nan,0,,0,0,1
polygon_01,ellipse_02,incompatible,,-2.0,nan,0,,0,0,0
polygon_02,ellipse_02,incompatible,,-2.0,nan,0,,0,0,0
polygon_03,ellipse_02,incompatible,,-2.0,nan,0,,0,0,0
polygon_04,ellipse_02,incompatible,,-2.0,nan,0,,0,0,0
polygon_05,ellipse_02,incompatible,,-2.0,nan,0,,0,0,0
dshape_01,ellipse_02,incompatible,,-2.0,nan,0,,0,0,0
dshape_02,ellipse_02,incompatible,,-1.585,nan,0,,0,0,0
dshape_03,ellipse_02,incompatible,,-1.1123,nan,0,,0,0,0
dshape_04,ellipse_02,incompatible,,-2.0,nan,0,,0,0,0
double_d_01,ellipse_02,incompatible,,-1.5342,nan,0,,0,0,0
double_d_02,ellipse_02,incompatible,,-0.3848,nan,0,,0,0,0
double_d_03,ellipse_02,incompatible,,-2.0,nan,0,,0,0,0
cross_01,ellipse_02,incompatible,,-2.0,nan,0,,0,0,0
cross_02,ellipse_02,incompatible,,-2.0,nan,0,,0,0,0
cross_03,ellipse_02,incompatible,,-2.0,nan,0,,0,0,0
cross_04,ellipse_02,incompatible,,-1.9492,nan,0,,0,0,0
tee_01,ellipse_02,incompatible,,-2.0,nan,0,,0,0,0
tee_02,ellipse_02,incompatible,,-2.0,nan,0,,0,0,0
tee_03,ellipse_02,incompatible,,-2.0,nan,0,,0,0,0
ell_01,ellipse_02,incompatible,,-2.0,nan,0,,0,0,0
ell_02,ellipse_02,incompatible,,-2.0,nan,0,,0,0,0
ell_03,ellipse_02,incompatible,,-2.0,nan,0,,0,0,0
ell_04,ellipse_02,incompatible,,-2.0,nan,0,,0,0,0
ell_05,ellipse_02,incompatible,,-2.0,nan,0,,0,0,0
ell_06,ellipse_02,incompatible,,-2.0,nan,0,,0,0,0
star_01,ellipse_02,incompatible,,-2.0,nan,0,,0,0,0
star_02,ellipse_02,incompatible,,-2.0,nan,0,,0,0,0
star_03,ellipse_02,incompatible,,-2.0,nan,0,,0,0,0
star_04,ellipse_02,incompatible,,-2.0,nan,0,,0,0,0
keyed_01,ellipse_02,incompatible,,-2.0,nan,0,,0,0,0
keyed_02,ellipse_02,incompatible,,-2.0,nan,0,,0,0,0
keyed_03,ellipse_02,incompatible,,-2.0,nan,0,,0,0,0
keyed_04,ellipse_02,incompatible,,-2.0,nan,0,,0,0,0
keyed_05,ellipse_02,incompatible,,-2.0,nan,0,,0,0,0
notched_01,ellipse_02,incompatible,,-2.0,nan,0,,0,0,0
notched_02,ellipse_02,incompatible,,-2.0,nan,0,,0,0,0
notched_03,ellipse_02,incompatible,,-2.0,nan,0,,0,0,0
notched_04,ellipse_02,incompatible,,-2.0,nan,0,,0,0,0
trapezoid_01,ellipse_02,incompatible,,-2.0,nan,0,,0,0,0
trapezoid_02,ellipse_02,incompatible,,-2.0,nan,0,,0,0,0
trapezoid_03,ellipse_02,incompatible,,-0.8301,nan,0,,0,0,0
chamfered_01,ellipse_02,incompatible,,-1.7295,nan,0,,0,0,0
chamfered_02,ellipse_02,incompatible,,-1.7295,nan,0,,0,0,0
chamfered_03,ellipse_02,incompatible,,-1.959,nan,0,,0,0,0
chamfered_04,ellipse_02,incompatible,,-0.4502,nan,0,,0,0,0
gear_01,ellipse_02,incompatible,,-2.0,nan,0,,0,0,0
gear_02,ellipse_02,incompatible,,-2.0,nan,0,,0,0,0
gear_03,ellipse_02,incompatible,,-2.0,nan,0,,0,0,0
tube_01,ellipse_02,incompatible,,-1.7002,nan,0,,0,0,0
tube_02,ellipse_02,incompatible,,-1.7002,nan,0,,0,0,0
tube_03,ellipse_02,incompatible,,-2.0,nan,0,,0,0,0
circle_01,ellipse_03,compatible,,3.2996,7.3027,0,0 90 180 270,1,0,0
circle_02,ellipse_03,compatible,,1.7998,5.8018,0,0 90 180 270,1,0,0
circle_03,ellipse_03,compatible,,0.3,4.3018,0,0 90 180 270,1,0,0
circle_04,ellipse_03,incompatible,,-1.7002,nan,0,,0,0,0
circle_05,ellipse_03,incompatible,,-2.0,nan,0,,0,0,0
square_01,ellipse_03,compatible,,2.4549,7.2998,0,0 90 180 270,1,0,0
square_02,ellipse_03,compatible,,0.5047,5.7998,0,0 90 180 270,1,0,0
square_03,ellipse_03,incompatible,,-1.4902,nan,0,,0,0,0
square_04,ellipse_03,incompatible,,-2.0,nan,0,,0,0,0
rect_01,ellipse_03,compatible,,0.59,4.3008,0,0 180,1,0,0
rect_02,ellipse_03,ambiguous,off_centre,-0.1191,nan,0,,0,0,0
rect_03,ellipse_03,compatible,,1.9311,4.3008,0,0 180,1,0,0
rect_04,ellipse_03,incompatible,,-2.0,nan,0,,0,0,0
rect_05,ellipse_03,compatible,,3.8642,6.2998,0,0 90 180 270,1,0,0
obround_01,ellipse_03,compatible,,2.2301,4.3008,180,0 180,1,0,0
obround_02,ellipse_03,compatible,,3.4537,4.3018,0,0 90 180 270,1,0,0
obround_03,ellipse_03,compatible,,0.297,3.3008,0,0 180,1,0,0
obround_04,ellipse_03,compatible,,4.4536,5.3018,0,0 90 180 270,1,0,0
ellipse_01,ellipse_03,compatible,,2.2484,2.3008,0,0 180,1,0,1
ellipse_02,ellipse_03,compatible,,3.2109,3.3008,0,0 180,1,0,1
ellipse_03,ellipse_03,compatible,,0.2998,0.3008,0,0 180,0,1,1
polygon_01,ellipse_03,incompatible,,-2.0,nan,0,,0,0,0
polygon_02,ellipse_03,incompatible,,-1.457,nan,90,,0,0,0
polygon_03,ellipse_03,incompatible,,-1.0332,nan,0,,0,0,0
polygon_04,ellipse_03,compatible,,0.8957,4.5049,0,0 90 180 270,1,0,0
polygon_05,ellipse_03,incompatible,,-1.3203,nan,0,,0,0,0
dshape_01,ellipse_03,compatible,,0.8288,4.3232,0,0 90 180 270,1,0,0
dshape_02,ellipse_03,compatible,,1.3393,4.4414,180,0 90 180 270,1,0,0
dshape_03,ellipse_03,compatible,,1.8009,4.7061,180,0 180,1,0,0
dshape_04,ellipse_03,incompatible,,-0.8389,nan,0,,0,0,0
double_d_01,ellipse_03,compatible,,1.4174,4.3018,0,0 90 180 270,1,0,0
double_d_02,ellipse_03,compatible,,2.5346,4.3018,0,0 90 180 270,1,0,0
double_d_03,ellipse_03,incompatible,,-0.2158,nan,0,,0,0,0
cross_01,ellipse_03,incompatible,,-1.8584,nan,0,,0,0,0
cross_02,ellipse_03,incompatible,,-2.0,nan,0,,0,0,0
cross_03,ellipse_03,ambiguous,boundary,0.0489,nan,0,,0,0,0
cross_04,ellipse_03,compatible,,1.0323,3.8828,0,0 180,1,0,0
tee_01,ellipse_03,incompatible,,-2.0,nan,0,,0,0,0
tee_02,ellipse_03,incompatible,,-2.0,nan,0,,0,0,0
tee_03,ellipse_03,incompatible,,-1.3457,nan,90,,0,0,0
ell_01,ellipse_03,incompatible,,-2.0,nan,0,,0,0,0
ell_02,ellipse_03,incompatible,,-2.0,nan,0,,0,0,0
ell_03,ellipse_03,incompatible,,-2.0,nan,0,,0,0,0
ell_04,ellipse_03,incompatible,,-2.0,nan,0,,0,0,0
ell_05,ellipse_03,incompatible,,-2.0,nan,0,,0,0,0
ell_06,ellipse_03,incompatible,,-2.0,nan,0,,0,0,0
star_01,ellipse_03,incompatible,,-2.0,nan,0,,0,0,0
star_02,ellipse_03,incompatible,,-2.0,nan,0,,0,0,0
star_03,ellipse_03,incompatible,,-2.0,nan,0,,0,0,0
star_04,ellipse_03,incompatible,,-2.0,nan,0,,0,0,0
keyed_01,ellipse_03,compatible,,0.2956,4.0352,270,90 270,1,0,0
keyed_02,ellipse_03,compatible,,0.2875,3.8516,270,90 270,1,0,0
keyed_03,ellipse_03,compatible,,0.3,3.1895,90,90 270,1,0,0
keyed_04,ellipse_03,incompatible,,-1.5225,nan,0,,0,0,0
keyed_05,ellipse_03,incompatible,,-1.7051,nan,90,,0,0,0
notched_01,ellipse_03,ambiguous,off_centre,-0.1377,nan,0,,0,0,0
notched_02,ellipse_03,ambiguous,off_centre,-0.3447,nan,0,,0,0,0
notched_03,ellipse_03,ambiguous,off_centre,-0.3447,nan,0,,0,0,0
notched_04,ellipse_03,ambiguous,off_centre,-0.4277,nan,0,,0,0,0
trapezoid_01,ellipse_03,compatible,,0.7485,4.5361,180,0 180,1,0,0
trapezoid_02,ellipse_03,compatible,,0.692,4.4482,180,0 180,1,0,0
trapezoid_03,ellipse_03,compatible,,2.0818,5.2637,180,0 180,1,0,0
chamfered_01,ellipse_03,compatible,,1.1878,4.3975,0,0 180,1,0,0
chamfered_02,ellipse_03,compatible,,1.1878,4.3975,0,0 180,1,0,0
chamfered_03,ellipse_03,compatible,,0.9623,4.5225,0,0 180,1,0,0
chamfered_04,ellipse_03,compatible,,2.4662,5.5518,0,0 90 180 270,1,0,0
gear_01,ellipse_03,incompatible,,-2.0,nan,0,,0,0,0
gear_02,ellipse_03,incompatible,,-2.0,nan,0,,0,0,0
gear_03,ellipse_03,incompatible,,-2.0,nan,0,,0,0,0
tube_01,ellipse_03,compatible,,1.2999,5.3018,0,0 90 180 270,1,0,0
tube_02,ellipse_03,compatible,,1.2999,5.3018,180,0 90 180 270,1,0,0
tube_03,ellipse_03,incompatible,,-0.7002,nan,0,,0,0,0
circle_01,polygon_01,compatible,,0.8,6.3027,0,0 90 180 270,1,0,0
circle_02,polygon_01,incompatible,,-0.7002,nan,0,,0,0,0
circle_03,polygon_01,incompatible,,-2.0,nan,0,,0,0,0
circle_04,polygon_01,incompatible,,-2.0,nan,0,,0,0,0
circle_05,polygon_01,incompatible,,-2.0,nan,0,,0,0,0
square_01,polygon_01,incompatible,,-1.0303,nan,0,,0,0,0
square_02,polygon_01,incompatible,,-2.0,nan,0,,0,0,0
square_03,polygon_01,incompatible,,-2.0,nan,0,,0,0,0
square_04,polygon_01,incompatible,,-2.0,nan,0,,0,0,0
rect_01,polygon_01,incompatible,,-2.0,nan,0,,0,0,0
rect_02,polygon_01,incompatible,,-2.0,nan,0,,0,0,0
rect_03,polygon_01,incompatible,,-2.0,nan,0,,0,0,0
rect_04,polygon_01,incompatible,,-2.0,nan,0,,0,0,0
rect_05,polygon_01,ambiguous,off_centre,-0.2002,nan,90,,0,0,0
obround_01,polygon_01,incompatible,,-2.0,nan,0,,0,0,0
obround_02,polygon_01,incompatible,,-1.6641,nan,0,,0,0,0
obround_03,polygon_01,incompatible,,-2.0,nan,0,,0,0,0
obround_04,polygon_01,ambiguous,off_centre,-0.6641,nan,0,,0,0,0
ellipse_01,polygon_01,incompatible,,-2.0,nan,0,,0,0,0
ellipse_02,polygon_01,incompatible,,-2.0,nan,0,,0,0,0
ellipse_03,polygon_01,incompatible,,-2.0,nan,0,,0,0,0
polygon_01,polygon_01,compatible,,0.2999,0.3008,0,0,0,1,1
polygon_02,polygon_01,incompatible,,-2.0,nan,0,,0,0,1
polygon_03,polygon_01,incompatible,,-2.0,nan,0,,0,0,1
polygon_04,polygon_01,incompatible,,-1.1289,nan,0,,0,0,1
polygon_05,polygon_01,incompatible,,-2.0,nan,0,,0,0,1
dshape_01,polygon_01,incompatible,,-1.9346,nan,180,,0,0,0
dshape_02,polygon_01,incompatible,,-1.5146,nan,180,,0,0,0
dshape_03,polygon_01,incompatible,,-1.0283,nan,180,,0,0,0
dshape_04,polygon_01,incompatible,,-2.0,nan,0,,0,0,0
double_d_01,polygon_01,incompatible,,-2.0,nan,0,,0,0,0
double_d_02,polygon_01,incompatible,,-2.0,nan,0,,0,0,0
double_d_03,polygon_01,incompatible,,-2.0,nan,0,,0,0,0
cross_01,polygon_01,incompatible,,-2.0,nan,0,,0,0,0
cross_02,polygon_01,incompatible,,-2.0,nan,0,,0,0,0
cross_03,polygon_01,incompatible,,-2.0,nan,0,,0,0,0
cross_04,polygon_01,incompatible,,-2.0,nan,0,,0,0,0
tee_01,polygon_01,incompatible,,-2.0,nan,0,,0,0,0
tee_02,polygon_01,incompatible,,-2.0,nan,0,,0,0,0
tee_03,polygon_01,incompatible,,-2.0,nan,0,,0,0,0
ell_01,polygon_01,incompatible,,-2.0,nan,0,,0,0,0
ell_02,polygon_01,incompatible,,-2.0,nan,0,,0,0,0
ell_03,polygon_01,incompatible,,-2.0,nan,0,,0,0,0
ell_04,polygon_01,incompatible,,-2.0,nan,0,,0,0,0
ell_05,polygon_01,incompatible,,-2.0,nan,0,,0,0,0
ell_06,polygon_01,incompatible,,-2.0,nan,0,,0,0,0
star_01,polygon_01,incompatible,,-2.0,nan,0,,0,0,0
star_02,polygon_01,incompatible,,-2.0,nan,0,,0,0,0
star_03,polygon_01,incompatible,,-2.0,nan,0,,0,0,0
star_04,polygon_01,incompatible,,-2.0,nan,0,,0,0,0
keyed_01,polygon_01,incompatible,,-2.0,nan,0,,0,0,0
keyed_02,polygon_01,incompatible,,-2.0,nan,0,,0,0,0
keyed_03,polygon_01,incompatible,,-2.0,nan,0,,0,0,0
keyed_04,polygon_01,incompatible,,-2.0,nan,0,,0,0,0
keyed_05,polygon_01,incompatible,,-2.0,nan,0,,0,0,0
notched_01,polygon_01,incompatible,,-2.0,nan,0,,0,0,0
notched_02,polygon_01,incompatible,,-2.0,nan,0,,0,0,0
notched_03,polygon_01,incompatible,,-2.0,nan,0,,0,0,0
notched_04,polygon_01,incompatible,,-2.0,nan,0,,0,0,0
trapezoid_01,polygon_01,incompatible,,-2.0,nan,0,,0,0,0
trapezoid_02,polygon_01,incompatible,,-2.0,nan,0,,0,0,0
trapezoid_03,polygon_01,incompatible,,-1.4922,nan,180,,0,0,0
chamfered_01,polygon_01,incompatible,,-2.0,nan,0,,0,0,0
chamfered_02,polygon_01,incompatible,,-2.0,nan,0,,0,0,0
chamfered_03,polygon_01,incompatible,,-2.0,nan,0,,0,0,0
chamfered_04,polygon_01,incompatible,,-1.1816,nan,90,,0,0,0
gear_01,polygon_01,incompatible,,-2.0,nan,0,,0,0,0
gear_02,polygon_01,incompatible,,-2.0,nan,0,,0,0,0
gear_03,polygon_01,incompatible,,-2.0,nan,0,,0,0,0
tube_01,polygon_01,incompatible,,-1.2002,nan,0,,0,0,0
tube_02,polygon_01,incompatible,,-1.2002,nan,0,,0,0,0
tube_03,polygon_01,incompatible,,-2.0,nan,0,,0,0,0
circle_01,polygon_02,compatible,,3.3902,5.3018,0,0 90 180 270,1,0,0
circle_02,polygon_02,compatible,,1.8902,3.8027,180,0 90 180 270,1,0,0
circle_03,polygon_02,compatible,,0.3902,2.3027,0,0 90 180 270,1,0,0
circle_04,polygon_02,incompatible,,-1.6104,nan,0,,0,0,0
circle_05,polygon_02,incompatible,,-2.0,nan,0,,0,0,0
square_01,polygon_02,compatible,,1.4062,5.3008,0,0 90 180 270,1,0,0
square_02,polygon_02,ambiguous,off_centre,-0.6895,nan,0,,0,0,0
square_03,polygon_02,incompatible,,-2.0,nan,0,,0,0,0
square_04,polygon_02,incompatible,,-2.0,nan,0,,0,0,0
rect_01,polygon_02,incompatible,,-2.0,nan,0,,0,0,0
rect_02,polygon_02,incompatible,,-2.0,nan,0,,0,0,0
rect_03,polygon_02,ambiguous,off_centre,-0.4336,nan,90,,0,0,0
rect_04,polygon_02,incompatible,,-2.0,nan,0,,0,0,0
rect_05,polygon_02,compatible,,1.7727,6.8105,90,0 90 180 270,1,0,0
obround_01,polygon_02,incompatible,,-1.3154,nan,0,,0,0,0
obround_02,polygon_02,compatible,,0.5867,5.8105,180,0 90 180 270,1,0,0
obround_03,polygon_02,incompatible,,-2.0,nan,0,,0,0,0
obround_04,polygon_02,compatible,,1.5865,6.8105,0,0 90 180 270,1,0,0
ellipse_01,polygon_02,incompatible,,-1.2998,nan,0,,0,0,0
ellipse_02,polygon_02,ambiguous,off_centre,-0.3066,nan,0,,0,0,0
ellipse_03,polygon_02,incompatible,,-2.0,nan,0,,0,0,0
polygon_01,polygon_02,incompatible,,-2.0,nan,0,,0,0,1
polygon_02,polygon_02,compatible,,0.2999,0.3008,0,0,0,1,1
polygon_03,polygon_02,incompatible,,-1.5557,nan,0,,0,0,1
polygon_04,polygon_02,compatible,,0.434,3.3174,0,0 90 180 270,1,0,1
polygon_05,polygon_02,incompatible,,-1.5791,nan,0,,0,0,1
dshape_01,polygon_02,compatible,,0.2283,2.8301,180,90 180 270,1,0,0
dshape_02,polygon_02,ambiguous,boundary,-0.0254,nan,0,,0,0,0
dshape_03,polygon_02,compatible,,0.3243,5.957,0,0,1,0,0
dshape_04,polygon_02,incompatible,,-2.0,nan,0,,0,0,0
double_d_01,polygon_02,compatible,,0.3917,3.8105,0,0 90 180 270,1,0,0
double_d_02,polygon_02,compatible,,0.3917,5.8105,180,0 90 180 270,1,0,0
double_d_03,polygon_02,incompatible,,-1.6084,nan,0,,0,0,0
cross_01,polygon_02,incompatible,,-1.8936,nan,0,,0,0,0
cross_02,polygon_02,incompatible,,-2.0,nan,0,,0,0,0
cross_03,polygon_02,ambiguous,off_centre,-0.1455,nan,0,,0,0,0
cross_04,polygon_02,incompatible,,-1.6104,nan,90,,0,0,0
tee_01,polygon_02,incompatible,,-2.0,nan,0,,0,0,0
tee_02,polygon_02,incompatible,,-2.0,nan,0,,0,0,0
tee_03,polygon_02,incompatible,,-2.0,nan,0,,0,0,0
ell_01,polygon_02,incompatible,,-2.0,nan,0,,0,0,0
ell_02,polygon_02,incompatible,,-2.0,nan,0,,0,0,0
ell_03,polygon_02,incompatible,,-2.0,nan,0,,0,0,0
ell_04,polygon_02,incompatible,,-2.0,nan,0,,0,0,0
ell_05,polygon_02,incompatible,,-2.0,nan,0,,0,0,0
ell_06,polygon_02,incompatible,,-2.0,nan,0,,0,0,0
star_01,polygon_02,incompatible,,-2.0,nan,0,,0,0,0
star_02,polygon_02,incompatible,,-0.7012,nan,0,,0,0,0
star_03,polygon_02,incompatible,,-2.0,nan,0,,0,0,0
star_04,polygon_02,incompatible,,-0.7012,nan,0,,0,0,0
keyed_01,polygon_02,ambiguous,off_centre,-0.3672,nan,0,,0,0,0
keyed_02,polygon_02,incompatible,,-0.8057,nan,0,,0,0,0
keyed_03,polygon_02,incompatible,,-1.584,nan,90,,0,0,0
keyed_04,polygon_02,incompatible,,-1.3516,nan,180,,0,0,0
keyed_05,polygon_02,incompatible,,-2.0,nan,0,,0,0,0
notched_01,polygon_02,incompatible,,-1.2168,nan,180,,0,0,0
notched_02,polygon_02,incompatible,,-1.5479,nan,90,,0,0,0
notched_03,polygon_02,incompatible,,-1.5479,nan,270,,0,0,0
notched_04,polygon_02,incompatible,,-1.3203,nan,180,,0,0,0
trapezoid_01,polygon_02,incompatible,,-0.5342,nan,0,,0,0,0
trapezoid_02,polygon_02,incompatible,,-0.6045,nan,0,,0,0,0
trapezoid_03,polygon_02,compatible,,0.6059,6.4912,0,0,1,0,0
chamfered_01,polygon_02,incompatible,,-1.0908,nan,270,,0,0,0
chamfered_02,polygon_02,incompatible,,-1.0908,nan,90,,0,0,0
chamfered_03,polygon_02,incompatible,,-0.8115,nan,180,,0,0,0
chamfered_04,polygon_02,compatible,,0.6968,5.9365,180,0 90 180 270,1,0,0
gear_01,polygon_02,incompatible,,-2.0,nan,0,,0,0,0
gear_02,polygon_02,incompatible,,-2.0,nan,0,,0,0,0
gear_03,polygon_02,incompatible,,-2.0,nan,0,,0,0,0
tube_01,polygon_02,compatible,,1.3902,3.3027,0,0 90 180 270,1,0,0
tube_02,polygon_02,compatible,,1.3902,4.501,0,0 90 180 270,1,0,0
tube_03,polygon_02,incompatible,,-0.6104,nan,0,,0,0,0
circle_01,polygon_03,compatible,,3.9603,5.3018,0,0 90 180 270,1,0,0
circle_02,polygon_03,compatible,,2.4603,3.8018,0,0 90 180 270,1,0,0
circle_03,polygon_03,compatible,,0.9603,2.3027,0,0 90 180 270,1,0,0
circle_04,polygon_03,incompatible,,-1.04,nan,0,,0,0,0
circle_05,polygon_03,incompatible,,-2.0,nan,0,,0,0,0
square_01,polygon_03,compatible,,2.1301,5.3008,0,0 90 180 270,1,0,0
square_02,polygon_03,compatible,,0.0811,3.8008,0,0 90 180 270,1,0,0
square_03,polygon_03,incompatible,,-1.9688,nan,0,,0,0,0
square_04,polygon_03,incompatible,,-2.0,nan,0,,0,0,0
rect_01,polygon_03,incompatible,,-1.04,nan,90,,0,0,0
rect_02,polygon_03,incompatible,,-1.04,nan,90,,0,0,0
rect_03,polygon_03,compatible,,0.9603,6.3008,90,90 270,1,0,0
rect_04,polygon_03,incompatible,,-2.0,nan,0,,0,0,0
rect_05,polygon_03,compatible,,2.9603,5.9609,90,0 90 180 270,1,0,0
obround_01,polygon_03,incompatible,,-0.2363,nan,0,,0,0,0
obround_02,polygon_03,compatible,,1.4967,5.0195,0,0 90 180 270,1,0,0
obround_03,polygon_03,incompatible,,-2.0,nan,0,,0,0,0
obround_04,polygon_03,compatible,,2.4966,6.0186,0,0 90 180 270,1,0,0
ellipse_01,polygon_03,incompatible,,-0.2051,nan,0,,0,0,0
ellipse_02,polygon_03,compatible,,0.7759,4.5986,0,0 180,1,0,0
ellipse_03,polygon_03,incompatible,,-2.0,nan,0,,0,0,0
polygon_01,polygon_03,incompatible,,-0.7002,nan,90,,0,0,1
polygon_02,polygon_03,incompatible,,-0.9854,nan,90,,0,0,1
polygon_03,polygon_03,compatible,,0.2999,0.3008,0,0 180,0,1,1
polygon_04,polygon_03,compatible,,2.0321,2.3008,0,0 90 180 270,1,0,1
polygon_05,polygon_03,incompatible,,-0.9551,nan,0,,0,0,1
dshape_01,polygon_03,compatible,,0.6969,2.7627,0,0 90 180 270,1,0,0
dshape_02,polygon_03,compatible,,0.8469,3.5908,270,0 90 180 270,1,0,0
dshape_03,polygon_03,compatible,,0.9603,4.6172,90,0 90 180 270,1,0,0
dshape_04,polygon_03,incompatible,,-1.332,nan,90,,0,0,0
double_d_01,polygon_03,compatible,,0.9613,2.9609,0,0 90 180 270,1,0,0
double_d_02,polygon_03,compatible,,0.9624,4.9609,0,0 90 180 270,1,0,0
double_d_03,polygon_03,incompatible,,-1.0391,nan,0,,0,0,0
cross_01,polygon_03,incompatible,,-1.04,nan,0,,0,0,0
cross_02,polygon_03,incompatible,,-1.7002,nan,0,,0,0,0
cross_03,polygon_03,compatible,,0.5321,3.5596,0,0 90 180 270,1,0,0
cross_04,polygon_03,incompatible,,-1.04,nan,90,,0,0,0
tee_01,polygon_03,incompatible,,-1.4893,nan,90,,0,0,0
tee_02,polygon_03,incompatible,,-1.5664,nan,90,,0,0,0
tee_03,polygon_03,incompatible,,-2.0,nan,0,,0,0,0
ell_01,polygon_03,incompatible,,-2.0,nan,0,,0,0,0
ell_02,polygon_03,incompatible,,-2.0,nan,0,,0,0,0
ell_03,polygon_03,incompatible,,-2.0,nan,0,,0,0,0
ell_04,polygon_03,incompatible,,-2.0,nan,0,,0,0,0
ell_05,polygon_03,incompatible,,-2.0,nan,0,,0,0,0
ell_06,polygon_03,incompatible,,-2.0,nan,0,,0,0,0
star_01,polygon_03,incompatible,,-2.0,nan,0,,0,0,0
star_02,polygon_03,incompatible,,-1.9795,nan,90,,0,0,0
star_03,polygon_03,incompatible,,-0.7002,nan,90,,0,0,0
star_04,polygon_03,incompatible,,-1.9795,nan,90,,0,0,0
keyed_01,polygon_03,ambiguous,off_centre,-0.2197,nan,90,,0,0,0
keyed_02,polygon_03,ambiguous,off_centre,-0.5605,nan,90,,0,0,0
keyed_03,polygon_03,incompatible,,-0.4502,nan,90,,0,0,0
keyed_04,polygon_03,incompatible,,-0.7812,nan,0,,0,0,0
keyed_05,polygon_03,incompatible,,-2.0,nan,0,,0,0,0
notched_01,polygon_03,incompatible,,-0.6396,nan,90,,0,0,0
notched_02,polygon_03,incompatible,,-0.8467,nan,90,,0,0,0
notched_03,polygon_03,incompatible,,-0.8467,nan,90,,0,0,0
notched_04,polygon_03,ambiguous,off_centre,-0.9297,nan,90,,0,0,0
trapezoid_01,polygon_03,incompatible,,-1.04,nan,90,,0,0,0
trapezoid_02,polygon_03,incompatible,,-1.04,nan,90,,0,0,0
trapezoid_03,polygon_03,compatible,,0.9603,5.1514,90,0 90 180 270,1,0,0
chamfered_01,polygon_03,ambiguous,off_centre,-0.2979,nan,90,,0,0,0
chamfered_02,polygon_03,ambiguous,off_centre,-0.2979,nan,90,,0,0,0
chamfered_03,polygon_03,ambiguous,off_centre,-0.7373,nan,90,,0,0,0
chamfered_04,polygon_03,compatible,,1.7091,5.0859,270,0 90 180 270,1,0,0
gear_01,polygon_03,incompatible,,-1.3096,nan,90,,0,0,0
gear_02,polygon_03,incompatible,,-1.9639,nan,0,,0,0,0
gear_03,polygon_03,incompatible,,-2.0,nan,0,,0,0,0
tube_01,polygon_03,compatible,,1.9603,3.3018,0,0 90 180 270,1,0,0
tube_02,polygon_03,compatible,,1.9603,4.501,180,0 90 180 270,1,0,0
tube_03,polygon_03,ambiguous,boundary,-0.04,nan,0,,0,0,0
circle_01,polygon_04,compatible,,2.2282,3.3018,0,0 90 180 270,1,0,0
circle_02,polygon_04,compatible,,0.7282,1.8018,0,0 90 180 270,1,0,0
circle_03,polygon_04,incompatible,,-0.7725,nan,0,,0,0,0
circle_04,polygon_04,incompatible,,-2.0,nan,0,,0,0,0
circle_05,polygon_04,incompatible,,-2.0,nan,0,,0,0,0
square_01,polygon_04,compatible,,0.3981,3.3008,0,0 90 180 270,1,0,0
square_02,polygon_04,incompatible,,-1.6514,nan,0,,0,0,0
square_03,polygon_04,incompatible,,-2.0,nan,0,,0,0,0
square_04,polygon_04,incompatible,,-2.0,nan,0,,0,0,0
rect_01,polygon_04,incompatible,,-2.0,nan,0,,0,0,0
rect_02,polygon_04,incompatible,,-2.0,nan,0,,0,0,0
rect_03,polygon_04,incompatible,,-0.7725,nan,90,,0,0,0
rect_04,polygon_04,incompatible,,-2.0,nan,0,,0,0,0
rect_05,polygon_04,compatible,,1.2282,4.2285,90,0 90 180 270,1,0,0
obround_01,polygon_04,incompatible,,-1.9678,nan,0,,0,0,0
obround_02,polygon_04,incompatible,,-0.2363,nan,0,,0,0,0
obround_03,polygon_04,incompatible,,-2.0,nan,0,,0,0,0
obround_04,polygon_04,compatible,,0.7645,4.2285,0,0 90 180 270,1,0,0
ellipse_01,polygon_04,incompatible,,-1.9365,nan,0,,0,0,0
ellipse_02,polygon_04,incompatible,,-0.957,nan,0,,0,0,0
ellipse_03,polygon_04,incompatible,,-2.0,nan,0,,0,0,0
polygon_01,polygon_04,incompatible,,-2.0,nan,0,,0,0,1
polygon_02,polygon_04,incompatible,,-2.0,nan,0,,0,0,1
polygon_03,polygon_04,incompatible,,-1.7002,nan,0,,0,0,1
polygon_04,polygon_04,compatible,,0.2999,0.3008,0,0 180,0,1,1
polygon_05,polygon_04,incompatible,,-2.0,nan,0,,0,0,1
dshape_01,polygon_04,incompatible,,-1.0361,nan,0,,0,0,0
dshape_02,polygon_04,incompatible,,-0.8857,nan,90,,0,0,0
dshape_03,polygon_04,incompatible,,-0.7725,nan,90,,0,0,0
dshape_04,polygon_04,incompatible,,-2.0,nan,0,,0,0,0
double_d_01,polygon_04,incompatible,,-0.7715,nan,0,,0,0,0
double_d_02,polygon_04,incompatible,,-0.7705,nan,0,,0,0,0
double_d_03,polygon_04,incompatible,,-2.0,nan,0,,0,0,0
cross_01,polygon_04,incompatible,,-2.0,nan,0,,0,0,0
cross_02,polygon_04,incompatible,,-2.0,nan,0,,0,0,0
cross_03,polygon_04,incompatible,,-1.2002,nan,0,,0,0,0
cross_04,polygon_04,incompatible,,-2.0,nan,0,,0,0,0
tee_01,polygon_04,incompatible,,-2.0,nan,0,,0,0,0
tee_02,polygon_04,incompatible,,-2.0,nan,0,,0,0,0
tee_03,polygon_04,incompatible,,-2.0,nan,0,,0,0,0
ell_01,polygon_04,incompatible,,-2.0,nan,0,,0,0,0
ell_02,polygon_04,incompatible,,-2.0,nan,0,,0,0,0
ell_03,polygon_04,incompatible,,-2.0,nan,0,,0,0,0
ell_04,polygon_04,incompatible,,-2.0,nan,0,,0,0,0
ell_05,polygon_04,incompatible,,-2.0,nan,0,,0,0,0
ell_06,polygon_04,incompatible,,-2.0,nan,0,,0,0,0
star_01,polygon_04,incompatible,,-2.0,nan,0,,0,0,0
star_02,polygon_04,incompatible,,-2.0,nan,0,,0,0,0
star_03,polygon_04,incompatible,,-2.0,nan,0,,0,0,0
star_04,polygon_04,incompatible,,-2.0,nan,0,,0,0,0
keyed_01,polygon_04,incompatible,,-1.9521,nan,90,,0,0,0
keyed_02,polygon_04,incompatible,,-2.0,nan,0,,0,0,0
keyed_03,polygon_04,incompatible,,-2.0,nan,0,,0,0,0
keyed_04,polygon_04,incompatible,,-2.0,nan,0,,0,0,0
keyed_05,polygon_04,incompatible,,-2.0,nan,0,,0,0,0
notched_01,polygon_04,incompatible,,-2.0,nan,0,,0,0,0
notched_02,polygon_04,incompatible,,-2.0,nan,0,,0,0,0
notched_03,polygon_04,incompatible,,-2.0,nan,0,,0,0,0
notched_04,polygon_04,incompatible,,-2.0,nan,0,,0,0,0
trapezoid_01,polygon_04,incompatible,,-2.0,nan,0,,0,0,0
trapezoid_02,polygon_04,incompatible,,-2.0,nan,0,,0,0,0
trapezoid_03,polygon_04,incompatible,,-0.7725,nan,90,,0,0,0
chamfered_01,polygon_04,incompatible,,-2.0,nan,0,,0,0,0
chamfered_02,polygon_04,incompatible,,-2.0,nan,0,,0,0,0
chamfered_03,polygon_04,incompatible,,-2.0,nan,0,,0,0,0
chamfered_04,polygon_04,ambiguous,boundary,-0.0234,nan,90,,0,0,0
gear_01,polygon_04,incompatible,,-2.0,nan,0,,0,0,0
gear_02,polygon_04,incompatible,,-2.0,nan,0,,0,0,0
gear_03,polygon_04,incompatible,,-2.0,nan,0,,0,0,0
tube_01,polygon_04,compatible,,0.2282,3.001,0,0 90 180 270,1,0,0
tube_02,polygon_04,compatible,,0.2282,4.501,180,0 90 180 270,1,0,0
tube_03,polygon_04,incompatible,,-1.7725,nan,0,,0,0,0
circle_01,polygon_05,compatible,,4.5388,5.3018,0,0 90 180 270,1,0,0
circle_02,polygon_05,compatible,,3.0388,3.8018,90,0 90 180 270,1,0,0
circle_03,polygon_05,compatible,,1.5388,2.3008,270,0 90 180 270,1,0,0
circle_04,polygon_05,incompatible,,-0.4619,nan,0,,0,0,0
circle_05,polygon_05,incompatible,,-2.0,nan,0,,0,0,0
square_01,polygon_05,compatible,,2.4677,4.5391,0,0 90 180 270,1,0,0
square_02,polygon_05,compatible,,0.3464,3.0391,0,0 90 180 270,1,0,0
square_03,polygon_05,incompatible,,-1.7754,nan,0,,0,0,0
square_04,polygon_05,incompatible,,-2.0,nan,0,,0,0,0
rect_01,polygon_05,incompatible,,-0.4814,nan,0,,0,0,0
rect_02,polygon_05,incompatible,,-1.0684,nan,0,,0,0,0
rect_03,polygon_05,compatible,,1.0535,5.5391,90,0 90 180 270,1,0,0
rect_04,polygon_05,incompatible,,-2.0,nan,0,,0,0,0
rect_05,polygon_05,compatible,,3.1748,6.5391,90,0 90 180 270,1,0,0
obround_01,polygon_05,incompatible,,-0.4619,nan,0,,0,0,0
obround_02,polygon_05,compatible,,1.5388,5.5391,90,0 90 180 270,1,0,0
obround_03,polygon_05,incompatible,,-2.0,nan,0,,0,0,0
obround_04,polygon_05,compatible,,2.5388,6.5391,0,0 90 180 270,1,0,0
ellipse_01,polygon_05,incompatible,,-0.4619,nan,0,,0,0,0
ellipse_02,polygon_05,compatible,,0.5388,4.9004,0,0 90 180 270,1,0,0
ellipse_03,polygon_05,incompatible,,-2.0,nan,0,,0,0,0
polygon_01,polygon_05,incompatible,,-1.4619,nan,0,,0,0,1
polygon_02,polygon_05,incompatible,,-0.4619,nan,0,,0,0,1
polygon_03,polygon_05,incompatible,,-0.4619,nan,0,,0,0,1
polygon_04,polygon_05,compatible,,1.5388,3.2871,270,0 90 180 270,1,0,1
polygon_05,polygon_05,compatible,,0.2999,0.3008,0,0 90 180 270,0,1,1
dshape_01,polygon_05,compatible,,1.1648,3.0107,270,0 90 180 270,1,0,0
dshape_02,polygon_05,compatible,,0.8444,4.1689,270,0 90 180 270,1,0,0
dshape_03,polygon_05,compatible,,0.9914,5.1963,270,0 90 180 270,1,0,0
dshape_04,polygon_05,incompatible,,-1.2559,nan,0,,0,0,0
double_d_01,polygon_05,compatible,,1.5388,3.5391,270,0 90 180 270,1,0,0
double_d_02,polygon_05,compatible,,1.5388,5.5391,90,0 90 180 270,1,0,0
double_d_03,polygon_05,incompatible,,-0.4619,nan,0,,0,0,0
cross_01,polygon_05,incompatible,,-0.4619,nan,0,,0,0,0
cross_02,polygon_05,incompatible,,-0.4814,nan,0,,0,0,0
cross_03,polygon_05,compatible,,1.5388,3.7451,0,0 90 180 270,1,0,0
cross_04,polygon_05,incompatible,,-0.4619,nan,0,,0,0,0
tee_01,polygon_05,incompatible,,-1.54,nan,0,,0,0,0
tee_02,polygon_05,incompatible,,-1.4619,nan,0,,0,0,0
tee_03,polygon_05,incompatible,,-2.0,nan,0,,0,0,0
ell_01,polygon_05,incompatible,,-2.0,nan,0,,0,0,0
ell_02,polygon_05,incompatible,,-2.0,nan,0,,0,0,0
ell_03,polygon_05,incompatible,,-2.0,nan,0,,0,0,0
ell_04,polygon_05,incompatible,,-2.0,nan,0,,0,0,0
ell_05,polygon_05,incompatible,,-2.0,nan,0,,0,0,0
ell_06,polygon_05,incompatible,,-2.0,nan,0,,0,0,0
star_01,polygon_05,incompatible,,-1.4619,nan,0,,0,0,0
star_02,polygon_05,incompatible,,-1.4619,nan,0,,0,0,0
star_03,polygon_05,incompatible,,-1.4619,nan,0,,0,0,0
star_04,polygon_05,incompatible,,-1.4619,nan,0,,0,0,0
keyed_01,polygon_05,ambiguous,off_centre,-0.1953,nan,0,,0,0,0
keyed_02,polygon_05,ambiguous,boundary,-0.0117,nan,0,,0,0,0
keyed_03,polygon_05,incompatible,,-0.4619,nan,0,,0,0,0
keyed_04,polygon_05,ambiguous,off_centre,-0.2031,nan,0,,0,0,0
keyed_05,polygon_05,incompatible,,-2.0,nan,0,,0,0,0
notched_01,polygon_05,incompatible,,-0.6904,nan,0,,0,0,0
notched_02,polygon_05,incompatible,,-0.9834,nan,0,,0,0,0
notched_03,polygon_05,incompatible,,-0.9834,nan,0,,0,0,0
notched_04,polygon_05,incompatible,,-0.9268,nan,0,,0,0,0
trapezoid_01,polygon_05,incompatible,,-0.4619,nan,0,,0,0,0
trapezoid_02,polygon_05,incompatible,,-0.4619,nan,0,,0,0,0
trapezoid_03,polygon_05,compatible,,1.1882,5.7295,270,0 90 180 270,1,0,0
chamfered_01,polygon_05,compatible,,0.2324,5.6357,0,0 90 180 270,1,0,0
chamfered_02,polygon_05,compatible,,0.2324,5.6357,180,0 90 180 270,1,0,0
chamfered_03,polygon_05,ambiguous,off_centre,-0.1592,nan,0,,0,0,0
chamfered_04,polygon_05,compatible,,1.6718,5.665,0,0 90 180 270,1,0,0
gear_01,polygon_05,incompatible,,-1.4014,nan,0,,0,0,0
gear_02,polygon_05,incompatible,,-1.3857,nan,0,,0,0,0
gear_03,polygon_05,incompatible,,-1.4277,nan,0,,0,0,0
tube_01,polygon_05,compatible,,2.5388,3.3018,0,0 90 180 270,1,0,0
tube_02,polygon_05,compatible,,2.5388,4.501,270,0 90 180 270,1,0,0
tube_03,polygon_05,compatible,,0.5388,5.001,90,0 90 180 270,1,0,0
circle_01,dshape_01,compatible,,1.8213,3.6973,0,0 90 180 270,1,0,0
circle_02,dshape_01,compatible,,0.3213,2.1973,0,0 90 180 270,1,0,0
circle_03,dshape_01,incompatible,,-1.1797,nan,0,,0,0,0
circle_04,dshape_01,incompatible,,-2.0,nan,0,,0,0,0
circle_05,dshape_01,incompatible,,-2.0,nan,0,,0,0,0
square_01,dshape_01,compatible,,0.851,3.3008,0,0 90 180 270,1,0,0
square_02,dshape_01,incompatible,,-1.2705,nan,0,,0,0,0
square_03,dshape_01,incompatible,,-2.0,nan,0,,0,0,0
square_04,dshape_01,incompatible,,-2.0,nan,0,,0,0,0
rect_01,dshape_01,incompatible,,-2.0,nan,0,,0,0,0
rect_02,dshape_01,incompatible,,-2.0,nan,0,,0,0,0
rect_03,dshape_01,incompatible,,-0.8926,nan,0,,0,0,0
rect_04,dshape_01,incompatible,,-2.0,nan,0,,0,0,0
rect_05,dshape_01,compatible,,1.3414,4.7793,0,0 90 180 270,1,0,0
obround_01,dshape_01,incompatible,,-1.7236,nan,0,,0,0,0
obround_02,dshape_01,compatible,,0.2651,3.7793,0,0 180,1,0,0
obround_03,dshape_01,incompatible,,-2.0,nan,0,,0,0,0
obround_04,dshape_01,compatible,,1.2648,4.7793,0,0 180,1,0,0
ellipse_01,dshape_01,incompatible,,-1.7236,nan,0,,0,0,0
ellipse_02,dshape_01,incompatible,,-0.7236,nan,0,,0,0,0
ellipse_03,dshape_01,incompatible,,-2.0,nan,0,,0,0,0
polygon_01,dshape_01,incompatible,,-2.0,nan,0,,0,0,0
polygon_02,dshape_01,incompatible,,-2.0,nan,0,,0,0,0
polygon_03,dshape_01,incompatible,,-2.0,nan,0,,0,0,0
polygon_04,dshape_01,ambiguous,off_centre,-0.1562,nan,0,,0,0,0
polygon_05,dshape_01,incompatible,,-2.0,nan,0,,0,0,0
dshape_01,dshape_01,compatible,,0.2923,0.3086,0,0,0,1,1
dshape_02,dshape_01,ambiguous,off_centre,-0.1572,nan,0,,0,0,1
dshape_03,dshape_01,ambiguous,off_centre,-0.3389,nan,0,,0,0,1
dshape_04,dshape_01,incompatible,,-2.0,nan,0,,0,0,1
double_d_01,dshape_01,ambiguous,off_centre,-0.0977,nan,0,,0,0,0
double_d_02,dshape_01,ambiguous,boundary,0.0275,nan,0,,0,0,0
double_d_03,dshape_01,incompatible,,-2.0,nan,0,,0,0,0
cross_01,dshape_01,incompatible,,-2.0,nan,0,,0,0,0
cross_02,dshape_01,incompatible,,-2.0,nan,0,,0,0,0
cross_03,dshape_01,incompatible,,-1.1797,nan,0,,0,0,0
cross_04,dshape_01,incompatible,,-2.0,nan,0,,0,0,0
tee_01,dshape_01,incompatible,,-2.0,nan,0,,0,0,0
tee_02,dshape_01,incompatible,,-2.0,nan,0,,0,0,0
tee_03,dshape_01,incompatible,,-2.0,nan,0,,0,0,0
ell_01,dshape_01,incompatible,,-2.0,nan,0,,0,0,0
ell_02,dshape_01,incompatible,,-2.0,nan,0,,0,0,0
ell_03,dshape_01,incompatible,,-2.0,nan,0,,0,0,0
ell_04,dshape_01,incompatible,,-2.0,nan,0,,0,0,0
ell_05,dshape_01,incompatible,,-2.0,nan,0,,0,0,0
ell_06,dshape_01,incompatible,,-2.0,nan,0,,0,0,0
star_01,dshape_01,incompatible,,-2.0,nan,0,,0,0,0
star_02,dshape_01,incompatible,,-2.0,nan,0,,0,0,0
star_03,dshape_01,incompatible,,-2.0,nan,0,,0,0,0
star_04,dshape_01,incompatible,,-2.0,nan,0,,0,0,0
keyed_01,dshape_01,incompatible,,-1.6426,nan,90,,0,0,0
keyed_02,dshape_01,incompatible,,-1.7188,nan,90,,0,0,0
keyed_03,dshape_01,incompatible,,-1.9033,nan,90,,0,0,0
keyed_04,dshape_01,incompatible,,-2.0,nan,0,,0,0,0
keyed_05,dshape_01,incompatible,,-2.0,nan,0,,0,0,0
notched_01,dshape_01,incompatible,,-1.7354,nan,0,,0,0,0
notched_02,dshape_01,incompatible,,-2.0,nan,0,,0,0,0
notched_03,dshape_01,incompatible,,-2.0,nan,0,,0,0,0
notched_04,dshape_01,incompatible,,-1.8721,nan,0,,0,0,0
trapezoid_01,dshape_01,incompatible,,-2.0,nan,0,,0,0,0
trapezoid_02,dshape_01,incompatible,,-2.0,nan,0,,0,0,0
trapezoid_03,dshape_01,ambiguous,off_centre,-0.3506,nan,0,,0,0,0
chamfered_01,dshape_01,incompatible,,-1.5879,nan,180,,0,0,0
chamfered_02,dshape_01,incompatible,,-1.5879,nan,180,,0,0,0
chamfered_03,dshape_01,incompatible,,-1.9326,nan,180,,0,0,0
chamfered_04,dshape_01,compatible,,0.1041,3.6533,180,180,1,0,0
gear_01,dshape_01,incompatible,,-2.0,nan,0,,0,0,0
gear_02,dshape_01,incompatible,,-2.0,nan,0,,0,0,0
gear_03,dshape_01,incompatible,,-2.0,nan,0,,0,0,0
tube_01,dshape_01,ambiguous,off_centre,-0.1797,nan,0,,0,0,0
tube_02,dshape_01,ambiguous,off_centre,-0.1797,nan,0,,0,0,0
tube_03,dshape_01,incompatible,,-2.0,nan,0,,0,0,0
circle_01,dshape_02,compatible,,0.653,4.0557,0,0 90 180 270,1,0,0
circle_02,dshape_02,incompatible,,-0.8477,nan,0,,0,0,0
circle_03,dshape_02,incompatible,,-2.0,nan,0,,0,0,0
circle_04,dshape_02,incompatible,,-2.0,nan,0,,0,0,0
circle_05,dshape_02,incompatible,,-2.0,nan,0,,0,0,0
square_01,dshape_02,compatible,,0.213,3.3008,0,0 90 180 270,1,0,0
square_02,dshape_02,incompatible,,-1.8955,nan,0,,0,0,0
square_03,dshape_02,incompatible,,-2.0,nan,0,,0,0,0
square_04,dshape_02,incompatible,,-2.0,nan,0,,0,0,0
rect_01,dshape_02,incompatible,,-2.0,nan,0,,0,0,0
rect_02,dshape_02,incompatible,,-2.0,nan,0,,0,0,0
rect_03,dshape_02,incompatible,,-1.3262,nan,0,,0,0,0
rect_04,dshape_02,incompatible,,-2.0,nan,0,,0,0,0
rect_05,dshape_02,compatible,,0.8856,3.9473,0,0 180,1,0,0
obround_01,dshape_02,incompatible,,-1.8525,nan,0,,0,0,0
obround_02,dshape_02,compatible,,0.0763,2.9473,180,0 180,1,0,0
obround_03,dshape_02,incompatible,,-2.0,nan,0,,0,0,0
obround_04,dshape_02,compatible,,1.076,3.9473,0,0 180,1,0,0
ellipse_01,dshape_02,incompatible,,-1.8438,nan,0,,0,0,0
ellipse_02,dshape_02,incompatible,,-0.8467,nan,0,,0,0,0
ellipse_03,dshape_02,incompatible,,-2.0,nan,0,,0,0,0
polygon_01,dshape_02,incompatible,,-2.0,nan,0,,0,0,0
polygon_02,dshape_02,incompatible,,-2.0,nan,0,,0,0,0
polygon_03,dshape_02,incompatible,,-2.0,nan,0,,0,0,0
polygon_04,dshape_02,incompatible,,-1.2754,nan,0,,0,0,0
polygon_05,dshape_02,incompatible,,-2.0,nan,0,,0,0,0
dshape_01,dshape_02,incompatible,,-0.876,nan,0,,0,0,1
dshape_02,dshape_02,compatible,,0.283,0.3174,0,0,0,1,1
dshape_03,dshape_02,ambiguous,boundary,-0.0049,nan,0,,0,0,1
dshape_04,dshape_02,incompatible,,-1.8945,nan,0,,0,0,1
double_d_01,dshape_02,incompatible,,-0.7598,nan,0,,0,0,0
double_d_02,dshape_02,ambiguous,off_centre,-0.4561,nan,0,,0,0,0
double_d_03,dshape_02,incompatible,,-2.0,nan,0,,0,0,0
cross_01,dshape_02,incompatible,,-2.0,nan,0,,0,0,0
cross_02,dshape_02,incompatible,,-2.0,nan,0,,0,0,0
cross_03,dshape_02,incompatible,,-2.0,nan,0,,0,0,0
cross_04,dshape_02,incompatible,,-2.0,nan,0,,0,0,0
tee_01,dshape_02,incompatible,,-2.0,nan,0,,0,0,0
tee_02,dshape_02,incompatible,,-2.0,nan,0,,0,0,0
tee_03,dshape_02,incompatible,,-2.0,nan,0,,0,0,0
ell_01,dshape_02,incompatible,,-2.0,nan,0,,0,0,0
ell_02,dshape_02,incompatible,,-2.0,nan,0,,0,0,0
ell_03,dshape_02,incompatible,,-2.0,nan,0,,0,0,0
ell_04,dshape_02,incompatible,,-2.0,nan,0,,0,0,0
ell_05,dshape_02,incompatible,,-2.0,nan,0,,0,0,0
ell_06,dshape_02,incompatible,,-2.0,nan,0,,0,0,0
star_01,dshape_02,incompatible,,-2.0,nan,0,,0,0,0
star_02,dshape_02,incompatible,,-2.0,nan,0,,0,0,0
star_03,dshape_02,incompatible,,-2.0,nan,0,,0,0,0
star_04,dshape_02,incompatible,,-2.0,nan,0,,0,0,0
keyed_01,dshape_02,incompatible,,-2.0,nan,0,,0,0,0
keyed_02,dshape_02,incompatible,,-2.0,nan,0,,0,0,0
keyed_03,dshape_02,incompatible,,-2.0,nan,0,,0,0,0
keyed_04,dshape_02,incompatible,,-2.0,nan,0,,0,0,0
keyed_05,dshape_02,incompatible,,-2.0,nan,0,,0,0,0
notched_01,dshape_02,incompatible,,-2.0,nan,0,,0,0,0
notched_02,dshape_02,incompatible,,-2.0,nan,0,,0,0,0
notched_03,dshape_02,incompatible,,-2.0,nan,0,,0,0,0
notched_04,dshape_02,incompatible,,-2.0,nan,0,,0,0,0
trapezoid_01,dshape_02,incompatible,,-1.9883,nan,0,,0,0,0
trapezoid_02,dshape_02,incompatible,,-2.0,nan,0,,0,0,0
trapezoid_03,dshape_02,ambiguous,off_centre,-0.0693,nan,0,,0,0,0
chamfered_01,dshape_02,incompatible,,-2.0,nan,0,,0,0,0
chamfered_02,dshape_02,incompatible,,-2.0,nan,0,,0,0,0
chamfered_03,dshape_02,incompatible,,-1.7012,nan,180,,0,0,0
chamfered_04,dshape_02,ambiguous,off_centre,-0.3936,nan,180,,0,0,0
gear_01,dshape_02,incompatible,,-2.0,nan,0,,0,0,0
gear_02,dshape_02,incompatible,,-2.0,nan,0,,0,0,0
gear_03,dshape_02,incompatible,,-2.0,nan,0,,0,0,0
tube_01,dshape_02,incompatible,,-1.3477,nan,0,,0,0,0
tube_02,dshape_02,incompatible,,-1.3477,nan,0,,0,0,0
tube_03,dshape_02,incompatible,,-2.0,nan,0,,0,0,0
circle_01,dshape_03,ambiguous,off_centre,-0.3828,nan,0,,0,0,0
circle_02,dshape_03,incompatible,,-1.8828,nan,0,,0,0,0
circle_03,dshape_03,incompatible,,-2.0,nan,0,,0,0,0
circle_04,dshape_03,incompatible,,-2.0,nan,0,,0,0,0
circle_05,dshape_03,incompatible,,-2.0,nan,0,,0,0,0
square_01,dshape_03,incompatible,,-0.5645,nan,0,,0,0,0
square_02,dshape_03,incompatible,,-2.0,nan,0,,0,0,0
square_03,dshape_03,incompatible,,-2.0,nan,0,,0,0,0
square_04,dshape_03,incompatible,,-2.0,nan,0,,0,0,0
rect_01,dshape_03,incompatible,,-2.0,nan,0,,0,0,0
rect_02,dshape_03,incompatible,,-2.0,nan,0,,0,0,0
rect_03,dshape_03,incompatible,,-1.8965,nan,0,,0,0,0
rect_04,dshape_03,incompatible,,-2.0,nan,0,,0,0,0
rect_05,dshape_03,compatible,,0.281,2.9824,0,0 180,1,0,0
obround_01,dshape_03,incompatible,,-2.0,nan,0,,0,0,0
obround_02,dshape_03,ambiguous,off_centre,-0.3242,nan,0,,0,0,0
obround_03,dshape_03,incompatible,,-2.0,nan,0,,0,0,0
obround_04,dshape_03,compatible,,0.6758,3.0166,0,0 180,1,0,0
ellipse_01,dshape_03,incompatible,,-2.0,nan,0,,0,0,0
ellipse_02,dshape_03,incompatible,,-1.124,nan,0,,0,0,0
ellipse_03,dshape_03,incompatible,,-2.0,nan,0,,0,0,0
polygon_01,dshape_03,incompatible,,-2.0,nan,0,,0,0,0
polygon_02,dshape_03,incompatible,,-2.0,nan,0,,0,0,0
polygon_03,dshape_03,incompatible,,-2.0,nan,0,,0,0,0
polygon_04,dshape_03,incompatible,,-2.0,nan,0,,0,0,0
polygon_05,dshape_03,incompatible,,-2.0,nan,0,,0,0,0
dshape_01,dshape_03,incompatible,,-1.9121,nan,0,,0,0,1
dshape_02,dshape_03,incompatible,,-0.7529,nan,0,,0,0,1
dshape_03,dshape_03,compatible,,0.2744,0.3262,0,0,0,1,1
dshape_04,dshape_03,incompatible,,-2.0,nan,0,,0,0,1
double_d_01,dshape_03,incompatible,,-1.5596,nan,0,,0,0,0
double_d_02,dshape_03,incompatible,,-1.0752,nan,0,,0,0,0
double_d_03,dshape_03,incompatible,,-2.0,nan,0,,0,0,0
cross_01,dshape_03,incompatible,,-2.0,nan,0,,0,0,0
cross_02,dshape_03,incompatible,,-2.0,nan,0,,0,0,0
cross_03,dshape_03,incompatible,,-2.0,nan,0,,0,0,0
cross_04,dshape_03,incompatible,,-2.0,nan,0,,0,0,0
tee_01,dshape_03,incompatible,,-2.0,nan,0,,0,0,0
tee_02,dshape_03,incompatible,,-2.0,nan,0,,0,0,0
tee_03,dshape_03,incompatible,,-2.0,nan,0,,0,0,0
ell_01,dshape_03,incompatible,,-2.0,nan,0,,0,0,0
ell_02,dshape_03,incompatible,,-2.0,nan,0,,0,0,0
ell_03,dshape_03,incompatible,,-2.0,nan,0,,0,0,0
ell_04,dshape_03,incompatible,,-2.0,nan,0,,0,0,0
ell_05,dshape_03,incompatible,,-2.0,nan,0,,0,0,0
ell_06,dshape_03,incompatible,,-2.0,nan,0,,0,0,0
star_01,dshape_03,incompatible,,-2.0,nan,0,,0,0,0
star_02,dshape_03,incompatible,,-2.0,nan,0,,0,0,0
star_03,dshape_03,incompatible,,-2.0,nan,0,,0,0,0
star_04,dshape_03,incompatible,,-2.0,nan,0,,0,0,0
keyed_01,dshape_03,incompatible,,-2.0,nan,0,,0,0,0
keyed_02,dshape_03,incompatible,,-2.0,nan,0,,0,0,0
keyed_03,dshape_03,incompatible,,-2.0,nan,0,,0,0,0
keyed_04,dshape_03,incompatible,,-2.0,nan,0,,0,0,0
keyed_05,dshape_03,incompatible,,-2.0,nan,0,,0,0,0
notched_01,dshape_03,incompatible,,-2.0,nan,0,,0,0,0
notched_02,dshape_03,incompatible,,-2.0,nan,0,,0,0,0
notched_03,dshape_03,incompatible,,-2.0,nan,0,,0,0,0
notched_04,dshape_03,incompatible,,-2.0,nan,0,,0,0,0
trapezoid_01,dshape_03,incompatible,,-1.8047,nan,0,,0,0,0
trapezoid_02,dshape_03,incompatible,,-1.9873,nan,0,,0,0,0
trapezoid_03,dshape_03,ambiguous,off_centre,-0.5537,nan,0,,0,0,0
chamfered_01,dshape_03,incompatible,,-2.0,nan,0,,0,0,0
chamfered_02,dshape_03,incompatible,,-2.0,nan,0,,0,0,0
chamfered_03,dshape_03,incompatible,,-2.0,nan,0,,0,0,0
chamfered_04,dshape_03,ambiguous,off_centre,-1.0332,nan,180,,0,0,0
gear_01,dshape_03,incompatible,,-2.0,nan,0,,0,0,0
gear_02,dshape_03,incompatible,,-2.0,nan,0,,0,0,0
gear_03,dshape_03,incompatible,,-2.0,nan,0,,0,0,0
tube_01,dshape_03,incompatible,,-2.0,nan,0,,0,0,0
tube_02,dshape_03,incompatible,,-2.0,nan,0,,0,0,0
tube_03,dshape_03,incompatible,,-2.0,nan,0,,0,0,0
circle_01,dshape_04,compatible,,2.5527,6.0996,0,0 90 180 270,1,0,0
circle_02,dshape_04,compatible,,1.0527,4.5986,0,0 90 180 270,1,0,0
circle_03,dshape_04,ambiguous,off_centre,-0.4482,nan,0,,0,0,0
circle_04,dshape_04,incompatible,,-2.0,nan,0,,0,0,0
circle_05,dshape_04,incompatible,,-2.0,nan,0,,0,0,0
square_01,dshape_04,compatible,,2.2915,5.3008,0,0 90 180 270,1,0,0
square_02,dshape_04,compatible,,0.1809,3.8008,0,0 90 180 270,1,0,0
square_03,dshape_04,incompatible,,-1.9355,nan,0,,0,0,0
square_04,dshape_04,incompatible,,-2.0,nan,0,,0,0,0
rect_01,dshape_04,incompatible,,-0.9971,nan,0,,0,0,0
rect_02,dshape_04,incompatible,,-1.4971,nan,0,,0,0,0
rect_03,dshape_04,compatible,,0.728,5.0479,0,0 180,1,0,0
rect_04,dshape_04,incompatible,,-2.0,nan,0,,0,0,0
rect_05,dshape_04,compatible,,2.9427,6.0479,0,0 90 180 270,1,0,0
obround_01,dshape_04,compatible,,0.1695,5.0479,0,0 180,1,0,0
obround_02,dshape_04,compatible,,2.1071,5.0479,0,0 180,1,0,0
obround_03,dshape_04,incompatible,,-1.8135,nan,0,,0,0,0
obround_04,dshape_04,compatible,,3.1068,6.0479,0,0 90 180 270,1,0,0
ellipse_01,dshape_04,compatible,,0.1769,3.3828,0,0 180,1,0,0
ellipse_02,dshape_04,compatible,,1.1742,4.3506,180,0 180,1,0,0
ellipse_03,dshape_04,incompatible,,-1.8184,nan,0,,0,0,0
polygon_01,dshape_04,incompatible,,-1.9531,nan,180,,0,0,0
polygon_02,dshape_04,incompatible,,-0.9531,nan,180,,0,0,0
polygon_03,dshape_04,incompatible,,-1.1084,nan,0,,0,0,0
polygon_04,dshape_04,compatible,,0.6245,3.9971,0,0 180,1,0,0
polygon_05,dshape_04,incompatible,,-1.6865,nan,0,,0,0,0
dshape_01,dshape_04,compatible,,1.0238,2.751,0,0 180,1,0,1
dshape_02,dshape_04,compatible,,2.1827,2.4678,0,0 180,1,0,1
dshape_03,dshape_04,compatible,,1.959,3.3916,0,0 180,1,0,1
dshape_04,dshape_04,compatible,,0.2865,0.3135,0,0,0,1,1
double_d_01,dshape_04,compatible,,1.3221,3.0986,0,0 180,1,0,0
double_d_02,dshape_04,compatible,,1.6055,5.0479,0,0 180,1,0,0
double_d_03,dshape_04,ambiguous,off_centre,-0.6152,nan,0,,0,0,0
cross_01,dshape_04,incompatible,,-2.0,nan,0,,0,0,0
cross_02,dshape_04,incompatible,,-2.0,nan,0,,0,0,0
cross_03,dshape_04,ambiguous,off_centre,-0.4482,nan,0,,0,0,0
cross_04,dshape_04,incompatible,,-0.5693,nan,0,,0,0,0
tee_01,dshape_04,incompatible,,-1.6699,nan,0,,0,0,0
tee_02,dshape_04,incompatible,,-2.0,nan,0,,0,0,0
tee_03,dshape_04,incompatible,,-2.0,nan,0,,0,0,0
ell_01,dshape_04,incompatible,,-2.0,nan,0,,0,0,0
ell_02,dshape_04,incompatible,,-2.0,nan,0,,0,0,0
ell_03,dshape_04,incompatible,,-2.0,nan,0,,0,0,0
ell_04,dshape_04,incompatible,,-2.0,nan,0,,0,0,0
ell_05,dshape_04,incompatible,,-2.0,nan,0,,0,0,0
ell_06,dshape_04,incompatible,,-2.0,nan,0,,0,0,0
star_01,dshape_04,incompatible,,-2.0,nan,0,,0,0,0
star_02,dshape_04,incompatible,,-1.9531,nan,180,,0,0,0
star_03,dshape_04,incompatible,,-1.9736,nan,90,,0,0,0
star_04,dshape_04,incompatible,,-1.9531,nan,180,,0,0,0
keyed_01,dshape_04,ambiguous,off_centre,-0.4482,nan,90,,0,0,0
keyed_02,dshape_04,ambiguous,off_centre,-0.4482,nan,90,,0,0,0
keyed_03,dshape_04,ambiguous,off_centre,-0.4482,nan,90,,0,0,0
keyed_04,dshape_04,incompatible,,-0.8359,nan,180,,0,0,0
keyed_05,dshape_04,incompatible,,-2.0,nan,0,,0,0,0
notched_01,dshape_04,ambiguous,off_centre,-0.1943,nan,0,,0,0,0
notched_02,dshape_04,ambiguous,off_centre,-0.5117,nan,0,,0,0,0
notched_03,dshape_04,ambiguous,off_centre,-0.5117,nan,0,,0,0,0
notched_04,dshape_04,ambiguous,boundary,0.0203,nan,0,,0,0,0
trapezoid_01,dshape_04,ambiguous,boundary,-0.0117,nan,0,,0,0,0
trapezoid_02,dshape_04,ambiguous,boundary,-0.0342,nan,0,,0,0,0
trapezoid_03,dshape_04,compatible,,1.8987,4.8574,0,0 180,1,0,0
chamfered_01,dshape_04,ambiguous,boundary,0.0494,nan,180,,0,0,0
chamfered_02,dshape_04,ambiguous,boundary,0.0494,nan,180,,0,0,0
chamfered_03,dshape_04,compatible,,0.2776,4.8262,180,180,1,0,0
chamfered_04,dshape_04,compatible,,1.6677,4.9219,180,0 90 180 270,1,0,0
gear_01,dshape_04,incompatible,,-2.0,nan,0,,0,0,0
gear_02,dshape_04,incompatible,,-2.0,nan,0,,0,0,0
gear_03,dshape_04,incompatible,,-2.0,nan,0,,0,0,0
tube_01,dshape_04,compatible,,0.5527,4.0986,0,0 90 180 270,1,0,0
tube_02,dshape_04,compatible,,0.5527,4.501,180,0 90 180 270,1,0,0
tube_03,dshape_04,incompatible,,-1.4482,nan,0,,0,0,0
circle_01,double_d_01,compatible,,1.3,3.3018,0,0 90 180 270,1,0,0
circle_02,double_d_01,incompatible,,-0.2002,nan,0,,0,0,0
circle_03,double_d_01,incompatible,,-1.7002,nan,0,,0,0,0
circle_04,double_d_01,incompatible,,-2.0,nan,0,,0,0,0
circle_05,double_d_01,incompatible,,-2.0,nan,0,,0,0,0
square_01,double_d_01,compatible,,1.2287,3.3008,0,0 90 180 270,1,0,0
square_02,double_d_01,incompatible,,-0.8926,nan,0,,0,0,0
square_03,double_d_01,incompatible,,-2.0,nan,0,,0,0,0
square_04,double_d_01,incompatible,,-2.0,nan,0,,0,0,0
rect_01,double_d_01,incompatible,,-2.0,nan,0,,0,0,0
rect_02,double_d_01,incompatible,,-2.0,nan,0,,0,0,0
rect_03,double_d_01,incompatible,,-0.6475,nan,0,,0,0,0
rect_04,double_d_01,incompatible,,-2.0,nan,0,,0,0,0
rect_05,double_d_01,compatible,,1.5894,3.3008,0,0 90 180 270,1,0,0
obround_01,double_d_01,incompatible,,-1.7002,nan,0,,0,0,0
obround_02,double_d_01,compatible,,0.2999,2.4385,0,0 180,1,0,0
obround_03,double_d_01,incompatible,,-2.0,nan,0,,0,0,0
obround_04,double_d_01,compatible,,1.2997,3.4375,0,0 180,1,0,0
ellipse_01,double_d_01,incompatible,,-1.7002,nan,0,,0,0,0
ellipse_02,double_d_01,incompatible,,-0.7002,nan,0,,0,0,0
ellipse_03,double_d_01,incompatible,,-2.0,nan,0,,0,0,0
polygon_01,double_d_01,incompatible,,-2.0,nan,0,,0,0,0
polygon_02,double_d_01,incompatible,,-2.0,nan,0,,0,0,0
polygon_03,double_d_01,incompatible,,-2.0,nan,0,,0,0,0
polygon_04,double_d_01,incompatible,,-0.6289,nan,0,,0,0,0
polygon_05,double_d_01,incompatible,,-2.0,nan,0,,0,0,0
dshape_01,double_d_01,incompatible,,-1.1719,nan,0,,0,0,0
dshape_02,double_d_01,incompatible,,-0.4668,nan,0,,0,0,0
dshape_03,double_d_01,incompatible,,-0.582,nan,0,,0,0,0
dshape_04,double_d_01,incompatible,,-2.0,nan,0,,0,0,0
double_d_01,double_d_01,compatible,,0.2999,0.3008,0,0 180,0,1,1
double_d_02,double_d_01,compatible,,0.2999,2.3008,0,0 180,1,0,1
double_d_03,double_d_01,incompatible,,-1.7002,nan,0,,0,0,1
cross_01,double_d_01,incompatible,,-2.0,nan,0,,0,0,0
cross_02,double_d_01,incompatible,,-2.0,nan,0,,0,0,0
cross_03,double_d_01,incompatible,,-1.7002,nan,0,,0,0,0
cross_04,double_d_01,incompatible,,-2.0,nan,0,,0,0,0
tee_01,double_d_01,incompatible,,-2.0,nan,0,,0,0,0
tee_02,double_d_01,incompatible,,-2.0,nan,0,,0,0,0
tee_03,double_d_01,incompatible,,-2.0,nan,0,,0,0,0
ell_01,double_d_01,incompatible,,-2.0,nan,0,,0,0,0
ell_02,double_d_01,incompatible,,-2.0,nan,0,,0,0,0
ell_03,double_d_01,incompatible,,-2.0,nan,0,,0,0,0
ell_04,double_d_01,incompatible,,-2.0,nan,0,,0,0,0
ell_05,double_d_01,incompatible,,-2.0,nan,0,,0,0,0
ell_06,double_d_01,incompatible,,-2.0,nan,0,,0,0,0
star_01,double_d_01,incompatible,,-2.0,nan,0,,0,0,0
star_02,double_d_01,incompatible,,-2.0,nan,0,,0,0,0
star_03,double_d_01,incompatible,,-2.0,nan,0,,0,0,0
star_04,double_d_01,incompatible,,-2.0,nan,0,,0,0,0
keyed_01,double_d_01,incompatible,,-1.7002,nan,90,,0,0,0
keyed_02,double_d_01,incompatible,,-1.7002,nan,90,,0,0,0
keyed_03,double_d_01,incompatible,,-1.8125,nan,90,,0,0,0
keyed_04,double_d_01,incompatible,,-2.0,nan,0,,0,0,0
keyed_05,double_d_01,incompatible,,-2.0,nan,0,,0,0,0
notched_01,double_d_01,incompatible,,-1.9873,nan,0,,0,0,0
notched_02,double_d_01,incompatible,,-2.0,nan,0,,0,0,0
notched_03,double_d_01,incompatible,,-2.0,nan,0,,0,0,0
notched_04,double_d_01,incompatible,,-2.0,nan,0,,0,0,0
trapezoid_01,double_d_01,incompatible,,-2.0,nan,0,,0,0,0
trapezoid_02,double_d_01,incompatible,,-2.0,nan,0,,0,0,0
trapezoid_03,double_d_01,ambiguous,off_centre,-0.5615,nan,0,,0,0,0
chamfered_01,double_d_01,incompatible,,-1.748,nan,0,,0,0,0
chamfered_02,double_d_01,incompatible,,-1.748,nan,0,,0,0,0
chamfered_03,double_d_01,incompatible,,-2.0,nan,0,,0,0,0
chamfered_04,double_d_01,compatible,,0.0786,2.4434,0,0 180,1,0,0
gear_01,double_d_01,incompatible,,-2.0,nan,0,,0,0,0
gear_02,double_d_01,incompatible,,-2.0,nan,0,,0,0,0
gear_03,double_d_01,incompatible,,-2.0,nan,0,,0,0,0
tube_01,double_d_01,incompatible,,-0.7002,nan,0,,0,0,0
tube_02,double_d_01,incompatible,,-0.7002,nan,0,,0,0,0
tube_03,double_d_01,incompatible,,-2.0,nan,0,,0,0,0
circle_01,double_d_02,incompatible,,-0.7002,nan,0,,0,0,0
circle_02,double_d_02,incompatible,,-2.0,nan,0,,0,0,0
circle_03,double_d_02,incompatible,,-2.0,nan,0,,0,0,0
circle_04,double_d_02,incompatible,,-2.0,nan,0,,0,0,0
circle_05,double_d_02,incompatible,,-2.0,nan,0,,0,0,0
square_01,double_d_02,incompatible,,-0.7002,nan,0,,0,0,0
square_02,double_d_02,incompatible,,-2.0,nan,0,,0,0,0
square_03,double_d_02,incompatible,,-2.0,nan,0,,0,0,0
square_04,double_d_02,incompatible,,-2.0,nan,0,,0,0,0
rect_01,double_d_02,incompatible,,-2.0,nan,0,,0,0,0
rect_02,double_d_02,incompatible,,-2.0,nan,0,,0,0,0
rect_03,double_d_02,incompatible,,-0.6475,nan,0,,0,0,0
rect_04,double_d_02,incompatible,,-2.0,nan,0,,0,0,0
rect_05,double_d_02,compatible,,1.3,2.3008,0,0 180,1,0,0
obround_01,double_d_02,incompatible,,-1.7002,nan,0,,0,0,0
obround_02,double_d_02,compatible,,0.2999,1.2568,0,0 180,1,0,0
obround_03,double_d_02,incompatible,,-2.0,nan,0,,0,0,0
obround_04,double_d_02,compatible,,1.2997,2.2568,0,0 180,1,0,0
ellipse_01,double_d_02,incompatible,,-1.7002,nan,0,,0,0,0
ellipse_02,double_d_02,incompatible,,-0.7002,nan,0,,0,0,0
ellipse_03,double_d_02,incompatible,,-2.0,nan,0,,0,0,0
polygon_01,double_d_02,incompatible,,-2.0,nan,0,,0,0,0
polygon_02,double_d_02,incompatible,,-2.0,nan,0,,0,0,0
polygon_03,double_d_02,incompatible,,-2.0,nan,0,,0,0,0
polygon_04,double_d_02,incompatible,,-2.0,nan,0,,0,0,0
polygon_05,double_d_02,incompatible,,-2.0,nan,0,,0,0,0
dshape_01,double_d_02,incompatible,,-2.0,nan,0,,0,0,0
dshape_02,double_d_02,incompatible,,-2.0,nan,0,,0,0,0
dshape_03,double_d_02,incompatible,,-1.3574,nan,0,,0,0,0
dshape_04,double_d_02,incompatible,,-2.0,nan,0,,0,0,0
double_d_01,double_d_02,incompatible,,-1.7002,nan,0,,0,0,1
double_d_02,double_d_02,compatible,,0.2999,0.3008,180,0 180,0,1,1
double_d_03,double_d_02,incompatible,,-2.0,nan,0,,0,0,1
cross_01,double_d_02,incompatible,,-2.0,nan,0,,0,0,0
cross_02,double_d_02,incompatible,,-2.0,nan,0,,0,0,0
cross_03,double_d_02,incompatible,,-2.0,nan,0,,0,0,0
cross_04,double_d_02,incompatible,,-2.0,nan,0,,0,0,0
tee_01,double_d_02,incompatible,,-2.0,nan,0,,0,0,0
tee_02,double_d_02,incompatible,,-2.0,nan,0,,0,0,0
tee_03,double_d_02,incompatible,,-2.0,nan,0,,0,0,0
ell_01,double_d_02,incompatible,,-2.0,nan,0,,0,0,0
ell_02,double_d_02,incompatible,,-2.0,nan,0,,0,0,0
ell_03,double_d_02,incompatible,,-2.0,nan,0,,0,0,0
ell_04,double_d_02,incompatible,,-2.0,nan,0,,0,0,0
ell_05,double_d_02,incompatible,,-2.0,nan,0,,0,0,0
ell_06,double_d_02,incompatible,,-2.0,nan,0,,0,0,0
star_01,double_d_02,incompatible,,-2.0,nan,0,,0,0,0
star_02,double_d_02,incompatible,,-2.0,nan,0,,0,0,0
star_03,double_d_02,incompatible,,-2.0,nan,0,,0,0,0
star_04,double_d_02,incompatible,,-2.0,nan,0,,0,0,0
keyed_01,double_d_02,incompatible,,-2.0,nan,0,,0,0,0
keyed_02,double_d_02,incompatible,,-2.0,nan,0,,0,0,0
keyed_03,double_d_02,incompatible,,-2.0,nan,0,,0,0,0
keyed_04,double_d_02,incompatible,,-2.0,nan,0,,0,0,0
keyed_05,double_d_02,incompatible,,-2.0,nan,0,,0,0,0
notched_01,double_d_02,incompatible,,-2.0,nan,0,,0,0,0
notched_02,double_d_02,incompatible,,-2.0,nan,0,,0,0,0
notched_03,double_d_02,incompatible,,-2.0,nan,0,,0,0,0
notched_04,double_d_02,incompatible,,-2.0,nan,0,,0,0,0
trapezoid_01,double_d_02,incompatible,,-2.0,nan,0,,0,0,0
trapezoid_02,double_d_02,incompatible,,-2.0,nan,0,,0,0,0
trapezoid_03,double_d_02,incompatible,,-0.5615,nan,0,,0,0,0
chamfered_01,double_d_02,incompatible,,-1.748,nan,0,,0,0,0
chamfered_02,double_d_02,incompatible,,-1.748,nan,0,,0,0,0
chamfered_03,double_d_02,incompatible,,-2.0,nan,0,,0,0,0
chamfered_04,double_d_02,compatible,,0.0786,2.1025,180,0 180,1,0,0
gear_01,double_d_02,incompatible,,-2.0,nan,0,,0,0,0
gear_02,double_d_02,incompatible,,-2.0,nan,0,,0,0,0
gear_03,double_d_02,incompatible,,-2.0,nan,0,,0,0,0
tube_01,double_d_02,incompatible,,-2.0,nan,0,,0,0,0
tube_02,double_d_02,incompatible,,-2.0,nan,0,,0,0,0
tube_03,double_d_02,incompatible,,-2.0,nan,0,,0,0,0
circle_01,double_d_03,compatible,,2.3,5.3018,0,0 90 180 270,1,0,0
circle_02,double_d_03,compatible,,0.8,3.8018,0,0 90 180 270,1,0,0
circle_03,double_d_03,incompatible,,-0.7002,nan,0,,0,0,0
circle_04,double_d_03,incompatible,,-2.0,nan,0,,0,0,0
circle_05,double_d_03,incompatible,,-2.0,nan,0,,0,0,0
square_01,double_d_03,compatible,,2.3,5.3008,0,0 90 180 270,1,0,0
square_02,double_d_03,compatible,,0.8,3.8008,0,0 90 180 270,1,0,0
square_03,double_d_03,incompatible,,-1.0205,nan,0,,0,0,0
square_04,double_d_03,incompatible,,-2.0,nan,0,,0,0,0
rect_01,double_d_03,incompatible,,-0.4727,nan,0,,0,0,0
rect_02,double_d_03,incompatible,,-0.8838,nan,0,,0,0,0
rect_03,double_d_03,compatible,,1.3527,3.3008,0,0 180,1,0,0
rect_04,double_d_03,incompatible,,-2.0,nan,0,,0,0,0
rect_05,double_d_03,compatible,,3.5888,4.4609,0,0 90 180 270,1,0,0
obround_01,double_d_03,compatible,,0.2999,3.3936,0,0 180,1,0,0
obround_02,double_d_03,compatible,,2.2994,3.9727,0,0 180,1,0,0
obround_03,double_d_03,incompatible,,-1.7002,nan,0,,0,0,0
obround_04,double_d_03,compatible,,3.2991,4.9727,0,0 90 180 270,1,0,0
ellipse_01,double_d_03,compatible,,0.2999,2.7764,0,0 180,1,0,0
ellipse_02,double_d_03,compatible,,1.2997,3.7461,0,0 180,1,0,0
ellipse_03,double_d_03,incompatible,,-1.7002,nan,0,,0,0,0
polygon_01,double_d_03,incompatible,,-2.0,nan,0,,0,0,0
polygon_02,double_d_03,incompatible,,-2.0,nan,0,,0,0,0
polygon_03,double_d_03,incompatible,,-1.3604,nan,0,,0,0,0
polygon_04,double_d_03,compatible,,0.3718,3.3711,0,0 180,1,0,0
polygon_05,double_d_03,incompatible,,-1.9395,nan,0,,0,0,0
dshape_01,double_d_03,ambiguous,off_centre,-0.1719,nan,0,,0,0,0
dshape_02,double_d_03,compatible,,0.67,3.3037,0,0 180,1,0,0
dshape_03,double_d_03,compatible,,1.4177,4.0605,180,0 180,1,0,0
dshape_04,double_d_03,incompatible,,-1.4346,nan,0,,0,0,0
double_d_01,double_d_03,compatible,,1.3,2.3008,0,0 180,1,0,1
double_d_02,double_d_03,compatible,,2.2994,3.3086,0,0 180,1,0,1
double_d_03,double_d_03,compatible,,0.2999,0.3008,0,0 180,0,1,1
cross_01,double_d_03,incompatible,,-2.0,nan,0,,0,0,0
cross_02,double_d_03,incompatible,,-2.0,nan,0,,0,0,0
cross_03,double_d_03,incompatible,,-0.7002,nan,0,,0,0,0
cross_04,double_d_03,ambiguous,off_centre,-0.1416,nan,0,,0,0,0
tee_01,double_d_03,incompatible,,-2.0,nan,0,,0,0,0
tee_02,double_d_03,incompatible,,-2.0,nan,0,,0,0,0
tee_03,double_d_03,incompatible,,-2.0,nan,0,,0,0,0
ell_01,double_d_03,incompatible,,-2.0,nan,0,,0,0,0
ell_02,double_d_03,incompatible,,-2.0,nan,0,,0,0,0
ell_03,double_d_03,incompatible,,-2.0,nan,0,,0,0,0
ell_04,double_d_03,incompatible,,-2.0,nan,0,,0,0,0
ell_05,double_d_03,incompatible,,-2.0,nan,0,,0,0,0
ell_06,double_d_03,incompatible,,-2.0,nan,0,,0,0,0
star_01,double_d_03,incompatible,,-2.0,nan,0,,0,0,0
star_02,double_d_03,incompatible,,-2.0,nan,0,,0,0,0
star_03,double_d_03,incompatible,,-2.0,nan,0,,0,0,0
star_04,double_d_03,incompatible,,-2.0,nan,0,,0,0,0
keyed_01,double_d_03,incompatible,,-0.7002,nan,90,,0,0,0
keyed_02,double_d_03,incompatible,,-0.7002,nan,90,,0,0,0
keyed_03,double_d_03,incompatible,,-0.7002,nan,90,,0,0,0
keyed_04,double_d_03,incompatible,,-2.0,nan,0,,0,0,0
keyed_05,double_d_03,incompatible,,-2.0,nan,0,,0,0,0
notched_01,double_d_03,ambiguous,boundary,0.0124,nan,180,,0,0,0
notched_02,double_d_03,ambiguous,off_centre,-0.3145,nan,0,,0,0,0
notched_03,double_d_03,ambiguous,off_centre,-0.3145,nan,0,,0,0,0
notched_04,double_d_03,ambiguous,off_centre,-0.2031,nan,0,,0,0,0
trapezoid_01,double_d_03,ambiguous,off_centre,-0.3887,nan,0,,0,0,0
trapezoid_02,double_d_03,ambiguous,off_centre,-0.4199,nan,0,,0,0,0
trapezoid_03,double_d_03,compatible,,1.4384,3.4912,180,0 180,1,0,0
chamfered_01,double_d_03,compatible,,0.2514,3.3975,0,0 180,1,0,0
chamfered_02,double_d_03,compatible,,0.2514,3.3975,180,0 180,1,0,0
chamfered_03,double_d_03,ambiguous,off_centre,-0.1104,nan,0,,0,0,0
chamfered_04,double_d_03,compatible,,2.0781,4.375,0,0 180,1,0,0
gear_01,double_d_03,incompatible,,-2.0,nan,0,,0,0,0
gear_02,double_d_03,incompatible,,-2.0,nan,0,,0,0,0
gear_03,double_d_03,incompatible,,-2.0,nan,0,,0,0,0
tube_01,double_d_03,compatible,,0.3,3.3018,0,0 90 180 270,1,0,0
tube_02,double_d_03,compatible,,0.3,4.501,180,0 90 180 270,1,0,0
tube_03,double_d_03,incompatible,,-1.7002,nan,0,,0,0,0
circle_01,cross_01,incompatible,,-0.7363,nan,0,,0,0,0
circle_02,cross_01,incompatible,,-1.7969,nan,0,,0,0,0
circle_03,cross_01,incompatible,,-2.0,nan,0,,0,0,0
circle_04,cross_01,incompatible,,-2.0,nan,0,,0,0,0
circle_05,cross_01,incompatible,,-2.0,nan,0,,0,0,0
square_01,cross_01,incompatible,,-2.0,nan,0,,0,0,0
square_02,cross_01,incompatible,,-2.0,nan,0,,0,0,0
square_03,cross_01,incompatible,,-2.0,nan,0,,0,0,0
square_04,cross_01,incompatible,,-2.0,nan,0,,0,0,0
rect_01,cross_01,incompatible,,-1.2002,nan,0,,0,0,0
rect_02,cross_01,incompatible,,-2.0,nan,0,,0,0,0
rect_03,cross_01,incompatible,,-1.2002,nan,0,,0,0,0
rect_04,cross_01,incompatible,,-2.0,nan,0,,0,0,0
rect_05,cross_01,ambiguous,off_centre,-0.2002,nan,0,,0,0,0
obround_01,cross_01,incompatible,,-1.2002,nan,0,,0,0,0
obround_02,cross_01,incompatible,,-1.2002,nan,0,,0,0,0
obround_03,cross_01,incompatible,,-2.0,nan,0,,0,0,0
obround_04,cross_01,ambiguous,off_centre,-0.2002,nan,0,,0,0,0
ellipse_01,cross_01,incompatible,,-2.0,nan,0,,0,0,0
ellipse_02,cross_01,incompatible,,-1.5703,nan,0,,0,0,0
ellipse_03,cross_01,incompatible,,-2.0,nan,0,,0,0,0
polygon_01,cross_01,incompatible,,-2.0,nan,0,,0,0,0
polygon_02,cross_01,incompatible,,-2.0,nan,0,,0,0,0
polygon_03,cross_01,incompatible,,-2.0,nan,0,,0,0,0
polygon_04,cross_01,incompatible,,-2.0,nan,0,,0,0,0
polygon_05,cross_01,incompatible,,-2.0,nan,0,,0,0,0
dshape_01,cross_01,incompatible,,-2.0,nan,0,,0,0,0
dshape_02,cross_01,incompatible,,-2.0,nan,0,,0,0,0
dshape_03,cross_01,incompatible,,-1.5615,nan,0,,0,0,0
dshape_04,cross_01,incompatible,,-2.0,nan,0,,0,0,0
double_d_01,cross_01,incompatible,,-2.0,nan,0,,0,0,0
double_d_02,cross_01,incompatible,,-1.2002,nan,0,,0,0,0
double_d_03,cross_01,incompatible,,-2.0,nan,0,,0,0,0
cross_01,cross_01,compatible,,0.2999,0.3008,0,0 90 180 270,0,1,1
cross_02,cross_01,incompatible,,-1.2002,nan,0,,0,0,1
cross_03,cross_01,incompatible,,-0.2002,nan,0,,0,0,1
cross_04,cross_01,incompatible,,-0.2002,nan,0,,0,0,1
tee_01,cross_01,incompatible,,-2.0,nan,0,,0,0,0
tee_02,cross_01,incompatible,,-2.0,nan,0,,0,0,0
tee_03,cross_01,incompatible,,-2.0,nan,0,,0,0,0
ell_01,cross_01,incompatible,,-2.0,nan,0,,0,0,0
ell_02,cross_01,incompatible,,-2.0,nan,0,,0,0,0
ell_03,cross_01,incompatible,,-2.0,nan,0,,0,0,0
ell_04,cross_01,incompatible,,-2.0,nan,0,,0,0,0
ell_05,cross_01,incompatible,,-2.0,nan,0,,0,0,0
ell_06,cross_01,incompatible,,-2.0,nan,0,,0,0,0
star_01,cross_01,incompatible,,-1.0898,nan,0,,0,0,0
star_02,cross_01,incompatible,,-2.0,nan,0,,0,0,0
star_03,cross_01,incompatible,,-2.0,nan,0,,0,0,0
star_04,cross_01,incompatible,,-2.0,nan,0,,0,0,0
keyed_01,cross_01,incompatible,,-2.0,nan,0,,0,0,0
keyed_02,cross_01,incompatible,,-2.0,nan,0,,0,0,0
keyed_03,cross_01,incompatible,,-2.0,nan,0,,0,0,0
keyed_04,cross_01,incompatible,,-2.0,nan,0,,0,0,0
keyed_05,cross_01,incompatible,,-2.0,nan,0,,0,0,0
notched_01,cross_01,incompatible,,-2.0,nan,0,,0,0,0
notched_02,cross_01,incompatible,,-2.0,nan,0,,0,0,0
notched_03,cross_01,incompatible,,-2.0,nan,0,,0,0,0
notched_04,cross_01,incompatible,,-2.0,nan,0,,0,0,0
trapezoid_01,cross_01,incompatible,,-1.4355,nan,0,,0,0,0
trapezoid_02,cross_01,incompatible,,-1.3486,nan,0,,0,0,0
trapezoid_03,cross_01,incompatible,,-1.3906,nan,0,,0,0,0
chamfered_01,cross_01,incompatible,,-1.2969,nan,0,,0,0,0
chamfered_02,cross_01,incompatible,,-1.2969,nan,0,,0,0,0
chamfered_03,cross_01,incompatible,,-1.4219,nan,0,,0,0,0
chamfered_04,cross_01,incompatible,,-1.3262,nan,0,,0,0,0
gear_01,cross_01,incompatible,,-2.0,nan,0,,0,0,0
gear_02,cross_01,incompatible,,-2.0,nan,0,,0,0,0
gear_03,cross_01,incompatible,,-2.0,nan,0,,0,0,0
tube_01,cross_01,incompatible,,-2.0,nan,0,,0,0,0
tube_02,cross_01,incompatible,,-2.0,nan,0,,0,0,0
tube_03,cross_01,incompatible,,-2.0,nan,0,,0,0,0
circle_01,cross_02,compatible,,1.0811,6.0723,0,0 90 180 270,1,0,0
circle_02,cross_02,incompatible,,-0.2969,nan,0,,0,0,0
circle_03,cross_02,incompatible,,-1.3574,nan,0,,0,0,0
circle_04,cross_02,incompatible,,-2.0,nan,0,,0,0,0
circle_05,cross_02,incompatible,,-2.0,nan,0,,0,0,0
square_01,cross_02,incompatible,,-0.7002,nan,0,,0,0,0
square_02,cross_02,incompatible,,-2.0,nan,0,,0,0,0
square_03,cross_02,incompatible,,-2.0,nan,0,,0,0,0
square_04,cross_02,incompatible,,-2.0,nan,0,,0,0,0
rect_01,cross_02,compatible,,0.2999,6.3008,0,0 90 180 270,1,0,0
rect_02,cross_02,incompatible,,-0.7002,nan,0,,0,0,0
rect_03,cross_02,compatible,,0.3,6.3008,90,0 90 180 270,1,0,0
rect_04,cross_02,incompatible,,-2.0,nan,0,,0,0,0
rect_05,cross_02,compatible,,1.3,7.3008,90,0 90 180 270,1,0,0
obround_01,cross_02,compatible,,0.3,6.3008,0,0 90 180 270,1,0,0
obround_02,cross_02,compatible,,0.3116,6.3008,270,0 90 180 270,1,0,0
obround_03,cross_02,incompatible,,-1.7002,nan,0,,0,0,0
obround_04,cross_02,compatible,,1.3113,7.3008,90,0 90 180 270,1,0,0
ellipse_01,cross_02,incompatible,,-0.8457,nan,0,,0,0,0
ellipse_02,cross_02,ambiguous,off_centre,-0.0703,nan,0,,0,0,0
ellipse_03,cross_02,incompatible,,-2.0,nan,0,,0,0,0
polygon_01,cross_02,incompatible,,-1.2002,nan,0,,0,0,0
polygon_02,cross_02,incompatible,,-2.0,nan,0,,0,0,0
polygon_03,cross_02,incompatible,,-2.0,nan,0,,0,0,0
polygon_04,cross_02,incompatible,,-0.7725,nan,0,,0,0,0
polygon_05,cross_02,incompatible,,-2.0,nan,0,,0,0,0
dshape_01,cross_02,incompatible,,-1.6152,nan,0,,0,0,0
dshape_02,cross_02,incompatible,,-1.0703,nan,0,,0,0,0
dshape_03,cross_02,ambiguous,off_centre,-0.0615,nan,0,,0,0,0
dshape_04,cross_02,incompatible,,-2.0,nan,0,,0,0,0
double_d_01,cross_02,incompatible,,-1.3574,nan,0,,0,0,0
double_d_02,cross_02,compatible,,0.3,6.3008,90,0 90 180 270,1,0,0
double_d_03,cross_02,incompatible,,-2.0,nan,0,,0,0,0
cross_01,cross_02,compatible,,0.3,1.8008,0,0 90 180 270,1,0,1
cross_02,cross_02,compatible,,0.2999,0.3008,0,0 90 180 270,0,1,1
cross_03,cross_02,compatible,,1.3,2.5371,0,0 90 180 270,1,0,1
cross_04,cross_02,compatible,,0.3,3.4639,0,0 90 180 270,1,0,1
tee_01,cross_02,incompatible,,-1.3672,nan,0,,0,0,0
tee_02,cross_02,incompatible,,-0.7002,nan,0,,0,0,0
tee_03,cross_02,incompatible,,-2.0,nan,0,,0,0,0
ell_01,cross_02,incompatible,,-2.0,nan,0,,0,0,0
ell_02,cross_02,incompatible,,-2.0,nan,0,,0,0,0
ell_03,cross_02,incompatible,,-2.0,nan,0,,0,0,0
ell_04,cross_02,incompatible,,-2.0,nan,0,,0,0,0
ell_05,cross_02,incompatible,,-2.0,nan,0,,0,0,0
ell_06,cross_02,incompatible,,-2.0,nan,0,,0,0,0
star_01,cross_02,incompatible,,-0.7002,nan,0,,0,0,0
star_02,cross_02,incompatible,,-2.0,nan,0,,0,0,0
star_03,cross_02,incompatible,,-1.2002,nan,0,,0,0,0
star_04,cross_02,incompatible,,-2.0,nan,0,,0,0,0
keyed_01,cross_02,incompatible,,-1.4873,nan,0,,0,0,0
keyed_02,cross_02,incompatible,,-1.5771,nan,0,,0,0,0
keyed_03,cross_02,incompatible,,-1.3574,nan,0,,0,0,0
keyed_04,cross_02,incompatible,,-1.6162,nan,0,,0,0,0
keyed_05,cross_02,incompatible,,-2.0,nan,0,,0,0,0
notched_01,cross_02,incompatible,,-2.0,nan,0,,0,0,0
notched_02,cross_02,incompatible,,-2.0,nan,0,,0,0,0
notched_03,cross_02,incompatible,,-2.0,nan,0,,0,0,0
notched_04,cross_02,incompatible,,-2.0,nan,0,,0,0,0
trapezoid_01,cross_02,compatible,,0.0647,6.5361,180,0 90 180 270,1,0,0
trapezoid_02,cross_02,compatible,,0.1519,6.4482,180,0 90 180 270,1,0,0
trapezoid_03,cross_02,compatible,,0.1095,6.4912,180,0 90 180 270,1,0,0
chamfered_01,cross_02,compatible,,0.2032,6.3975,0,0 90 180 270,1,0,0
chamfered_02,cross_02,compatible,,0.2032,6.3975,0,0 90 180 270,1,0,0
chamfered_03,cross_02,compatible,,0.0782,6.5225,0,0 90 180 270,1,0,0
chamfered_04,cross_02,compatible,,0.1744,6.4258,0,0 90 180 270,1,0,0
gear_01,cross_02,incompatible,,-2.0,nan,0,,0,0,0
gear_02,cross_02,incompatible,,-2.0,nan,0,,0,0,0
gear_03,cross_02,incompatible,,-2.0,nan,0,,0,0,0
tube_01,cross_02,incompatible,,-0.6504,nan,0,,0,0,0
tube_02,cross_02,incompatible,,-0.6504,nan,0,,0,0,0
tube_03,cross_02,incompatible,,-2.0,nan,0,,0,0,0
circle_01,cross_03,incompatible,,-0.2363,nan,0,,0,0,0
circle_02,cross_03,incompatible,,-1.2969,nan,0,,0,0,0
circle_03,cross_03,incompatible,,-2.0,nan,0,,0,0,0
circle_04,cross_03,incompatible,,-2.0,nan,0,,0,0,0
circle_05,cross_03,incompatible,,-2.0,nan,0,,0,0,0
square_01,cross_03,incompatible,,-1.7002,nan,0,,0,0,0
square_02,cross_03,incompatible,,-2.0,nan,0,,0,0,0
square_03,cross_03,incompatible,,-2.0,nan,0,,0,0,0
square_04,cross_03,incompatible,,-2.0,nan,0,,0,0,0
rect_01,cross_03,incompatible,,-1.9365,nan,0,,0,0,0
rect_02,cross_03,incompatible,,-2.0,nan,0,,0,0,0
rect_03,cross_03,incompatible,,-0.7002,nan,0,,0,0,0
rect_04,cross_03,incompatible,,-2.0,nan,0,,0,0,0
rect_05,cross_03,compatible,,0.3,5.3008,0,0 90 180 270,1,0,0
obround_01,cross_03,incompatible,,-1.7002,nan,0,,0,0,0
obround_02,cross_03,incompatible,,-0.7002,nan,0,,0,0,0
obround_03,cross_03,incompatible,,-2.0,nan,0,,0,0,0
obround_04,cross_03,compatible,,0.3,5.3008,0,0 90 180 270,1,0,0
ellipse_01,cross_03,incompatible,,-1.8457,nan,0,,0,0,0
ellipse_02,cross_03,incompatible,,-1.0703,nan,0,,0,0,0
ellipse_03,cross_03,incompatible,,-2.0,nan,0,,0,0,0
polygon_01,cross_03,incompatible,,-2.0,nan,0,,0,0,0
polygon_02,cross_03,incompatible,,-2.0,nan,0,,0,0,0
polygon_03,cross_03,incompatible,,-2.0,nan,0,,0,0,0
polygon_04,cross_03,incompatible,,-1.7725,nan,0,,0,0,0
polygon_05,cross_03,incompatible,,-2.0,nan,0,,0,0,0
dshape_01,cross_03,incompatible,,-2.0,nan,0,,0,0,0
dshape_02,cross_03,incompatible,,-2.0,nan,0,,0,0,0
dshape_03,cross_03,incompatible,,-1.0615,nan,0,,0,0,0
dshape_04,cross_03,incompatible,,-2.0,nan,0,,0,0,0
double_d_01,cross_03,incompatible,,-2.0,nan,0,,0,0,0
double_d_02,cross_03,incompatible,,-0.7002,nan,0,,0,0,0
double_d_03,cross_03,incompatible,,-2.0,nan,0,,0,0,0
cross_01,cross_03,incompatible,,-1.7002,nan,0,,0,0,1
cross_02,cross_03,incompatible,,-1.9365,nan,0,,0,0,1
cross_03,cross_03,compatible,,0.2999,0.3008,0,0 90 180 270,0,1,1
cross_04,cross_03,incompatible,,-1.7002,nan,0,,0,0,1
tee_01,cross_03,incompatible,,-2.0,nan,0,,0,0,0
tee_02,cross_03,incompatible,,-2.0,nan,0,,0,0,0
tee_03,cross_03,incompatible,,-2.0,nan,0,,0,0,0
ell_01,cross_03,incompatible,,-2.0,nan,0,,0,0,0
ell_02,cross_03,incompatible,,-2.0,nan,0,,0,0,0
ell_03,cross_03,incompatible,,-2.0,nan,0,,0,0,0
ell_04,cross_03,incompatible,,-2.0,nan,0,,0,0,0
ell_05,cross_03,incompatible,,-2.0,nan,0,,0,0,0
ell_06,cross_03,incompatible,,-2.0,nan,0,,0,0,0
star_01,cross_03,incompatible,,-2.0,nan,0,,0,0,0
star_02,cross_03,incompatible,,-2.0,nan,0,,0,0,0
star_03,cross_03,incompatible,,-2.0,nan,0,,0,0,0
star_04,cross_03,incompatible,,-2.0,nan,0,,0,0,0
keyed_01,cross_03,incompatible,,-2.0,nan,0,,0,0,0
keyed_02,cross_03,incompatible,,-2.0,nan,0,,0,0,0
keyed_03,cross_03,incompatible,,-2.0,nan,0,,0,0,0
keyed_04,cross_03,incompatible,,-2.0,nan,0,,0,0,0
keyed_05,cross_03,incompatible,,-2.0,nan,0,,0,0,0
notched_01,cross_03,incompatible,,-2.0,nan,0,,0,0,0
notched_02,cross_03,incompatible,,-2.0,nan,0,,0,0,0
notched_03,cross_03,incompatible,,-2.0,nan,0,,0,0,0
notched_04,cross_03,incompatible,,-2.0,nan,0,,0,0,0
trapezoid_01,cross_03,incompatible,,-1.8418,nan,0,,0,0,0
trapezoid_02,cross_03,incompatible,,-1.875,nan,0,,0,0,0
trapezoid_03,cross_03,incompatible,,-0.8906,nan,0,,0,0,0
chamfered_01,cross_03,incompatible,,-1.249,nan,0,,0,0,0
chamfered_02,cross_03,incompatible,,-1.249,nan,0,,0,0,0
chamfered_03,cross_03,incompatible,,-1.5674,nan,0,,0,0,0
chamfered_04,cross_03,incompatible,,-0.8262,nan,0,,0,0,0
gear_01,cross_03,incompatible,,-2.0,nan,0,,0,0,0
gear_02,cross_03,incompatible,,-2.0,nan,0,,0,0,0
gear_03,cross_03,incompatible,,-2.0,nan,0,,0,0,0
tube_01,cross_03,incompatible,,-1.6504,nan,0,,0,0,0
tube_02,cross_03,incompatible,,-1.6504,nan,0,,0,0,0
tube_03,cross_03,incompatible,,-2.0,nan,0,,0,0,0
circle_01,cross_04,incompatible,,-0.2363,nan,0,,0,0,0
circle_02,cross_04,incompatible,,-1.2969,nan,0,,0,0,0
circle_03,cross_04,incompatible,,-2.0,nan,0,,0,0,0
circle_04,cross_04,incompatible,,-2.0,nan,0,,0,0,0
circle_05,cross_04,incompatible,,-2.0,nan,0,,0,0,0
square_01,cross_04,incompatible,,-1.7002,nan,0,,0,0,0
square_02,cross_04,incompatible,,-2.0,nan,0,,0,0,0
square_03,cross_04,incompatible,,-2.0,nan,0,,0,0,0
square_04,cross_04,incompatible,,-2.0,nan,0,,0,0,0
rect_01,cross_04,incompatible,,-0.7002,nan,0,,0,0,0
rect_02,cross_04,incompatible,,-1.7002,nan,0,,0,0,0
rect_03,cross_04,incompatible,,-0.7002,nan,0,,0,0,0
rect_04,cross_04,incompatible,,-2.0,nan,0,,0,0,0
rect_05,cross_04,compatible,,0.3,4.3008,0,0 90 180 270,1,0,0
obround_01,cross_04,incompatible,,-0.7002,nan,0,,0,0,0
obround_02,cross_04,incompatible,,-0.7002,nan,0,,0,0,0
obround_03,cross_04,incompatible,,-1.7002,nan,0,,0,0,0
obround_04,cross_04,compatible,,0.3,4.3008,0,0 90 180 270,1,0,0
ellipse_01,cross_04,incompatible,,-1.8457,nan,0,,0,0,0
ellipse_02,cross_04,incompatible,,-1.0703,nan,0,,0,0,0
ellipse_03,cross_04,incompatible,,-2.0,nan,0,,0,0,0
polygon_01,cross_04,incompatible,,-2.0,nan,0,,0,0,0
polygon_02,cross_04,incompatible,,-2.0,nan,0,,0,0,0
polygon_03,cross_04,incompatible,,-2.0,nan,0,,0,0,0
polygon_04,cross_04,incompatible,,-1.7725,nan,0,,0,0,0
polygon_05,cross_04,incompatible,,-2.0,nan,0,,0,0,0
dshape_01,cross_04,incompatible,,-2.0,nan,0,,0,0,0
dshape_02,cross_04,incompatible,,-2.0,nan,0,,0,0,0
dshape_03,cross_04,incompatible,,-1.0615,nan,0,,0,0,0
dshape_04,cross_04,incompatible,,-2.0,nan,0,,0,0,0
double_d_01,cross_04,incompatible,,-2.0,nan,0,,0,0,0
double_d_02,cross_04,incompatible,,-0.7002,nan,0,,0,0,0
double_d_03,cross_04,incompatible,,-2.0,nan,0,,0,0,0
cross_01,cross_04,incompatible,,-2.0,nan,0,,0,0,1
cross_02,cross_04,incompatible,,-2.0,nan,0,,0,0,1
cross_03,cross_04,incompatible,,-0.7002,nan,0,,0,0,1
cross_04,cross_04,compatible,,0.2999,0.3008,0,0 180,0,1,1
tee_01,cross_04,incompatible,,-2.0,nan,0,,0,0,0
tee_02,cross_04,incompatible,,-2.0,nan,0,,0,0,0
tee_03,cross_04,incompatible,,-2.0,nan,0,,0,0,0
ell_01,cross_04,incompatible,,-2.0,nan,0,,0,0,0
ell_02,cross_04,incompatible,,-2.0,nan,0,,0,0,0
ell_03,cross_04,incompatible,,-2.0,nan,0,,0,0,0
ell_04,cross_04,incompatible,,-2.0,nan,0,,0,0,0
ell_05,cross_04,incompatible,,-2.0,nan,0,,0,0,0
ell_06,cross_04,incompatible,,-2.0,nan,0,,0,0,0
star_01,cross_04,incompatible,,-2.0,nan,0,,0,0,0
star_02,cross_04,incompatible,,-2.0,nan,0,,0,0,0
star_03,cross_04,incompatible,,-2.0,nan,0,,0,0,0
star_04,cross_04,incompatible,,-2.0,nan,0,,0,0,0
keyed_01,cross_04,incompatible,,-2.0,nan,0,,0,0,0
keyed_02,cross_04,incompatible,,-2.0,nan,0,,0,0,0
keyed_03,cross_04,incompatible,,-2.0,nan,0,,0,0,0
keyed_04,cross_04,incompatible,,-2.0,nan,0,,0,0,0
keyed_05,cross_04,incompatible,,-2.0,nan,0,,0,0,0
notched_01,cross_04,incompatible,,-2.0,nan,0,,0,0,0
notched_02,cross_04,incompatible,,-2.0,nan,0,,0,0,0
notched_03,cross_04,incompatible,,-2.0,nan,0,,0,0,0
notched_04,cross_04,incompatible,,-2.0,nan,0,,0,0,0
trapezoid_01,cross_04,incompatible,,-0.9355,nan,0,,0,0,0
trapezoid_02,cross_04,incompatible,,-0.8486,nan,0,,0,0,0
trapezoid_03,cross_04,incompatible,,-0.8906,nan,0,,0,0,0
chamfered_01,cross_04,incompatible,,-0.7969,nan,0,,0,0,0
chamfered_02,cross_04,incompatible,,-0.7969,nan,0,,0,0,0
chamfered_03,cross_04,incompatible,,-0.9219,nan,0,,0,0,0
chamfered_04,cross_04,incompatible,,-0.8262,nan,0,,0,0,0
gear_01,cross_04,incompatible,,-2.0,nan,0,,0,0,0
gear_02,cross_04,incompatible,,-2.0,nan,0,,0,0,0
gear_03,cross_04,incompatible,,-2.0,nan,0,,0,0,0
tube_01,cross_04,incompatible,,-1.6504,nan,0,,0,0,0
tube_02,cross_04,incompatible,,-1.6504,nan,0,,0,0,0
tube_03,cross_04,incompatible,,-2.0,nan,0,,0,0,0
circle_01,tee_01,incompatible,,-1.3213,nan,0,,0,0,0
circle_02,tee_01,incompatible,,-2.0,nan,0,,0,0,0
circle_03,tee_01,incompatible,,-2.0,nan,0,,0,0,0
circle_04,tee_01,incompatible,,-2.0,nan,0,,0,0,0
circle_05,tee_01,incompatible,,-2.0,nan,0,,0,0,0
square_01,tee_01,incompatible,,-1.7002,nan,0,,0,0,0
square_02,tee_01,incompatible,,-2.0,nan,0,,0,0,0
square_03,tee_01,incompatible,,-2.0,nan,0,,0,0,0
square_04,tee_01,incompatible,,-2.0,nan,0,,0,0,0
rect_01,tee_01,incompatible,,-2.0,nan,0,,0,0,0
rect_02,tee_01,incompatible,,-2.0,nan,0,,0,0,0
rect_03,tee_01,incompatible,,-1.9893,nan,90,,0,0,0
rect_04,tee_01,incompatible,,-2.0,nan,0,,0,0,0
rect_05,tee_01,ambiguous,boundary,0.0114,nan,90,,0,0,0
obround_01,tee_01,incompatible,,-2.0,nan,0,,0,0,0
obround_02,tee_01,incompatible,,-1.9893,nan,90,,0,0,0
obround_03,tee_01,incompatible,,-2.0,nan,0,,0,0,0
obround_04,tee_01,ambiguous,off_centre,-0.9893,nan,90,,0,0,0
ellipse_01,tee_01,incompatible,,-2.0,nan,0,,0,0,0
ellipse_02,tee_01,incompatible,,-2.0,nan,0,,0,0,0
ellipse_03,tee_01,incompatible,,-2.0,nan,0,,0,0,0
polygon_01,tee_01,incompatible,,-1.7188,nan,180,,0,0,0
polygon_02,tee_01,incompatible,,-2.0,nan,0,,0,0,0
polygon_03,tee_01,incompatible,,-2.0,nan,0,,0,0,0
polygon_04,tee_01,incompatible,,-2.0,nan,0,,0,0,0
polygon_05,tee_01,incompatible,,-2.0,nan,0,,0,0,0
dshape_01,tee_01,incompatible,,-2.0,nan,0,,0,0,0
dshape_02,tee_01,incompatible,,-2.0,nan,0,,0,0,0
dshape_03,tee_01,incompatible,,-1.9893,nan,90,,0,0,0
dshape_04,tee_01,incompatible,,-2.0,nan,0,,0,0,0
double_d_01,tee_01,incompatible,,-2.0,nan,0,,0,0,0
double_d_02,tee_01,incompatible,,-1.9893,nan,90,,0,0,0
double_d_03,tee_01,incompatible,,-2.0,nan,0,,0,0,0
cross_01,tee_01,incompatible,,-2.0,nan,0,,0,0,0
cross_02,tee_01,incompatible,,-2.0,nan,0,,0,0,0
cross_03,tee_01,incompatible,,-2.0,nan,0,,0,0,0
cross_04,tee_01,incompatible,,-2.0,nan,0,,0,0,0
tee_01,tee_01,compatible,,0.2551,0.3457,0,0,0,1,1
tee_02,tee_01,ambiguous,off_centre,-0.4121,nan,0,,0,0,1
tee_03,tee_01,incompatible,,-1.7451,nan,0,,0,0,1
ell_01,tee_01,incompatible,,-2.0,nan,0,,0,0,0
ell_02,tee_01,incompatible,,-2.0,nan,0,,0,0,0
ell_03,tee_01,incompatible,,-2.0,nan,0,,0,0,0
ell_04,tee_01,incompatible,,-2.0,nan,0,,0,0,0
ell_05,tee_01,incompatible,,-2.0,nan,0,,0,0,0
ell_06,tee_01,incompatible,,-2.0,nan,0,,0,0,0
star_01,tee_01,incompatible,,-2.0,nan,0,,0,0,0
star_02,tee_01,incompatible,,-2.0,nan,0,,0,0,0
star_03,tee_01,incompatible,,-2.0,nan,0,,0,0,0
star_04,tee_01,incompatible,,-2.0,nan,0,,0,0,0
keyed_01,tee_01,incompatible,,-2.0,nan,0,,0,0,0
keyed_02,tee_01,incompatible,,-2.0,nan,0,,0,0,0
keyed_03,tee_01,incompatible,,-2.0,nan,0,,0,0,0
keyed_04,tee_01,incompatible,,-2.0,nan,0,,0,0,0
keyed_05,tee_01,incompatible,,-2.0,nan,0,,0,0,0
notched_01,tee_01,incompatible,,-2.0,nan,0,,0,0,0
notched_02,tee_01,incompatible,,-2.0,nan,0,,0,0,0
notched_03,tee_01,incompatible,,-2.0,nan,0,,0,0,0
notched_04,tee_01,incompatible,,-2.0,nan,0,,0,0,0
trapezoid_01,tee_01,incompatible,,-2.0,nan,0,,0,0,0
trapezoid_02,tee_01,incompatible,,-2.0,nan,0,,0,0,0
trapezoid_03,tee_01,incompatible,,-1.9893,nan,90,,0,0,0
chamfered_01,tee_01,incompatible,,-2.0,nan,0,,0,0,0
chamfered_02,tee_01,incompatible,,-2.0,nan,0,,0,0,0
chamfered_03,tee_01,incompatible,,-2.0,nan,0,,0,0,0
chamfered_04,tee_01,incompatible,,-0.8262,nan,270,,0,0,0
gear_01,tee_01,incompatible,,-2.0,nan,0,,0,0,0
gear_02,tee_01,incompatible,,-2.0,nan,0,,0,0,0
gear_03,tee_01,incompatible,,-2.0,nan,0,,0,0,0
tube_01,tee_01,incompatible,,-2.0,nan,0,,0,0,0
tube_02,tee_01,incompatible,,-2.0,nan,0,,0,0,0
tube_03,tee_01,incompatible,,-2.0,nan,0,,0,0,0
circle_01,tee_02,incompatible,,-2.0,nan,0,,0,0,0
circle_02,tee_02,incompatible,,-2.0,nan,0,,0,0,0
circle_03,tee_02,incompatible,,-2.0,nan,0,,0,0,0
circle_04,tee_02,incompatible,,-2.0,nan,0,,0,0,0
circle_05,tee_02,incompatible,,-2.0,nan,0,,0,0,0
square_01,tee_02,incompatible,,-2.0,nan,0,,0,0,0
square_02,tee_02,incompatible,,-2.0,nan,0,,0,0,0
square_03,tee_02,incompatible,,-2.0,nan,0,,0,0,0
square_04,tee_02,incompatible,,-2.0,nan,0,,0,0,0
rect_01,tee_02,incompatible,,-2.0,nan,0,,0,0,0
rect_02,tee_02,incompatible,,-2.0,nan,0,,0,0,0
rect_03,tee_02,incompatible,,-2.0,nan,0,,0,0,0
rect_04,tee_02,incompatible,,-2.0,nan,0,,0,0,0
rect_05,tee_02,incompatible,,-0.7002,nan,90,,0,0,0
obround_01,tee_02,incompatible,,-2.0,nan,0,,0,0,0
obround_02,tee_02,incompatible,,-2.0,nan,0,,0,0,0
obround_03,tee_02,incompatible,,-2.0,nan,0,,0,0,0
obround_04,tee_02,incompatible,,-1.6465,nan,90,,0,0,0
ellipse_01,tee_02,incompatible,,-2.0,nan,0,,0,0,0
ellipse_02,tee_02,incompatible,,-2.0,nan,0,,0,0,0
ellipse_03,tee_02,incompatible,,-2.0,nan,0,,0,0,0
polygon_01,tee_02,incompatible,,-2.0,nan,0,,0,0,0
polygon_02,tee_02,incompatible,,-2.0,nan,0,,0,0,0
polygon_03,tee_02,incompatible,,-2.0,nan,0,,0,0,0
polygon_04,tee_02,incompatible,,-2.0,nan,0,,0,0,0
polygon_05,tee_02,incompatible,,-2.0,nan,0,,0,0,0
dshape_01,tee_02,incompatible,,-2.0,nan,0,,0,0,0
dshape_02,tee_02,incompatible,,-2.0,nan,0,,0,0,0
dshape_03,tee_02,incompatible,,-2.0,nan,0,,0,0,0
dshape_04,tee_02,incompatible,,-2.0,nan,0,,0,0,0
double_d_01,tee_02,incompatible,,-2.0,nan,0,,0,0,0
double_d_02,tee_02,incompatible,,-2.0,nan,0,,0,0,0
double_d_03,tee_02,incompatible,,-2.0,nan,0,,0,0,0
cross_01,tee_02,incompatible,,-2.0,nan,0,,0,0,0
cross_02,tee_02,incompatible,,-2.0,nan,0,,0,0,0
cross_03,tee_02,incompatible,,-2.0,nan,0,,0,0,0
cross_04,tee_02,incompatible,,-2.0,nan,0,,0,0,0
tee_01,tee_02,incompatible,,-1.0879,nan,0,,0,0,1
tee_02,tee_02,compatible,,0.246,0.3545,0,0,0,1,1
tee_03,tee_02,incompatible,,-2.0,nan,0,,0,0,1
ell_01,tee_02,incompatible,,-2.0,nan,0,,0,0,0
ell_02,tee_02,incompatible,,-2.0,nan,0,,0,0,0
ell_03,tee_02,incompatible,,-2.0,nan,0,,0,0,0
ell_04,tee_02,incompatible,,-2.0,nan,0,,0,0,0
ell_05,tee_02,incompatible,,-2.0,nan,0,,0,0,0
ell_06,tee_02,incompatible,,-2.0,nan,0,,0,0,0
star_01,tee_02,incompatible,,-2.0,nan,0,,0,0,0
star_02,tee_02,incompatible,,-2.0,nan,0,,0,0,0
star_03,tee_02,incompatible,,-2.0,nan,0,,0,0,0
star_04,tee_02,incompatible,,-2.0,nan,0,,0,0,0
keyed_01,tee_02,incompatible,,-2.0,nan,0,,0,0,0
keyed_02,tee_02,incompatible,,-2.0,nan,0,,0,0,0
keyed_03,tee_02,incompatible,,-2.0,nan,0,,0,0,0
keyed_04,tee_02,incompatible,,-2.0,nan,0,,0,0,0
keyed_05,tee_02,incompatible,,-2.0,nan,0,,0,0,0
notched_01,tee_02,incompatible,,-2.0,nan,0,,0,0,0
notched_02,tee_02,incompatible,,-2.0,nan,0,,0,0,0
notched_03,tee_02,incompatible,,-2.0,nan,0,,0,0,0
notched_04,tee_02,incompatible,,-2.0,nan,0,,0,0,0
trapezoid_01,tee_02,incompatible,,-2.0,nan,0,,0,0,0
trapezoid_02,tee_02,incompatible,,-2.0,nan,0,,0,0,0
trapezoid_03,tee_02,incompatible,,-2.0,nan,0,,0,0,0
chamfered_01,tee_02,incompatible,,-2.0,nan,0,,0,0,0
chamfered_02,tee_02,incompatible,,-2.0,nan,0,,0,0,0
chamfered_03,tee_02,incompatible,,-2.0,nan,0,,0,0,0
chamfered_04,tee_02,incompatible,,-1.8262,nan,270,,0,0,0
gear_01,tee_02,incompatible,,-2.0,nan,0,,0,0,0
gear_02,tee_02,incompatible,,-2.0,nan,0,,0,0,0
gear_03,tee_02,incompatible,,-2.0,nan,0,,0,0,0
tube_01,tee_02,incompatible,,-2.0,nan,0,,0,0,0
tube_02,tee_02,incompatible,,-2.0,nan,0,,0,0,0
tube_03,tee_02,incompatible,,-2.0,nan,0,,0,0,0
circle_01,tee_03,incompatible,,-1.6924,nan,0,,0,0,0
circle_02,tee_03,incompatible,,-2.0,nan,0,,0,0,0
circle_03,tee_03,incompatible,,-2.0,nan,0,,0,0,0
circle_04,tee_03,incompatible,,-2.0,nan,0,,0,0,0
circle_05,tee_03,incompatible,,-2.0,nan,0,,0,0,0
square_01,tee_03,incompatible,,-1.7002,nan,0,,0,0,0
square_02,tee_03,incompatible,,-2.0,nan,0,,0,0,0
square_03,tee_03,incompatible,,-2.0,nan,0,,0,0,0
square_04,tee_03,incompatible,,-2.0,nan,0,,0,0,0
rect_01,tee_03,incompatible,,-1.9883,nan,90,,0,0,0
rect_02,tee_03,incompatible,,-1.9883,nan,90,,0,0,0
rect_03,tee_03,incompatible,,-0.7002,nan,90,,0,0,0
rect_04,tee_03,incompatible,,-2.0,nan,0,,0,0,0
rect_05,tee_03,compatible,,0.3,6.5889,90,90 270,1,0,0
obround_01,tee_03,incompatible,,-1.9883,nan,90,,0,0,0
obround_02,tee_03,incompatible,,-0.7002,nan,90,,0,0,0
obround_03,tee_03,incompatible,,-2.0,nan,0,,0,0,0
obround_04,tee_03,compatible,,0.3,6.1211,90,90 270,1,0,0
ellipse_01,tee_03,incompatible,,-2.0,nan,0,,0,0,0
ellipse_02,tee_03,incompatible,,-1.6963,nan,90,,0,0,0
ellipse_03,tee_03,incompatible,,-2.0,nan,0,,0,0,0
polygon_01,tee_03,incompatible,,-2.0,nan,0,,0,0,0
polygon_02,tee_03,incompatible,,-2.0,nan,0,,0,0,0
polygon_03,tee_03,incompatible,,-2.0,nan,0,,0,0,0
polygon_04,tee_03,incompatible,,-2.0,nan,0,,0,0,0
polygon_05,tee_03,incompatible,,-2.0,nan,0,,0,0,0
dshape_01,tee_03,incompatible,,-2.0,nan,0,,0,0,0
dshape_02,tee_03,incompatible,,-2.0,nan,0,,0,0,0
dshape_03,tee_03,incompatible,,-2.0,nan,0,,0,0,0
dshape_04,tee_03,incompatible,,-2.0,nan,0,,0,0,0
double_d_01,tee_03,incompatible,,-2.0,nan,0,,0,0,0
double_d_02,tee_03,incompatible,,-0.7002,nan,90,,0,0,0
double_d_03,tee_03,incompatible,,-2.0,nan,0,,0,0,0
cross_01,tee_03,incompatible,,-2.0,nan,0,,0,0,0
cross_02,tee_03,incompatible,,-2.0,nan,0,,0,0,0
cross_03,tee_03,incompatible,,-2.0,nan,0,,0,0,0
cross_04,tee_03,incompatible,,-2.0,nan,0,,0,0,0
tee_01,tee_03,incompatible,,-2.0,nan,0,,0,0,1
tee_02,tee_03,incompatible,,-1.8242,nan,0,,0,0,1
tee_03,tee_03,compatible,,0.2548,0.3457,0,0,0,1,1
ell_01,tee_03,incompatible,,-2.0,nan,0,,0,0,0
ell_02,tee_03,incompatible,,-2.0,nan,0,,0,0,0
ell_03,tee_03,incompatible,,-1.7002,nan,270,,0,0,0
ell_04,tee_03,incompatible,,-1.7002,nan,90,,0,0,0
ell_05,tee_03,incompatible,,-2.0,nan,0,,0,0,0
ell_06,tee_03,incompatible,,-2.0,nan,0,,0,0,0
star_01,tee_03,incompatible,,-2.0,nan,0,,0,0,0
star_02,tee_03,incompatible,,-2.0,nan,0,,0,0,0
star_03,tee_03,incompatible,,-2.0,nan,0,,0,0,0
star_04,tee_03,incompatible,,-2.0,nan,0,,0,0,0
keyed_01,tee_03,incompatible,,-2.0,nan,0,,0,0,0
keyed_02,tee_03,incompatible,,-2.0,nan,0,,0,0,0
keyed_03,tee_03,incompatible,,-2.0,nan,0,,0,0,0
keyed_04,tee_03,incompatible,,-2.0,nan,0,,0,0,0
keyed_05,tee_03,incompatible,,-2.0,nan,0,,0,0,0
notched_01,tee_03,incompatible,,-2.0,nan,0,,0,0,0
notched_02,tee_03,incompatible,,-2.0,nan,0,,0,0,0
notched_03,tee_03,incompatible,,-2.0,nan,0,,0,0,0
notched_04,tee_03,incompatible,,-2.0,nan,0,,0,0,0
trapezoid_01,tee_03,incompatible,,-1.9883,nan,90,,0,0,0
trapezoid_02,tee_03,incompatible,,-1.9883,nan,90,,0,0,0
trapezoid_03,tee_03,incompatible,,-0.8906,nan,90,,0,0,0
chamfered_01,tee_03,incompatible,,-0.7969,nan,270,,0,0,0
chamfered_02,tee_03,incompatible,,-0.7969,nan,90,,0,0,0
chamfered_03,tee_03,incompatible,,-0.9219,nan,270,,0,0,0
chamfered_04,tee_03,incompatible,,-0.8262,nan,90,,0,0,0
gear_01,tee_03,incompatible,,-2.0,nan,0,,0,0,0
gear_02,tee_03,incompatible,,-2.0,nan,0,,0,0,0
gear_03,tee_03,incompatible,,-2.0,nan,0,,0,0,0
tube_01,tee_03,incompatible,,-2.0,nan,0,,0,0,0
tube_02,tee_03,incompatible,,-2.0,nan,0,,0,0,0
tube_03,tee_03,incompatible,,-2.0,nan,0,,0,0,0
circle_01,ell_01,incompatible,,-2.0,nan,0,,0,0,0
circle_02,ell_01,incompatible,,-2.0,nan,0,,0,0,0
circle_03,ell_01,incompatible,,-2.0,nan,0,,0,0,0
circle_04,ell_01,incompatible,,-2.0,nan,0,,0,0,0
circle_05,ell_01,incompatible,,-2.0,nan,0,,0,0,0
square_01,ell_01,incompatible,,-2.0,nan,0,,0,0,0
square_02,ell_01,incompatible,,-2.0,nan,0,,0,0,0
square_03,ell_01,incompatible,,-2.0,nan,0,,0,0,0
square_04,ell_01,incompatible,,-2.0,nan,0,,0,0,0
rect_01,ell_01,incompatible,,-2.0,nan,0,,0,0,0
rect_02,ell_01,incompatible,,-2.0,nan,0,,0,0,0
rect_03,ell_01,incompatible,,-2.0,nan,0,,0,0,0
rect_04,ell_01,incompatible,,-2.0,nan,0,,0,0,0
rect_05,ell_01,ambiguous,off_centre,-2.0,nan,0,,0,0,0
obround_01,ell_01,incompatible,,-2.0,nan,0,,0,0,0
obround_02,ell_01,incompatible,,-2.0,nan,0,,0,0,0
obround_03,ell_01,incompatible,,-2.0,nan,0,,0,0,0
obround_04,ell_01,ambiguous,off_centre,-2.0,nan,0,,0,0,0
ellipse_01,ell_01,incompatible,,-2.0,nan,0,,0,0,0
ellipse_02,ell_01,incompatible,,-2.0,nan,0,,0,0,0
ellipse_03,ell_01,incompatible,,-2.0,nan,0,,0,0,0
polygon_01,ell_01,incompatible,,-2.0,nan,0,,0,0,0
polygon_02,ell_01,incompatible,,-2.0,nan,0,,0,0,0
polygon_03,ell_01,incompatible,,-2.0,nan,0,,0,0,0
polygon_04,ell_01,incompatible,,-2.0,nan,0,,0,0,0
polygon_05,ell_01,incompatible,,-2.0,nan,0,,0,0,0
dshape_01,ell_01,incompatible,,-2.0,nan,0,,0,0,0
dshape_02,ell_01,incompatible,,-2.0,nan,0,,0,0,0
dshape_03,ell_01,incompatible,,-2.0,nan,0,,0,0,0
dshape_04,ell_01,incompatible,,-2.0,nan,0,,0,0,0
double_d_01,ell_01,incompatible,,-2.0,nan,0,,0,0,0
double_d_02,ell_01,incompatible,,-2.0,nan,0,,0,0,0
double_d_03,ell_01,incompatible,,-2.0,nan,0,,0,0,0
cross_01,ell_01,incompatible,,-2.0,nan,0,,0,0,0
cross_02,ell_01,incompatible,,-2.0,nan,0,,0,0,0
cross_03,ell_01,incompatible,,-2.0,nan,0,,0,0,0
cross_04,ell_01,incompatible,,-2.0,nan,0,,0,0,0
tee_01,ell_01,incompatible,,-2.0,nan,0,,0,0,0
tee_02,ell_01,incompatible,,-2.0,nan,0,,0,0,0
tee_03,ell_01,incompatible,,-2.0,nan,0,,0,0,0
ell_01,ell_01,compatible,,0.2346,0.3662,0,0,0,1,1
ell_02,ell_01,compatible,,0.2346,0.3662,270,270,0,0,1
ell_03,ell_01,incompatible,,-1.4688,nan,0,,0,0,1
ell_04,ell_01,incompatible,,-1.4688,nan,270,,0,0,1
ell_05,ell_01,ambiguous,off_centre,-0.4092,nan,0,,0,0,1
ell_06,ell_01,ambiguous,off_centre,-0.4092,nan,270,,0,0,1
star_01,ell_01,incompatible,,-2.0,nan,0,,0,0,0
star_02,ell_01,incompatible,,-2.0,nan,0,,0,0,0
star_03,ell_01,incompatible,,-2.0,nan,0,,0,0,0
star_04,ell_01,incompatible,,-2.0,nan,0,,0,0,0
keyed_01,ell_01,incompatible,,-2.0,nan,0,,0,0,0
keyed_02,ell_01,incompatible,,-2.0,nan,0,,0,0,0
keyed_03,ell_01,incompatible,,-2.0,nan,0,,0,0,0
keyed_04,ell_01,incompatible,,-2.0,nan,0,,0,0,0
keyed_05,ell_01,incompatible,,-2.0,nan,0,,0,0,0
notched_01,ell_01,incompatible,,-2.0,nan,0,,0,0,0
notched_02,ell_01,incompatible,,-2.0,nan,0,,0,0,0
notched_03,ell_01,incompatible,,-2.0,nan,0,,0,0,0
notched_04,ell_01,incompatible,,-2.0,nan,0,,0,0,0
trapezoid_01,ell_01,incompatible,,-2.0,nan,0,,0,0,0
trapezoid_02,ell_01,incompatible,,-2.0,nan,0,,0,0,0
trapezoid_03,ell_01,incompatible,,-2.0,nan,0,,0,0,0
chamfered_01,ell_01,incompatible,,-2.0,nan,0,,0,0,0
chamfered_02,ell_01,incompatible,,-2.0,nan,0,,0,0,0
chamfered_03,ell_01,incompatible,,-2.0,nan,0,,0,0,0
chamfered_04,ell_01,incompatible,,-2.0,nan,0,,0,0,0
gear_01,ell_01,incompatible,,-2.0,nan,0,,0,0,0
gear_02,ell_01,incompatible,,-2.0,nan,0,,0,0,0
gear_03,ell_01,incompatible,,-2.0,nan,0,,0,0,0
tube_01,ell_01,incompatible,,-2.0,nan,0,,0,0,0
tube_02,ell_01,incompatible,,-2.0,nan,0,,0,0,0
tube_03,ell_01,incompatible,,-2.0,nan,0,,0,0,0
circle_01,ell_02,incompatible,,-2.0,nan,0,,0,0,0
circle_02,ell_02,incompatible,,-2.0,nan,0,,0,0,0
circle_03,ell_02,incompatible,,-2.0,nan,0,,0,0,0
circle_04,ell_02,incompatible,,-2.0,nan,0,,0,0,0
circle_05,ell_02,incompatible,,-2.0,nan,0,,0,0,0
square_01,ell_02,incompatible,,-2.0,nan,0,,0,0,0
square_02,ell_02,incompatible,,-2.0,nan,0,,0,0,0
square_03,ell_02,incompatible,,-2.0,nan,0,,0,0,0
square_04,ell_02,incompatible,,-2.0,nan,0,,0,0,0
rect_01,ell_02,incompatible,,-2.0,nan,0,,0,0,0
rect_02,ell_02,incompatible,,-2.0,nan,0,,0,0,0
rect_03,ell_02,incompatible,,-2.0,nan,0,,0,0,0
rect_04,ell_02,incompatible,,-2.0,nan,0,,0,0,0
rect_05,ell_02,ambiguous,off_centre,-2.0,nan,0,,0,0,0
obround_01,ell_02,incompatible,,-2.0,nan,0,,0,0,0
obround_02,ell_02,incompatible,,-2.0,nan,0,,0,0,0
obround_03,ell_02,incompatible,,-2.0,nan,0,,0,0,0
obround_04,ell_02,ambiguous,off_centre,-2.0,nan,0,,0,0,0
ellipse_01,ell_02,incompatible,,-2.0,nan,0,,0,0,0
ellipse_02,ell_02,incompatible,,-2.0,nan,0,,0,0,0
ellipse_03,ell_02,incompatible,,-2.0,nan,0,,0,0,0
polygon_01,ell_02,incompatible,,-2.0,nan,0,,0,0,0
polygon_02,ell_02,incompatible,,-2.0,nan,0,,0,0,0
polygon_03,ell_02,incompatible,,-2.0,nan,0,,0,0,0
polygon_04,ell_02,incompatible,,-2.0,nan,0,,0,0,0
polygon_05,ell_02,incompatible,,-2.0,nan,0,,0,0,0
dshape_01,ell_02,incompatible,,-2.0,nan,0,,0,0,0
dshape_02,ell_02,incompatible,,-2.0,nan,0,,0,0,0
dshape_03,ell_02,incompatible,,-2.0,nan,0,,0,0,0
dshape_04,ell_02,incompatible,,-2.0,nan,0,,0,0,0
double_d_01,ell_02,incompatible,,-2.0,nan,0,,0,0,0
double_d_02,ell_02,incompatible,,-2.0,nan,0,,0,0,0
double_d_03,ell_02,incompatible,,-2.0,nan,0,,0,0,0
cross_01,ell_02,incompatible,,-2.0,nan,0,,0,0,0
cross_02,ell_02,incompatible,,-2.0,nan,0,,0,0,0
cross_03,ell_02,incompatible,,-2.0,nan,0,,0,0,0
cross_04,ell_02,incompatible,,-2.0,nan,0,,0,0,0
tee_01,ell_02,incompatible,,-2.0,nan,0,,0,0,0
tee_02,ell_02,incompatible,,-2.0,nan,0,,0,0,0
tee_03,ell_02,incompatible,,-2.0,nan,0,,0,0,0
ell_01,ell_02,compatible,,0.2346,0.3662,90,90,0,0,1
ell_02,ell_02,compatible,,0.2346,0.3662,0,0,0,1,1
ell_03,ell_02,incompatible,,-1.4688,nan,90,,0,0,1
ell_04,ell_02,incompatible,,-1.4688,nan,0,,0,0,1
ell_05,ell_02,ambiguous,off_centre,-0.4092,nan,90,,0,0,1
ell_06,ell_02,ambiguous,off_centre,-0.4092,nan,0,,0,0,1
star_01,ell_02,incompatible,,-2.0,nan,0,,0,0,0
star_02,ell_02,incompatible,,-2.0,nan,0,,0,0,0
star_03,ell_02,incompatible,,-2.0,nan,0,,0,0,0
star_04,ell_02,incompatible,,-2.0,nan,0,,0,0,0
keyed_01,ell_02,incompatible,,-2.0,nan,0,,0,0,0
keyed_02,ell_02,incompatible,,-2.0,nan,0,,0,0,0
keyed_03,ell_02,incompatible,,-2.0,nan,0,,0,0,0
keyed_04,ell_02,incompatible,,-2.0,nan,0,,0,0,0
keyed_05,ell_02,incompatible,,-2.0,nan,0,,0,0,0
notched_01,ell_02,incompatible,,-2.0,nan,0,,0,0,0
notched_02,ell_02,incompatible,,-2.0,nan,0,,0,0,0
notched_03,ell_02,incompatible,,-2.0,nan,0,,0,0,0
notched_04,ell_02,incompatible,,-2.0,nan,0,,0,0,0
trapezoid_01,ell_02,incompatible,,-2.0,nan,0,,0,0,0
trapezoid_02,ell_02,incompatible,,-2.0,nan,0,,0,0,0
trapezoid_03,ell_02,incompatible,,-2.0,nan,0,,0,0,0
chamfered_01,ell_02,incompatible,,-2.0,nan,0,,0,0,0
chamfered_02,ell_02,incompatible,,-2.0,nan,0,,0,0,0
chamfered_03,ell_02,incompatible,,-2.0,nan,0,,0,0,0
chamfered_04,ell_02,incompatible,,-2.0,nan,0,,0,0,0
gear_01,ell_02,incompatible,,-2.0,nan,0,,0,0,0
gear_02,ell_02,incompatible,,-2.0,nan,0,,0,0,0
gear_03,ell_02,incompatible,,-2.0,nan,0,,0,0,0
tube_01,ell_02,incompatible,,-2.0,nan,0,,0,0,0
tube_02,ell_02,incompatible,,-2.0,nan,0,,0,0,0
tube_03,ell_02,incompatible,,-2.0,nan,0,,0,0,0
circle_01,ell_03,incompatible,,-2.0,nan,0,,0,0,0
circle_02,ell_03,incompatible,,-2.0,nan,0,,0,0,0
circle_03,ell_03,incompatible,,-2.0,nan,0,,0,0,0
circle_04,ell_03,incompatible,,-2.0,nan,0,,0,0,0
circle_05,ell_03,incompatible,,-2.0,nan,0,,0,0,0
square_01,ell_03,incompatible,,-2.0,nan,0,,0,0,0
square_02,ell_03,incompatible,,-2.0,nan,0,,0,0,0
square_03,ell_03,incompatible,,-2.0,nan,0,,0,0,0
square_04,ell_03,incompatible,,-2.0,nan,0,,0,0,0
rect_01,ell_03,incompatible,,-2.0,nan,0,,0,0,0
rect_02,ell_03,incompatible,,-2.0,nan,0,,0,0,0
rect_03,ell_03,incompatible,,-2.0,nan,0,,0,0,0
rect_04,ell_03,incompatible,,-2.0,nan,0,,0,0,0
rect_05,ell_03,ambiguous,off_centre,-1.7412,nan,0,,0,0,0
obround_01,ell_03,incompatible,,-2.0,nan,0,,0,0,0
obround_02,ell_03,incompatible,,-2.0,nan,0,,0,0,0
obround_03,ell_03,incompatible,,-2.0,nan,0,,0,0,0
obround_04,ell_03,ambiguous,off_centre,-1.7412,nan,0,,0,0,0
ellipse_01,ell_03,incompatible,,-2.0,nan,0,,0,0,0
ellipse_02,ell_03,incompatible,,-2.0,nan,0,,0,0,0
ellipse_03,ell_03,incompatible,,-2.0,nan,0,,0,0,0
polygon_01,ell_03,incompatible,,-2.0,nan,0,,0,0,0
polygon_02,ell_03,incompatible,,-2.0,nan,0,,0,0,0
polygon_03,ell_03,incompatible,,-2.0,nan,0,,0,0,0
polygon_04,ell_03,incompatible,,-2.0,nan,0,,0,0,0
polygon_05,ell_03,incompatible,,-2.0,nan,0,,0,0,0
dshape_01,ell_03,incompatible,,-2.0,nan,0,,0,0,0
dshape_02,ell_03,incompatible,,-2.0,nan,0,,0,0,0
dshape_03,ell_03,incompatible,,-2.0,nan,0,,0,0,0
dshape_04,ell_03,incompatible,,-2.0,nan,0,,0,0,0
double_d_01,ell_03,incompatible,,-2.0,nan,0,,0,0,0
double_d_02,ell_03,incompatible,,-2.0,nan,0,,0,0,0
double_d_03,ell_03,incompatible,,-2.0,nan,0,,0,0,0
cross_01,ell_03,incompatible,,-2.0,nan,0,,0,0,0
cross_02,ell_03,incompatible,,-2.0,nan,0,,0,0,0
cross_03,ell_03,incompatible,,-2.0,nan,0,,0,0,0
cross_04,ell_03,incompatible,,-2.0,nan,0,,0,0,0
tee_01,ell_03,incompatible,,-2.0,nan,0,,0,0,0
tee_02,ell_03,incompatible,,-2.0,nan,0,,0,0,0
tee_03,ell_03,incompatible,,-2.0,nan,0,,0,0,0
ell_01,ell_03,incompatible,,-2.0,nan,0,,0,0,1
ell_02,ell_03,incompatible,,-2.0,nan,0,,0,0,1
ell_03,ell_03,compatible,,0.2417,0.3584,0,0,0,1,1
ell_04,ell_03,incompatible,,-2.0,nan,0,,0,0,1
ell_05,ell_03,incompatible,,-2.0,nan,0,,0,0,1
ell_06,ell_03,incompatible,,-2.0,nan,0,,0,0,1
star_01,ell_03,incompatible,,-2.0,nan,0,,0,0,0
star_02,ell_03,incompatible,,-2.0,nan,0,,0,0,0
star_03,ell_03,incompatible,,-2.0,nan,0,,0,0,0
star_04,ell_03,incompatible,,-2.0,nan,0,,0,0,0
keyed_01,ell_03,incompatible,,-2.0,nan,0,,0,0,0
keyed_02,ell_03,incompatible,,-2.0,nan,0,,0,0,0
keyed_03,ell_03,incompatible,,-2.0,nan,0,,0,0,0
keyed_04,ell_03,incompatible,,-2.0,nan,0,,0,0,0
keyed_05,ell_03,incompatible,,-2.0,nan,0,,0,0,0
notched_01,ell_03,incompatible,,-2.0,nan,0,,0,0,0
notched_02,ell_03,incompatible,,-2.0,nan,0,,0,0,0
notched_03,ell_03,incompatible,,-2.0,nan,0,,0,0,0
notched_04,ell_03,incompatible,,-2.0,nan,0,,0,0,0
trapezoid_01,ell_03,incompatible,,-2.0,nan,0,,0,0,0
trapezoid_02,ell_03,incompatible,,-2.0,nan,0,,0,0,0
trapezoid_03,ell_03,incompatible,,-2.0,nan,0,,0,0,0
chamfered_01,ell_03,incompatible,,-2.0,nan,0,,0,0,0
chamfered_02,ell_03,incompatible,,-2.0,nan,0,,0,0,0
chamfered_03,ell_03,incompatible,,-2.0,nan,0,,0,0,0
chamfered_04,ell_03,incompatible,,-2.0,nan,0,,0,0,0
gear_01,ell_03,incompatible,,-2.0,nan,0,,0,0,0
gear_02,ell_03,incompatible,,-2.0,nan,0,,0,0,0
gear_03,ell_03,incompatible,,-2.0,nan,0,,0,0,0
tube_01,ell_03,incompatible,,-2.0,nan,0,,0,0,0
tube_02,ell_03,incompatible,,-2.0,nan,0,,0,0,0
tube_03,ell_03,incompatible,,-2.0,nan,0,,0,0,0
circle_01,ell_04,incompatible,,-2.0,nan,0,,0,0,0
circle_02,ell_04,incompatible,,-2.0,nan,0,,0,0,0
circle_03,ell_04,incompatible,,-2.0,nan,0,,0,0,0
circle_04,ell_04,incompatible,,-2.0,nan,0,,0,0,0
circle_05,ell_04,incompatible,,-2.0,nan,0,,0,0,0
square_01,ell_04,incompatible,,-2.0,nan,0,,0,0,0
square_02,ell_04,incompatible,,-2.0,nan,0,,0,0,0
square_03,ell_04,incompatible,,-2.0,nan,0,,0,0,0
square_04,ell_04,incompatible,,-2.0,nan,0,,0,0,0
rect_01,ell_04,incompatible,,-2.0,nan,0,,0,0,0
rect_02,ell_04,incompatible,,-2.0,nan,0,,0,0,0
rect_03,ell_04,incompatible,,-2.0,nan,0,,0,0,0
rect_04,ell_04,incompatible,,-2.0,nan,0,,0,0,0
rect_05,ell_04,ambiguous,off_centre,-1.7412,nan,0,,0,0,0
obround_01,ell_04,incompatible,,-2.0,nan,0,,0,0,0
obround_02,ell_04,incompatible,,-2.0,nan,0,,0,0,0
obround_03,ell_04,incompatible,,-2.0,nan,0,,0,0,0
obround_04,ell_04,ambiguous,off_centre,-1.7412,nan,0,,0,0,0
ellipse_01,ell_04,incompatible,,-2.0,nan,0,,0,0,0
ellipse_02,ell_04,incompatible,,-2.0,nan,0,,0,0,0
ellipse_03,ell_04,incompatible,,-2.0,nan,0,,0,0,0
polygon_01,ell_04,incompatible,,-2.0,nan,0,,0,0,0
polygon_02,ell_04,incompatible,,-2.0,nan,0,,0,0,0
polygon_03,ell_04,incompatible,,-2.0,nan,0,,0,0,0
polygon_04,ell_04,incompatible,,-2.0,nan,0,,0,0,0
polygon_05,ell_04,incompatible,,-2.0,nan,0,,0,0,0
dshape_01,ell_04,incompatible,,-2.0,nan,0,,0,0,0
dshape_02,ell_04,incompatible,,-2.0,nan,0,,0,0,0
dshape_03,ell_04,incompatible,,-2.0,nan,0,,0,0,0
dshape_04,ell_04,incompatible,,-2.0,nan,0,,0,0,0
double_d_01,ell_04,incompatible,,-2.0,nan,0,,0,0,0
double_d_02,ell_04,incompatible,,-2.0,nan,0,,0,0,0
double_d_03,ell_04,incompatible,,-2.0,nan,0,,0,0,0
cross_01,ell_04,incompatible,,-2.0,nan,0,,0,0,0
cross_02,ell_04,incompatible,,-2.0,nan,0,,0,0,0
cross_03,ell_04,incompatible,,-2.0,nan,0,,0,0,0
cross_04,ell_04,incompatible,,-2.0,nan,0,,0,0,0
tee_01,ell_04,incompatible,,-2.0,nan,0,,0,0,0
tee_02,ell_04,incompatible,,-2.0,nan,0,,0,0,0
tee_03,ell_04,incompatible,,-2.0,nan,0,,0,0,0
ell_01,ell_04,incompatible,,-2.0,nan,0,,0,0,1
ell_02,ell_04,incompatible,,-2.0,nan,0,,0,0,1
ell_03,ell_04,incompatible,,-2.0,nan,0,,0,0,1
ell_04,ell_04,compatible,,0.2417,0.3584,0,0,0,1,1
ell_05,ell_04,incompatible,,-2.0,nan,0,,0,0,1
ell_06,ell_04,incompatible,,-2.0,nan,0,,0,0,1
star_01,ell_04,incompatible,,-2.0,nan,0,,0,0,0
star_02,ell_04,incompatible,,-2.0,nan,0,,0,0,0
star_03,ell_04,incompatible,,-2.0,nan,0,,0,0,0
star_04,ell_04,incompatible,,-2.0,nan,0,,0,0,0
keyed_01,ell_04,incompatible,,-2.0,nan,0,,0,0,0
keyed_02,ell_04,incompatible,,-2.0,nan,0,,0,0,0
keyed_03,ell_04,incompatible,,-2.0,nan,0,,0,0,0
keyed_04,ell_04,incompatible,,-2.0,nan,0,,0,0,0
keyed_05,ell_04,incompatible,,-2.0,nan,0,,0,0,0
notched_01,ell_04,incompatible,,-2.0,nan,0,,0,0,0
notched_02,ell_04,incompatible,,-2.0,nan,0,,0,0,0
notched_03,ell_04,incompatible,,-2.0,nan,0,,0,0,0
notched_04,ell_04,incompatible,,-2.0,nan,0,,0,0,0
trapezoid_01,ell_04,incompatible,,-2.0,nan,0,,0,0,0
trapezoid_02,ell_04,incompatible,,-2.0,nan,0,,0,0,0
trapezoid_03,ell_04,incompatible,,-2.0,nan,0,,0,0,0
chamfered_01,ell_04,incompatible,,-2.0,nan,0,,0,0,0
chamfered_02,ell_04,incompatible,,-2.0,nan,0,,0,0,0
chamfered_03,ell_04,incompatible,,-2.0,nan,0,,0,0,0
chamfered_04,ell_04,incompatible,,-2.0,nan,0,,0,0,0
gear_01,ell_04,incompatible,,-2.0,nan,0,,0,0,0
gear_02,ell_04,incompatible,,-2.0,nan,0,,0,0,0
gear_03,ell_04,incompatible,,-2.0,nan,0,,0,0,0
tube_01,ell_04,incompatible,,-2.0,nan,0,,0,0,0
tube_02,ell_04,incompatible,,-2.0,nan,0,,0,0,0
tube_03,ell_04,incompatible,,-2.0,nan,0,,0,0,0
circle_01,ell_05,incompatible,,-2.0,nan,0,,0,0,0
circle_02,ell_05,incompatible,,-2.0,nan,0,,0,0,0
circle_03,ell_05,incompatible,,-2.0,nan,0,,0,0,0
circle_04,ell_05,incompatible,,-2.0,nan,0,,0,0,0
circle_05,ell_05,incompatible,,-2.0,nan,0,,0,0,0
square_01,ell_05,incompatible,,-2.0,nan,0,,0,0,0
square_02,ell_05,incompatible,,-2.0,nan,0,,0,0,0
square_03,ell_05,incompatible,,-2.0,nan,0,,0,0,0
square_04,ell_05,incompatible,,-2.0,nan,0,,0,0,0
rect_01,ell_05,incompatible,,-2.0,nan,0,,0,0,0
rect_02,ell_05,incompatible,,-2.0,nan,0,,0,0,0
rect_03,ell_05,incompatible,,-2.0,nan,0,,0,0,0
rect_04,ell_05,incompatible,,-2.0,nan,0,,0,0,0
rect_05,ell_05,incompatible,,-2.0,nan,0,,0,0,0
obround_01,ell_05,incompatible,,-2.0,nan,0,,0,0,0
obround_02,ell_05,incompatible,,-2.0,nan,0,,0,0,0
obround_03,ell_05,incompatible,,-2.0,nan,0,,0,0,0
obround_04,ell_05,incompatible,,-2.0,nan,0,,0,0,0
ellipse_01,ell_05,incompatible,,-2.0,nan,0,,0,0,0
ellipse_02,ell_05,incompatible,,-2.0,nan,0,,0,0,0
ellipse_03,ell_05,incompatible,,-2.0,nan,0,,0,0,0
polygon_01,ell_05,incompatible,,-2.0,nan,0,,0,0,0
polygon_02,ell_05,incompatible,,-2.0,nan,0,,0,0,0
polygon_03,ell_05,incompatible,,-2.0,nan,0,,0,0,0
polygon_04,ell_05,incompatible,,-2.0,nan,0,,0,0,0
polygon_05,ell_05,incompatible,,-2.0,nan,0,,0,0,0
dshape_01,ell_05,incompatible,,-2.0,nan,0,,0,0,0
dshape_02,ell_05,incompatible,,-2.0,nan,0,,0,0,0
dshape_03,ell_05,incompatible,,-2.0,nan,0,,0,0,0
dshape_04,ell_05,incompatible,,-2.0,nan,0,,0,0,0
double_d_01,ell_05,incompatible,,-2.0,nan,0,,0,0,0
double_d_02,ell_05,incompatible,,-2.0,nan,0,,0,0,0
double_d_03,ell_05,incompatible,,-2.0,nan,0,,0,0,0
cross_01,ell_05,incompatible,,-2.0,nan,0,,0,0,0
cross_02,ell_05,incompatible,,-2.0,nan,0,,0,0,0
cross_03,ell_05,incompatible,,-2.0,nan,0,,0,0,0
cross_04,ell_05,incompatible,,-2.0,nan,0,,0,0,0
tee_01,ell_05,incompatible,,-2.0,nan,0,,0,0,0
tee_02,ell_05,incompatible,,-2.0,nan,0,,0,0,0
tee_03,ell_05,incompatible,,-2.0,nan,0,,0,0,0
ell_01,ell_05,incompatible,,-1.0928,nan,0,,0,0,1
ell_02,ell_05,incompatible,,-1.0928,nan,270,,0,0,1
ell_03,ell_05,incompatible,,-2.0,nan,0,,0,0,1
ell_04,ell_05,incompatible,,-2.0,nan,0,,0,0,1
ell_05,ell_05,compatible,,0.2221,0.3779,0,0,0,1,1
ell_06,ell_05,compatible,,0.2221,0.3779,270,270,0,0,1
star_01,ell_05,incompatible,,-2.0,nan,0,,0,0,0
star_02,ell_05,incompatible,,-2.0,nan,0,,0,0,0
star_03,ell_05,incompatible,,-2.0,nan,0,,0,0,0
star_04,ell_05,incompatible,,-2.0,nan,0,,0,0,0
keyed_01,ell_05,incompatible,,-2.0,nan,0,,0,0,0
keyed_02,ell_05,incompatible,,-2.0,nan,0,,0,0,0
keyed_03,ell_05,incompatible,,-2.0,nan,0,,0,0,0
keyed_04,ell_05,incompatible,,-2.0,nan,0,,0,0,0
keyed_05,ell_05,incompatible,,-2.0,nan,0,,0,0,0
notched_01,ell_05,incompatible,,-2.0,nan,0,,0,0,0
notched_02,ell_05,incompatible,,-2.0,nan,0,,0,0,0
notched_03,ell_05,incompatible,,-2.0,nan,0,,0,0,0
notched_04,ell_05,incompatible,,-2.0,nan,0,,0,0,0
trapezoid_01,ell_05,incompatible,,-2.0,nan,0,,0,0,0
trapezoid_02,ell_05,incompatible,,-2.0,nan,0,,0,0,0
trapezoid_03,ell_05,incompatible,,-2.0,nan,0,,0,0,0
chamfered_01,ell_05,incompatible,,-2.0,nan,0,,0,0,0
chamfered_02,ell_05,incompatible,,-2.0,nan,0,,0,0,0
chamfered_03,ell_05,incompatible,,-2.0,nan,0,,0,0,0
chamfered_04,ell_05,incompatible,,-2.0,nan,0,,0,0,0
gear_01,ell_05,incompatible,,-2.0,nan,0,,0,0,0
gear_02,ell_05,incompatible,,-2.0,nan,0,,0,0,0
gear_03,ell_05,incompatible,,-2.0,nan,0,,0,0,0
tube_01,ell_05,incompatible,,-2.0,nan,0,,0,0,0
tube_02,ell_05,incompatible,,-2.0,nan,0,,0,0,0
tube_03,ell_05,incompatible,,-2.0,nan,0,,0,0,0
circle_01,ell_06,incompatible,,-2.0,nan,0,,0,0,0
circle_02,ell_06,incompatible,,-2.0,nan,0,,0,0,0
circle_03,ell_06,incompatible,,-2.0,nan,0,,0,0,0
circle_04,ell_06,incompatible,,-2.0,nan,0,,0,0,0
circle_05,ell_06,incompatible,,-2.0,nan,0,,0,0,0
square_01,ell_06,incompatible,,-2.0,nan,0,,0,0,0
square_02,ell_06,incompatible,,-2.0,nan,0,,0,0,0
square_03,ell_06,incompatible,,-2.0,nan,0,,0,0,0
square_04,ell_06,incompatible,,-2.0,nan,0,,0,0,0
rect_01,ell_06,incompatible,,-2.0,nan,0,,0,0,0
rect_02,ell_06,incompatible,,-2.0,nan,0,,0,0,0
rect_03,ell_06,incompatible,,-2.0,nan,0,,0,0,0
rect_04,ell_06,incompatible,,-2.0,nan,0,,0,0,0
rect_05,ell_06,incompatible,,-2.0,nan,0,,0,0,0
obround_01,ell_06,incompatible,,-2.0,nan,0,,0,0,0
obround_02,ell_06,incompatible,,-2.0,nan,0,,0,0,0
obround_03,ell_06,incompatible,,-2.0,nan,0,,0,0,0
obround_04,ell_06,incompatible,,-2.0,nan,0,,0,0,0
ellipse_01,ell_06,incompatible,,-2.0,nan,0,,0,0,0
ellipse_02,ell_06,incompatible,,-2.0,nan,0,,0,0,0
ellipse_03,ell_06,incompatible,,-2.0,nan,0,,0,0,0
polygon_01,ell_06,incompatible,,-2.0,nan,0,,0,0,0
polygon_02,ell_06,incompatible,,-2.0,nan,0,,0,0,0
polygon_03,ell_06,incompatible,,-2.0,nan,0,,0,0,0
polygon_04,ell_06,incompatible,,-2.0,nan,0,,0,0,0
polygon_05,ell_06,incompatible,,-2.0,nan,0,,0,0,0
dshape_01,ell_06,incompatible,,-2.0,nan,0,,0,0,0
dshape_02,ell_06,incompatible,,-2.0,nan,0,,0,0,0
dshape_03,ell_06,incompatible,,-2.0,nan,0,,0,0,0
dshape_04,ell_06,incompatible,,-2.0,nan,0,,0,0,0
double_d_01,ell_06,incompatible,,-2.0,nan,0,,0,0,0
double_d_02,ell_06,incompatible,,-2.0,nan,0,,0,0,0
double_d_03,ell_06,incompatible,,-2.0,nan,0,,0,0,0
cross_01,ell_06,incompatible,,-2.0,nan,0,,0,0,0
cross_02,ell_06,incompatible,,-2.0,nan,0,,0,0,0
cross_03,ell_06,incompatible,,-2.0,nan,0,,0,0,0
cross_04,ell_06,incompatible,,-2.0,nan,0,,0,0,0
tee_01,ell_06,incompatible,,-2.0,nan,0,,0,0,0
tee_02,ell_06,incompatible,,-2.0,nan,0,,0,0,0
tee_03,ell_06,incompatible,,-2.0,nan,0,,0,0,0
ell_01,ell_06,incompatible,,-1.0928,nan,90,,0,0,1
ell_02,ell_06,incompatible,,-1.0928,nan,0,,0,0,1
ell_03,ell_06,incompatible,,-2.0,nan,0,,0,0,1
ell_04,ell_06,incompatible,,-2.0,nan,0,,0,0,1
ell_05,ell_06,compatible,,0.2221,0.3779,90,90,0,0,1
ell_06,ell_06,compatible,,0.2221,0.3779,0,0,0,1,1
star_01,ell_06,incompatible,,-2.0,nan,0,,0,0,0
star_02,ell_06,incompatible,,-2.0,nan,0,,0,0,0
star_03,ell_06,incompatible,,-2.0,nan,0,,0,0,0
star_04,ell_06,incompatible,,-2.0,nan,0,,0,0,0
keyed_01,ell_06,incompatible,,-2.0,nan,0,,0,0,0
keyed_02,ell_06,incompatible,,-2.0,nan,0,,0,0,0
keyed_03,ell_06,incompatible,,-2.0,nan,0,,0,0,0
keyed_04,ell_06,incompatible,,-2.0,nan,0,,0,0,0
keyed_05,ell_06,incompatible,,-2.0,nan,0,,0,0,0
notched_01,ell_06,incompatible,,-2.0,nan,0,,0,0,0
notched_02,ell_06,incompatible,,-2.0,nan,0,,0,0,0
notched_03,ell_06,incompatible,,-2.0,nan,0,,0,0,0
notched_04,ell_06,incompatible,,-2.0,nan,0,,0,0,0
trapezoid_01,ell_06,incompatible,,-2.0,nan,0,,0,0,0
trapezoid_02,ell_06,incompatible,,-2.0,nan,0,,0,0,0
trapezoid_03,ell_06,incompatible,,-2.0,nan,0,,0,0,0
chamfered_01,ell_06,incompatible,,-2.0,nan,0,,0,0,0
chamfered_02,ell_06,incompatible,,-2.0,nan,0,,0,0,0
chamfered_03,ell_06,incompatible,,-2.0,nan,0,,0,0,0
chamfered_04,ell_06,incompatible,,-2.0,nan,0,,0,0,0
gear_01,ell_06,incompatible,,-2.0,nan,0,,0,0,0
gear_02,ell_06,incompatible,,-2.0,nan,0,,0,0,0
gear_03,ell_06,incompatible,,-2.0,nan,0,,0,0,0
tube_01,ell_06,incompatible,,-2.0,nan,0,,0,0,0
tube_02,ell_06,incompatible,,-2.0,nan,0,,0,0,0
tube_03,ell_06,incompatible,,-2.0,nan,0,,0,0,0
circle_01,star_01,compatible,,0.8126,6.3027,0,0 90 180 270,1,0,0
circle_02,star_01,incompatible,,-0.6602,nan,0,,0,0,0
circle_03,star_01,incompatible,,-2.0,nan,0,,0,0,0
circle_04,star_01,incompatible,,-2.0,nan,0,,0,0,0
circle_05,star_01,incompatible,,-2.0,nan,0,,0,0,0
square_01,star_01,incompatible,,-1.208,nan,0,,0,0,0
square_02,star_01,incompatible,,-2.0,nan,0,,0,0,0
square_03,star_01,incompatible,,-2.0,nan,0,,0,0,0
square_04,star_01,incompatible,,-2.0,nan,0,,0,0,0
rect_01,star_01,incompatible,,-2.0,nan,0,,0,0,0
rect_02,star_01,incompatible,,-2.0,nan,0,,0,0,0
rect_03,star_01,incompatible,,-1.7705,nan,0,,0,0,0
rect_04,star_01,incompatible,,-2.0,nan,0,,0,0,0
rect_05,star_01,compatible,,0.0671,8.3008,90,0 90 180 270,1,0,0
obround_01,star_01,incompatible,,-1.3008,nan,0,,0,0,0
obround_02,star_01,incompatible,,-0.3418,nan,0,,0,0,0
obround_03,star_01,incompatible,,-2.0,nan,0,,0,0,0
obround_04,star_01,compatible,,0.659,8.3008,90,0 90 180 270,1,0,0
ellipse_01,star_01,incompatible,,-1.5449,nan,0,,0,0,0
ellipse_02,star_01,incompatible,,-0.5781,nan,0,,0,0,0
ellipse_03,star_01,incompatible,,-2.0,nan,0,,0,0,0
polygon_01,star_01,incompatible,,-2.0,nan,0,,0,0,0
polygon_02,star_01,incompatible,,-2.0,nan,0,,0,0,0
polygon_03,star_01,incompatible,,-2.0,nan,0,,0,0,0
polygon_04,star_01,incompatible,,-1.3057,nan,0,,0,0,0
polygon_05,star_01,incompatible,,-2.0,nan,0,,0,0,0
dshape_01,star_01,incompatible,,-2.0,nan,0,,0,0,0
dshape_02,star_01,incompatible,,-2.0,nan,0,,0,0,0
dshape_03,star_01,incompatible,,-1.9492,nan,0,,0,0,0
dshape_04,star_01,incompatible,,-2.0,nan,0,,0,0,0
double_d_01,star_01,incompatible,,-2.0,nan,0,,0,0,0
double_d_02,star_01,incompatible,,-1.2549,nan,0,,0,0,0
double_d_03,star_01,incompatible,,-2.0,nan,0,,0,0,0
cross_01,star_01,incompatible,,-1.4141,nan,0,,0,0,0
cross_02,star_01,incompatible,,-2.0,nan,0,,0,0,0
cross_03,star_01,incompatible,,-0.8926,nan,0,,0,0,0
cross_04,star_01,incompatible,,-1.8525,nan,0,,0,0,0
tee_01,star_01,incompatible,,-2.0,nan,0,,0,0,0
tee_02,star_01,incompatible,,-2.0,nan,0,,0,0,0
tee_03,star_01,incompatible,,-2.0,nan,0,,0,0,0
ell_01,star_01,incompatible,,-2.0,nan,0,,0,0,0
ell_02,star_01,incompatible,,-2.0,nan,0,,0,0,0
ell_03,star_01,incompatible,,-2.0,nan,0,,0,0,0
ell_04,star_01,incompatible,,-2.0,nan,0,,0,0,0
ell_05,star_01,incompatible,,-2.0,nan,0,,0,0,0
ell_06,star_01,incompatible,,-2.0,nan,0,,0,0,0
star_01,star_01,compatible,,0.2999,0.3008,270,0 90 180 270,0,1,1
star_02,star_01,incompatible,,-2.0,nan,0,,0,0,1
star_03,star_01,incompatible,,-2.0,nan,0,,0,0,1
star_04,star_01,incompatible,,-2.0,nan,0,,0,0,1
keyed_01,star_01,incompatible,,-2.0,nan,0,,0,0,0
keyed_02,star_01,incompatible,,-2.0,nan,0,,0,0,0
keyed_03,star_01,incompatible,,-2.0,nan,0,,0,0,0
keyed_04,star_01,incompatible,,-2.0,nan,0,,0,0,0
keyed_05,star_01,incompatible,,-2.0,nan,0,,0,0,0
notched_01,star_01,incompatible,,-2.0,nan,0,,0,0,0
notched_02,star_01,incompatible,,-2.0,nan,0,,0,0,0
notched_03,star_01,incompatible,,-2.0,nan,0,,0,0,0
notched_04,star_01,incompatible,,-2.0,nan,0,,0,0,0
trapezoid_01,star_01,incompatible,,-2.0,nan,0,,0,0,0
trapezoid_02,star_01,incompatible,,-2.0,nan,0,,0,0,0
trapezoid_03,star_01,incompatible,,-1.6035,nan,0,,0,0,0
chamfered_01,star_01,incompatible,,-2.0,nan,0,,0,0,0
chamfered_02,star_01,incompatible,,-2.0,nan,0,,0,0,0
chamfered_03,star_01,incompatible,,-2.0,nan,0,,0,0,0
chamfered_04,star_01,incompatible,,-1.3008,nan,0,,0,0,0
gear_01,star_01,incompatible,,-2.0,nan,0,,0,0,0
gear_02,star_01,incompatible,,-2.0,nan,0,,0,0,0
gear_03,star_01,incompatible,,-2.0,nan,0,,0,0,0
tube_01,star_01,incompatible,,-1.1396,nan,0,,0,0,0
tube_02,star_01,incompatible,,-1.1396,nan,0,,0,0,0
tube_03,star_01,incompatible,,-2.0,nan,0,,0,0,0
circle_01,star_02,compatible,,0.8389,6.3027,0,0 90 180 270,1,0,0
circle_02,star_02,incompatible,,-0.5859,nan,0,,0,0,0
circle_03,star_02,incompatible,,-1.9131,nan,0,,0,0,0
circle_04,star_02,incompatible,,-2.0,nan,0,,0,0,0
circle_05,star_02,incompatible,,-2.0,nan,0,,0,0,0
square_01,star_02,ambiguous,off_centre,-0.499,nan,0,,0,0,0
square_02,star_02,incompatible,,-2.0,nan,0,,0,0,0
square_03,star_02,incompatible,,-2.0,nan,0,,0,0,0
square_04,star_02,incompatible,,-2.0,nan,0,,0,0,0
rect_01,star_02,incompatible,,-2.0,nan,0,,0,0,0
rect_02,star_02,incompatible,,-2.0,nan,0,,0,0,0
rect_03,star_02,incompatible,,-1.96,nan,90,,0,0,0
rect_04,star_02,incompatible,,-2.0,nan,0,,0,0,0
rect_05,star_02,ambiguous,off_centre,-0.1777,nan,90,,0,0,0
obround_01,star_02,incompatible,,-2.0,nan,0,,0,0,0
obround_02,star_02,incompatible,,-1.5664,nan,0,,0,0,0
obround_03,star_02,incompatible,,-2.0,nan,0,,0,0,0
obround_04,star_02,ambiguous,off_centre,-0.6191,nan,0,,0,0,0
ellipse_01,star_02,incompatible,,-2.0,nan,0,,0,0,0
ellipse_02,star_02,incompatible,,-2.0,nan,0,,0,0,0
ellipse_03,star_02,incompatible,,-2.0,nan,0,,0,0,0
polygon_01,star_02,incompatible,,-2.0,nan,0,,0,0,0
polygon_02,star_02,incompatible,,-1.9932,nan,0,,0,0,0
polygon_03,star_02,incompatible,,-2.0,nan,0,,0,0,0
polygon_04,star_02,incompatible,,-1.5449,nan,0,,0,0,0
polygon_05,star_02,incompatible,,-2.0,nan,0,,0,0,0
dshape_01,star_02,incompatible,,-2.0,nan,0,,0,0,0
dshape_02,star_02,incompatible,,-1.4424,nan,0,,0,0,0
dshape_03,star_02,incompatible,,-0.9912,nan,0,,0,0,0
dshape_04,star_02,incompatible,,-2.0,nan,0,,0,0,0
double_d_01,star_02,incompatible,,-1.9111,nan,0,,0,0,0
double_d_02,star_02,incompatible,,-1.9111,nan,0,,0,0,0
double_d_03,star_02,incompatible,,-2.0,nan,0,,0,0,0
cross_01,star_02,incompatible,,-2.0,nan,0,,0,0,0
cross_02,star_02,incompatible,,-2.0,nan,0,,0,0,0
cross_03,star_02,incompatible,,-2.0,nan,0,,0,0,0
cross_04,star_02,incompatible,,-2.0,nan,0,,0,0,0
tee_01,star_02,incompatible,,-2.0,nan,0,,0,0,0
tee_02,star_02,incompatible,,-2.0,nan,0,,0,0,0
tee_03,star_02,incompatible,,-2.0,nan,0,,0,0,0
ell_01,star_02,incompatible,,-2.0,nan,0,,0,0,0
ell_02,star_02,incompatible,,-2.0,nan,0,,0,0,0
ell_03,star_02,incompatible,,-2.0,nan,0,,0,0,0
ell_04,star_02,incompatible,,-2.0,nan,0,,0,0,0
ell_05,star_02,incompatible,,-2.0,nan,0,,0,0,0
ell_06,star_02,incompatible,,-2.0,nan,0,,0,0,0
star_01,star_02,incompatible,,-2.0,nan,0,,0,0,1
star_02,star_02,compatible,,0.2999,0.3008,0,0,0,1,1
star_03,star_02,incompatible,,-2.0,nan,0,,0,0,1
star_04,star_02,incompatible,,-1.0283,nan,0,,0,0,1
keyed_01,star_02,incompatible,,-2.0,nan,0,,0,0,0
keyed_02,star_02,incompatible,,-2.0,nan,0,,0,0,0
keyed_03,star_02,incompatible,,-2.0,nan,0,,0,0,0
keyed_04,star_02,incompatible,,-2.0,nan,0,,0,0,0
keyed_05,star_02,incompatible,,-2.0,nan,0,,0,0,0
notched_01,star_02,incompatible,,-2.0,nan,0,,0,0,0
notched_02,star_02,incompatible,,-2.0,nan,0,,0,0,0
notched_03,star_02,incompatible,,-2.0,nan,0,,0,0,0
notched_04,star_02,incompatible,,-2.0,nan,0,,0,0,0
trapezoid_01,star_02,incompatible,,-1.957,nan,0,,0,0,0
trapezoid_02,star_02,incompatible,,-2.0,nan,0,,0,0,0
trapezoid_03,star_02,incompatible,,-0.8984,nan,0,,0,0,0
chamfered_01,star_02,incompatible,,-2.0,nan,0,,0,0,0
chamfered_02,star_02,incompatible,,-2.0,nan,0,,0,0,0
chamfered_03,star_02,incompatible,,-2.0,nan,0,,0,0,0
chamfered_04,star_02,incompatible,,-1.1133,nan,180,,0,0,0
gear_01,star_02,incompatible,,-2.0,nan,0,,0,0,0
gear_02,star_02,incompatible,,-2.0,nan,0,,0,0,0
gear_03,star_02,incompatible,,-2.0,nan,0,,0,0,0
tube_01,star_02,incompatible,,-1.0283,nan,0,,0,0,0
tube_02,star_02,incompatible,,-1.0283,nan,0,,0,0,0
tube_03,star_02,incompatible,,-2.0,nan,0,,0,0,0
circle_01,star_03,compatible,,0.8718,6.3027,0,0 90 180 270,1,0,0
circle_02,star_03,incompatible,,-0.5078,nan,0,,0,0,0
circle_03,star_03,incompatible,,-1.7178,nan,0,,0,0,0
circle_04,star_03,incompatible,,-2.0,nan,0,,0,0,0
circle_05,star_03,incompatible,,-2.0,nan,0,,0,0,0
square_01,star_03,compatible,,0.0851,6.3008,0,0 90 180 270,1,0,0
square_02,star_03,incompatible,,-1.3184,nan,0,,0,0,0
square_03,star_03,incompatible,,-2.0,nan,0,,0,0,0
square_04,star_03,incompatible,,-2.0,nan,0,,0,0,0
rect_01,star_03,incompatible,,-2.0,nan,0,,0,0,0
rect_02,star_03,incompatible,,-2.0,nan,0,,0,0,0
rect_03,star_03,incompatible,,-1.7178,nan,0,,0,0,0
rect_04,star_03,incompatible,,-2.0,nan,0,,0,0,0
rect_05,star_03,ambiguous,off_centre,-0.1035,nan,0,,0,0,0
obround_01,star_03,incompatible,,-1.6826,nan,90,,0,0,0
obround_02,star_03,incompatible,,-0.8516,nan,90,,0,0,0
obround_03,star_03,incompatible,,-2.0,nan,0,,0,0,0
obround_04,star_03,compatible,,0.1249,6.9463,90,90 270,1,0,0
ellipse_01,star_03,incompatible,,-1.9746,nan,90,,0,0,0
ellipse_02,star_03,incompatible,,-1.0752,nan,90,,0,0,0
ellipse_03,star_03,incompatible,,-2.0,nan,0,,0,0,0
polygon_01,star_03,incompatible,,-0.3867,nan,0,,0,0,0
polygon_02,star_03,incompatible,,-2.0,nan,0,,0,0,0
polygon_03,star_03,incompatible,,-2.0,nan,0,,0,0,0
polygon_04,star_03,incompatible,,-0.8525,nan,90,,0,0,0
polygon_05,star_03,incompatible,,-2.0,nan,0,,0,0,0
dshape_01,star_03,incompatible,,-1.7021,nan,0,,0,0,0
dshape_02,star_03,incompatible,,-1.6201,nan,0,,0,0,0
dshape_03,star_03,incompatible,,-1.4346,nan,0,,0,0,0
dshape_04,star_03,incompatible,,-2.0,nan,0,,0,0,0
double_d_01,star_03,incompatible,,-1.7158,nan,90,,0,0,0
double_d_02,star_03,incompatible,,-1.7158,nan,90,,0,0,0
double_d_03,star_03,incompatible,,-2.0,nan,0,,0,0,0
cross_01,star_03,incompatible,,-2.0,nan,0,,0,0,0
cross_02,star_03,incompatible,,-2.0,nan,0,,0,0,0
cross_03,star_03,incompatible,,-1.7178,nan,0,,0,0,0
cross_04,star_03,incompatible,,-2.0,nan,0,,0,0,0
tee_01,star_03,incompatible,,-2.0,nan,0,,0,0,0
tee_02,star_03,incompatible,,-2.0,nan,0,,0,0,0
tee_03,star_03,incompatible,,-2.0,nan,0,,0,0,0
ell_01,star_03,incompatible,,-2.0,nan,0,,0,0,0
ell_02,star_03,incompatible,,-2.0,nan,0,,0,0,0
ell_03,star_03,incompatible,,-2.0,nan,0,,0,0,0
ell_04,star_03,incompatible,,-2.0,nan,0,,0,0,0
ell_05,star_03,incompatible,,-2.0,nan,0,,0,0,0
ell_06,star_03,incompatible,,-2.0,nan,0,,0,0,0
star_01,star_03,incompatible,,-2.0,nan,0,,0,0,1
star_02,star_03,incompatible,,-2.0,nan,0,,0,0,1
star_03,star_03,compatible,,0.2999,0.3008,0,0 180,0,1,1
star_04,star_03,incompatible,,-2.0,nan,0,,0,0,1
keyed_01,star_03,incompatible,,-1.9033,nan,0,,0,0,0
keyed_02,star_03,incompatible,,-2.0,nan,0,,0,0,0
keyed_03,star_03,incompatible,,-1.7178,nan,0,,0,0,0
keyed_04,star_03,incompatible,,-2.0,nan,0,,0,0,0
keyed_05,star_03,incompatible,,-2.0,nan,0,,0,0,0
notched_01,star_03,incompatible,,-1.7178,nan,0,,0,0,0
notched_02,star_03,incompatible,,-2.0,nan,0,,0,0,0
notched_03,star_03,incompatible,,-2.0,nan,0,,0,0,0
notched_04,star_03,incompatible,,-1.7178,nan,0,,0,0,0
trapezoid_01,star_03,incompatible,,-2.0,nan,0,,0,0,0
trapezoid_02,star_03,incompatible,,-2.0,nan,0,,0,0,0
trapezoid_03,star_03,incompatible,,-0.9492,nan,0,,0,0,0
chamfered_01,star_03,incompatible,,-2.0,nan,0,,0,0,0
chamfered_02,star_03,incompatible,,-2.0,nan,0,,0,0,0
chamfered_03,star_03,incompatible,,-2.0,nan,0,,0,0,0
chamfered_04,star_03,incompatible,,-1.1133,nan,0,,0,0,0
gear_01,star_03,incompatible,,-1.9717,nan,0,,0,0,0
gear_02,star_03,incompatible,,-2.0,nan,0,,0,0,0
gear_03,star_03,incompatible,,-2.0,nan,0,,0,0,0
tube_01,star_03,incompatible,,-0.9111,nan,0,,0,0,0
tube_02,star_03,incompatible,,-0.9111,nan,0,,0,0,0
tube_03,star_03,incompatible,,-2.0,nan,0,,0,0,0
circle_01,star_04,compatible,,2.3127,6.3027,0,0 90 180 270,1,0,0
circle_02,star_04,compatible,,0.8127,4.8027,180,0 90 180 270,1,0,0
circle_03,star_04,incompatible,,-0.6602,nan,0,,0,0,0
circle_04,star_04,incompatible,,-2.0,nan,0,,0,0,0
circle_05,star_04,incompatible,,-2.0,nan,0,,0,0,0
square_01,star_04,compatible,,0.6271,6.3008,0,0 90 180 270,1,0,0
square_02,star_04,incompatible,,-1.29,nan,0,,0,0,0
square_03,star_04,incompatible,,-2.0,nan,0,,0,0,0
square_04,star_04,incompatible,,-2.0,nan,0,,0,0,0
rect_01,star_04,incompatible,,-2.0,nan,0,,0,0,0
rect_02,star_04,incompatible,,-2.0,nan,0,,0,0,0
rect_03,star_04,incompatible,,-1.0371,nan,90,,0,0,0
rect_04,star_04,incompatible,,-2.0,nan,0,,0,0,0
rect_05,star_04,compatible,,0.977,7.7617,90,0 90 180 270,1,0,0
obround_01,star_04,incompatible,,-1.9365,nan,0,,0,0,0
obround_02,star_04,ambiguous,off_centre,-0.2861,nan,0,,0,0,0
obround_03,star_04,incompatible,,-2.0,nan,0,,0,0,0
obround_04,star_04,compatible,,0.7148,7.7617,0,0 90 180 270,1,0,0
ellipse_01,star_04,incompatible,,-1.9062,nan,0,,0,0,0
ellipse_02,star_04,ambiguous,off_centre,-0.9297,nan,0,,0,0,0
ellipse_03,star_04,incompatible,,-2.0,nan,0,,0,0,0
polygon_01,star_04,incompatible,,-2.0,nan,0,,0,0,0
polygon_02,star_04,incompatible,,-0.7461,nan,0,,0,0,0
polygon_03,star_04,incompatible,,-2.0,nan,0,,0,0,0
polygon_04,star_04,ambiguous,off_centre,-0.3818,nan,0,,0,0,0
polygon_05,star_04,incompatible,,-2.0,nan,0,,0,0,0
dshape_01,star_04,incompatible,,-0.8008,nan,180,,0,0,0
dshape_02,star_04,incompatible,,-0.3691,nan,0,,0,0,0
dshape_03,star_04,compatible,,0.3237,6.957,0,0,1,0,0
dshape_04,star_04,incompatible,,-2.0,nan,0,,0,0,0
double_d_01,star_04,incompatible,,-0.6582,nan,0,,0,0,0
double_d_02,star_04,incompatible,,-0.6582,nan,0,,0,0,0
double_d_03,star_04,incompatible,,-2.0,nan,0,,0,0,0
cross_01,star_04,incompatible,,-2.0,nan,0,,0,0,0
cross_02,star_04,incompatible,,-2.0,nan,0,,0,0,0
cross_03,star_04,incompatible,,-1.0664,nan,0,,0,0,0
cross_04,star_04,incompatible,,-2.0,nan,0,,0,0,0
tee_01,star_04,incompatible,,-2.0,nan,0,,0,0,0
tee_02,star_04,incompatible,,-2.0,nan,0,,0,0,0
tee_03,star_04,incompatible,,-2.0,nan,0,,0,0,0
ell_01,star_04,incompatible,,-2.0,nan,0,,0,0,0
ell_02,star_04,incompatible,,-2.0,nan,0,,0,0,0
ell_03,star_04,incompatible,,-2.0,nan,0,,0,0,0
ell_04,star_04,incompatible,,-2.0,nan,0,,0,0,0
ell_05,star_04,incompatible,,-2.0,nan,0,,0,0,0
ell_06,star_04,incompatible,,-2.0,nan,0,,0,0,0
star_01,star_04,incompatible,,-2.0,nan,0,,0,0,1
star_02,star_04,compatible,,0.2999,1.6045,0,0,1,0,1
star_03,star_04,incompatible,,-2.0,nan,0,,0,0,1
star_04,star_04,compatible,,0.2999,0.3008,0,0,0,1,1
keyed_01,star_04,incompatible,,-0.915,nan,0,,0,0,0
keyed_02,star_04,incompatible,,-1.0918,nan,0,,0,0,0
keyed_03,star_04,incompatible,,-2.0,nan,0,,0,0,0
keyed_04,star_04,incompatible,,-2.0,nan,0,,0,0,0
keyed_05,star_04,incompatible,,-2.0,nan,0,,0,0,0
notched_01,star_04,incompatible,,-1.165,nan,180,,0,0,0
notched_02,star_04,incompatible,,-1.5781,nan,180,,0,0,0
notched_03,star_04,incompatible,,-1.5781,nan,180,,0,0,0
notched_04,star_04,incompatible,,-1.1748,nan,180,,0,0,0
trapezoid_01,star_04,incompatible,,-0.707,nan,0,,0,0,0
trapezoid_02,star_04,incompatible,,-1.416,nan,0,,0,0,0
trapezoid_03,star_04,compatible,,0.458,7.4912,0,0,1,0,0
chamfered_01,star_04,incompatible,,-1.7285,nan,90,,0,0,0
chamfered_02,star_04,incompatible,,-1.7285,nan,270,,0,0,0
chamfered_03,star_04,incompatible,,-1.4043,nan,180,,0,0,0
chamfered_04,star_04,compatible,,0.1528,7.4258,180,180,1,0,0
gear_01,star_04,incompatible,,-2.0,nan,0,,0,0,0
gear_02,star_04,incompatible,,-2.0,nan,0,,0,0,0
gear_03,star_04,incompatible,,-2.0,nan,0,,0,0,0
tube_01,star_04,compatible,,0.3127,4.3027,0,0 90 180 270,1,0,0
tube_02,star_04,compatible,,0.3127,4.501,0,0 90 180 270,1,0,0
tube_03,star_04,incompatible,,-1.6191,nan,0,,0,0,0
circle_01,keyed_01,compatible,,3.0001,5.1104,0,0 90 180 270,1,0,0
circle_02,keyed_01,compatible,,1.5006,3.6104,0,0 90 180 270,1,0,0
circle_03,keyed_01,ambiguous,boundary,0.001,nan,0,,0,0,0
circle_04,keyed_01,incompatible,,-1.9854,nan,0,,0,0,0
circle_05,keyed_01,incompatible,,-2.0,nan,0,,0,0,0
square_01,keyed_01,compatible,,1.0067,4.9941,0,0 90 180 270,1,0,0
square_02,keyed_01,incompatible,,-1.1143,nan,0,,0,0,0
square_03,keyed_01,incompatible,,-2.0,nan,0,,0,0,0
square_04,keyed_01,incompatible,,-2.0,nan,0,,0,0,0
rect_01,keyed_01,incompatible,,-2.0,nan,0,,0,0,0
rect_02,keyed_01,incompatible,,-2.0,nan,0,,0,0,0
rect_03,keyed_01,incompatible,,-0.7861,nan,0,,0,0,0
rect_04,keyed_01,incompatible,,-2.0,nan,0,,0,0,0
rect_05,keyed_01,compatible,,1.4474,5.3008,0,0 90 180 270,1,0,0
obround_01,keyed_01,incompatible,,-1.3945,nan,90,,0,0,0
obround_02,keyed_01,compatible,,0.2871,4.3008,0,0 90 180 270,1,0,0
obround_03,keyed_01,incompatible,,-2.0,nan,0,,0,0,0
obround_04,keyed_01,compatible,,1.2868,5.3008,0,0 90 180 270,1,0,0
ellipse_01,keyed_01,incompatible,,-1.3945,nan,90,,0,0,0
ellipse_02,keyed_01,incompatible,,-0.3945,nan,90,,0,0,0
ellipse_03,keyed_01,incompatible,,-2.0,nan,0,,0,0,0
polygon_01,keyed_01,incompatible,,-2.0,nan,0,,0,0,0
polygon_02,keyed_01,incompatible,,-1.7998,nan,0,,0,0,0
polygon_03,keyed_01,incompatible,,-1.8584,nan,90,,0,0,0
polygon_04,keyed_01,compatible,,0.1404,2.5176,90,90 270,1,0,0
polygon_05,keyed_01,incompatible,,-1.9854,nan,0,,0,0,0
dshape_01,keyed_01,compatible,,0.1315,2.6328,180,180,1,0,0
dshape_02,keyed_01,ambiguous,off_centre,-0.2812,nan,180,,0,0,0
dshape_03,keyed_01,ambiguous,off_centre,-0.4355,nan,180,,0,0,0
dshape_04,keyed_01,incompatible,,-2.0,nan,0,,0,0,0
double_d_01,keyed_01,compatible,,0.068,3.9941,180,0 180,1,0,0
double_d_02,keyed_01,compatible,,0.1424,5.9941,0,0 180,1,0,0
double_d_03,keyed_01,incompatible,,-1.917,nan,0,,0,0,0
cross_01,keyed_01,incompatible,,-2.0,nan,0,,0,0,0
cross_02,keyed_01,incompatible,,-2.0,nan,0,,0,0,0
cross_03,keyed_01,ambiguous,off_centre,-0.5322,nan,0,,0,0,0
cross_04,keyed_01,incompatible,,-1.8486,nan,90,,0,0,0
tee_01,keyed_01,incompatible,,-2.0,nan,0,,0,0,0
tee_02,keyed_01,incompatible,,-2.0,nan,0,,0,0,0
tee_03,keyed_01,incompatible,,-2.0,nan,0,,0,0,0
ell_01,keyed_01,incompatible,,-2.0,nan,0,,0,0,0
ell_02,keyed_01,incompatible,,-2.0,nan,0,,0,0,0
ell_03,keyed_01,incompatible,,-2.0,nan,0,,0,0,0
ell_04,keyed_01,incompatible,,-2.0,nan,0,,0,0,0
ell_05,keyed_01,incompatible,,-2.0,nan,0,,0,0,0
ell_06,keyed_01,incompatible,,-2.0,nan,0,,0,0,0
star_01,keyed_01,incompatible,,-2.0,nan,0,,0,0,0
star_02,keyed_01,incompatible,,-2.0,nan,0,,0,0,0
star_03,keyed_01,incompatible,,-2.0,nan,0,,0,0,0
star_04,keyed_01,incompatible,,-2.0,nan,0,,0,0,0
keyed_01,keyed_01,compatible,,0.2599,0.3408,0,0,0,1,1
keyed_02,keyed_01,incompatible,,-0.7002,nan,0,,0,0,1
keyed_03,keyed_01,incompatible,,-1.5098,nan,0,,0,0,1
keyed_04,keyed_01,incompatible,,-1.5654,nan,0,,0,0,1
keyed_05,keyed_01,incompatible,,-1.7871,nan,0,,0,0,1
notched_01,keyed_01,incompatible,,-1.7988,nan,180,,0,0,0
notched_02,keyed_01,incompatible,,-2.0,nan,0,,0,0,0
notched_03,keyed_01,incompatible,,-2.0,nan,0,,0,0,0
notched_04,keyed_01,incompatible,,-2.0,nan,0,,0,0,0
trapezoid_01,keyed_01,incompatible,,-2.0,nan,0,,0,0,0
trapezoid_02,keyed_01,incompatible,,-2.0,nan,0,,0,0,0
trapezoid_03,keyed_01,ambiguous,off_centre,-0.4365,nan,180,,0,0,0
chamfered_01,keyed_01,incompatible,,-1.6348,nan,0,,0,0,0
chamfered_02,keyed_01,incompatible,,-1.6348,nan,0,,0,0,0
chamfered_03,keyed_01,incompatible,,-1.8242,nan,270,,0,0,0
chamfered_04,keyed_01,compatible,,0.2165,4.4258,0,0 270,1,0,0
gear_01,keyed_01,incompatible,,-2.0,nan,0,,0,0,0
gear_02,keyed_01,incompatible,,-2.0,nan,0,,0,0,0
gear_03,keyed_01,incompatible,,-2.0,nan,0,,0,0,0
tube_01,keyed_01,compatible,,1.0007,3.1104,0,0 90 180 270,1,0,0
tube_02,keyed_01,compatible,,1.0007,4.501,180,0 90 180 270,1,0,0
tube_03,keyed_01,incompatible,,-0.9912,nan,0,,0,0,0
circle_01,keyed_02,compatible,,2.845,5.1377,0,0 90 180 270,1,0,0
circle_02,keyed_02,compatible,,1.3454,3.6377,0,0 90 180 270,1,0,0
circle_03,keyed_02,ambiguous,off_centre,-0.1543,nan,0,,0,0,0
circle_04,keyed_02,incompatible,,-2.0,nan,0,,0,0,0
circle_05,keyed_02,incompatible,,-2.0,nan,0,,0,0,0
square_01,keyed_02,compatible,,0.8762,4.8135,0,0 90 180 270,1,0,0
square_02,keyed_02,incompatible,,-1.2451,nan,0,,0,0,0
square_03,keyed_02,incompatible,,-2.0,nan,0,,0,0,0
square_04,keyed_02,incompatible,,-2.0,nan,0,,0,0,0
rect_01,keyed_02,incompatible,,-2.0,nan,0,,0,0,0
rect_02,keyed_02,incompatible,,-2.0,nan,0,,0,0,0
rect_03,keyed_02,incompatible,,-0.875,nan,0,,0,0,0
rect_04,keyed_02,incompatible,,-2.0,nan,0,,0,0,0
rect_05,keyed_02,compatible,,1.3585,5.3008,0,0 90 180 270,1,0,0
obround_01,keyed_02,incompatible,,-1.2139,nan,90,,0,0,0
obround_02,keyed_02,compatible,,0.3491,4.3008,90,0 90 180 270,1,0,0
obround_03,keyed_02,incompatible,,-2.0,nan,0,,0,0,0
obround_04,keyed_02,compatible,,1.3488,5.3008,270,0 90 180 270,1,0,0
ellipse_01,keyed_02,incompatible,,-1.2139,nan,90,,0,0,0
ellipse_02,keyed_02,ambiguous,off_centre,-0.2139,nan,90,,0,0,0
ellipse_03,keyed_02,incompatible,,-2.0,nan,0,,0,0,0
polygon_01,keyed_02,incompatible,,-2.0,nan,0,,0,0,0
polygon_02,keyed_02,incompatible,,-1.8633,nan,0,,0,0,0
polygon_03,keyed_02,incompatible,,-1.9551,nan,90,,0,0,0
polygon_04,keyed_02,ambiguous,boundary,0.0439,nan,90,,0,0,0
polygon_05,keyed_02,incompatible,,-1.8975,nan,0,,0,0,0
dshape_01,keyed_02,compatible,,0.268,2.6504,180,180,1,0,0
dshape_02,keyed_02,ambiguous,off_centre,-0.1768,nan,180,,0,0,0
dshape_03,keyed_02,ambiguous,off_centre,-0.3545,nan,180,,0,0,0
dshape_04,keyed_02,incompatible,,-2.0,nan,0,,0,0,0
double_d_01,keyed_02,ambiguous,off_centre,-0.0703,nan,0,,0,0,0
double_d_02,keyed_02,ambiguous,boundary,0.046,nan,180,,0,0,0
double_d_03,keyed_02,incompatible,,-2.0,nan,0,,0,0,0
cross_01,keyed_02,incompatible,,-2.0,nan,0,,0,0,0
cross_02,keyed_02,incompatible,,-2.0,nan,0,,0,0,0
cross_03,keyed_02,ambiguous,off_centre,-0.4297,nan,0,,0,0,0
cross_04,keyed_02,incompatible,,-1.6768,nan,90,,0,0,0
tee_01,keyed_02,incompatible,,-2.0,nan,0,,0,0,0
tee_02,keyed_02,incompatible,,-2.0,nan,0,,0,0,0
tee_03,keyed_02,incompatible,,-2.0,nan,0,,0,0,0
ell_01,keyed_02,incompatible,,-2.0,nan,0,,0,0,0
ell_02,keyed_02,incompatible,,-2.0,nan,0,,0,0,0
ell_03,keyed_02,incompatible,,-2.0,nan,0,,0,0,0
ell_04,keyed_02,incompatible,,-2.0,nan,0,,0,0,0
ell_05,keyed_02,incompatible,,-2.0,nan,0,,0,0,0
ell_06,keyed_02,incompatible,,-2.0,nan,0,,0,0,0
star_01,keyed_02,incompatible,,-2.0,nan,0,,0,0,0
star_02,keyed_02,incompatible,,-2.0,nan,0,,0,0,0
star_03,keyed_02,incompatible,,-2.0,nan,0,,0,0,0
star_04,keyed_02,incompatible,,-2.0,nan,0,,0,0,0
keyed_01,keyed_02,compatible,,0.0797,1.3008,0,0,1,0,1
keyed_02,keyed_02,compatible,,0.2634,0.3369,0,0,0,1,1
keyed_03,keyed_02,incompatible,,-1.333,nan,0,,0,0,1
keyed_04,keyed_02,incompatible,,-1.5967,nan,0,,0,0,1
keyed_05,keyed_02,incompatible,,-1.9053,nan,0,,0,0,1
notched_01,keyed_02,incompatible,,-1.7139,nan,180,,0,0,0
notched_02,keyed_02,incompatible,,-2.0,nan,0,,0,0,0
notched_03,keyed_02,incompatible,,-2.0,nan,0,,0,0,0
notched_04,keyed_02,incompatible,,-1.8936,nan,180,,0,0,0
trapezoid_01,keyed_02,incompatible,,-1.9336,nan,90,,0,0,0
trapezoid_02,keyed_02,incompatible,,-1.9648,nan,90,,0,0,0
trapezoid_03,keyed_02,ambiguous,off_centre,-0.3633,nan,180,,0,0,0
chamfered_01,keyed_02,incompatible,,-1.1035,nan,90,,0,0,0
chamfered_02,keyed_02,incompatible,,-1.1035,nan,270,,0,0,0
chamfered_03,keyed_02,incompatible,,-0.9922,nan,90,,0,0,0
chamfered_04,keyed_02,compatible,,0.1241,5.6885,0,0,1,0,0
gear_01,keyed_02,incompatible,,-2.0,nan,0,,0,0,0
gear_02,keyed_02,incompatible,,-2.0,nan,0,,0,0,0
gear_03,keyed_02,incompatible,,-2.0,nan,0,,0,0,0
tube_01,keyed_02,compatible,,0.8456,3.1377,0,0 90 180 270,1,0,0
tube_02,keyed_02,compatible,,0.8456,4.501,180,0 90 180 270,1,0,0
tube_03,keyed_02,incompatible,,-1.1396,nan,0,,0,0,0
circle_01,keyed_03,compatible,,3.2991,5.4141,90,0 90 180 270,1,0,0
circle_02,keyed_03,compatible,,1.7995,3.9131,270,0 90 180 270,1,0,0
circle_03,keyed_03,compatible,,0.2999,2.4131,90,0 90 180 270,1,0,0
circle_04,keyed_03,incompatible,,-1.7002,nan,0,,0,0,0
circle_05,keyed_03,incompatible,,-2.0,nan,0,,0,0,0
square_01,keyed_03,compatible,,1.2287,5.3008,0,0 90 180 270,1,0,0
square_02,keyed_03,incompatible,,-0.8926,nan,0,,0,0,0
square_03,keyed_03,incompatible,,-2.0,nan,0,,0,0,0
square_04,keyed_03,incompatible,,-2.0,nan,0,,0,0,0
rect_01,keyed_03,incompatible,,-2.0,nan,0,,0,0,0
rect_02,keyed_03,incompatible,,-2.0,nan,0,,0,0,0
rect_03,keyed_03,incompatible,,-0.6475,nan,0,,0,0,0
rect_04,keyed_03,incompatible,,-2.0,nan,0,,0,0,0
rect_05,keyed_03,compatible,,1.5894,5.3008,90,0 90 180 270,1,0,0
obround_01,keyed_03,incompatible,,-0.9941,nan,90,,0,0,0
obround_02,keyed_03,compatible,,0.4789,4.3008,270,0 90 180 270,1,0,0
obround_03,keyed_03,incompatible,,-2.0,nan,0,,0,0,0
obround_04,keyed_03,compatible,,1.4786,5.3008,90,0 90 180 270,1,0,0
ellipse_01,keyed_03,incompatible,,-0.9854,nan,90,,0,0,0
ellipse_02,keyed_03,ambiguous,off_centre,-0.1914,nan,90,,0,0,0
ellipse_03,keyed_03,incompatible,,-2.0,nan,0,,0,0,0
polygon_01,keyed_03,incompatible,,-2.0,nan,0,,0,0,0
polygon_02,keyed_03,incompatible,,-1.7021,nan,90,,0,0,0
polygon_03,keyed_03,incompatible,,-1.7021,nan,0,,0,0,0
polygon_04,keyed_03,compatible,,0.2979,2.7822,0,0 90 180 270,1,0,0
polygon_05,keyed_03,incompatible,,-1.7002,nan,0,,0,0,0
dshape_01,keyed_03,ambiguous,off_centre,-0.1035,nan,0,,0,0,0
dshape_02,keyed_03,ambiguous,off_centre,-0.4668,nan,0,,0,0,0
dshape_03,keyed_03,ambiguous,off_centre,-0.582,nan,0,,0,0,0
dshape_04,keyed_03,incompatible,,-2.0,nan,0,,0,0,0
double_d_01,keyed_03,compatible,,0.2999,2.4131,270,0 90 180 270,1,0,0
double_d_02,keyed_03,compatible,,0.2999,4.3008,270,0 90 180 270,1,0,0
double_d_03,keyed_03,incompatible,,-1.7002,nan,0,,0,0,0
cross_01,keyed_03,incompatible,,-2.0,nan,0,,0,0,0
cross_02,keyed_03,incompatible,,-2.0,nan,0,,0,0,0
cross_03,keyed_03,ambiguous,off_centre,-0.2461,nan,0,,0,0,0
cross_04,keyed_03,incompatible,,-1.2002,nan,90,,0,0,0
tee_01,keyed_03,incompatible,,-2.0,nan,0,,0,0,0
tee_02,keyed_03,incompatible,,-2.0,nan,0,,0,0,0
tee_03,keyed_03,incompatible,,-2.0,nan,0,,0,0,0
ell_01,keyed_03,incompatible,,-2.0,nan,0,,0,0,0
ell_02,keyed_03,incompatible,,-2.0,nan,0,,0,0,0
ell_03,keyed_03,incompatible,,-2.0,nan,0,,0,0,0
ell_04,keyed_03,incompatible,,-2.0,nan,0,,0,0,0
ell_05,keyed_03,incompatible,,-2.0,nan,0,,0,0,0
ell_06,keyed_03,incompatible,,-2.0,nan,0,,0,0,0
star_01,keyed_03,incompatible,,-2.0,nan,0,,0,0,0
star_02,keyed_03,incompatible,,-2.0,nan,0,,0,0,0
star_03,keyed_03,incompatible,,-2.0,nan,0,,0,0,0
star_04,keyed_03,incompatible,,-2.0,nan,0,,0,0,0
keyed_01,keyed_03,ambiguous,boundary,0.0401,nan,0,,0,0,1
keyed_02,keyed_03,incompatible,,-0.7002,nan,0,,0,0,1
keyed_03,keyed_03,compatible,,0.2999,0.3008,0,0 180,0,1,1
keyed_04,keyed_03,incompatible,,-1.6016,nan,0,,0,0,1
keyed_05,keyed_03,incompatible,,-1.9629,nan,0,,0,0,1
notched_01,keyed_03,incompatible,,-1.9873,nan,0,,0,0,0
notched_02,keyed_03,incompatible,,-2.0,nan,0,,0,0,0
notched_03,keyed_03,incompatible,,-2.0,nan,0,,0,0,0
notched_04,keyed_03,incompatible,,-2.0,nan,0,,0,0,0
trapezoid_01,keyed_03,incompatible,,-1.9648,nan,90,,0,0,0
trapezoid_02,keyed_03,incompatible,,-2.0,nan,0,,0,0,0
trapezoid_03,keyed_03,ambiguous,off_centre,-0.5615,nan,0,,0,0,0
chamfered_01,keyed_03,incompatible,,-1.748,nan,0,,0,0,0
chamfered_02,keyed_03,incompatible,,-1.748,nan,0,,0,0,0
chamfered_03,keyed_03,incompatible,,-1.9785,nan,90,,0,0,0
chamfered_04,keyed_03,compatible,,0.0786,4.4258,180,0 90 180 270,1,0,0
gear_01,keyed_03,incompatible,,-2.0,nan,0,,0,0,0
gear_02,keyed_03,incompatible,,-2.0,nan,0,,0,0,0
gear_03,keyed_03,incompatible,,-2.0,nan,0,,0,0,0
tube_01,keyed_03,compatible,,1.2997,3.4131,90,0 90 180 270,1,0,0
tube_02,keyed_03,compatible,,1.2997,4.501,90,0 90 180 270,1,0,0
tube_03,keyed_03,incompatible,,-0.7002,nan,0,,0,0,0
circle_01,keyed_04,compatible,,2.8798,5.1699,180,0 90 180 270,1,0,0
circle_02,keyed_04,compatible,,1.3802,3.6699,270,0 90 180 270,1,0,0
circle_03,keyed_04,ambiguous,off_centre,-0.1201,nan,0,,0,0,0
circle_04,keyed_04,incompatible,,-2.0,nan,0,,0,0,0
circle_05,keyed_04,incompatible,,-2.0,nan,0,,0,0,0
square_01,keyed_04,compatible,,0.8093,5.0039,0,0 90 180 270,1,0,0
square_02,keyed_04,incompatible,,-1.3125,nan,0,,0,0,0
square_03,keyed_04,incompatible,,-2.0,nan,0,,0,0,0
square_04,keyed_04,incompatible,,-2.0,nan,0,,0,0,0
rect_01,keyed_04,incompatible,,-2.0,nan,0,,0,0,0
rect_02,keyed_04,incompatible,,-2.0,nan,0,,0,0,0
rect_03,keyed_04,incompatible,,-1.0449,nan,0,,0,0,0
rect_04,keyed_04,incompatible,,-2.0,nan,0,,0,0,0
rect_05,keyed_04,compatible,,1.1911,7.0039,90,0 90 180 270,1,0,0
obround_01,keyed_04,incompatible,,-1.4121,nan,0,,0,0,0
obround_02,keyed_04,compatible,,0.0909,6.0039,270,0 90 180 270,1,0,0
obround_03,keyed_04,incompatible,,-2.0,nan,0,,0,0,0
obround_04,keyed_04,compatible,,1.0906,7.0039,90,0 90 180 270,1,0,0
ellipse_01,keyed_04,incompatible,,-1.4111,nan,0,,0,0,0
ellipse_02,keyed_04,incompatible,,-0.5312,nan,0,,0,0,0
ellipse_03,keyed_04,incompatible,,-2.0,nan,0,,0,0,0
polygon_01,keyed_04,incompatible,,-2.0,nan,0,,0,0,0
polygon_02,keyed_04,incompatible,,-1.8389,nan,0,,0,0,0
polygon_03,keyed_04,incompatible,,-2.0,nan,0,,0,0,0
polygon_04,keyed_04,ambiguous,off_centre,-0.1064,nan,0,,0,0,0
polygon_05,keyed_04,incompatible,,-2.0,nan,0,,0,0,0
dshape_01,keyed_04,ambiguous,off_centre,-0.0771,nan,90,,0,0,0
dshape_02,keyed_04,ambiguous,off_centre,-0.5293,nan,90,,0,0,0
dshape_03,keyed_04,ambiguous,off_centre,-0.7051,nan,90,,0,0,0
dshape_04,keyed_04,incompatible,,-2.0,nan,0,,0,0,0
double_d_01,keyed_04,ambiguous,off_centre,-0.1201,nan,0,,0,0,0
double_d_02,keyed_04,ambiguous,off_centre,-0.1045,nan,0,,0,0,0
double_d_03,keyed_04,incompatible,,-2.0,nan,0,,0,0,0
cross_01,keyed_04,incompatible,,-1.8008,nan,0,,0,0,0
cross_02,keyed_04,incompatible,,-2.0,nan,0,,0,0,0
cross_03,keyed_04,ambiguous,off_centre,-0.6299,nan,0,,0,0,0
cross_04,keyed_04,incompatible,,-1.9502,nan,0,,0,0,0
tee_01,keyed_04,incompatible,,-2.0,nan,0,,0,0,0
tee_02,keyed_04,incompatible,,-2.0,nan,0,,0,0,0
tee_03,keyed_04,incompatible,,-2.0,nan,0,,0,0,0
ell_01,keyed_04,incompatible,,-2.0,nan,0,,0,0,0
ell_02,keyed_04,incompatible,,-2.0,nan,0,,0,0,0
ell_03,keyed_04,incompatible,,-2.0,nan,0,,0,0,0
ell_04,keyed_04,incompatible,,-2.0,nan,0,,0,0,0
ell_05,keyed_04,incompatible,,-2.0,nan,0,,0,0,0
ell_06,keyed_04,incompatible,,-2.0,nan,0,,0,0,0
star_01,keyed_04,incompatible,,-2.0,nan,0,,0,0,0
star_02,keyed_04,incompatible,,-2.0,nan,0,,0,0,0
star_03,keyed_04,incompatible,,-2.0,nan,0,,0,0,0
star_04,keyed_04,incompatible,,-2.0,nan,0,,0,0,0
keyed_01,keyed_04,ambiguous,boundary,0.0019,nan,270,,0,0,1
keyed_02,keyed_04,incompatible,,-0.9971,nan,0,,0,0,1
keyed_03,keyed_04,incompatible,,-1.5703,nan,0,,0,0,1
keyed_04,keyed_04,compatible,,0.2463,0.3545,0,0,0,1,1
keyed_05,keyed_04,incompatible,,-1.9824,nan,0,,0,0,1
notched_01,keyed_04,incompatible,,-2.0,nan,0,,0,0,0
notched_02,keyed_04,incompatible,,-1.8975,nan,90,,0,0,0
notched_03,keyed_04,incompatible,,-1.8975,nan,180,,0,0,0
notched_04,keyed_04,incompatible,,-2.0,nan,0,,0,0,0
trapezoid_01,keyed_04,incompatible,,-2.0,nan,0,,0,0,0
trapezoid_02,keyed_04,incompatible,,-2.0,nan,0,,0,0,0
trapezoid_03,keyed_04,ambiguous,off_centre,-0.7109,nan,90,,0,0,0
chamfered_01,keyed_04,incompatible,,-1.668,nan,180,,0,0,0
chamfered_02,keyed_04,incompatible,,-1.668,nan,90,,0,0,0
chamfered_03,keyed_04,incompatible,,-1.6816,nan,0,,0,0,0
chamfered_04,keyed_04,compatible,,0.1116,6.1299,180,180,1,0,0
gear_01,keyed_04,incompatible,,-2.0,nan,0,,0,0,0
gear_02,keyed_04,incompatible,,-2.0,nan,0,,0,0,0
gear_03,keyed_04,incompatible,,-2.0,nan,0,,0,0,0
tube_01,keyed_04,compatible,,0.8804,3.1699,180,0 90 180 270,1,0,0
tube_02,keyed_04,compatible,,0.8804,4.501,180,0 90 180 270,1,0,0
tube_03,keyed_04,incompatible,,-1.1201,nan,0,,0,0,0
circle_01,keyed_05,compatible,,4.9921,7.1582,0,0 90 180 270,1,0,0
circle_02,keyed_05,compatible,,3.4925,5.6582,0,0 90 180 270,1,0,0
circle_03,keyed_05,compatible,,1.993,4.1582,0,0 90 180 270,1,0,0
circle_04,keyed_05,ambiguous,boundary,-0.0068,nan,0,,0,0,0
circle_05,keyed_05,incompatible,,-1.9932,nan,0,,0,0,0
square_01,keyed_05,compatible,,3.0006,6.9863,0,0 90 180 270,1,0,0
square_02,keyed_05,compatible,,0.8799,5.4863,0,0 90 180 270,1,0,0
square_03,keyed_05,incompatible,,-1.2412,nan,0,,0,0,0
square_04,keyed_05,incompatible,,-2.0,nan,0,,0,0,0
rect_01,keyed_05,incompatible,,-0.5938,nan,0,,0,0,0
rect_02,keyed_05,incompatible,,-1.0254,nan,0,,0,0,0
rect_03,keyed_05,compatible,,1.2099,6.3008,0,0 90 180 270,1,0,0
rect_04,keyed_05,incompatible,,-2.0,nan,0,,0,0,0
rect_05,keyed_05,compatible,,3.443,7.3008,0,0 90 180 270,1,0,0
obround_01,keyed_05,compatible,,0.377,6.3008,270,0 90 180 270,1,0,0
obround_02,keyed_05,compatible,,2.2859,6.3008,0,0 90 180 270,1,0,0
obround_03,keyed_05,incompatible,,-1.3867,nan,90,,0,0,0
obround_04,keyed_05,compatible,,3.2856,7.3008,0,0 90 180 270,1,0,0
ellipse_01,keyed_05,compatible,,0.4093,4.3057,270,0 90 180 270,1,0,0
ellipse_02,keyed_05,compatible,,1.3881,5.3047,270,0 90 180 270,1,0,0
ellipse_03,keyed_05,incompatible,,-1.3867,nan,90,,0,0,0
polygon_01,keyed_05,ambiguous,off_centre,-0.5479,nan,0,,0,0,0
polygon_02,keyed_05,compatible,,0.1984,2.8398,0,0,1,0,0
polygon_03,keyed_05,compatible,,0.1373,2.7607,270,90 270,1,0,0
polygon_04,keyed_05,compatible,,2.1357,4.4951,90,0 90 180 270,1,0,0
polygon_05,keyed_05,ambiguous,boundary,0.007,nan,180,,0,0,0
dshape_01,keyed_05,compatible,,2.1367,4.2588,180,0 90 180 270,1,0,0
dshape_02,keyed_05,compatible,,1.7234,4.9307,180,0 90 180 270,1,0,0
dshape_03,keyed_05,compatible,,1.5677,5.957,180,0 90 180 270,1,0,0
dshape_04,keyed_05,ambiguous,off_centre,-0.3008,nan,180,,0,0,0
double_d_01,keyed_05,compatible,,2.0616,4.3008,180,0 90 180 270,1,0,0
double_d_02,keyed_05,compatible,,2.1377,6.3008,0,0 90 180 270,1,0,0
double_d_03,keyed_05,compatible,,0.0774,4.9863,180,0 180,1,0,0
cross_01,keyed_05,ambiguous,off_centre,-0.2002,nan,0,,0,0,0
cross_02,keyed_05,incompatible,,-0.7656,nan,0,,0,0,0
cross_03,keyed_05,compatible,,1.4603,4.4365,0,0 90 180 270,1,0,0
cross_04,keyed_05,ambiguous,off_centre,-0.2383,nan,0,,0,0,0
tee_01,keyed_05,incompatible,,-1.043,nan,180,,0,0,0
tee_02,keyed_05,incompatible,,-0.7441,nan,180,,0,0,0
tee_03,keyed_05,incompatible,,-0.8916,nan,180,,0,0,0
ell_01,keyed_05,incompatible,,-2.0,nan,0,,0,0,0
ell_02,keyed_05,incompatible,,-2.0,nan,0,,0,0,0
ell_03,keyed_05,incompatible,,-2.0,nan,0,,0,0,0
ell_04,keyed_05,incompatible,,-2.0,nan,0,,0,0,0
ell_05,keyed_05,incompatible,,-2.0,nan,0,,0,0,0
ell_06,keyed_05,incompatible,,-2.0,nan,0,,0,0,0
star_01,keyed_05,incompatible,,-0.708,nan,0,,0,0,0
star_02,keyed_05,incompatible,,-0.8018,nan,0,,0,0,0
star_03,keyed_05,incompatible,,-0.8623,nan,0,,0,0,0
star_04,keyed_05,incompatible,,-0.8018,nan,0,,0,0,0
keyed_01,keyed_05,compatible,,0.8,2.3486,0,0 90 180 270,1,0,1
keyed_02,keyed_05,compatible,,0.729,2.4365,180,0 90 180 270,1,0,1
keyed_03,keyed_05,compatible,,0.4972,2.5879,0,0 90 180 270,1,0,1
keyed_04,keyed_05,compatible,,0.4331,2.5596,90,0 90 180 270,1,0,1
keyed_05,keyed_05,compatible,,0.2674,0.333,0,0,0,1,1
notched_01,keyed_05,compatible,,0.2056,6.4521,180,180,1,0,0
notched_02,keyed_05,ambiguous,off_centre,-0.0664,nan,90,,0,0,0
notched_03,keyed_05,ambiguous,off_centre,-0.0664,nan,270,,0,0,0
notched_04,keyed_05,ambiguous,boundary,-0.001,nan,180,,0,0,0
trapezoid_01,keyed_05,ambiguous,off_centre,-0.2812,nan,180,,0,0,0
trapezoid_02,keyed_05,ambiguous,off_centre,-0.3086,nan,180,,0,0,0
trapezoid_03,keyed_05,compatible,,1.5668,6.4912,180,0 90 180 270,1,0,0
chamfered_01,keyed_05,compatible,,0.3676,6.3975,0,0 180 270,1,0,0
chamfered_02,keyed_05,compatible,,0.3676,6.3975,0,0 90 180,1,0,0
chamfered_03,keyed_05,compatible,,0.1829,6.5225,270,270,1,0,0
chamfered_04,keyed_05,compatible,,2.2193,6.4258,0,0 90 180 270,1,0,0
gear_01,keyed_05,incompatible,,-0.9033,nan,0,,0,0,0
gear_02,keyed_05,incompatible,,-0.9512,nan,0,,0,0,0
gear_03,keyed_05,incompatible,,-0.9863,nan,0,,0,0,0
tube_01,keyed_05,compatible,,2.9927,5.1582,0,0 90 180 270,1,0,0
tube_02,keyed_05,compatible,,2.9927,5.1582,180,0 90 180 270,1,0,0
tube_03,keyed_05,compatible,,0.9933,5.001,0,0 90 180 270,1,0,0
circle_01,notched_01,ambiguous,off_centre,-1.2959,nan,0,,0,0,0
circle_02,notched_01,incompatible,,-2.0,nan,0,,0,0,0
circle_03,notched_01,incompatible,,-2.0,nan,0,,0,0,0
circle_04,notched_01,incompatible,,-2.0,nan,0,,0,0,0
circle_05,notched_01,incompatible,,-2.0,nan,0,,0,0,0
square_01,notched_01,ambiguous,off_centre,-1.2959,nan,0,,0,0,0
square_02,notched_01,incompatible,,-2.0,nan,0,,0,0,0
square_03,notched_01,incompatible,,-2.0,nan,0,,0,0,0
square_04,notched_01,incompatible,,-2.0,nan,0,,0,0,0
rect_01,notched_01,incompatible,,-1.7002,nan,0,,0,0,0
rect_02,notched_01,incompatible,,-1.7002,nan,0,,0,0,0
rect_03,notched_01,ambiguous,off_centre,-0.2959,nan,0,,0,0,0
rect_04,notched_01,incompatible,,-2.0,nan,0,,0,0,0
rect_05,notched_01,compatible,,0.7045,4.25,0,0 180,1,0,0
obround_01,notched_01,incompatible,,-1.7002,nan,0,,0,0,0
obround_02,notched_01,ambiguous,off_centre,-0.2959,nan,0,,0,0,0
obround_03,notched_01,incompatible,,-2.0,nan,0,,0,0,0
obround_04,notched_01,compatible,,0.7045,4.8525,0,0 180,1,0,0
ellipse_01,notched_01,incompatible,,-2.0,nan,0,,0,0,0
ellipse_02,notched_01,incompatible,,-1.2959,nan,0,,0,0,0
ellipse_03,notched_01,incompatible,,-2.0,nan,0,,0,0,0
polygon_01,notched_01,incompatible,,-2.0,nan,0,,0,0,0
polygon_02,notched_01,incompatible,,-2.0,nan,0,,0,0,0
polygon_03,notched_01,incompatible,,-2.0,nan,0,,0,0,0
polygon_04,notched_01,incompatible,,-2.0,nan,0,,0,0,0
polygon_05,notched_01,incompatible,,-2.0,nan,0,,0,0,0
dshape_01,notched_01,incompatible,,-2.0,nan,0,,0,0,0
dshape_02,notched_01,incompatible,,-1.666,nan,0,,0,0,0
dshape_03,notched_01,incompatible,,-0.6387,nan,0,,0,0,0
dshape_04,notched_01,incompatible,,-2.0,nan,0,,0,0,0
double_d_01,notched_01,incompatible,,-2.0,nan,0,,0,0,0
double_d_02,notched_01,ambiguous,off_centre,-0.2959,nan,0,,0,0,0
double_d_03,notched_01,incompatible,,-2.0,nan,0,,0,0,0
cross_01,notched_01,incompatible,,-2.0,nan,0,,0,0,0
cross_02,notched_01,incompatible,,-2.0,nan,0,,0,0,0
cross_03,notched_01,incompatible,,-2.0,nan,0,,0,0,0
cross_04,notched_01,incompatible,,-2.0,nan,0,,0,0,0
tee_01,notched_01,incompatible,,-2.0,nan,0,,0,0,0
tee_02,notched_01,incompatible,,-2.0,nan,0,,0,0,0
tee_03,notched_01,incompatible,,-2.0,nan,0,,0,0,0
ell_01,notched_01,incompatible,,-2.0,nan,0,,0,0,0
ell_02,notched_01,incompatible,,-2.0,nan,0,,0,0,0
ell_03,notched_01,incompatible,,-2.0,nan,0,,0,0,0
ell_04,notched_01,incompatible,,-2.0,nan,0,,0,0,0
ell_05,notched_01,incompatible,,-2.0,nan,0,,0,0,0
ell_06,notched_01,incompatible,,-2.0,nan,0,,0,0,0
star_01,notched_01,incompatible,,-2.0,nan,0,,0,0,0
star_02,notched_01,incompatible,,-2.0,nan,0,,0,0,0
star_03,notched_01,incompatible,,-2.0,nan,0,,0,0,0
star_04,notched_01,incompatible,,-2.0,nan,0,,0,0,0
keyed_01,notched_01,incompatible,,-2.0,nan,0,,0,0,0
keyed_02,notched_01,incompatible,,-2.0,nan,0,,0,0,0
keyed_03,notched_01,incompatible,,-2.0,nan,0,,0,0,0
keyed_04,notched_01,incompatible,,-2.0,nan,0,,0,0,0
keyed_05,notched_01,incompatible,,-2.0,nan,0,,0,0,0
notched_01,notched_01,compatible,,0.2389,0.3613,0,0,0,1,1
notched_02,notched_01,incompatible,,-1.8301,nan,180,,0,0,1
notched_03,notched_01,incompatible,,-1.8301,nan,180,,0,0,1
notched_04,notched_01,ambiguous,off_centre,-0.0957,nan,0,,0,0,1
trapezoid_01,notched_01,incompatible,,-1.7002,nan,0,,0,0,0
trapezoid_02,notched_01,incompatible,,-1.7002,nan,0,,0,0,0
trapezoid_03,notched_01,ambiguous,off_centre,-0.1055,nan,0,,0,0,0
chamfered_01,notched_01,incompatible,,-0.959,nan,0,,0,0,0
chamfered_02,notched_01,incompatible,,-0.959,nan,0,,0,0,0
chamfered_03,notched_01,incompatible,,-1.3975,nan,0,,0,0,0
chamfered_04,notched_01,ambiguous,off_centre,-0.1709,nan,180,,0,0,0
gear_01,notched_01,incompatible,,-2.0,nan,0,,0,0,0
gear_02,notched_01,incompatible,,-2.0,nan,0,,0,0,0
gear_03,notched_01,incompatible,,-2.0,nan,0,,0,0,0
tube_01,notched_01,incompatible,,-2.0,nan,0,,0,0,0
tube_02,notched_01,incompatible,,-2.0,nan,0,,0,0,0
tube_03,notched_01,incompatible,,-2.0,nan,0,,0,0,0
circle_01,notched_02,ambiguous,off_centre,-0.7109,nan,0,,0,0,0
circle_02,notched_02,incompatible,,-1.8066,nan,0,,0,0,0
circle_03,notched_02,incompatible,,-2.0,nan,0,,0,0,0
circle_04,notched_02,incompatible,,-2.0,nan,0,,0,0,0
circle_05,notched_02,incompatible,,-2.0,nan,0,,0,0,0
square_01,notched_02,ambiguous,off_centre,-1.2959,nan,0,,0,0,0
square_02,notched_02,incompatible,,-2.0,nan,0,,0,0,0
square_03,notched_02,incompatible,,-2.0,nan,0,,0,0,0
square_04,notched_02,incompatible,,-2.0,nan,0,,0,0,0
rect_01,notched_02,incompatible,,-2.0,nan,0,,0,0,0
rect_02,notched_02,incompatible,,-2.0,nan,0,,0,0,0
rect_03,notched_02,ambiguous,off_centre,-0.2959,nan,0,,0,0,0
rect_04,notched_02,incompatible,,-2.0,nan,0,,0,0,0
rect_05,notched_02,compatible,,0.7045,4.4307,0,0 180,1,0,0
obround_01,notched_02,incompatible,,-2.0,nan,0,,0,0,0
obround_02,notched_02,ambiguous,off_centre,-0.2959,nan,0,,0,0,0
obround_03,notched_02,incompatible,,-2.0,nan,0,,0,0,0
obround_04,notched_02,compatible,,0.7045,5.0361,0,0 180,1,0,0
ellipse_01,notched_02,incompatible,,-2.0,nan,0,,0,0,0
ellipse_02,notched_02,incompatible,,-1.0645,nan,0,,0,0,0
ellipse_03,notched_02,incompatible,,-2.0,nan,0,,0,0,0
polygon_01,notched_02,incompatible,,-2.0,nan,0,,0,0,0
polygon_02,notched_02,incompatible,,-2.0,nan,0,,0,0,0
polygon_03,notched_02,incompatible,,-2.0,nan,0,,0,0,0
polygon_04,notched_02,incompatible,,-2.0,nan,0,,0,0,0
polygon_05,notched_02,incompatible,,-2.0,nan,0,,0,0,0
dshape_01,notched_02,incompatible,,-2.0,nan,0,,0,0,0
dshape_02,notched_02,incompatible,,-1.666,nan,0,,0,0,0
dshape_03,notched_02,ambiguous,off_centre,-0.6387,nan,0,,0,0,0
dshape_04,notched_02,incompatible,,-2.0,nan,0,,0,0,0
double_d_01,notched_02,incompatible,,-2.0,nan,0,,0,0,0
double_d_02,notched_02,ambiguous,off_centre,-0.2959,nan,0,,0,0,0
double_d_03,notched_02,incompatible,,-2.0,nan,0,,0,0,0
cross_01,notched_02,incompatible,,-2.0,nan,0,,0,0,0
cross_02,notched_02,incompatible,,-2.0,nan,0,,0,0,0
cross_03,notched_02,incompatible,,-2.0,nan,0,,0,0,0
cross_04,notched_02,incompatible,,-2.0,nan,0,,0,0,0
tee_01,notched_02,incompatible,,-2.0,nan,0,,0,0,0
tee_02,notched_02,incompatible,,-2.0,nan,0,,0,0,0
tee_03,notched_02,incompatible,,-2.0,nan,0,,0,0,0
ell_01,notched_02,incompatible,,-2.0,nan,0,,0,0,0
ell_02,notched_02,incompatible,,-2.0,nan,0,,0,0,0
ell_03,notched_02,incompatible,,-2.0,nan,0,,0,0,0
ell_04,notched_02,incompatible,,-2.0,nan,0,,0,0,0
ell_05,notched_02,incompatible,,-2.0,nan,0,,0,0,0
ell_06,notched_02,incompatible,,-2.0,nan,0,,0,0,0
star_01,notched_02,incompatible,,-2.0,nan,0,,0,0,0
star_02,notched_02,incompatible,,-2.0,nan,0,,0,0,0
star_03,notched_02,incompatible,,-2.0,nan,0,,0,0,0
star_04,notched_02,incompatible,,-2.0,nan,0,,0,0,0
keyed_01,notched_02,incompatible,,-2.0,nan,0,,0,0,0
keyed_02,notched_02,incompatible,,-2.0,nan,0,,0,0,0
keyed_03,notched_02,incompatible,,-2.0,nan,0,,0,0,0
keyed_04,notched_02,incompatible,,-2.0,nan,0,,0,0,0
keyed_05,notched_02,incompatible,,-2.0,nan,0,,0,0,0
notched_01,notched_02,incompatible,,-1.8301,nan,180,,0,0,1
notched_02,notched_02,compatible,,0.2017,0.3984,0,0,0,1,1
notched_03,notched_02,incompatible,,-1.8301,nan,180,,0,0,1
notched_04,notched_02,incompatible,,-1.4961,nan,180,,0,0,1
trapezoid_01,notched_02,incompatible,,-2.0,nan,0,,0,0,0
trapezoid_02,notched_02,incompatible,,-2.0,nan,0,,0,0,0
trapezoid_03,notched_02,ambiguous,off_centre,-0.1055,nan,0,,0,0,0
chamfered_01,notched_02,incompatible,,-0.7793,nan,180,,0,0,0
chamfered_02,notched_02,incompatible,,-0.7793,nan,0,,0,0,0
chamfered_03,notched_02,incompatible,,-1.0605,nan,180,,0,0,0
chamfered_04,notched_02,ambiguous,off_centre,-0.1709,nan,180,,0,0,0
gear_01,notched_02,incompatible,,-2.0,nan,0,,0,0,0
gear_02,notched_02,incompatible,,-2.0,nan,0,,0,0,0
gear_03,notched_02,incompatible,,-2.0,nan,0,,0,0,0
tube_01,notched_02,incompatible,,-2.0,nan,0,,0,0,0
tube_02,notched_02,incompatible,,-2.0,nan,0,,0,0,0
tube_03,notched_02,incompatible,,-2.0,nan,0,,0,0,0
circle_01,notched_03,ambiguous,off_centre,-0.7109,nan,0,,0,0,0
circle_02,notched_03,incompatible,,-1.8066,nan,0,,0,0,0
circle_03,notched_03,incompatible,,-2.0,nan,0,,0,0,0
circle_04,notched_03,incompatible,,-2.0,nan,0,,0,0,0
circle_05,notched_03,incompatible,,-2.0,nan,0,,0,0,0
square_01,notched_03,ambiguous,off_centre,-1.2959,nan,0,,0,0,0
square_02,notched_03,incompatible,,-2.0,nan,0,,0,0,0
square_03,notched_03,incompatible,,-2.0,nan,0,,0,0,0
square_04,notched_03,incompatible,,-2.0,nan,0,,0,0,0
rect_01,notched_03,incompatible,,-2.0,nan,0,,0,0,0
rect_02,notched_03,incompatible,,-2.0,nan,0,,0,0,0
rect_03,notched_03,ambiguous,off_centre,-0.2959,nan,0,,0,0,0
rect_04,notched_03,incompatible,,-2.0,nan,0,,0,0,0
rect_05,notched_03,compatible,,0.7045,4.4307,0,0 180,1,0,0
obround_01,notched_03,incompatible,,-2.0,nan,0,,0,0,0
obround_02,notched_03,ambiguous,off_centre,-0.2959,nan,0,,0,0,0
obround_03,notched_03,incompatible,,-2.0,nan,0,,0,0,0
obround_04,notched_03,compatible,,0.7045,5.0361,0,0 180,1,0,0
ellipse_01,notched_03,incompatible,,-2.0,nan,0,,0,0,0
ellipse_02,notched_03,incompatible,,-1.0645,nan,0,,0,0,0
ellipse_03,notched_03,incompatible,,-2.0,nan,0,,0,0,0
polygon_01,notched_03,incompatible,,-2.0,nan,0,,0,0,0
polygon_02,notched_03,incompatible,,-2.0,nan,0,,0,0,0
polygon_03,notched_03,incompatible,,-2.0,nan,0,,0,0,0
polygon_04,notched_03,incompatible,,-2.0,nan,0,,0,0,0
polygon_05,notched_03,incompatible,,-2.0,nan,0,,0,0,0
dshape_01,notched_03,incompatible,,-2.0,nan,0,,0,0,0
dshape_02,notched_03,incompatible,,-1.666,nan,0,,0,0,0
dshape_03,notched_03,ambiguous,off_centre,-0.6387,nan,0,,0,0,0
dshape_04,notched_03,incompatible,,-2.0,nan,0,,0,0,0
double_d_01,notched_03,incompatible,,-2.0,nan,0,,0,0,0
double_d_02,notched_03,ambiguous,off_centre,-0.2959,nan,0,,0,0,0
double_d_03,notched_03,incompatible,,-2.0,nan,0,,0,0,0
cross_01,notched_03,incompatible,,-2.0,nan,0,,0,0,0
cross_02,notched_03,incompatible,,-2.0,nan,0,,0,0,0
cross_03,notched_03,incompatible,,-2.0,nan,0,,0,0,0
cross_04,notched_03,incompatible,,-2.0,nan,0,,0,0,0
tee_01,notched_03,incompatible,,-2.0,nan,0,,0,0,0
tee_02,notched_03,incompatible,,-2.0,nan,0,,0,0,0
tee_03,notched_03,incompatible,,-2.0,nan,0,,0,0,0
ell_01,notched_03,incompatible,,-2.0,nan,0,,0,0,0
ell_02,notched_03,incompatible,,-2.0,nan,0,,0,0,0
ell_03,notched_03,incompatible,,-2.0,nan,0,,0,0,0
ell_04,notched_03,incompatible,,-2.0,nan,0,,0,0,0
ell_05,notched_03,incompatible,,-2.0,nan,0,,0,0,0
ell_06,notched_03,incompatible,,-2.0,nan,0,,0,0,0
star_01,notched_03,incompatible,,-2.0,nan,0,,0,0,0
star_02,notched_03,incompatible,,-2.0,nan,0,,0,0,0
star_03,notched_03,incompatible,,-2.0,nan,0,,0,0,0
star_04,notched_03,incompatible,,-2.0,nan,0,,0,0,0
keyed_01,notched_03,incompatible,,-2.0,nan,0,,0,0,0
keyed_02,notched_03,incompatible,,-2.0,nan,0,,0,0,0
keyed_03,notched_03,incompatible,,-2.0,nan,0,,0,0,0
keyed_04,notched_03,incompatible,,-2.0,nan,0,,0,0,0
keyed_05,notched_03,incompatible,,-2.0,nan,0,,0,0,0
notched_01,notched_03,incompatible,,-1.8301,nan,180,,0,0,1
notched_02,notched_03,incompatible,,-1.8301,nan,180,,0,0,1
notched_03,notched_03,compatible,,0.2017,0.3984,0,0,0,1,1
notched_04,notched_03,incompatible,,-1.4961,nan,180,,0,0,1
trapezoid_01,notched_03,incompatible,,-2.0,nan,0,,0,0,0
trapezoid_02,notched_03,incompatible,,-2.0,nan,0,,0,0,0
trapezoid_03,notched_03,ambiguous,off_centre,-0.1055,nan,0,,0,0,0
chamfered_01,notched_03,incompatible,,-0.7793,nan,0,,0,0,0
chamfered_02,notched_03,incompatible,,-0.7793,nan,180,,0,0,0
chamfered_03,notched_03,incompatible,,-1.0605,nan,0,,0,0,0
chamfered_04,notched_03,ambiguous,off_centre,-0.1709,nan,180,,0,0,0
gear_01,notched_03,incompatible,,-2.0,nan,0,,0,0,0
gear_02,notched_03,incompatible,,-2.0,nan,0,,0,0,0
gear_03,notched_03,incompatible,,-2.0,nan,0,,0,0,0
tube_01,notched_03,incompatible,,-2.0,nan,0,,0,0,0
tube_02,notched_03,incompatible,,-2.0,nan,0,,0,0,0
tube_03,notched_03,incompatible,,-2.0,nan,0,,0,0,0
circle_01,notched_04,incompatible,,-1.9902,nan,0,,0,0,0
circle_02,notched_04,incompatible,,-2.0,nan,0,,0,0,0
circle_03,notched_04,incompatible,,-2.0,nan,0,,0,0,0
circle_04,notched_04,incompatible,,-2.0,nan,0,,0,0,0
circle_05,notched_04,incompatible,,-2.0,nan,0,,0,0,0
square_01,notched_04,incompatible,,-1.9902,nan,0,,0,0,0
square_02,notched_04,incompatible,,-2.0,nan,0,,0,0,0
square_03,notched_04,incompatible,,-2.0,nan,0,,0,0,0
square_04,notched_04,incompatible,,-2.0,nan,0,,0,0,0
rect_01,notched_04,incompatible,,-1.7002,nan,0,,0,0,0
rect_02,notched_04,incompatible,,-1.9902,nan,0,,0,0,0
rect_03,notched_04,ambiguous,off_centre,-0.9902,nan,0,,0,0,0
rect_04,notched_04,incompatible,,-2.0,nan,0,,0,0,0
rect_05,notched_04,ambiguous,boundary,0.0106,nan,0,,0,0,0
obround_01,notched_04,incompatible,,-1.7002,nan,0,,0,0,0
obround_02,notched_04,ambiguous,off_centre,-0.9902,nan,0,,0,0,0
obround_03,notched_04,incompatible,,-2.0,nan,0,,0,0,0
obround_04,notched_04,ambiguous,boundary,0.0106,nan,0,,0,0,0
ellipse_01,notched_04,incompatible,,-2.0,nan,0,,0,0,0
ellipse_02,notched_04,incompatible,,-1.9902,nan,0,,0,0,0
ellipse_03,notched_04,incompatible,,-2.0,nan,0,,0,0,0
polygon_01,notched_04,incompatible,,-2.0,nan,0,,0,0,0
polygon_02,notched_04,incompatible,,-2.0,nan,0,,0,0,0
polygon_03,notched_04,incompatible,,-2.0,nan,0,,0,0,0
polygon_04,notched_04,incompatible,,-2.0,nan,0,,0,0,0
polygon_05,notched_04,incompatible,,-2.0,nan,0,,0,0,0
dshape_01,notched_04,incompatible,,-2.0,nan,0,,0,0,0
dshape_02,notched_04,incompatible,,-2.0,nan,0,,0,0,0
dshape_03,notched_04,incompatible,,-1.333,nan,0,,0,0,0
dshape_04,notched_04,incompatible,,-2.0,nan,0,,0,0,0
double_d_01,notched_04,incompatible,,-2.0,nan,0,,0,0,0
double_d_02,notched_04,ambiguous,off_centre,-0.9902,nan,0,,0,0,0
double_d_03,notched_04,incompatible,,-2.0,nan,0,,0,0,0
cross_01,notched_04,incompatible,,-2.0,nan,0,,0,0,0
cross_02,notched_04,incompatible,,-2.0,nan,0,,0,0,0
cross_03,notched_04,incompatible,,-2.0,nan,0,,0,0,0
cross_04,notched_04,incompatible,,-2.0,nan,0,,0,0,0
tee_01,notched_04,incompatible,,-2.0,nan,0,,0,0,0
tee_02,notched_04,incompatible,,-2.0,nan,0,,0,0,0
tee_03,notched_04,incompatible,,-2.0,nan,0,,0,0,0
ell_01,notched_04,incompatible,,-2.0,nan,0,,0,0,0
ell_02,notched_04,incompatible,,-2.0,nan,0,,0,0,0
ell_03,notched_04,incompatible,,-2.0,nan,0,,0,0,0
ell_04,notched_04,incompatible,,-2.0,nan,0,,0,0,0
ell_05,notched_04,incompatible,,-2.0,nan,0,,0,0,0
ell_06,notched_04,incompatible,,-2.0,nan,0,,0,0,0
star_01,notched_04,incompatible,,-2.0,nan,0,,0,0,0
star_02,notched_04,incompatible,,-2.0,nan,0,,0,0,0
star_03,notched_04,incompatible,,-2.0,nan,0,,0,0,0
star_04,notched_04,incompatible,,-2.0,nan,0,,0,0,0
keyed_01,notched_04,incompatible,,-2.0,nan,0,,0,0,0
keyed_02,notched_04,incompatible,,-2.0,nan,0,,0,0,0
keyed_03,notched_04,incompatible,,-2.0,nan,0,,0,0,0
keyed_04,notched_04,incompatible,,-2.0,nan,0,,0,0,0
keyed_05,notched_04,incompatible,,-2.0,nan,0,,0,0,0
notched_01,notched_04,incompatible,,-0.7002,nan,0,,0,0,1
notched_02,notched_04,incompatible,,-2.0,nan,0,,0,0,1
notched_03,notched_04,incompatible,,-2.0,nan,0,,0,0,1
notched_04,notched_04,compatible,,0.2106,0.3896,0,0,0,1,1
trapezoid_01,notched_04,incompatible,,-1.7002,nan,0,,0,0,0
trapezoid_02,notched_04,incompatible,,-1.7002,nan,0,,0,0,0
trapezoid_03,notched_04,ambiguous,off_centre,-0.7998,nan,0,,0,0,0
chamfered_01,notched_04,incompatible,,-0.959,nan,180,,0,0,0
chamfered_02,notched_04,incompatible,,-0.959,nan,180,,0,0,0
chamfered_03,notched_04,incompatible,,-1.3975,nan,0,,0,0,0
chamfered_04,notched_04,ambiguous,off_centre,-0.8643,nan,180,,0,0,0
gear_01,notched_04,incompatible,,-2.0,nan,0,,0,0,0
gear_02,notched_04,incompatible,,-2.0,nan,0,,0,0,0
gear_03,notched_04,incompatible,,-2.0,nan,0,,0,0,0
tube_01,notched_04,incompatible,,-2.0,nan,0,,0,0,0
tube_02,notched_04,incompatible,,-2.0,nan,0,,0,0,0
tube_03,notched_04,incompatible,,-2.0,nan,0,,0,0,0
circle_01,trapezoid_01,incompatible,,-0.9609,nan,0,,0,0,0
circle_02,trapezoid_01,incompatible,,-2.0,nan,0,,0,0,0
circle_03,trapezoid_01,incompatible,,-2.0,nan,0,,0,0,0
circle_04,trapezoid_01,incompatible,,-2.0,nan,0,,0,0,0
circle_05,trapezoid_01,incompatible,,-2.0,nan,0,,0,0,0
square_01,trapezoid_01,incompatible,,-0.9609,nan,0,,0,0,0
square_02,trapezoid_01,incompatible,,-2.0,nan,0,,0,0,0
square_03,trapezoid_01,incompatible,,-2.0,nan,0,,0,0,0
square_04,trapezoid_01,incompatible,,-2.0,nan,0,,0,0,0
rect_01,trapezoid_01,incompatible,,-2.0,nan,0,,0,0,0
rect_02,trapezoid_01,incompatible,,-2.0,nan,0,,0,0,0
rect_03,trapezoid_01,incompatible,,-0.5459,nan,0,,0,0,0
rect_04,trapezoid_01,incompatible,,-2.0,nan,0,,0,0,0
rect_05,trapezoid_01,compatible,,1.0397,4.3691,0,0 180,1,0,0
obround_01,trapezoid_01,incompatible,,-1.2676,nan,0,,0,0,0
obround_02,trapezoid_01,ambiguous,boundary,0.0397,nan,0,,0,0,0
obround_03,trapezoid_01,incompatible,,-2.0,nan,0,,0,0,0
obround_04,trapezoid_01,compatible,,1.0397,4.3711,0,0 180,1,0,0
ellipse_01,trapezoid_01,incompatible,,-1.9609,nan,0,,0,0,0
ellipse_02,trapezoid_01,incompatible,,-0.9609,nan,0,,0,0,0
ellipse_03,trapezoid_01,incompatible,,-2.0,nan,0,,0,0,0
polygon_01,trapezoid_01,incompatible,,-2.0,nan,0,,0,0,0
polygon_02,trapezoid_01,incompatible,,-2.0,nan,0,,0,0,0
polygon_03,trapezoid_01,incompatible,,-2.0,nan,0,,0,0,0
polygon_04,trapezoid_01,incompatible,,-2.0,nan,0,,0,0,0
polygon_05,trapezoid_01,incompatible,,-2.0,nan,0,,0,0,0
dshape_01,trapezoid_01,incompatible,,-2.0,nan,0,,0,0,0
dshape_02,trapezoid_01,incompatible,,-2.0,nan,0,,0,0,0
dshape_03,trapezoid_01,incompatible,,-1.0967,nan,0,,0,0,0
dshape_04,trapezoid_01,incompatible,,-2.0,nan,0,,0,0,0
double_d_01,trapezoid_01,incompatible,,-1.9609,nan,0,,0,0,0
double_d_02,trapezoid_01,ambiguous,boundary,0.0397,nan,0,,0,0,0
double_d_03,trapezoid_01,incompatible,,-2.0,nan,0,,0,0,0
cross_01,trapezoid_01,incompatible,,-2.0,nan,0,,0,0,0
cross_02,trapezoid_01,incompatible,,-2.0,nan,0,,0,0,0
cross_03,trapezoid_01,incompatible,,-2.0,nan,0,,0,0,0
cross_04,trapezoid_01,incompatible,,-2.0,nan,0,,0,0,0
tee_01,trapezoid_01,incompatible,,-2.0,nan,0,,0,0,0
tee_02,trapezoid_01,incompatible,,-2.0,nan,0,,0,0,0
tee_03,trapezoid_01,incompatible,,-2.0,nan,0,,0,0,0
ell_01,trapezoid_01,incompatible,,-2.0,nan,0,,0,0,0
ell_02,trapezoid_01,incompatible,,-2.0,nan,0,,0,0,0
ell_03,trapezoid_01,incompatible,,-2.0,nan,0,,0,0,0
ell_04,trapezoid_01,incompatible,,-2.0,nan,0,,0,0,0
ell_05,trapezoid_01,incompatible,,-2.0,nan,0,,0,0,0
ell_06,trapezoid_01,incompatible,,-2.0,nan,0,,0,0,0
star_01,trapezoid_01,incompatible,,-2.0,nan,0,,0,0,0
star_02,trapezoid_01,incompatible,,-2.0,nan,0,,0,0,0
star_03,trapezoid_01,incompatible,,-2.0,nan,0,,0,0,0
star_04,trapezoid_01,incompatible,,-2.0,nan,0,,0,0,0
keyed_01,trapezoid_01,incompatible,,-2.0,nan,0,,0,0,0
keyed_02,trapezoid_01,incompatible,,-2.0,nan,0,,0,0,0
keyed_03,trapezoid_01,incompatible,,-2.0,nan,0,,0,0,0
keyed_04,trapezoid_01,incompatible,,-2.0,nan,0,,0,0,0
keyed_05,trapezoid_01,incompatible,,-2.0,nan,0,,0,0,0
notched_01,trapezoid_01,incompatible,,-2.0,nan,0,,0,0,0
notched_02,trapezoid_01,incompatible,,-2.0,nan,0,,0,0,0
notched_03,trapezoid_01,incompatible,,-2.0,nan,0,,0,0,0
notched_04,trapezoid_01,incompatible,,-2.0,nan,0,,0,0,0
trapezoid_01,trapezoid_01,compatible,,0.2749,0.3252,0,0,0,1,1
trapezoid_02,trapezoid_01,incompatible,,-0.5977,nan,0,,0,0,1
trapezoid_03,trapezoid_01,compatible,,0.2302,2.3027,0,0,1,0,1
chamfered_01,trapezoid_01,incompatible,,-1.2744,nan,180,,0,0,0
chamfered_02,trapezoid_01,incompatible,,-1.2744,nan,180,,0,0,0
chamfered_03,trapezoid_01,incompatible,,-0.9072,nan,180,,0,0,0
chamfered_04,trapezoid_01,compatible,,0.1653,3.5518,180,180,1,0,0
gear_01,trapezoid_01,incompatible,,-2.0,nan,0,,0,0,0
gear_02,trapezoid_01,incompatible,,-2.0,nan,0,,0,0,0
gear_03,trapezoid_01,incompatible,,-2.0,nan,0,,0,0,0
tube_01,trapezoid_01,incompatible,,-2.0,nan,0,,0,0,0
tube_02,trapezoid_01,incompatible,,-2.0,nan,0,,0,0,0
tube_03,trapezoid_01,incompatible,,-2.0,nan,0,,0,0,0
circle_01,trapezoid_02,incompatible,,-0.8652,nan,0,,0,0,0
circle_02,trapezoid_02,incompatible,,-2.0,nan,0,,0,0,0
circle_03,trapezoid_02,incompatible,,-2.0,nan,0,,0,0,0
circle_04,trapezoid_02,incompatible,,-2.0,nan,0,,0,0,0
circle_05,trapezoid_02,incompatible,,-2.0,nan,0,,0,0,0
square_01,trapezoid_02,incompatible,,-0.8652,nan,0,,0,0,0
square_02,trapezoid_02,incompatible,,-2.0,nan,0,,0,0,0
square_03,trapezoid_02,incompatible,,-2.0,nan,0,,0,0,0
square_04,trapezoid_02,incompatible,,-2.0,nan,0,,0,0,0
rect_01,trapezoid_02,incompatible,,-1.6006,nan,0,,0,0,0
rect_02,trapezoid_02,incompatible,,-1.8682,nan,0,,0,0,0
rect_03,trapezoid_02,compatible,,0.1356,2.3008,0,0 180,1,0,0
rect_04,trapezoid_02,incompatible,,-2.0,nan,0,,0,0,0
rect_05,trapezoid_02,compatible,,1.1356,4.3877,0,0 180,1,0,0
obround_01,trapezoid_02,incompatible,,-0.75,nan,0,,0,0,0
obround_02,trapezoid_02,compatible,,0.1356,3.4229,0,0 180,1,0,0
obround_03,trapezoid_02,incompatible,,-2.0,nan,0,,0,0,0
obround_04,trapezoid_02,compatible,,1.1356,4.4229,0,0 180,1,0,0
ellipse_01,trapezoid_02,incompatible,,-1.8652,nan,0,,0,0,0
ellipse_02,trapezoid_02,incompatible,,-0.8652,nan,0,,0,0,0
ellipse_03,trapezoid_02,incompatible,,-2.0,nan,0,,0,0,0
polygon_01,trapezoid_02,incompatible,,-2.0,nan,0,,0,0,0
polygon_02,trapezoid_02,incompatible,,-2.0,nan,0,,0,0,0
polygon_03,trapezoid_02,incompatible,,-2.0,nan,0,,0,0,0
polygon_04,trapezoid_02,incompatible,,-2.0,nan,0,,0,0,0
polygon_05,trapezoid_02,incompatible,,-2.0,nan,0,,0,0,0
dshape_01,trapezoid_02,incompatible,,-2.0,nan,0,,0,0,0
dshape_02,trapezoid_02,incompatible,,-2.0,nan,0,,0,0,0
dshape_03,trapezoid_02,incompatible,,-1.1934,nan,0,,0,0,0
dshape_04,trapezoid_02,incompatible,,-2.0,nan,0,,0,0,0
double_d_01,trapezoid_02,incompatible,,-1.8652,nan,0,,0,0,0
double_d_02,trapezoid_02,compatible,,0.1356,3.0127,0,0 180,1,0,0
double_d_03,trapezoid_02,incompatible,,-2.0,nan,0,,0,0,0
cross_01,trapezoid_02,incompatible,,-2.0,nan,0,,0,0,0
cross_02,trapezoid_02,incompatible,,-2.0,nan,0,,0,0,0
cross_03,trapezoid_02,incompatible,,-2.0,nan,0,,0,0,0
cross_04,trapezoid_02,incompatible,,-2.0,nan,0,,0,0,0
tee_01,trapezoid_02,incompatible,,-2.0,nan,0,,0,0,0
tee_02,trapezoid_02,incompatible,,-2.0,nan,0,,0,0,0
tee_03,trapezoid_02,incompatible,,-2.0,nan,0,,0,0,0
ell_01,trapezoid_02,incompatible,,-2.0,nan,0,,0,0,0
ell_02,trapezoid_02,incompatible,,-2.0,nan,0,,0,0,0
ell_03,trapezoid_02,incompatible,,-2.0,nan,0,,0,0,0
ell_04,trapezoid_02,incompatible,,-2.0,nan,0,,0,0,0
ell_05,trapezoid_02,incompatible,,-2.0,nan,0,,0,0,0
ell_06,trapezoid_02,incompatible,,-2.0,nan,0,,0,0,0
star_01,trapezoid_02,incompatible,,-2.0,nan,0,,0,0,0
star_02,trapezoid_02,incompatible,,-2.0,nan,0,,0,0,0
star_03,trapezoid_02,incompatible,,-2.0,nan,0,,0,0,0
star_04,trapezoid_02,incompatible,,-2.0,nan,0,,0,0,0
keyed_01,trapezoid_02,incompatible,,-2.0,nan,0,,0,0,0
keyed_02,trapezoid_02,incompatible,,-2.0,nan,0,,0,0,0
keyed_03,trapezoid_02,incompatible,,-2.0,nan,0,,0,0,0
keyed_04,trapezoid_02,incompatible,,-2.0,nan,0,,0,0,0
keyed_05,trapezoid_02,incompatible,,-2.0,nan,0,,0,0,0
notched_01,trapezoid_02,incompatible,,-2.0,nan,0,,0,0,0
notched_02,trapezoid_02,incompatible,,-2.0,nan,0,,0,0,0
notched_03,trapezoid_02,incompatible,,-2.0,nan,0,,0,0,0
notched_04,trapezoid_02,incompatible,,-2.0,nan,0,,0,0,0
trapezoid_01,trapezoid_02,compatible,,0.2291,1.2119,0,0,1,0,1
trapezoid_02,trapezoid_02,compatible,,0.2837,0.3164,0,0,0,1,1
trapezoid_03,trapezoid_02,compatible,,0.2739,2.3008,0,0,1,0,1
chamfered_01,trapezoid_02,incompatible,,-0.4043,nan,180,,0,0,0
chamfered_02,trapezoid_02,incompatible,,-0.4043,nan,180,,0,0,0
chamfered_03,trapezoid_02,ambiguous,off_centre,-0.1484,nan,180,,0,0,0
chamfered_04,trapezoid_02,compatible,,0.2612,3.5518,180,180,1,0,0
gear_01,trapezoid_02,incompatible,,-2.0,nan,0,,0,0,0
gear_02,trapezoid_02,incompatible,,-2.0,nan,0,,0,0,0
gear_03,trapezoid_02,incompatible,,-2.0,nan,0,,0,0,0
tube_01,trapezoid_02,incompatible,,-2.0,nan,0,,0,0,0
tube_02,trapezoid_02,incompatible,,-2.0,nan,0,,0,0,0
tube_03,trapezoid_02,incompatible,,-2.0,nan,0,,0,0,0
circle_01,trapezoid_03,incompatible,,-0.9102,nan,0,,0,0,0
circle_02,trapezoid_03,incompatible,,-2.0,nan,0,,0,0,0
circle_03,trapezoid_03,incompatible,,-2.0,nan,0,,0,0,0
circle_04,trapezoid_03,incompatible,,-2.0,nan,0,,0,0,0
circle_05,trapezoid_03,incompatible,,-2.0,nan,0,,0,0,0
square_01,trapezoid_03,incompatible,,-0.9102,nan,0,,0,0,0
square_02,trapezoid_03,incompatible,,-2.0,nan,0,,0,0,0
square_03,trapezoid_03,incompatible,,-2.0,nan,0,,0,0,0
square_04,trapezoid_03,incompatible,,-2.0,nan,0,,0,0,0
rect_01,trapezoid_03,incompatible,,-2.0,nan,0,,0,0,0
rect_02,trapezoid_03,incompatible,,-2.0,nan,0,,0,0,0
rect_03,trapezoid_03,incompatible,,-1.5898,nan,0,,0,0,0
rect_04,trapezoid_03,incompatible,,-2.0,nan,0,,0,0,0
rect_05,trapezoid_03,compatible,,0.5933,2.4512,0,0 180,1,0,0
obround_01,trapezoid_03,incompatible,,-2.0,nan,0,,0,0,0
obround_02,trapezoid_03,incompatible,,-0.7393,nan,0,,0,0,0
obround_03,trapezoid_03,incompatible,,-2.0,nan,0,,0,0,0
obround_04,trapezoid_03,compatible,,0.2612,2.8125,0,0 180,1,0,0
ellipse_01,trapezoid_03,incompatible,,-2.0,nan,0,,0,0,0
ellipse_02,trapezoid_03,incompatible,,-1.6738,nan,0,,0,0,0
ellipse_03,trapezoid_03,incompatible,,-2.0,nan,0,,0,0,0
polygon_01,trapezoid_03,incompatible,,-2.0,nan,0,,0,0,0
polygon_02,trapezoid_03,incompatible,,-2.0,nan,0,,0,0,0
polygon_03,trapezoid_03,incompatible,,-2.0,nan,0,,0,0,0
polygon_04,trapezoid_03,incompatible,,-2.0,nan,0,,0,0,0
polygon_05,trapezoid_03,incompatible,,-2.0,nan,0,,0,0,0
dshape_01,trapezoid_03,incompatible,,-2.0,nan,0,,0,0,0
dshape_02,trapezoid_03,incompatible,,-2.0,nan,0,,0,0,0
dshape_03,trapezoid_03,incompatible,,-1.1475,nan,0,,0,0,0
dshape_04,trapezoid_03,incompatible,,-2.0,nan,0,,0,0,0
double_d_01,trapezoid_03,incompatible,,-1.9102,nan,0,,0,0,0
double_d_02,trapezoid_03,incompatible,,-0.8584,nan,0,,0,0,0
double_d_03,trapezoid_03,incompatible,,-2.0,nan,0,,0,0,0
cross_01,trapezoid_03,incompatible,,-2.0,nan,0,,0,0,0
cross_02,trapezoid_03,incompatible,,-2.0,nan,0,,0,0,0
cross_03,trapezoid_03,incompatible,,-2.0,nan,0,,0,0,0
cross_04,trapezoid_03,incompatible,,-2.0,nan,0,,0,0,0
tee_01,trapezoid_03,incompatible,,-2.0,nan,0,,0,0,0
tee_02,trapezoid_03,incompatible,,-2.0,nan,0,,0,0,0
tee_03,trapezoid_03,incompatible,,-2.0,nan,0,,0,0,0
ell_01,trapezoid_03,incompatible,,-2.0,nan,0,,0,0,0
ell_02,trapezoid_03,incompatible,,-2.0,nan,0,,0,0,0
ell_03,trapezoid_03,incompatible,,-2.0,nan,0,,0,0,0
ell_04,trapezoid_03,incompatible,,-2.0,nan,0,,0,0,0
ell_05,trapezoid_03,incompatible,,-2.0,nan,0,,0,0,0
ell_06,trapezoid_03,incompatible,,-2.0,nan,0,,0,0,0
star_01,trapezoid_03,incompatible,,-2.0,nan,0,,0,0,0
star_02,trapezoid_03,incompatible,,-2.0,nan,0,,0,0,0
star_03,trapezoid_03,incompatible,,-2.0,nan,0,,0,0,0
star_04,trapezoid_03,incompatible,,-2.0,nan,0,,0,0,0
keyed_01,trapezoid_03,incompatible,,-2.0,nan,0,,0,0,0
keyed_02,trapezoid_03,incompatible,,-2.0,nan,0,,0,0,0
keyed_03,trapezoid_03,incompatible,,-2.0,nan,0,,0,0,0
keyed_04,trapezoid_03,incompatible,,-2.0,nan,0,,0,0,0
keyed_05,trapezoid_03,incompatible,,-2.0,nan,0,,0,0,0
notched_01,trapezoid_03,incompatible,,-2.0,nan,0,,0,0,0
notched_02,trapezoid_03,incompatible,,-2.0,nan,0,,0,0,0
notched_03,trapezoid_03,incompatible,,-2.0,nan,0,,0,0,0
notched_04,trapezoid_03,incompatible,,-2.0,nan,0,,0,0,0
trapezoid_01,trapezoid_03,incompatible,,-1.7012,nan,0,,0,0,1
trapezoid_02,trapezoid_03,incompatible,,-1.7012,nan,0,,0,0,1
trapezoid_03,trapezoid_03,compatible,,0.281,0.3193,0,0,0,1,1
chamfered_01,trapezoid_03,incompatible,,-2.0,nan,0,,0,0,0
chamfered_02,trapezoid_03,incompatible,,-2.0,nan,0,,0,0,0
chamfered_03,trapezoid_03,incompatible,,-2.0,nan,0,,0,0,0
chamfered_04,trapezoid_03,incompatible,,-0.4062,nan,180,,0,0,0
gear_01,trapezoid_03,incompatible,,-2.0,nan,0,,0,0,0
gear_02,trapezoid_03,incompatible,,-2.0,nan,0,,0,0,0
gear_03,trapezoid_03,incompatible,,-2.0,nan,0,,0,0,0
tube_01,trapezoid_03,incompatible,,-2.0,nan,0,,0,0,0
tube_02,trapezoid_03,incompatible,,-2.0,nan,0,,0,0,0
tube_03,trapezoid_03,incompatible,,-2.0,nan,0,,0,0,0
circle_01,chamfered_01,incompatible,,-0.8057,nan,0,,0,0,0
circle_02,chamfered_01,incompatible,,-2.0,nan,0,,0,0,0
circle_03,chamfered_01,incompatible,,-2.0,nan,0,,0,0,0
circle_04,chamfered_01,incompatible,,-2.0,nan,0,,0,0,0
circle_05,chamfered_01,incompatible,,-2.0,nan,0,,0,0,0
square_01,chamfered_01,incompatible,,-0.8057,nan,0,,0,0,0
square_02,chamfered_01,incompatible,,-2.0,nan,0,,0,0,0
square_03,chamfered_01,incompatible,,-2.0,nan,0,,0,0,0
square_04,chamfered_01,incompatible,,-2.0,nan,0,,0,0,0
rect_01,chamfered_01,incompatible,,-2.0,nan,0,,0,0,0
rect_02,chamfered_01,incompatible,,-2.0,nan,0,,0,0,0
rect_03,chamfered_01,ambiguous,off_centre,-0.8516,nan,0,,0,0,0
rect_04,chamfered_01,incompatible,,-2.0,nan,0,,0,0,0
rect_05,chamfered_01,compatible,,1.1949,3.6895,0,0 180,1,0,0
obround_01,chamfered_01,incompatible,,-0.9678,nan,0,,0,0,0
obround_02,chamfered_01,compatible,,0.1949,2.8525,0,0 180,1,0,0
obround_03,chamfered_01,incompatible,,-2.0,nan,0,,0,0,0
obround_04,chamfered_01,compatible,,1.1949,3.8525,0,0 180,1,0,0
ellipse_01,chamfered_01,incompatible,,-1.8057,nan,0,,0,0,0
ellipse_02,chamfered_01,incompatible,,-0.8057,nan,0,,0,0,0
ellipse_03,chamfered_01,incompatible,,-2.0,nan,0,,0,0,0
polygon_01,chamfered_01,incompatible,,-2.0,nan,0,,0,0,0
polygon_02,chamfered_01,incompatible,,-2.0,nan,0,,0,0,0
polygon_03,chamfered_01,incompatible,,-2.0,nan,0,,0,0,0
polygon_04,chamfered_01,incompatible,,-2.0,nan,0,,0,0,0
polygon_05,chamfered_01,incompatible,,-2.0,nan,0,,0,0,0
dshape_01,chamfered_01,incompatible,,-2.0,nan,0,,0,0,0
dshape_02,chamfered_01,incompatible,,-2.0,nan,0,,0,0,0
dshape_03,chamfered_01,incompatible,,-1.252,nan,180,,0,0,0
dshape_04,chamfered_01,incompatible,,-2.0,nan,0,,0,0,0
double_d_01,chamfered_01,incompatible,,-1.8057,nan,0,,0,0,0
double_d_02,chamfered_01,ambiguous,off_centre,-0.0918,nan,0,,0,0,0
double_d_03,chamfered_01,incompatible,,-2.0,nan,0,,0,0,0
cross_01,chamfered_01,incompatible,,-2.0,nan,0,,0,0,0
cross_02,chamfered_01,incompatible,,-2.0,nan,0,,0,0,0
cross_03,chamfered_01,incompatible,,-2.0,nan,0,,0,0,0
cross_04,chamfered_01,incompatible,,-2.0,nan,0,,0,0,0
tee_01,chamfered_01,incompatible,,-2.0,nan,0,,0,0,0
tee_02,chamfered_01,incompatible,,-2.0,nan,0,,0,0,0
tee_03,chamfered_01,incompatible,,-2.0,nan,0,,0,0,0
ell_01,chamfered_01,incompatible,,-2.0,nan,0,,0,0,0
ell_02,chamfered_01,incompatible,,-2.0,nan,0,,0,0,0
ell_03,chamfered_01,incompatible,,-2.0,nan,0,,0,0,0
ell_04,chamfered_01,incompatible,,-2.0,nan,0,,0,0,0
ell_05,chamfered_01,incompatible,,-2.0,nan,0,,0,0,0
ell_06,chamfered_01,incompatible,,-2.0,nan,0,,0,0,0
star_01,chamfered_01,incompatible,,-2.0,nan,0,,0,0,0
star_02,chamfered_01,incompatible,,-2.0,nan,0,,0,0,0
star_03,chamfered_01,incompatible,,-2.0,nan,0,,0,0,0
star_04,chamfered_01,incompatible,,-2.0,nan,0,,0,0,0
keyed_01,chamfered_01,incompatible,,-2.0,nan,0,,0,0,0
keyed_02,chamfered_01,incompatible,,-2.0,nan,0,,0,0,0
keyed_03,chamfered_01,incompatible,,-2.0,nan,0,,0,0,0
keyed_04,chamfered_01,incompatible,,-2.0,nan,0,,0,0,0
keyed_05,chamfered_01,incompatible,,-2.0,nan,0,,0,0,0
notched_01,chamfered_01,incompatible,,-2.0,nan,0,,0,0,0
notched_02,chamfered_01,incompatible,,-2.0,nan,0,,0,0,0
notched_03,chamfered_01,incompatible,,-2.0,nan,0,,0,0,0
notched_04,chamfered_01,incompatible,,-2.0,nan,0,,0,0,0
trapezoid_01,chamfered_01,incompatible,,-0.9678,nan,180,,0,0,0
trapezoid_02,chamfered_01,incompatible,,-0.9678,nan,180,,0,0,0
trapezoid_03,chamfered_01,compatible,,0.2146,2.9307,180,180,1,0,0
chamfered_01,chamfered_01,compatible,,0.2874,0.3135,0,0,0,1,1
chamfered_02,chamfered_01,incompatible,,-1.4443,nan,0,,0,0,1
chamfered_03,chamfered_01,ambiguous,off_centre,-0.1299,nan,0,,0,0,1
chamfered_04,chamfered_01,compatible,,0.2795,2.3174,0,0 180,1,0,1
gear_01,chamfered_01,incompatible,,-2.0,nan,0,,0,0,0
gear_02,chamfered_01,incompatible,,-2.0,nan,0,,0,0,0
gear_03,chamfered_01,incompatible,,-2.0,nan,0,,0,0,0
tube_01,chamfered_01,incompatible,,-2.0,nan,0,,0,0,0
tube_02,chamfered_01,incompatible,,-2.0,nan,0,,0,0,0
tube_03,chamfered_01,incompatible,,-2.0,nan,0,,0,0,0
circle_01,chamfered_02,incompatible,,-0.8057,nan,0,,0,0,0
circle_02,chamfered_02,incompatible,,-2.0,nan,0,,0,0,0
circle_03,chamfered_02,incompatible,,-2.0,nan,0,,0,0,0
circle_04,chamfered_02,incompatible,,-2.0,nan,0,,0,0,0
circle_05,chamfered_02,incompatible,,-2.0,nan,0,,0,0,0
square_01,chamfered_02,incompatible,,-0.8057,nan,0,,0,0,0
square_02,chamfered_02,incompatible,,-2.0,nan,0,,0,0,0
square_03,chamfered_02,incompatible,,-2.0,nan,0,,0,0,0
square_04,chamfered_02,incompatible,,-2.0,nan,0,,0,0,0
rect_01,chamfered_02,incompatible,,-2.0,nan,0,,0,0,0
rect_02,chamfered_02,incompatible,,-2.0,nan,0,,0,0,0
rect_03,chamfered_02,ambiguous,off_centre,-0.8516,nan,0,,0,0,0
rect_04,chamfered_02,incompatible,,-2.0,nan,0,,0,0,0
rect_05,chamfered_02,compatible,,1.1949,3.6895,0,0 180,1,0,0
obround_01,chamfered_02,incompatible,,-0.9678,nan,0,,0,0,0
obround_02,chamfered_02,compatible,,0.1949,2.8525,0,0 180,1,0,0
obround_03,chamfered_02,incompatible,,-2.0,nan,0,,0,0,0
obround_04,chamfered_02,compatible,,1.1949,3.8525,0,0 180,1,0,0
ellipse_01,chamfered_02,incompatible,,-1.8057,nan,0,,0,0,0
ellipse_02,chamfered_02,incompatible,,-0.8057,nan,0,,0,0,0
ellipse_03,chamfered_02,incompatible,,-2.0,nan,0,,0,0,0
polygon_01,chamfered_02,incompatible,,-2.0,nan,0,,0,0,0
polygon_02,chamfered_02,incompatible,,-2.0,nan,0,,0,0,0
polygon_03,chamfered_02,incompatible,,-2.0,nan,0,,0,0,0
polygon_04,chamfered_02,incompatible,,-2.0,nan,0,,0,0,0
polygon_05,chamfered_02,incompatible,,-2.0,nan,0,,0,0,0
dshape_01,chamfered_02,incompatible,,-2.0,nan,0,,0,0,0
dshape_02,chamfered_02,incompatible,,-2.0,nan,0,,0,0,0
dshape_03,chamfered_02,incompatible,,-1.252,nan,180,,0,0,0
dshape_04,chamfered_02,incompatible,,-2.0,nan,0,,0,0,0
double_d_01,chamfered_02,incompatible,,-1.8057,nan,0,,0,0,0
double_d_02,chamfered_02,ambiguous,off_centre,-0.0918,nan,0,,0,0,0
double_d_03,chamfered_02,incompatible,,-2.0,nan,0,,0,0,0
cross_01,chamfered_02,incompatible,,-2.0,nan,0,,0,0,0
cross_02,chamfered_02,incompatible,,-2.0,nan,0,,0,0,0
cross_03,chamfered_02,incompatible,,-2.0,nan,0,,0,0,0
cross_04,chamfered_02,incompatible,,-2.0,nan,0,,0,0,0
tee_01,chamfered_02,incompatible,,-2.0,nan,0,,0,0,0
tee_02,chamfered_02,incompatible,,-2.0,nan,0,,0,0,0
tee_03,chamfered_02,incompatible,,-2.0,nan,0,,0,0,0
ell_01,chamfered_02,incompatible,,-2.0,nan,0,,0,0,0
ell_02,chamfered_02,incompatible,,-2.0,nan,0,,0,0,0
ell_03,chamfered_02,incompatible,,-2.0,nan,0,,0,0,0
ell_04,chamfered_02,incompatible,,-2.0,nan,0,,0,0,0
ell_05,chamfered_02,incompatible,,-2.0,nan,0,,0,0,0
ell_06,chamfered_02,incompatible,,-2.0,nan,0,,0,0,0
star_01,chamfered_02,incompatible,,-2.0,nan,0,,0,0,0
star_02,chamfered_02,incompatible,,-2.0,nan,0,,0,0,0
star_03,chamfered_02,incompatible,,-2.0,nan,0,,0,0,0
star_04,chamfered_02,incompatible,,-2.0,nan,0,,0,0,0
keyed_01,chamfered_02,incompatible,,-2.0,nan,0,,0,0,0
keyed_02,chamfered_02,incompatible,,-2.0,nan,0,,0,0,0
keyed_03,chamfered_02,incompatible,,-2.0,nan,0,,0,0,0
keyed_04,chamfered_02,incompatible,,-2.0,nan,0,,0,0,0
keyed_05,chamfered_02,incompatible,,-2.0,nan,0,,0,0,0
notched_01,chamfered_02,incompatible,,-2.0,nan,0,,0,0,0
notched_02,chamfered_02,incompatible,,-2.0,nan,0,,0,0,0
notched_03,chamfered_02,incompatible,,-2.0,nan,0,,0,0,0
notched_04,chamfered_02,incompatible,,-2.0,nan,0,,0,0,0
trapezoid_01,chamfered_02,incompatible,,-0.9678,nan,180,,0,0,0
trapezoid_02,chamfered_02,incompatible,,-0.9678,nan,180,,0,0,0
trapezoid_03,chamfered_02,compatible,,0.2146,2.9307,180,180,1,0,0
chamfered_01,chamfered_02,incompatible,,-1.4443,nan,0,,0,0,1
chamfered_02,chamfered_02,compatible,,0.2874,0.3135,0,0,0,1,1
chamfered_03,chamfered_02,incompatible,,-1.2227,nan,0,,0,0,1
chamfered_04,chamfered_02,ambiguous,off_centre,-0.0557,nan,0,,0,0,1
gear_01,chamfered_02,incompatible,,-2.0,nan,0,,0,0,0
gear_02,chamfered_02,incompatible,,-2.0,nan,0,,0,0,0
gear_03,chamfered_02,incompatible,,-2.0,nan,0,,0,0,0
tube_01,chamfered_02,incompatible,,-2.0,nan,0,,0,0,0
tube_02,chamfered_02,incompatible,,-2.0,nan,0,,0,0,0
tube_03,chamfered_02,incompatible,,-2.0,nan,0,,0,0,0
circle_01,chamfered_03,incompatible,,-0.9355,nan,0,,0,0,0
circle_02,chamfered_03,incompatible,,-2.0,nan,0,,0,0,0
circle_03,chamfered_03,incompatible,,-2.0,nan,0,,0,0,0
circle_04,chamfered_03,incompatible,,-2.0,nan,0,,0,0,0
circle_05,chamfered_03,incompatible,,-2.0,nan,0,,0,0,0
square_01,chamfered_03,incompatible,,-0.9355,nan,0,,0,0,0
square_02,chamfered_03,incompatible,,-2.0,nan,0,,0,0,0
square_03,chamfered_03,incompatible,,-2.0,nan,0,,0,0,0
square_04,chamfered_03,incompatible,,-2.0,nan,0,,0,0,0
rect_01,chamfered_03,incompatible,,-2.0,nan,0,,0,0,0
rect_02,chamfered_03,incompatible,,-2.0,nan,0,,0,0,0
rect_03,chamfered_03,incompatible,,-1.874,nan,0,,0,0,0
rect_04,chamfered_03,incompatible,,-2.0,nan,0,,0,0,0
rect_05,chamfered_03,compatible,,0.2479,4.0713,0,0 180,1,0,0
obround_01,chamfered_03,incompatible,,-1.6309,nan,0,,0,0,0
obround_02,chamfered_03,ambiguous,off_centre,-0.2168,nan,0,,0,0,0
obround_03,chamfered_03,incompatible,,-2.0,nan,0,,0,0,0
obround_04,chamfered_03,compatible,,0.7835,4.126,180,0 180,1,0,0
ellipse_01,chamfered_03,incompatible,,-1.9355,nan,0,,0,0,0
ellipse_02,chamfered_03,incompatible,,-0.9355,nan,0,,0,0,0
ellipse_03,chamfered_03,incompatible,,-2.0,nan,0,,0,0,0
polygon_01,chamfered_03,incompatible,,-2.0,nan,0,,0,0,0
polygon_02,chamfered_03,incompatible,,-2.0,nan,0,,0,0,0
polygon_03,chamfered_03,incompatible,,-2.0,nan,0,,0,0,0
polygon_04,chamfered_03,incompatible,,-2.0,nan,0,,0,0,0
polygon_05,chamfered_03,incompatible,,-2.0,nan,0,,0,0,0
dshape_01,chamfered_03,incompatible,,-2.0,nan,0,,0,0,0
dshape_02,chamfered_03,incompatible,,-2.0,nan,0,,0,0,0
dshape_03,chamfered_03,incompatible,,-1.1221,nan,180,,0,0,0
dshape_04,chamfered_03,incompatible,,-2.0,nan,0,,0,0,0
double_d_01,chamfered_03,incompatible,,-1.9355,nan,0,,0,0,0
double_d_02,chamfered_03,incompatible,,-1.1143,nan,0,,0,0,0
double_d_03,chamfered_03,incompatible,,-2.0,nan,0,,0,0,0
cross_01,chamfered_03,incompatible,,-2.0,nan,0,,0,0,0
cross_02,chamfered_03,incompatible,,-2.0,nan,0,,0,0,0
cross_03,chamfered_03,incompatible,,-2.0,nan,0,,0,0,0
cross_04,chamfered_03,incompatible,,-2.0,nan,0,,0,0,0
tee_01,chamfered_03,incompatible,,-2.0,nan,0,,0,0,0
tee_02,chamfered_03,incompatible,,-2.0,nan,0,,0,0,0
tee_03,chamfered_03,incompatible,,-2.0,nan,0,,0,0,0
ell_01,chamfered_03,incompatible,,-2.0,nan,0,,0,0,0
ell_02,chamfered_03,incompatible,,-2.0,nan,0,,0,0,0
ell_03,chamfered_03,incompatible,,-2.0,nan,0,,0,0,0
ell_04,chamfered_03,incompatible,,-2.0,nan,0,,0,0,0
ell_05,chamfered_03,incompatible,,-2.0,nan,0,,0,0,0
ell_06,chamfered_03,incompatible,,-2.0,nan,0,,0,0,0
star_01,chamfered_03,incompatible,,-2.0,nan,0,,0,0,0
star_02,chamfered_03,incompatible,,-2.0,nan,0,,0,0,0
star_03,chamfered_03,incompatible,,-2.0,nan,0,,0,0,0
star_04,chamfered_03,incompatible,,-2.0,nan,0,,0,0,0
keyed_01,chamfered_03,incompatible,,-2.0,nan,0,,0,0,0
keyed_02,chamfered_03,incompatible,,-2.0,nan,0,,0,0,0
keyed_03,chamfered_03,incompatible,,-2.0,nan,0,,0,0,0
keyed_04,chamfered_03,incompatible,,-2.0,nan,0,,0,0,0
keyed_05,chamfered_03,incompatible,,-2.0,nan,0,,0,0,0
notched_01,chamfered_03,incompatible,,-2.0,nan,0,,0,0,0
notched_02,chamfered_03,incompatible,,-2.0,nan,0,,0,0,0
notched_03,chamfered_03,incompatible,,-2.0,nan,0,,0,0,0
notched_04,chamfered_03,incompatible,,-2.0,nan,0,,0,0,0
trapezoid_01,chamfered_03,incompatible,,-1.3916,nan,180,,0,0,0
trapezoid_02,chamfered_03,incompatible,,-1.9785,nan,180,,0,0,0
trapezoid_03,chamfered_03,ambiguous,off_centre,-0.5947,nan,180,,0,0,0
chamfered_01,chamfered_03,incompatible,,-0.7109,nan,0,,0,0,1
chamfered_02,chamfered_03,incompatible,,-2.0,nan,0,,0,0,1
chamfered_03,chamfered_03,compatible,,0.2857,0.3145,0,0,0,1,1
chamfered_04,chamfered_03,compatible,,0.1907,2.7412,0,0,1,0,1
gear_01,chamfered_03,incompatible,,-2.0,nan,0,,0,0,0
gear_02,chamfered_03,incompatible,,-2.0,nan,0,,0,0,0
gear_03,chamfered_03,incompatible,,-2.0,nan,0,,0,0,0
tube_01,chamfered_03,incompatible,,-2.0,nan,0,,0,0,0
tube_02,chamfered_03,incompatible,,-2.0,nan,0,,0,0,0
tube_03,chamfered_03,incompatible,,-2.0,nan,0,,0,0,0
circle_01,chamfered_04,incompatible,,-0.8359,nan,0,,0,0,0
circle_02,chamfered_04,incompatible,,-2.0,nan,0,,0,0,0
circle_03,chamfered_04,incompatible,,-2.0,nan,0,,0,0,0
circle_04,chamfered_04,incompatible,,-2.0,nan,0,,0,0,0
circle_05,chamfered_04,incompatible,,-2.0,nan,0,,0,0,0
square_01,chamfered_04,incompatible,,-0.8389,nan,0,,0,0,0
square_02,chamfered_04,incompatible,,-2.0,nan,0,,0,0,0
square_03,chamfered_04,incompatible,,-2.0,nan,0,,0,0,0
square_04,chamfered_04,incompatible,,-2.0,nan,0,,0,0,0
rect_01,chamfered_04,incompatible,,-2.0,nan,0,,0,0,0
rect_02,chamfered_04,incompatible,,-2.0,nan,0,,0,0,0
rect_03,chamfered_04,incompatible,,-2.0,nan,0,,0,0,0
rect_04,chamfered_04,incompatible,,-2.0,nan,0,,0,0,0
rect_05,chamfered_04,ambiguous,off_centre,-0.1279,nan,0,,0,0,0
obround_01,chamfered_04,incompatible,,-2.0,nan,0,,0,0,0
obround_02,chamfered_04,incompatible,,-0.9609,nan,0,,0,0,0
obround_03,chamfered_04,incompatible,,-2.0,nan,0,,0,0,0
obround_04,chamfered_04,ambiguous,boundary,0.0397,nan,0,,0,0,0
ellipse_01,chamfered_04,incompatible,,-2.0,nan,0,,0,0,0
ellipse_02,chamfered_04,incompatible,,-1.9609,nan,0,,0,0,0
ellipse_03,chamfered_04,incompatible,,-2.0,nan,0,,0,0,0
polygon_01,chamfered_04,incompatible,,-2.0,nan,0,,0,0,0
polygon_02,chamfered_04,incompatible,,-2.0,nan,0,,0,0,0
polygon_03,chamfered_04,incompatible,,-2.0,nan,0,,0,0,0
polygon_04,chamfered_04,incompatible,,-2.0,nan,0,,0,0,0
polygon_05,chamfered_04,incompatible,,-2.0,nan,0,,0,0,0
dshape_01,chamfered_04,incompatible,,-2.0,nan,0,,0,0,0
dshape_02,chamfered_04,incompatible,,-2.0,nan,0,,0,0,0
dshape_03,chamfered_04,incompatible,,-1.2227,nan,180,,0,0,0
dshape_04,chamfered_04,incompatible,,-2.0,nan,0,,0,0,0
double_d_01,chamfered_04,incompatible,,-1.8359,nan,0,,0,0,0
double_d_02,chamfered_04,incompatible,,-1.4893,nan,0,,0,0,0
double_d_03,chamfered_04,incompatible,,-2.0,nan,0,,0,0,0
cross_01,chamfered_04,incompatible,,-2.0,nan,0,,0,0,0
cross_02,chamfered_04,incompatible,,-2.0,nan,0,,0,0,0
cross_03,chamfered_04,incompatible,,-2.0,nan,0,,0,0,0
cross_04,chamfered_04,incompatible,,-2.0,nan,0,,0,0,0
tee_01,chamfered_04,incompatible,,-2.0,nan,0,,0,0,0
tee_02,chamfered_04,incompatible,,-2.0,nan,0,,0,0,0
tee_03,chamfered_04,incompatible,,-2.0,nan,0,,0,0,0
ell_01,chamfered_04,incompatible,,-2.0,nan,0,,0,0,0
ell_02,chamfered_04,incompatible,,-2.0,nan,0,,0,0,0
ell_03,chamfered_04,incompatible,,-2.0,nan,0,,0,0,0
ell_04,chamfered_04,incompatible,,-2.0,nan,0,,0,0,0
ell_05,chamfered_04,incompatible,,-2.0,nan,0,,0,0,0
ell_06,chamfered_04,incompatible,,-2.0,nan,0,,0,0,0
star_01,chamfered_04,incompatible,,-2.0,nan,0,,0,0,0
star_02,chamfered_04,incompatible,,-2.0,nan,0,,0,0,0
star_03,chamfered_04,incompatible,,-2.0,nan,0,,0,0,0
star_04,chamfered_04,incompatible,,-2.0,nan,0,,0,0,0
keyed_01,chamfered_04,incompatible,,-2.0,nan,0,,0,0,0
keyed_02,chamfered_04,incompatible,,-2.0,nan,0,,0,0,0
keyed_03,chamfered_04,incompatible,,-2.0,nan,0,,0,0,0
keyed_04,chamfered_04,incompatible,,-2.0,nan,0,,0,0,0
keyed_05,chamfered_04,incompatible,,-2.0,nan,0,,0,0,0
notched_01,chamfered_04,incompatible,,-2.0,nan,0,,0,0,0
notched_02,chamfered_04,incompatible,,-2.0,nan,0,,0,0,0
notched_03,chamfered_04,incompatible,,-2.0,nan,0,,0,0,0
notched_04,chamfered_04,incompatible,,-2.0,nan,0,,0,0,0
trapezoid_01,chamfered_04,incompatible,,-2.0,nan,0,,0,0,0
trapezoid_02,chamfered_04,incompatible,,-2.0,nan,0,,0,0,0
trapezoid_03,chamfered_04,incompatible,,-0.9697,nan,180,,0,0,0
chamfered_01,chamfered_04,incompatible,,-1.7031,nan,0,,0,0,1
chamfered_02,chamfered_04,incompatible,,-2.0,nan,0,,0,0,1
chamfered_03,chamfered_04,incompatible,,-2.0,nan,0,,0,0,1
chamfered_04,chamfered_04,compatible,,0.2867,0.3135,0,0,0,1,1
gear_01,chamfered_04,incompatible,,-2.0,nan,0,,0,0,0
gear_02,chamfered_04,incompatible,,-2.0,nan,0,,0,0,0
gear_03,chamfered_04,incompatible,,-2.0,nan,0,,0,0,0
tube_01,chamfered_04,incompatible,,-2.0,nan,0,,0,0,0
tube_02,chamfered_04,incompatible,,-2.0,nan,0,,0,0,0
tube_03,chamfered_04,incompatible,,-2.0,nan,0,,0,0,0
circle_01,gear_01,compatible,,3.6143,6.3018,0,0 90 180 270,1,0,0
circle_02,gear_01,compatible,,2.1143,4.8027,90,0 90 180 270,1,0,0
circle_03,gear_01,compatible,,0.6143,3.3027,0,0 90 180 270,1,0,0
circle_04,gear_01,incompatible,,-1.3867,nan,0,,0,0,0
circle_05,gear_01,incompatible,,-2.0,nan,0,,0,0,0
square_01,gear_01,compatible,,1.793,6.165,0,0 90 180 270,1,0,0
square_02,gear_01,compatible,,0.1341,4.665,0,0 90 180 270,1,0,0
square_03,gear_01,incompatible,,-1.292,nan,0,,0,0,0
square_04,gear_01,incompatible,,-2.0,nan,0,,0,0,0
rect_01,gear_01,incompatible,,-1.3867,nan,0,,0,0,0
rect_02,gear_01,incompatible,,-1.3867,nan,0,,0,0,0
rect_03,gear_01,compatible,,0.6143,7.165,0,0 180,1,0,0
rect_04,gear_01,incompatible,,-2.0,nan,0,,0,0,0
rect_05,gear_01,compatible,,2.6143,7.5703,0,0 90 180 270,1,0,0
obround_01,gear_01,incompatible,,-0.3037,nan,90,,0,0,0
obround_02,gear_01,compatible,,1.1619,6.5703,270,0 90 180 270,1,0,0
obround_03,gear_01,incompatible,,-1.7627,nan,90,,0,0,0
obround_04,gear_01,compatible,,2.1619,7.5703,270,0 90 180 270,1,0,0
ellipse_01,gear_01,incompatible,,-0.3291,nan,90,,0,0,0
ellipse_02,gear_01,compatible,,0.6151,5.9355,90,90 270,1,0,0
ellipse_03,gear_01,incompatible,,-2.0,nan,0,,0,0,0
polygon_01,gear_01,compatible,,0.1646,5.665,180,0 180,1,0,0
polygon_02,gear_01,incompatible,,-1.3311,nan,0,,0,0,0
polygon_03,gear_01,ambiguous,boundary,-0.0469,nan,90,,0,0,0
polygon_04,gear_01,compatible,,1.6861,3.6416,270,0 90 180 270,1,0,0
polygon_05,gear_01,incompatible,,-1.2637,nan,0,,0,0,0
dshape_01,gear_01,compatible,,0.3509,4.041,270,0 90 180 270,1,0,0
dshape_02,gear_01,compatible,,0.6143,5.7949,180,0 180,1,0,0
dshape_03,gear_01,compatible,,0.6441,6.8223,180,0 180,1,0,0
dshape_04,gear_01,incompatible,,-1.3828,nan,0,,0,0,0
double_d_01,gear_01,compatible,,0.6153,4.5703,90,0 90 180 270,1,0,0
double_d_02,gear_01,compatible,,0.6164,6.5703,90,0 90 180 270,1,0,0
double_d_03,gear_01,incompatible,,-1.3848,nan,90,,0,0,0
cross_01,gear_01,incompatible,,-1.3867,nan,0,,0,0,0
cross_02,gear_01,incompatible,,-1.5996,nan,0,,0,0,0
cross_03,gear_01,compatible,,0.1861,4.2617,0,0 90 180 270,1,0,0
cross_04,gear_01,incompatible,,-0.6494,nan,90,,0,0,0
tee_01,gear_01,incompatible,,-1.3867,nan,0,,0,0,0
tee_02,gear_01,incompatible,,-1.3867,nan,0,,0,0,0
tee_03,gear_01,incompatible,,-1.6484,nan,0,,0,0,0
ell_01,gear_01,incompatible,,-2.0,nan,0,,0,0,0
ell_02,gear_01,incompatible,,-2.0,nan,0,,0,0,0
ell_03,gear_01,incompatible,,-2.0,nan,0,,0,0,0
ell_04,gear_01,incompatible,,-2.0,nan,0,,0,0,0
ell_05,gear_01,incompatible,,-2.0,nan,0,,0,0,0
ell_06,gear_01,incompatible,,-2.0,nan,0,,0,0,0
star_01,gear_01,incompatible,,-2.0,nan,0,,0,0,0
star_02,gear_01,incompatible,,-2.0,nan,0,,0,0,0
star_03,gear_01,compatible,,0.1646,2.5137,180,0 180,1,0,0
star_04,gear_01,incompatible,,-2.0,nan,0,,0,0,0
keyed_01,gear_01,compatible,,0.3847,3.4717,180,0 180,1,0,0
keyed_02,gear_01,ambiguous,boundary,-0.0342,nan,0,,0,0,0
keyed_03,gear_01,compatible,,0.6143,3.3027,0,0 180,1,0,0
keyed_04,gear_01,incompatible,,-1.1279,nan,0,,0,0,0
keyed_05,gear_01,incompatible,,-1.6289,nan,0,,0,0,0
notched_01,gear_01,compatible,,0.1685,5.6309,180,0 180,1,0,0
notched_02,gear_01,compatible,,0.1685,5.6309,180,0 180,1,0,0
notched_03,gear_01,compatible,,0.1685,5.6309,0,0 180,1,0,0
notched_04,gear_01,ambiguous,off_centre,-0.1572,nan,0,,0,0,0
trapezoid_01,gear_01,ambiguous,off_centre,-0.5195,nan,0,,0,0,0
trapezoid_02,gear_01,incompatible,,-0.7637,nan,0,,0,0,0
trapezoid_03,gear_01,compatible,,1.1191,7.3555,180,0 180,1,0,0
chamfered_01,gear_01,incompatible,,-0.6445,nan,0,,0,0,0
chamfered_02,gear_01,incompatible,,-0.6445,nan,0,,0,0,0
chamfered_03,gear_01,ambiguous,off_centre,-1.083,nan,0,,0,0,0
chamfered_04,gear_01,compatible,,1.3631,6.6953,0,0 90 180 270,1,0,0
gear_01,gear_01,compatible,,0.2999,0.3008,0,0 180,0,1,1
gear_02,gear_01,incompatible,,-2.0,nan,0,,0,0,1
gear_03,gear_01,incompatible,,-2.0,nan,0,,0,0,1
tube_01,gear_01,compatible,,1.6143,4.3027,0,0 90 180 270,1,0,0
tube_02,gear_01,compatible,,1.6143,4.501,0,0 90 180 270,1,0,0
tube_03,gear_01,incompatible,,-0.3867,nan,0,,0,0,0
circle_01,gear_02,compatible,,3.6954,6.3018,0,0 90 180 270,1,0,0
circle_02,gear_02,compatible,,2.1954,4.8018,0,0 90 180 270,1,0,0
circle_03,gear_02,compatible,,0.6954,3.3027,90,0 90 180 270,1,0,0
circle_04,gear_02,incompatible,,-1.3047,nan,0,,0,0,0
circle_05,gear_02,incompatible,,-2.0,nan,0,,0,0,0
square_01,gear_02,compatible,,2.5817,6.2246,0,0 90 180 270,1,0,0
square_02,gear_02,compatible,,1.0817,4.7246,0,0 90 180 270,1,0,0
square_03,gear_02,incompatible,,-0.376,nan,0,,0,0,0
square_04,gear_02,incompatible,,-2.0,nan,0,,0,0,0
rect_01,gear_02,incompatible,,-2.0,nan,0,,0,0,0
rect_02,gear_02,incompatible,,-2.0,nan,0,,0,0,0
rect_03,gear_02,ambiguous,off_centre,-0.2266,nan,0,,0,0,0
rect_04,gear_02,incompatible,,-2.0,nan,0,,0,0,0
rect_05,gear_02,compatible,,2.004,8.2246,0,0 90 180 270,1,0,0
obround_01,gear_02,incompatible,,-0.5908,nan,0,,0,0,0
obround_02,gear_02,compatible,,1.0133,7.2246,90,0 90 180 270,1,0,0
obround_03,gear_02,incompatible,,-2.0,nan,0,,0,0,0
obround_04,gear_02,compatible,,2.013,8.2246,90,0 90 180 270,1,0,0
ellipse_01,gear_02,incompatible,,-0.5771,nan,0,,0,0,0
ellipse_02,gear_02,compatible,,0.3349,6.2627,90,0 90 180 270,1,0,0
ellipse_03,gear_02,incompatible,,-2.0,nan,0,,0,0,0
polygon_01,gear_02,incompatible,,-1.1396,nan,0,,0,0,0
polygon_02,gear_02,incompatible,,-1.1621,nan,0,,0,0,0
polygon_03,gear_02,incompatible,,-0.9688,nan,0,,0,0,0
polygon_04,gear_02,compatible,,0.7638,4.2959,270,0 90 180 270,1,0,0
polygon_05,gear_02,incompatible,,-1.3047,nan,0,,0,0,0
dshape_01,gear_02,compatible,,0.4929,4.6953,90,0 90 180 270,1,0,0
dshape_02,gear_02,compatible,,0.1731,5.8545,0,0 90 180 270,1,0,0
dshape_03,gear_02,ambiguous,off_centre,-0.1221,nan,0,,0,0,0
dshape_04,gear_02,incompatible,,-1.75,nan,0,,0,0,0
double_d_01,gear_02,compatible,,0.6954,5.2246,0,0 90 180 270,1,0,0
double_d_02,gear_02,compatible,,0.6954,7.2246,0,0 90 180 270,1,0,0
double_d_03,gear_02,incompatible,,-1.3047,nan,0,,0,0,0
cross_01,gear_02,incompatible,,-0.6367,nan,0,,0,0,0
cross_02,gear_02,incompatible,,-2.0,nan,0,,0,0,0
cross_03,gear_02,compatible,,0.1563,4.9365,0,0 90 180 270,1,0,0
cross_04,gear_02,incompatible,,-1.1201,nan,0,,0,0,0
tee_01,gear_02,incompatible,,-2.0,nan,0,,0,0,0
tee_02,gear_02,incompatible,,-2.0,nan,0,,0,0,0
tee_03,gear_02,incompatible,,-1.915,nan,0,,0,0,0
ell_01,gear_02,incompatible,,-2.0,nan,0,,0,0,0
ell_02,gear_02,incompatible,,-2.0,nan,0,,0,0,0
ell_03,gear_02,incompatible,,-2.0,nan,0,,0,0,0
ell_04,gear_02,incompatible,,-2.0,nan,0,,0,0,0
ell_05,gear_02,incompatible,,-2.0,nan,0,,0,0,0
ell_06,gear_02,incompatible,,-2.0,nan,0,,0,0,0
star_01,gear_02,compatible,,0.2238,5.4932,0,0 90 180 270,1,0,0
star_02,gear_02,incompatible,,-1.623,nan,0,,0,0,0
star_03,gear_02,incompatible,,-1.1299,nan,0,,0,0,0
star_04,gear_02,incompatible,,-1.6914,nan,0,,0,0,0
keyed_01,gear_02,compatible,,0.3991,3.5127,0,0 90 180 270,1,0,0
keyed_02,gear_02,incompatible,,-0.5225,nan,0,,0,0,0
keyed_03,gear_02,compatible,,0.3321,3.3027,0,0 90 180 270,1,0,0
keyed_04,gear_02,compatible,,0.1468,3.666,0,0 90 180 270,1,0,0
keyed_05,gear_02,incompatible,,-1.5654,nan,0,,0,0,0
notched_01,gear_02,incompatible,,-0.376,nan,0,,0,0,0
notched_02,gear_02,incompatible,,-0.7471,nan,0,,0,0,0
notched_03,gear_02,incompatible,,-0.7471,nan,0,,0,0,0
notched_04,gear_02,incompatible,,-0.376,nan,0,,0,0,0
trapezoid_01,gear_02,ambiguous,off_centre,-1.8604,nan,0,,0,0,0
trapezoid_02,gear_02,incompatible,,-1.9443,nan,0,,0,0,0
trapezoid_03,gear_02,ambiguous,off_centre,-0.1543,nan,0,,0,0,0
chamfered_01,gear_02,incompatible,,-1.3525,nan,0,,0,0,0
chamfered_02,gear_02,incompatible,,-1.3525,nan,0,,0,0,0
chamfered_03,gear_02,incompatible,,-1.71,nan,0,,0,0,0
chamfered_04,gear_02,compatible,,0.5135,7.3496,270,0 90 180 270,1,0,0
gear_01,gear_02,incompatible,,-2.0,nan,0,,0,0,1
gear_02,gear_02,compatible,,0.2999,0.3008,0,0 90 180 270,0,1,1
gear_03,gear_02,incompatible,,-1.8633,nan,0,,0,0,1
tube_01,gear_02,compatible,,1.6954,4.3027,90,0 90 180 270,1,0,0
tube_02,gear_02,compatible,,1.6954,4.501,90,0 90 180 270,1,0,0
tube_03,gear_02,incompatible,,-0.3047,nan,0,,0,0,0
circle_01,gear_03,compatible,,4.2507,6.3027,90,0 90 180 270,1,0,0
circle_02,gear_03,compatible,,2.7507,4.8018,90,0 90 180 270,1,0,0
circle_03,gear_03,compatible,,1.2507,3.3027,270,0 90 180 270,1,0,0
circle_04,gear_03,incompatible,,-0.75,nan,0,,0,0,0
circle_05,gear_03,incompatible,,-2.0,nan,0,,0,0,0
square_01,gear_03,compatible,,2.1796,6.2666,0,0 90 180 270,1,0,0
square_02,gear_03,compatible,,0.0583,4.7666,0,0 90 180 270,1,0,0
square_03,gear_03,incompatible,,-1.6885,nan,0,,0,0,0
square_04,gear_03,incompatible,,-2.0,nan,0,,0,0,0
rect_01,gear_03,incompatible,,-1.1318,nan,0,,0,0,0
rect_02,gear_03,incompatible,,-1.1318,nan,0,,0,0,0
rect_03,gear_03,compatible,,0.7371,7.2666,0,0 90 180 270,1,0,0
rect_04,gear_03,incompatible,,-2.0,nan,0,,0,0,0
rect_05,gear_03,compatible,,2.7404,8.2666,0,0 90 180 270,1,0,0
obround_01,gear_03,incompatible,,-0.4111,nan,0,,0,0,0
obround_02,gear_03,compatible,,1.3948,7.2666,90,0 90 180 270,1,0,0
obround_03,gear_03,incompatible,,-1.7412,nan,0,,0,0,0
obround_04,gear_03,compatible,,2.3944,8.2666,0,0 90 180 270,1,0,0
ellipse_01,gear_03,incompatible,,-0.3828,nan,0,,0,0,0
ellipse_02,gear_03,compatible,,0.557,6.2852,90,0 90 180 270,1,0,0
ellipse_03,gear_03,incompatible,,-1.793,nan,0,,0,0,0
polygon_01,gear_03,compatible,,0.2661,5.7666,0,0 90 180 270,1,0,0
polygon_02,gear_03,incompatible,,-0.6494,nan,0,,0,0,0
polygon_03,gear_03,compatible,,0.0768,2.6064,0,0 90 180 270,1,0,0
polygon_04,gear_03,compatible,,1.8089,4.3379,0,0 90 180 270,1,0,0
polygon_05,gear_03,incompatible,,-0.4502,nan,0,,0,0,0
dshape_01,gear_03,compatible,,0.8767,4.7373,270,0 90 180 270,1,0,0
dshape_02,gear_03,compatible,,0.6487,5.8965,180,0 90 180 270,1,0,0
dshape_03,gear_03,compatible,,0.7741,6.9238,180,0 90 180 270,1,0,0
dshape_04,gear_03,incompatible,,-1.1338,nan,0,,0,0,0
double_d_01,gear_03,compatible,,1.2507,5.2666,270,0 90 180 270,1,0,0
double_d_02,gear_03,compatible,,1.2518,7.2666,0,0 90 180 270,1,0,0
double_d_03,gear_03,incompatible,,-0.748,nan,0,,0,0,0
cross_01,gear_03,incompatible,,-1.0391,nan,0,,0,0,0
cross_02,gear_03,incompatible,,-1.1318,nan,0,,0,0,0
cross_03,gear_03,compatible,,0.7493,3.7031,0,0 90 180 270,1,0,0
cross_04,gear_03,incompatible,,-1.1318,nan,0,,0,0,0
tee_01,gear_03,incompatible,,-1.3838,nan,0,,0,0,0
tee_02,gear_03,incompatible,,-1.1318,nan,0,,0,0,0
tee_03,gear_03,incompatible,,-2.0,nan,0,,0,0,0
ell_01,gear_03,incompatible,,-1.9307,nan,0,,0,0,0
ell_02,gear_03,incompatible,,-1.9307,nan,0,,0,0,0
ell_03,gear_03,incompatible,,-2.0,nan,0,,0,0,0
ell_04,gear_03,incompatible,,-2.0,nan,0,,0,0,0
ell_05,gear_03,incompatible,,-2.0,nan,0,,0,0,0
ell_06,gear_03,incompatible,,-2.0,nan,0,,0,0,0
star_01,gear_03,compatible,,0.2661,4.8389,0,0 90 180 270,1,0,0
star_02,gear_03,incompatible,,-1.0254,nan,0,,0,0,0
star_03,gear_03,compatible,,0.2661,4.6533,0,0 90 180 270,1,0,0
star_04,gear_03,incompatible,,-1.167,nan,0,,0,0,0
keyed_01,gear_03,ambiguous,boundary,-0.0039,nan,0,,0,0,0
keyed_02,gear_03,ambiguous,off_centre,-0.6211,nan,0,,0,0,0
keyed_03,gear_03,ambiguous,off_centre,-0.0713,nan,0,,0,0,0
keyed_04,gear_03,ambiguous,off_centre,-0.2559,nan,0,,0,0,0
keyed_05,gear_03,incompatible,,-1.0645,nan,0,,0,0,0
notched_01,gear_03,ambiguous,off_centre,-0.418,nan,0,,0,0,0
notched_02,gear_03,ambiguous,off_centre,-0.418,nan,0,,0,0,0
notched_03,gear_03,ambiguous,off_centre,-0.418,nan,0,,0,0,0
notched_04,gear_03,ambiguous,off_centre,-0.7168,nan,0,,0,0,0
trapezoid_01,gear_03,incompatible,,-0.835,nan,0,,0,0,0
trapezoid_02,gear_03,incompatible,,-0.9102,nan,0,,0,0,0
trapezoid_03,gear_03,compatible,,0.8788,7.457,0,0 90 180 270,1,0,0
chamfered_01,gear_03,ambiguous,off_centre,-0.4668,nan,0,,0,0,0
chamfered_02,gear_03,ambiguous,off_centre,-0.4668,nan,0,,0,0,0
chamfered_03,gear_03,ambiguous,off_centre,-0.8604,nan,0,,0,0,0
chamfered_04,gear_03,compatible,,1.4859,7.3926,0,0 90 180 270,1,0,0
gear_01,gear_03,incompatible,,-0.5811,nan,0,,0,0,1
gear_02,gear_03,incompatible,,-1.4951,nan,0,,0,0,1
gear_03,gear_03,compatible,,0.2999,0.3008,0,0 90 180 270,0,1,1
tube_01,gear_03,compatible,,2.2507,4.3027,270,0 90 180 270,1,0,0
tube_02,gear_03,compatible,,2.2507,4.501,270,0 90 180 270,1,0,0
tube_03,gear_03,compatible,,0.2507,5.001,0,0 90 180 270,1,0,0
circle_01,tube_01,incompatible,,-2.0,nan,0,,0,0,0
circle_02,tube_01,incompatible,,-2.0,nan,0,,0,0,0
circle_03,tube_01,incompatible,,-2.0,nan,0,,0,0,0
circle_04,tube_01,incompatible,,-2.0,nan,0,,0,0,0
circle_05,tube_01,incompatible,,-2.0,nan,0,,0,0,0
square_01,tube_01,incompatible,,-2.0,nan,0,,0,0,0
square_02,tube_01,incompatible,,-2.0,nan,0,,0,0,0
square_03,tube_01,incompatible,,-2.0,nan,0,,0,0,0
square_04,tube_01,incompatible,,-2.0,nan,0,,0,0,0
rect_01,tube_01,incompatible,,-2.0,nan,0,,0,0,0
rect_02,tube_01,incompatible,,-2.0,nan,0,,0,0,0
rect_03,tube_01,incompatible,,-2.0,nan,0,,0,0,0
rect_04,tube_01,incompatible,,-2.0,nan,0,,0,0,0
rect_05,tube_01,incompatible,,-2.0,nan,0,,0,0,0
obround_01,tube_01,incompatible,,-2.0,nan,0,,0,0,0
obround_02,tube_01,incompatible,,-2.0,nan,0,,0,0,0
obround_03,tube_01,incompatible,,-2.0,nan,0,,0,0,0
obround_04,tube_01,incompatible,,-2.0,nan,0,,0,0,0
ellipse_01,tube_01,incompatible,,-2.0,nan,0,,0,0,0
ellipse_02,tube_01,incompatible,,-2.0,nan,0,,0,0,0
ellipse_03,tube_01,incompatible,,-2.0,nan,0,,0,0,0
polygon_01,tube_01,incompatible,,-2.0,nan,0,,0,0,0
polygon_02,tube_01,incompatible,,-2.0,nan,0,,0,0,0
polygon_03,tube_01,incompatible,,-2.0,nan,0,,0,0,0
polygon_04,tube_01,incompatible,,-2.0,nan,0,,0,0,0
polygon_05,tube_01,incompatible,,-2.0,nan,0,,0,0,0
dshape_01,tube_01,incompatible,,-2.0,nan,0,,0,0,0
dshape_02,tube_01,incompatible,,-2.0,nan,0,,0,0,0
dshape_03,tube_01,incompatible,,-2.0,nan,0,,0,0,0
dshape_04,tube_01,incompatible,,-2.0,nan,0,,0,0,0
double_d_01,tube_01,incompatible,,-2.0,nan,0,,0,0,0
double_d_02,tube_01,incompatible,,-2.0,nan,0,,0,0,0
double_d_03,tube_01,incompatible,,-2.0,nan,0,,0,0,0
cross_01,tube_01,incompatible,,-2.0,nan,0,,0,0,0
cross_02,tube_01,incompatible,,-2.0,nan,0,,0,0,0
cross_03,tube_01,incompatible,,-2.0,nan,0,,0,0,0
cross_04,tube_01,incompatible,,-2.0,nan,0,,0,0,0
tee_01,tube_01,incompatible,,-2.0,nan,0,,0,0,0
tee_02,tube_01,incompatible,,-2.0,nan,0,,0,0,0
tee_03,tube_01,incompatible,,-2.0,nan,0,,0,0,0
ell_01,tube_01,incompatible,,-2.0,nan,0,,0,0,0
ell_02,tube_01,incompatible,,-2.0,nan,0,,0,0,0
ell_03,tube_01,incompatible,,-2.0,nan,0,,0,0,0
ell_04,tube_01,incompatible,,-2.0,nan,0,,0,0,0
ell_05,tube_01,incompatible,,-2.0,nan,0,,0,0,0
ell_06,tube_01,incompatible,,-2.0,nan,0,,0,0,0
star_01,tube_01,incompatible,,-2.0,nan,0,,0,0,0
star_02,tube_01,incompatible,,-2.0,nan,0,,0,0,0
star_03,tube_01,incompatible,,-2.0,nan,0,,0,0,0
star_04,tube_01,incompatible,,-2.0,nan,0,,0,0,0
keyed_01,tube_01,incompatible,,-2.0,nan,0,,0,0,0
keyed_02,tube_01,incompatible,,-2.0,nan,0,,0,0,0
keyed_03,tube_01,incompatible,,-2.0,nan,0,,0,0,0
keyed_04,tube_01,incompatible,,-2.0,nan,0,,0,0,0
keyed_05,tube_01,incompatible,,-2.0,nan,0,,0,0,0
notched_01,tube_01,incompatible,,-2.0,nan,0,,0,0,0
notched_02,tube_01,incompatible,,-2.0,nan,0,,0,0,0
notched_03,tube_01,incompatible,,-2.0,nan,0,,0,0,0
notched_04,tube_01,incompatible,,-2.0,nan,0,,0,0,0
trapezoid_01,tube_01,incompatible,,-2.0,nan,0,,0,0,0
trapezoid_02,tube_01,incompatible,,-2.0,nan,0,,0,0,0
trapezoid_03,tube_01,incompatible,,-2.0,nan,0,,0,0,0
chamfered_01,tube_01,incompatible,,-2.0,nan,0,,0,0,0
chamfered_02,tube_01,incompatible,,-2.0,nan,0,,0,0,0
chamfered_03,tube_01,incompatible,,-2.0,nan,0,,0,0,0
chamfered_04,tube_01,incompatible,,-2.0,nan,0,,0,0,0
gear_01,tube_01,incompatible,,-2.0,nan,0,,0,0,0
gear_02,tube_01,incompatible,,-2.0,nan,0,,0,0,0
gear_03,tube_01,incompatible,,-2.0,nan,0,,0,0,0
tube_01,tube_01,compatible,,0.2999,0.3008,0,0 90 180 270,0,1,1
tube_02,tube_01,compatible,,0.2999,1.7998,0,0 90 180 270,1,0,1
tube_03,tube_01,incompatible,,-1.7002,nan,0,,0,0,1
circle_01,tube_02,incompatible,,-2.0,nan,0,,0,0,0
circle_02,tube_02,incompatible,,-2.0,nan,0,,0,0,0
circle_03,tube_02,incompatible,,-2.0,nan,0,,0,0,0
circle_04,tube_02,incompatible,,-2.0,nan,0,,0,0,0
circle_05,tube_02,incompatible,,-2.0,nan,0,,0,0,0
square_01,tube_02,incompatible,,-2.0,nan,0,,0,0,0
square_02,tube_02,incompatible,,-2.0,nan,0,,0,0,0
square_03,tube_02,incompatible,,-2.0,nan,0,,0,0,0
square_04,tube_02,incompatible,,-2.0,nan,0,,0,0,0
rect_01,tube_02,incompatible,,-2.0,nan,0,,0,0,0
rect_02,tube_02,incompatible,,-2.0,nan,0,,0,0,0
rect_03,tube_02,incompatible,,-2.0,nan,0,,0,0,0
rect_04,tube_02,incompatible,,-2.0,nan,0,,0,0,0
rect_05,tube_02,incompatible,,-2.0,nan,0,,0,0,0
obround_01,tube_02,incompatible,,-2.0,nan,0,,0,0,0
obround_02,tube_02,incompatible,,-2.0,nan,0,,0,0,0
obround_03,tube_02,incompatible,,-2.0,nan,0,,0,0,0
obround_04,tube_02,incompatible,,-2.0,nan,0,,0,0,0
ellipse_01,tube_02,incompatible,,-2.0,nan,0,,0,0,0
ellipse_02,tube_02,incompatible,,-2.0,nan,0,,0,0,0
ellipse_03,tube_02,incompatible,,-2.0,nan,0,,0,0,0
polygon_01,tube_02,incompatible,,-2.0,nan,0,,0,0,0
polygon_02,tube_02,incompatible,,-2.0,nan,0,,0,0,0
polygon_03,tube_02,incompatible,,-2.0,nan,0,,0,0,0
polygon_04,tube_02,incompatible,,-2.0,nan,0,,0,0,0
polygon_05,tube_02,incompatible,,-2.0,nan,0,,0,0,0
dshape_01,tube_02,incompatible,,-2.0,nan,0,,0,0,0
dshape_02,tube_02,incompatible,,-2.0,nan,0,,0,0,0
dshape_03,tube_02,incompatible,,-2.0,nan,0,,0,0,0
dshape_04,tube_02,incompatible,,-2.0,nan,0,,0,0,0
double_d_01,tube_02,incompatible,,-2.0,nan,0,,0,0,0
double_d_02,tube_02,incompatible,,-2.0,nan,0,,0,0,0
double_d_03,tube_02,incompatible,,-2.0,nan,0,,0,0,0
cross_01,tube_02,incompatible,,-2.0,nan,0,,0,0,0
cross_02,tube_02,incompatible,,-2.0,nan,0,,0,0,0
cross_03,tube_02,incompatible,,-2.0,nan,0,,0,0,0
cross_04,tube_02,incompatible,,-2.0,nan,0,,0,0,0
tee_01,tube_02,incompatible,,-2.0,nan,0,,0,0,0
tee_02,tube_02,incompatible,,-2.0,nan,0,,0,0,0
tee_03,tube_02,incompatible,,-2.0,nan,0,,0,0,0
ell_01,tube_02,incompatible,,-2.0,nan,0,,0,0,0
ell_02,tube_02,incompatible,,-2.0,nan,0,,0,0,0
ell_03,tube_02,incompatible,,-2.0,nan,0,,0,0,0
ell_04,tube_02,incompatible,,-2.0,nan,0,,0,0,0
ell_05,tube_02,incompatible,,-2.0,nan,0,,0,0,0
ell_06,tube_02,incompatible,,-2.0,nan,0,,0,0,0
star_01,tube_02,incompatible,,-2.0,nan,0,,0,0,0
star_02,tube_02,incompatible,,-2.0,nan,0,,0,0,0
star_03,tube_02,incompatible,,-2.0,nan,0,,0,0,0
star_04,tube_02,incompatible,,-2.0,nan,0,,0,0,0
keyed_01,tube_02,incompatible,,-2.0,nan,0,,0,0,0
keyed_02,tube_02,incompatible,,-2.0,nan,0,,0,0,0
keyed_03,tube_02,incompatible,,-2.0,nan,0,,0,0,0
keyed_04,tube_02,incompatible,,-2.0,nan,0,,0,0,0
keyed_05,tube_02,incompatible,,-2.0,nan,0,,0,0,0
notched_01,tube_02,incompatible,,-2.0,nan,0,,0,0,0
notched_02,tube_02,incompatible,,-2.0,nan,0,,0,0,0
notched_03,tube_02,incompatible,,-2.0,nan,0,,0,0,0
notched_04,tube_02,incompatible,,-2.0,nan,0,,0,0,0
trapezoid_01,tube_02,incompatible,,-2.0,nan,0,,0,0,0
trapezoid_02,tube_02,incompatible,,-2.0,nan,0,,0,0,0
trapezoid_03,tube_02,incompatible,,-2.0,nan,0,,0,0,0
chamfered_01,tube_02,incompatible,,-2.0,nan,0,,0,0,0
chamfered_02,tube_02,incompatible,,-2.0,nan,0,,0,0,0
chamfered_03,tube_02,incompatible,,-2.0,nan,0,,0,0,0
chamfered_04,tube_02,incompatible,,-2.0,nan,0,,0,0,0
gear_01,tube_02,incompatible,,-2.0,nan,0,,0,0,0
gear_02,tube_02,incompatible,,-2.0,nan,0,,0,0,0
gear_03,tube_02,incompatible,,-2.0,nan,0,,0,0,0
tube_01,tube_02,incompatible,,-1.2002,nan,0,,0,0,1
tube_02,tube_02,compatible,,0.2999,0.3008,180,0 90 180 270,0,1,1
tube_03,tube_02,incompatible,,-1.7002,nan,0,,0,0,1
circle_01,tube_03,incompatible,,-2.0,nan,0,,0,0,0
circle_02,tube_03,incompatible,,-2.0,nan,0,,0,0,0
circle_03,tube_03,incompatible,,-2.0,nan,0,,0,0,0
circle_04,tube_03,incompatible,,-2.0,nan,0,,0,0,0
circle_05,tube_03,incompatible,,-2.0,nan,0,,0,0,0
square_01,tube_03,incompatible,,-2.0,nan,0,,0,0,0
square_02,tube_03,incompatible,,-2.0,nan,0,,0,0,0
square_03,tube_03,incompatible,,-2.0,nan,0,,0,0,0
square_04,tube_03,incompatible,,-2.0,nan,0,,0,0,0
rect_01,tube_03,incompatible,,-2.0,nan,0,,0,0,0
rect_02,tube_03,incompatible,,-2.0,nan,0,,0,0,0
rect_03,tube_03,incompatible,,-2.0,nan,0,,0,0,0
rect_04,tube_03,incompatible,,-2.0,nan,0,,0,0,0
rect_05,tube_03,incompatible,,-2.0,nan,0,,0,0,0
obround_01,tube_03,incompatible,,-2.0,nan,0,,0,0,0
obround_02,tube_03,incompatible,,-2.0,nan,0,,0,0,0
obround_03,tube_03,incompatible,,-2.0,nan,0,,0,0,0
obround_04,tube_03,incompatible,,-2.0,nan,0,,0,0,0
ellipse_01,tube_03,incompatible,,-2.0,nan,0,,0,0,0
ellipse_02,tube_03,incompatible,,-2.0,nan,0,,0,0,0
ellipse_03,tube_03,incompatible,,-2.0,nan,0,,0,0,0
polygon_01,tube_03,incompatible,,-2.0,nan,0,,0,0,0
polygon_02,tube_03,incompatible,,-2.0,nan,0,,0,0,0
polygon_03,tube_03,incompatible,,-2.0,nan,0,,0,0,0
polygon_04,tube_03,incompatible,,-2.0,nan,0,,0,0,0
polygon_05,tube_03,incompatible,,-2.0,nan,0,,0,0,0
dshape_01,tube_03,incompatible,,-2.0,nan,0,,0,0,0
dshape_02,tube_03,incompatible,,-2.0,nan,0,,0,0,0
dshape_03,tube_03,incompatible,,-2.0,nan,0,,0,0,0
dshape_04,tube_03,incompatible,,-2.0,nan,0,,0,0,0
double_d_01,tube_03,incompatible,,-2.0,nan,0,,0,0,0
double_d_02,tube_03,incompatible,,-2.0,nan,0,,0,0,0
double_d_03,tube_03,incompatible,,-2.0,nan,0,,0,0,0
cross_01,tube_03,incompatible,,-2.0,nan,0,,0,0,0
cross_02,tube_03,incompatible,,-2.0,nan,0,,0,0,0
cross_03,tube_03,incompatible,,-2.0,nan,0,,0,0,0
cross_04,tube_03,incompatible,,-2.0,nan,0,,0,0,0
tee_01,tube_03,incompatible,,-2.0,nan,0,,0,0,0
tee_02,tube_03,incompatible,,-2.0,nan,0,,0,0,0
tee_03,tube_03,incompatible,,-2.0,nan,0,,0,0,0
ell_01,tube_03,incompatible,,-2.0,nan,0,,0,0,0
ell_02,tube_03,incompatible,,-2.0,nan,0,,0,0,0
ell_03,tube_03,incompatible,,-2.0,nan,0,,0,0,0
ell_04,tube_03,incompatible,,-2.0,nan,0,,0,0,0
ell_05,tube_03,incompatible,,-2.0,nan,0,,0,0,0
ell_06,tube_03,incompatible,,-2.0,nan,0,,0,0,0
star_01,tube_03,incompatible,,-2.0,nan,0,,0,0,0
star_02,tube_03,incompatible,,-2.0,nan,0,,0,0,0
star_03,tube_03,incompatible,,-2.0,nan,0,,0,0,0
star_04,tube_03,incompatible,,-2.0,nan,0,,0,0,0
keyed_01,tube_03,incompatible,,-2.0,nan,0,,0,0,0
keyed_02,tube_03,incompatible,,-2.0,nan,0,,0,0,0
keyed_03,tube_03,incompatible,,-2.0,nan,0,,0,0,0
keyed_04,tube_03,incompatible,,-2.0,nan,0,,0,0,0
keyed_05,tube_03,incompatible,,-2.0,nan,0,,0,0,0
notched_01,tube_03,incompatible,,-2.0,nan,0,,0,0,0
notched_02,tube_03,incompatible,,-2.0,nan,0,,0,0,0
notched_03,tube_03,incompatible,,-2.0,nan,0,,0,0,0
notched_04,tube_03,incompatible,,-2.0,nan,0,,0,0,0
trapezoid_01,tube_03,incompatible,,-2.0,nan,0,,0,0,0
trapezoid_02,tube_03,incompatible,,-2.0,nan,0,,0,0,0
trapezoid_03,tube_03,incompatible,,-2.0,nan,0,,0,0,0
chamfered_01,tube_03,incompatible,,-2.0,nan,0,,0,0,0
chamfered_02,tube_03,incompatible,,-2.0,nan,0,,0,0,0
chamfered_03,tube_03,incompatible,,-2.0,nan,0,,0,0,0
chamfered_04,tube_03,incompatible,,-2.0,nan,0,,0,0,0
gear_01,tube_03,incompatible,,-2.0,nan,0,,0,0,0
gear_02,tube_03,incompatible,,-2.0,nan,0,,0,0,0
gear_03,tube_03,incompatible,,-2.0,nan,0,,0,0,0
tube_01,tube_03,incompatible,,-1.7002,nan,0,,0,0,1
tube_02,tube_03,incompatible,,-0.2002,nan,0,,0,0,1
tube_03,tube_03,compatible,,0.2999,0.3008,0,0 90 180 270,0,1,1
